ISO-10303-21;
HEADER;
FILE_DESCRIPTION(('FreeCAD Model'),'2;1');
FILE_NAME('Open CASCADE Shape Model','2026-10-09T09:08:59',('FreeCAD'),(
    'FreeCAD'),'Open CASCADE STEP processor 7.8','FreeCAD','Unknown');
FILE_SCHEMA(('AUTOMOTIVE_DESIGN { 1 0 10303 214 1 1 1 1 }'));
ENDSEC;
DATA;
#1 = APPLICATION_PROTOCOL_DEFINITION('international standard',
  'automotive_design',2000,#2);
#2 = APPLICATION_CONTEXT(
  'core data for automotive mechanical design processes');
#3 = SHAPE_DEFINITION_REPRESENTATION(#4,#10);
#4 = PRODUCT_DEFINITION_SHAPE('','',#5);
#5 = PRODUCT_DEFINITION('design','',#6,#9);
#6 = PRODUCT_DEFINITION_FORMATION('','',#7);
#7 = PRODUCT('Open CASCADE STEP translator 7.8 1',
  'Open CASCADE STEP translator 7.8 1','',(#8));
#8 = PRODUCT_CONTEXT('',#2,'mechanical');
#9 = PRODUCT_DEFINITION_CONTEXT('part definition',#2,'design');
#10 = ADVANCED_BREP_SHAPE_REPRESENTATION('',(#11,#15),#3271);
#11 = AXIS2_PLACEMENT_3D('',#12,#13,#14);
#12 = CARTESIAN_POINT('',(0.,0.,0.));
#13 = DIRECTION('',(0.,0.,1.));
#14 = DIRECTION('',(1.,0.,-0.));
#15 = MANIFOLD_SOLID_BREP('',#16);
#16 = CLOSED_SHELL('',(#17,#168,#291,#373,#548,#696,#769,#822,#964,#1017
    ,#1108,#1152,#1263,#1303,#1400,#1532,#1737,#1777,#1875,#1994,#2118,
    #2204,#2329,#2378,#2520,#2566,#2615,#2774,#2800,#2843,#2875,#2909,
    #2926,#2943,#2962,#2981,#3000,#3029,#3071,#3090,#3152,#3192,#3218,
    #3252));
#17 = ADVANCED_FACE('',(#18,#70),#140,.T.);
#18 = FACE_BOUND('',#19,.T.);
#19 = EDGE_LOOP('',(#20,#44,#54,#62));
#20 = ORIENTED_EDGE('',*,*,#21,.F.);
#21 = EDGE_CURVE('',#22,#24,#26,.T.);
#22 = VERTEX_POINT('',#23);
#23 = CARTESIAN_POINT('',(-13.85,-35.62427457312,136.));
#24 = VERTEX_POINT('',#25);
#25 = CARTESIAN_POINT('',(-13.85,-36.07409726372,146.));
#26 = B_SPLINE_CURVE_WITH_KNOTS('',6,(#27,#28,#29,#30,#31,#32,#33,#34,
    #35,#36,#37,#38,#39,#40,#41,#42,#43),.UNSPECIFIED.,.F.,.F.,(7,5,5,7)
  ,(0.,0.314224589785,0.620117548217,1.),.UNSPECIFIED.);
#27 = CARTESIAN_POINT('',(-13.85,-34.,122.));
#28 = CARTESIAN_POINT('',(-13.85,-34.54824720089,125.49409399408));
#29 = CARTESIAN_POINT('',(-13.85,-35.01362556378,129.00120936368));
#30 = CARTESIAN_POINT('',(-13.85,-35.39386727393,132.51914131824));
#31 = CARTESIAN_POINT('',(-13.85,-35.68697662809,136.04547207677));
#32 = CARTESIAN_POINT('',(-13.85,-35.89132111838,139.57756237018));
#33 = CARTESIAN_POINT('',(-13.85,-36.11709057305,146.55379388565));
#34 = CARTESIAN_POINT('',(-13.85,-36.1432236886,149.9978291111));
#35 = CARTESIAN_POINT('',(-13.85,-36.08303041544,153.44198370096));
#36 = CARTESIAN_POINT('',(-13.85,-35.93583857441,156.883541637));
#37 = CARTESIAN_POINT('',(-13.85,-35.70142885178,160.3197367035));
#38 = CARTESIAN_POINT('',(-13.85,-34.98097716447,168.00493992214));
#39 = CARTESIAN_POINT('',(-13.85,-34.44777374188,172.24962867015));
#40 = CARTESIAN_POINT('',(-13.85,-33.78096038133,176.47636937009));
#41 = CARTESIAN_POINT('',(-13.85,-32.98215861823,180.68009295414));
#42 = CARTESIAN_POINT('',(-13.85,-32.05400024572,184.85609233168));
#43 = CARTESIAN_POINT('',(-13.85,-31.,189.));
#44 = ORIENTED_EDGE('',*,*,#45,.F.);
#45 = EDGE_CURVE('',#46,#22,#48,.T.);
#46 = VERTEX_POINT('',#47);
#47 = CARTESIAN_POINT('',(42.62427457572,-35.62427457572,136.));
#48 = B_SPLINE_CURVE_WITH_KNOTS('',4,(#49,#50,#51,#52,#53),
  .UNSPECIFIED.,.F.,.F.,(5,5),(0.,1.),.PIECEWISE_BEZIER_KNOTS.);
#49 = CARTESIAN_POINT('',(42.62427457572,-35.62427457572,136.));
#50 = CARTESIAN_POINT('',(27.637814151945,-35.62427457572,136.));
#51 = CARTESIAN_POINT('',(12.65135372817,-35.62427457572,136.));
#52 = CARTESIAN_POINT('',(-2.335106695605,-35.62427457572,136.));
#53 = CARTESIAN_POINT('',(-17.32156711938,-35.62427457572,136.));
#54 = ORIENTED_EDGE('',*,*,#55,.T.);
#55 = EDGE_CURVE('',#46,#56,#58,.T.);
#56 = VERTEX_POINT('',#57);
#57 = CARTESIAN_POINT('',(43.074097254023,-36.07409725402,146.));
#58 = B_SPLINE_CURVE_WITH_KNOTS('',2,(#59,#60,#61),.UNSPECIFIED.,.F.,.F.
  ,(3,3),(0.,1.),.PIECEWISE_BEZIER_KNOTS.);
#59 = CARTESIAN_POINT('',(41.,-34.,122.));
#60 = CARTESIAN_POINT('',(46.357226670783,-39.35722667078,
    156.14272522492));
#61 = CARTESIAN_POINT('',(38.,-31.,189.));
#62 = ORIENTED_EDGE('',*,*,#63,.T.);
#63 = EDGE_CURVE('',#56,#24,#64,.T.);
#64 = B_SPLINE_CURVE_WITH_KNOTS('',4,(#65,#66,#67,#68,#69),
  .UNSPECIFIED.,.F.,.F.,(5,5),(0.,1.),.PIECEWISE_BEZIER_KNOTS.);
#65 = CARTESIAN_POINT('',(43.074097254023,-36.07409725402,146.));
#66 = CARTESIAN_POINT('',(27.902640982204,-36.07409725402,146.));
#67 = CARTESIAN_POINT('',(12.731184710384,-36.07409725402,146.));
#68 = CARTESIAN_POINT('',(-2.440271561435,-36.07409725402,146.));
#69 = CARTESIAN_POINT('',(-17.61172783325,-36.07409725402,146.));
#70 = FACE_BOUND('',#71,.T.);
#71 = EDGE_LOOP('',(#72,#93));
#72 = ORIENTED_EDGE('',*,*,#73,.T.);
#73 = EDGE_CURVE('',#74,#76,#78,.T.);
#74 = VERTEX_POINT('',#75);
#75 = CARTESIAN_POINT('',(21.15,-35.87595866968,140.));
#76 = VERTEX_POINT('',#77);
#77 = CARTESIAN_POINT('',(19.893018863032,-35.81364763517,
    138.85498688377));
#78 = B_SPLINE_CURVE_WITH_KNOTS('',7,(#79,#80,#81,#82,#83,#84,#85,#86,
    #87,#88,#89,#90,#91,#92),.UNSPECIFIED.,.F.,.F.,(8,6,8),(0.,
    0.533703501375,1.),.UNSPECIFIED.);
#79 = CARTESIAN_POINT('',(21.15,-35.87595866968,140.));
#80 = CARTESIAN_POINT('',(21.15,-35.86852467213,139.85424170979));
#81 = CARTESIAN_POINT('',(21.128446356746,-35.86093797171,139.7083920506
    ));
#82 = CARTESIAN_POINT('',(21.085292392456,-35.85340191993,
    139.56644389176));
#83 = CARTESIAN_POINT('',(21.021479630517,-35.84613315202,
    139.43217237117));
#84 = CARTESIAN_POINT('',(20.93863304446,-35.8393537958,139.30902949286)
  );
#85 = CARTESIAN_POINT('',(20.83906704902,-35.83328050195,139.2001571041)
  );
#86 = CARTESIAN_POINT('',(20.627064595982,-35.82356188276,
    139.02761337107));
#87 = CARTESIAN_POINT('',(20.517740902406,-35.81970214169,
    138.95988742749));
#88 = CARTESIAN_POINT('',(20.399988326336,-35.81663628928,
    138.90660000278));
#89 = CARTESIAN_POINT('',(20.276120644977,-35.81445690581,
    138.86894605192));
#90 = CARTESIAN_POINT('',(20.148595869001,-35.81322421752,
    138.84768264791));
#91 = CARTESIAN_POINT('',(20.020008572752,-35.81296143199,138.8431219511
    ));
#92 = CARTESIAN_POINT('',(19.893018863032,-35.81364763517,
    138.85498688377));
#93 = ORIENTED_EDGE('',*,*,#94,.T.);
#94 = EDGE_CURVE('',#76,#74,#95,.T.);
#95 = B_SPLINE_CURVE_WITH_KNOTS('',8,(#96,#97,#98,#99,#100,#101,#102,
    #103,#104,#105,#106,#107,#108,#109,#110,#111,#112,#113,#114,#115,
    #116,#117,#118,#119,#120,#121,#122,#123,#124,#125,#126,#127,#128,
    #129,#130,#131,#132,#133,#134,#135,#136,#137,#138,#139),
  .UNSPECIFIED.,.F.,.F.,(9,7,7,7,7,7,9),(0.,0.173739420927,
    0.350807198398,0.490030567022,0.669678278075,0.816800258368,1.),
  .UNSPECIFIED.);
#96 = CARTESIAN_POINT('',(19.893018863032,-35.81364763517,
    138.85498688377));
#97 = CARTESIAN_POINT('',(19.803341462075,-35.81413221709,
    138.86336564396));
#98 = CARTESIAN_POINT('',(19.71405757741,-35.81508248961,138.87980494144
    ));
#99 = CARTESIAN_POINT('',(19.625463117693,-35.8165016883,138.90438739604
    ));
#100 = CARTESIAN_POINT('',(19.537577224634,-35.81840264607,
    138.93740507704));
#101 = CARTESIAN_POINT('',(19.450150209951,-35.82082181092,
    138.97958498214));
#102 = CARTESIAN_POINT('',(19.363085680072,-35.82383446523,
    139.0324175326));
#103 = CARTESIAN_POINT('',(19.276383351952,-35.82756567735,
    139.0983321366));
#104 = CARTESIAN_POINT('',(19.105652903217,-35.836990742,139.2669818065)
  );
#105 = CARTESIAN_POINT('',(19.029701254573,-35.84227963543,139.362503757
    ));
#106 = CARTESIAN_POINT('',(18.96550184799,-35.84799569027,
    139.46693110313));
#107 = CARTESIAN_POINT('',(18.914236026755,-35.85402332382,
    139.57855171526));
#108 = CARTESIAN_POINT('',(18.876780636158,-35.86024426942,
    139.69551686787));
#109 = CARTESIAN_POINT('',(18.853722893271,-35.86654228613,
    139.81586897502));
#110 = CARTESIAN_POINT('',(18.845333754073,-35.8728057245,
    139.93755272737));
#111 = CARTESIAN_POINT('',(18.856323890448,-35.88374445853,140.153506594
    ));
#112 = CARTESIAN_POINT('',(18.8701543532,-35.88847595229,140.24813410262
    ));
#113 = CARTESIAN_POINT('',(18.892934620376,-35.89307331413,
    140.34131252278));
#114 = CARTESIAN_POINT('',(18.924479069415,-35.89749131053,
    140.43205646472));
#115 = CARTESIAN_POINT('',(18.964478330244,-35.90169002135,
    140.51941810614));
#116 = CARTESIAN_POINT('',(19.012507766757,-35.90563460329,
    140.60249480813));
#117 = CARTESIAN_POINT('',(19.068025642776,-35.90929494139,
    140.68044055299));
#118 = CARTESIAN_POINT('',(19.210795740109,-35.91696819996,
    140.8454392905));
#119 = CARTESIAN_POINT('',(19.302643690203,-35.92077824334,
    140.9286369871));
#120 = CARTESIAN_POINT('',(19.404463575542,-35.92401698278,
    141.00035329893));
#121 = CARTESIAN_POINT('',(19.514547439766,-35.92664547197,
    141.05922135867));
#122 = CARTESIAN_POINT('',(19.631015493675,-35.92863763358,
    141.10418997408));
#123 = CARTESIAN_POINT('',(19.751846876591,-35.92997568657,
    141.13451118296));
#124 = CARTESIAN_POINT('',(19.874890170821,-35.93064915307,
    141.14977319216));
#125 = CARTESIAN_POINT('',(20.098634068967,-35.93066720341,
    141.15018224781));
#126 = CARTESIAN_POINT('',(20.199413947704,-35.93023030935,
    141.14028148938));
#127 = CARTESIAN_POINT('',(20.299018684251,-35.92934801297,
    141.12028565136));
#128 = CARTESIAN_POINT('',(20.396268052362,-35.92802462569,
    141.09036960264));
#129 = CARTESIAN_POINT('',(20.490025354835,-35.92626808278,
    141.05086637692));
#130 = CARTESIAN_POINT('',(20.579207809697,-35.92409006924,
    141.00225490313));
#131 = CARTESIAN_POINT('',(20.66280205652,-35.92150734069,140.9451623219
    ));
#132 = CARTESIAN_POINT('',(20.8358700022,-35.91485451566,140.79971352679
    ));
#133 = CARTESIAN_POINT('',(20.921844429937,-35.9105716885,
    140.70705187182));
#134 = CARTESIAN_POINT('',(20.995967679258,-35.90574205132,
    140.60391394214));
#135 = CARTESIAN_POINT('',(21.056788232486,-35.90042498288,
    140.49210671209));
#136 = CARTESIAN_POINT('',(21.103196911225,-35.8946924564,
    140.37361702832));
#137 = CARTESIAN_POINT('',(21.13440971391,-35.88863154061,
    140.25057639235));
#138 = CARTESIAN_POINT('',(21.15,-35.88234669601,140.12524994646));
#139 = CARTESIAN_POINT('',(21.15,-35.87595866968,140.));
#140 = B_SPLINE_SURFACE_WITH_KNOTS('',8,2,(
    (#141,#142,#143)
    ,(#144,#145,#146)
    ,(#147,#148,#149)
    ,(#150,#151,#152)
    ,(#153,#154,#155)
    ,(#156,#157,#158)
    ,(#159,#160,#161)
    ,(#162,#163,#164)
    ,(#165,#166,#167
    )),.UNSPECIFIED.,.F.,.F.,.F.,(9,9),(3,3),(0.,1.),(0.,1.),
  .PIECEWISE_BEZIER_KNOTS.);
#141 = CARTESIAN_POINT('',(-45.,-34.,122.));
#142 = CARTESIAN_POINT('',(-53.26007001273,-39.35722667078,
    156.14272522492));
#143 = CARTESIAN_POINT('',(-40.,-31.,189.));
#144 = CARTESIAN_POINT('',(-34.25,-34.,122.));
#145 = CARTESIAN_POINT('',(-40.80790792729,-39.35722667078,
    156.14272522492));
#146 = CARTESIAN_POINT('',(-30.25,-31.,189.));
#147 = CARTESIAN_POINT('',(-23.5,-34.,122.));
#148 = CARTESIAN_POINT('',(-28.35574584185,-39.35722667078,
    156.14272522492));
#149 = CARTESIAN_POINT('',(-20.5,-31.,189.));
#150 = CARTESIAN_POINT('',(-12.75,-34.,122.));
#151 = CARTESIAN_POINT('',(-15.90358375641,-39.35722667078,
    156.14272522492));
#152 = CARTESIAN_POINT('',(-10.75,-31.,189.));
#153 = CARTESIAN_POINT('',(-2.,-34.,122.));
#154 = CARTESIAN_POINT('',(-3.451421670973,-39.35722667078,
    156.14272522492));
#155 = CARTESIAN_POINT('',(-1.,-31.,189.));
#156 = CARTESIAN_POINT('',(8.75,-34.,122.));
#157 = CARTESIAN_POINT('',(9.000740414466,-39.35722667078,
    156.14272522492));
#158 = CARTESIAN_POINT('',(8.75,-31.,189.));
#159 = CARTESIAN_POINT('',(19.5,-34.,122.));
#160 = CARTESIAN_POINT('',(21.452902499905,-39.35722667078,
    156.14272522492));
#161 = CARTESIAN_POINT('',(18.5,-31.,189.));
#162 = CARTESIAN_POINT('',(30.25,-34.,122.));
#163 = CARTESIAN_POINT('',(33.905064585344,-39.35722667078,
    156.14272522492));
#164 = CARTESIAN_POINT('',(28.25,-31.,189.));
#165 = CARTESIAN_POINT('',(41.,-34.,122.));
#166 = CARTESIAN_POINT('',(46.357226670783,-39.35722667078,
    156.14272522492));
#167 = CARTESIAN_POINT('',(38.,-31.,189.));
#168 = ADVANCED_FACE('',(#169),#286,.T.);
#169 = FACE_BOUND('',#170,.T.);
#170 = EDGE_LOOP('',(#171,#172,#180,#211,#219,#250,#258,#280));
#171 = ORIENTED_EDGE('',*,*,#21,.T.);
#172 = ORIENTED_EDGE('',*,*,#173,.F.);
#173 = EDGE_CURVE('',#174,#24,#176,.T.);
#174 = VERTEX_POINT('',#175);
#175 = CARTESIAN_POINT('',(-13.85,-36.03497425737,145.99999999999));
#176 = LINE('',#177,#178);
#177 = CARTESIAN_POINT('',(-13.85,-80.,146.));
#178 = VECTOR('',#179,1.);
#179 = DIRECTION('',(0.,-1.,0.));
#180 = ORIENTED_EDGE('',*,*,#181,.T.);
#181 = EDGE_CURVE('',#174,#182,#184,.T.);
#182 = VERTEX_POINT('',#183);
#183 = CARTESIAN_POINT('',(-13.85,-23.,178.));
#184 = B_SPLINE_CURVE_WITH_KNOTS('',7,(#185,#186,#187,#188,#189,#190,
    #191,#192,#193,#194,#195,#196,#197,#198,#199,#200,#201,#202,#203,
    #204,#205,#206,#207,#208,#209,#210),.UNSPECIFIED.,.F.,.F.,(8,6,6,6,8
    ),(0.,0.362294920811,0.523534433793,0.820781364538,1.),
  .UNSPECIFIED.);
#185 = CARTESIAN_POINT('',(-13.85,-36.04,145.));
#186 = CARTESIAN_POINT('',(-13.85,-36.04379997157,146.89794791776));
#187 = CARTESIAN_POINT('',(-13.85,-35.98918418992,148.79579193561));
#188 = CARTESIAN_POINT('',(-13.85,-35.87101253731,150.69175882666));
#189 = CARTESIAN_POINT('',(-13.85,-35.68352422777,152.5829084267));
#190 = CARTESIAN_POINT('',(-13.85,-35.42050487077,154.46515450609));
#191 = CARTESIAN_POINT('',(-13.85,-35.07551348809,156.33329101858));
#192 = CARTESIAN_POINT('',(-13.85,-34.44972404218,159.003409633));
#193 = CARTESIAN_POINT('',(-13.85,-34.23956138445,159.82166950923));
#194 = CARTESIAN_POINT('',(-13.85,-34.01144594518,160.63524934965));
#195 = CARTESIAN_POINT('',(-13.85,-33.76487671239,161.44349796742));
#196 = CARTESIAN_POINT('',(-13.85,-33.49939285791,162.24570866305));
#197 = CARTESIAN_POINT('',(-13.85,-33.21459252858,163.04112514599));
#198 = CARTESIAN_POINT('',(-13.85,-32.34891128875,165.28130711209));
#199 = CARTESIAN_POINT('',(-13.85,-31.72079939888,166.70817675332));
#200 = CARTESIAN_POINT('',(-13.85,-31.02392221492,168.10406144705));
#201 = CARTESIAN_POINT('',(-13.85,-30.25727020008,169.46344018185));
#202 = CARTESIAN_POINT('',(-13.85,-29.4210285356,170.78094471812));
#203 = CARTESIAN_POINT('',(-13.85,-28.51691573965,172.05155210232));
#204 = CARTESIAN_POINT('',(-13.85,-26.96469537839,174.00590458718));
#205 = CARTESIAN_POINT('',(-13.85,-26.35740915909,174.72243768505));
#206 = CARTESIAN_POINT('',(-13.85,-25.72743281351,175.4194523269));
#207 = CARTESIAN_POINT('',(-13.85,-25.07564705258,176.09620370493));
#208 = CARTESIAN_POINT('',(-13.85,-24.40305627632,176.7521245277));
#209 = CARTESIAN_POINT('',(-13.85,-23.71077261995,177.38680953288));
#210 = CARTESIAN_POINT('',(-13.85,-23.,178.));
#211 = ORIENTED_EDGE('',*,*,#212,.T.);
#212 = EDGE_CURVE('',#182,#213,#215,.T.);
#213 = VERTEX_POINT('',#214);
#214 = CARTESIAN_POINT('',(-13.85,-19.9,178.));
#215 = LINE('',#216,#217);
#216 = CARTESIAN_POINT('',(-13.85,-41.5,178.));
#217 = VECTOR('',#218,1.);
#218 = DIRECTION('',(0.,1.,0.));
#219 = ORIENTED_EDGE('',*,*,#220,.F.);
#220 = EDGE_CURVE('',#221,#213,#223,.T.);
#221 = VERTEX_POINT('',#222);
#222 = CARTESIAN_POINT('',(-13.85,-32.94,145.));
#223 = B_SPLINE_CURVE_WITH_KNOTS('',7,(#224,#225,#226,#227,#228,#229,
    #230,#231,#232,#233,#234,#235,#236,#237,#238,#239,#240,#241,#242,
    #243,#244,#245,#246,#247,#248,#249),.UNSPECIFIED.,.F.,.F.,(8,6,6,6,8
    ),(0.,0.406242230422,0.571688232686,0.867196870781,1.),
  .UNSPECIFIED.);
#224 = CARTESIAN_POINT('',(-13.85,-32.94,145.));
#225 = CARTESIAN_POINT('',(-13.85,-32.93434129543,147.13041024274));
#226 = CARTESIAN_POINT('',(-13.85,-32.85954959416,149.26015061851));
#227 = CARTESIAN_POINT('',(-13.85,-32.70851212548,151.38732709093));
#228 = CARTESIAN_POINT('',(-13.85,-32.47294180269,153.50806526741));
#229 = CARTESIAN_POINT('',(-13.85,-32.14358428326,155.61654155142));
#230 = CARTESIAN_POINT('',(-13.85,-31.71046398724,157.70501508575));
#231 = CARTESIAN_POINT('',(-13.85,-30.94112550083,160.60246902588));
#232 = CARTESIAN_POINT('',(-13.85,-30.6996698487,161.43598726643));
#233 = CARTESIAN_POINT('',(-13.85,-30.43876761043,162.26379532163));
#234 = CARTESIAN_POINT('',(-13.85,-30.15780687767,163.08510082202));
#235 = CARTESIAN_POINT('',(-13.85,-29.85621960716,163.89903378909));
#236 = CARTESIAN_POINT('',(-13.85,-29.53350750551,164.70465563253));
#237 = CARTESIAN_POINT('',(-13.85,-28.57442910394,166.92329523016));
#238 = CARTESIAN_POINT('',(-13.85,-27.8907572514,168.31631924754));
#239 = CARTESIAN_POINT('',(-13.85,-27.13618915381,169.6737595879));
#240 = CARTESIAN_POINT('',(-13.85,-26.30965216267,170.9892793556));
#241 = CARTESIAN_POINT('',(-13.85,-25.41146240535,172.25673983627));
#242 = CARTESIAN_POINT('',(-13.85,-24.44376525168,173.47048002294));
#243 = CARTESIAN_POINT('',(-13.85,-22.94690591815,175.14475116579));
#244 = CARTESIAN_POINT('',(-13.85,-22.46960398687,175.65209620073));
#245 = CARTESIAN_POINT('',(-13.85,-21.97948955635,176.1472447298));
#246 = CARTESIAN_POINT('',(-13.85,-21.47698347678,176.62985391145));
#247 = CARTESIAN_POINT('',(-13.85,-20.96255318428,177.09964803841));
#248 = CARTESIAN_POINT('',(-13.85,-20.43670892845,177.5564145426));
#249 = CARTESIAN_POINT('',(-13.85,-19.9,178.));
#250 = ORIENTED_EDGE('',*,*,#251,.F.);
#251 = EDGE_CURVE('',#252,#221,#254,.T.);
#252 = VERTEX_POINT('',#253);
#253 = CARTESIAN_POINT('',(-13.85,-33.77921659258,144.99999999999));
#254 = LINE('',#255,#256);
#255 = CARTESIAN_POINT('',(-13.85,-48.02,145.));
#256 = VECTOR('',#257,1.);
#257 = DIRECTION('',(0.,1.,0.));
#258 = ORIENTED_EDGE('',*,*,#259,.F.);
#259 = EDGE_CURVE('',#260,#252,#262,.T.);
#260 = VERTEX_POINT('',#261);
#261 = CARTESIAN_POINT('',(-13.85,-33.39741629474,136.));
#262 = B_SPLINE_CURVE_WITH_KNOTS('',6,(#263,#264,#265,#266,#267,#268,
    #269,#270,#271,#272,#273,#274,#275,#276,#277,#278,#279),
  .UNSPECIFIED.,.F.,.F.,(7,5,5,7),(0.,0.321654325666,0.637694367658,1.),
  .UNSPECIFIED.);
#263 = CARTESIAN_POINT('',(-13.85,-31.80327588685,121.96298382691));
#264 = CARTESIAN_POINT('',(-13.85,-32.3461015471,125.43669460609));
#265 = CARTESIAN_POINT('',(-13.85,-32.80371829597,128.92374178358));
#266 = CARTESIAN_POINT('',(-13.85,-33.17362277989,132.42179169822));
#267 = CARTESIAN_POINT('',(-13.85,-33.45359895797,135.92826650614));
#268 = CARTESIAN_POINT('',(-13.85,-33.6418275761,139.44033432556));
#269 = CARTESIAN_POINT('',(-13.85,-33.83050260464,146.40811980863));
#270 = CARTESIAN_POINT('',(-13.85,-33.83417110004,149.86380480595));
#271 = CARTESIAN_POINT('',(-13.85,-33.74675029789,153.31899287471));
#272 = CARTESIAN_POINT('',(-13.85,-33.56747509015,156.77066310354));
#273 = CARTESIAN_POINT('',(-13.85,-33.29610944019,160.215736697));
#274 = CARTESIAN_POINT('',(-13.85,-32.51671236987,167.58932530927));
#275 = CARTESIAN_POINT('',(-13.85,-31.97983937063,171.51488705852));
#276 = CARTESIAN_POINT('',(-13.85,-31.32286782899,175.42300756878));
#277 = CARTESIAN_POINT('',(-13.85,-30.5472420598,179.30926005223));
#278 = CARTESIAN_POINT('',(-13.85,-29.65526594458,183.16953079159));
#279 = CARTESIAN_POINT('',(-13.85,-28.65,187.));
#280 = ORIENTED_EDGE('',*,*,#281,.T.);
#281 = EDGE_CURVE('',#260,#22,#282,.T.);
#282 = LINE('',#283,#284);
#283 = CARTESIAN_POINT('',(-13.85,-80.,136.));
#284 = VECTOR('',#285,1.);
#285 = DIRECTION('',(0.,-1.,0.));
#286 = PLANE('',#287);
#287 = AXIS2_PLACEMENT_3D('',#288,#289,#290);
#288 = CARTESIAN_POINT('',(-13.85,-31.04890881577,158.19652544651));
#289 = DIRECTION('',(-1.,2.6E-16,0.));
#290 = DIRECTION('',(-2.6E-16,-1.,0.));
#291 = ADVANCED_FACE('',(#292),#368,.T.);
#292 = FACE_BOUND('',#293,.T.);
#293 = EDGE_LOOP('',(#294,#304,#305,#306,#333));
#294 = ORIENTED_EDGE('',*,*,#295,.T.);
#295 = EDGE_CURVE('',#296,#174,#298,.T.);
#296 = VERTEX_POINT('',#297);
#297 = CARTESIAN_POINT('',(42.760705626883,-36.03497426107,146.));
#298 = B_SPLINE_CURVE_WITH_KNOTS('',4,(#299,#300,#301,#302,#303),
  .UNSPECIFIED.,.F.,.F.,(5,5),(0.,1.),.PIECEWISE_BEZIER_KNOTS.);
#299 = CARTESIAN_POINT('',(42.760705626883,-36.03497426107,146.));
#300 = CARTESIAN_POINT('',(28.608029220162,-36.03497426107,146.));
#301 = CARTESIAN_POINT('',(14.455352813442,-36.03497426107,146.));
#302 = CARTESIAN_POINT('',(0.302676406721,-36.03497426107,146.));
#303 = CARTESIAN_POINT('',(-13.85,-36.03497426107,146.));
#304 = ORIENTED_EDGE('',*,*,#173,.T.);
#305 = ORIENTED_EDGE('',*,*,#63,.F.);
#306 = ORIENTED_EDGE('',*,*,#307,.F.);
#307 = EDGE_CURVE('',#308,#56,#310,.T.);
#308 = VERTEX_POINT('',#309);
#309 = CARTESIAN_POINT('',(55.047239751016,-24.87650511599,146.));
#310 = B_SPLINE_CURVE_WITH_KNOTS('',6,(#311,#312,#313,#314,#315,#316,
    #317,#318,#319,#320,#321,#322,#323,#324,#325,#326,#327,#328,#329,
    #330,#331,#332),.UNSPECIFIED.,.F.,.F.,(7,5,5,5,7),(0.,0.250999936087
    ,0.499999999384,0.749999999888,1.),.UNSPECIFIED.);
#311 = CARTESIAN_POINT('',(55.074097254023,-24.07409725402,146.));
#312 = CARTESIAN_POINT('',(55.074097254023,-24.86262414532,146.));
#313 = CARTESIAN_POINT('',(55.011919669971,-25.6511977706,146.));
#314 = CARTESIAN_POINT('',(54.88755132436,-26.4335862431,146.));
#315 = CARTESIAN_POINT('',(54.701835708354,-27.20372189008,146.));
#316 = CARTESIAN_POINT('',(54.456324718633,-27.95567849663,146.));
#317 = CARTESIAN_POINT('',(53.852937826418,-29.40593578261,146.));
#318 = CARTESIAN_POINT('',(53.495937892792,-30.10470012785,146.));
#319 = CARTESIAN_POINT('',(53.084749480945,-30.77437977595,146.));
#320 = CARTESIAN_POINT('',(52.62240244201,-31.40981817087,146.));
#321 = CARTESIAN_POINT('',(52.112508821776,-32.00624843347,146.));
#322 = CARTESIAN_POINT('',(51.004027167125,-33.11473008812,146.));
#323 = CARTESIAN_POINT('',(50.405026785828,-33.62649740044,146.));
#324 = CARTESIAN_POINT('',(49.766721802182,-34.09031774159,146.));
#325 = CARTESIAN_POINT('',(49.093938937526,-34.50253829066,146.));
#326 = CARTESIAN_POINT('',(48.391900072805,-34.86009761704,146.));
#327 = CARTESIAN_POINT('',(46.940696774807,-35.46120570821,146.));
#328 = CARTESIAN_POINT('',(46.191447723971,-35.70478951962,146.));
#329 = CARTESIAN_POINT('',(45.424234465122,-35.88903489901,146.));
#330 = CARTESIAN_POINT('',(44.644914170255,-36.01241409144,146.));
#331 = CARTESIAN_POINT('',(43.859482804413,-36.07409725402,146.));
#332 = CARTESIAN_POINT('',(43.074097254023,-36.07409725402,146.));
#333 = ORIENTED_EDGE('',*,*,#334,.T.);
#334 = EDGE_CURVE('',#308,#296,#335,.T.);
#335 = B_SPLINE_CURVE_WITH_KNOTS('',6,(#336,#337,#338,#339,#340,#341,
    #342,#343,#344,#345,#346,#347,#348,#349,#350,#351,#352,#353,#354,
    #355,#356,#357,#358,#359,#360,#361,#362,#363,#364,#365,#366,#367),
  .UNSPECIFIED.,.F.,.F.,(7,5,5,5,5,5,7),(0.,5.741332711322E-03,
    0.115641625132,0.156461753638,0.567763933138,0.97801992941,1.),
  .UNSPECIFIED.);
#336 = CARTESIAN_POINT('',(55.074097254243,-24.55382056868,146.));
#337 = CARTESIAN_POINT('',(55.072858874905,-24.57150329771,146.));
#338 = CARTESIAN_POINT('',(55.071589900451,-24.58918375816,146.));
#339 = CARTESIAN_POINT('',(55.070290452084,-24.6068620542,146.));
#340 = CARTESIAN_POINT('',(55.068960588323,-24.62453818727,146.));
#341 = CARTESIAN_POINT('',(55.067600305006,-24.64221205604,146.));
#342 = CARTESIAN_POINT('',(55.039587493692,-24.99814848487,146.));
#343 = CARTESIAN_POINT('',(55.001807132378,-25.33553596397,146.));
#344 = CARTESIAN_POINT('',(54.952904815604,-25.67158444928,146.));
#345 = CARTESIAN_POINT('',(54.892941965681,-26.0058365661,146.));
#346 = CARTESIAN_POINT('',(54.82200506298,-26.33783900951,146.));
#347 = CARTESIAN_POINT('',(54.709822990501,-26.78945534553,146.));
#348 = CARTESIAN_POINT('',(54.677941731585,-26.91139589622,146.));
#349 = CARTESIAN_POINT('',(54.644567572736,-27.03294123566,146.));
#350 = CARTESIAN_POINT('',(54.609706682459,-27.15406853377,146.));
#351 = CARTESIAN_POINT('',(54.573365694206,-27.27475509121,146.));
#352 = CARTESIAN_POINT('',(54.154539294605,-28.60634356046,146.));
#353 = CARTESIAN_POINT('',(53.623845209362,-29.77109601377,146.));
#354 = CARTESIAN_POINT('',(52.950849397599,-30.86513537455,146.));
#355 = CARTESIAN_POINT('',(52.147882260169,-31.86767673021,146.));
#356 = CARTESIAN_POINT('',(51.230352313683,-32.76010224654,146.));
#357 = CARTESIAN_POINT('',(49.209139554524,-34.29261885793,146.));
#358 = CARTESIAN_POINT('',(48.105232746975,-34.93387936487,146.));
#359 = CARTESIAN_POINT('',(46.926551642781,-35.43585905479,146.));
#360 = CARTESIAN_POINT('',(45.695007385116,-35.78880542573,146.));
#361 = CARTESIAN_POINT('',(44.433758602345,-35.98648436984,146.));
#362 = CARTESIAN_POINT('',(43.09997990152,-36.03049735404,146.));
#363 = CARTESIAN_POINT('',(43.03213981445,-36.03228803541,146.));
#364 = CARTESIAN_POINT('',(42.964288651891,-36.0336311278,146.));
#365 = CARTESIAN_POINT('',(42.896430105066,-36.03452654993,146.));
#366 = CARTESIAN_POINT('',(42.828567865874,-36.03497426107,146.));
#367 = CARTESIAN_POINT('',(42.760705626883,-36.03497426107,146.));
#368 = PLANE('',#369);
#369 = AXIS2_PLACEMENT_3D('',#370,#371,#372);
#370 = CARTESIAN_POINT('',(-100.,-60.,146.));
#371 = DIRECTION('',(0.,0.,1.));
#372 = DIRECTION('',(1.,0.,0.));
#373 = ADVANCED_FACE('',(#374),#520,.T.);
#374 = FACE_BOUND('',#375,.T.);
#375 = EDGE_LOOP('',(#376,#377,#404,#412,#439,#519));
#376 = ORIENTED_EDGE('',*,*,#55,.F.);
#377 = ORIENTED_EDGE('',*,*,#378,.F.);
#378 = EDGE_CURVE('',#379,#46,#381,.T.);
#379 = VERTEX_POINT('',#380);
#380 = CARTESIAN_POINT('',(54.62427457572,-23.62427457572,136.));
#381 = B_SPLINE_CURVE_WITH_KNOTS('',6,(#382,#383,#384,#385,#386,#387,
    #388,#389,#390,#391,#392,#393,#394,#395,#396,#397,#398,#399,#400,
    #401,#402,#403),.UNSPECIFIED.,.F.,.F.,(7,5,5,5,7),(0.,0.250999936087
    ,0.499999999384,0.749999999888,1.),.UNSPECIFIED.);
#382 = CARTESIAN_POINT('',(54.62427457572,-23.62427457572,136.));
#383 = CARTESIAN_POINT('',(54.62427457572,-24.41280146702,136.));
#384 = CARTESIAN_POINT('',(54.562096991667,-25.2013750923,136.));
#385 = CARTESIAN_POINT('',(54.437728646058,-25.9837635648,136.));
#386 = CARTESIAN_POINT('',(54.252013030049,-26.75389921178,136.));
#387 = CARTESIAN_POINT('',(54.00650204033,-27.50585581832,136.));
#388 = CARTESIAN_POINT('',(53.403115148115,-28.9561131043,136.));
#389 = CARTESIAN_POINT('',(53.046115214489,-29.65487744954,136.));
#390 = CARTESIAN_POINT('',(52.634926802639,-30.32455709765,136.));
#391 = CARTESIAN_POINT('',(52.172579763708,-30.95999549256,136.));
#392 = CARTESIAN_POINT('',(51.662686143472,-31.55642575516,136.));
#393 = CARTESIAN_POINT('',(50.554204488822,-32.66490740982,136.));
#394 = CARTESIAN_POINT('',(49.955204107524,-33.17667472213,136.));
#395 = CARTESIAN_POINT('',(49.316899123879,-33.64049506328,136.));
#396 = CARTESIAN_POINT('',(48.644116259222,-34.05271561236,136.));
#397 = CARTESIAN_POINT('',(47.942077394502,-34.41027493874,136.));
#398 = CARTESIAN_POINT('',(46.490874096503,-35.01138302991,136.));
#399 = CARTESIAN_POINT('',(45.741625045668,-35.25496684132,136.));
#400 = CARTESIAN_POINT('',(44.974411786818,-35.43921222071,136.));
#401 = CARTESIAN_POINT('',(44.195091491952,-35.56259141314,136.));
#402 = CARTESIAN_POINT('',(43.409660126109,-35.62427457572,136.));
#403 = CARTESIAN_POINT('',(42.62427457572,-35.62427457572,136.));
#404 = ORIENTED_EDGE('',*,*,#405,.T.);
#405 = EDGE_CURVE('',#379,#406,#408,.T.);
#406 = VERTEX_POINT('',#407);
#407 = CARTESIAN_POINT('',(55.056099089979,-24.05609908997,145.));
#408 = B_SPLINE_CURVE_WITH_KNOTS('',2,(#409,#410,#411),.UNSPECIFIED.,.F.
  ,.F.,(3,3),(0.,1.),.PIECEWISE_BEZIER_KNOTS.);
#409 = CARTESIAN_POINT('',(53.,-22.,122.));
#410 = CARTESIAN_POINT('',(58.357226670783,-27.35722667078,
    156.14272522492));
#411 = CARTESIAN_POINT('',(50.,-19.,189.));
#412 = ORIENTED_EDGE('',*,*,#413,.T.);
#413 = EDGE_CURVE('',#406,#414,#416,.T.);
#414 = VERTEX_POINT('',#415);
#415 = CARTESIAN_POINT('',(47.209570221685,-35.31437061875,145.));
#416 = B_SPLINE_CURVE_WITH_KNOTS('',6,(#417,#418,#419,#420,#421,#422,
    #423,#424,#425,#426,#427,#428,#429,#430,#431,#432,#433,#434,#435,
    #436,#437,#438),.UNSPECIFIED.,.F.,.F.,(7,5,5,5,7),(0.,0.250999936088
    ,0.499999999385,0.749999999888,1.),.UNSPECIFIED.);
#417 = CARTESIAN_POINT('',(55.05609908998,-24.05609908997,145.));
#418 = CARTESIAN_POINT('',(55.05609908998,-24.84462598128,145.));
#419 = CARTESIAN_POINT('',(54.993921505926,-25.63319960656,145.));
#420 = CARTESIAN_POINT('',(54.869553160319,-26.41558807905,145.));
#421 = CARTESIAN_POINT('',(54.683837544308,-27.18572372604,145.));
#422 = CARTESIAN_POINT('',(54.43832655459,-27.93768033258,145.));
#423 = CARTESIAN_POINT('',(53.834939662375,-29.38793761856,145.));
#424 = CARTESIAN_POINT('',(53.477939728746,-30.08670196381,145.));
#425 = CARTESIAN_POINT('',(53.066751316904,-30.7563816119,145.));
#426 = CARTESIAN_POINT('',(52.604404277964,-31.39182000683,145.));
#427 = CARTESIAN_POINT('',(52.094510657733,-31.98825026942,145.));
#428 = CARTESIAN_POINT('',(50.986029003081,-33.09673192408,145.));
#429 = CARTESIAN_POINT('',(50.387028621783,-33.60849923639,145.));
#430 = CARTESIAN_POINT('',(49.748723638139,-34.07231957754,145.));
#431 = CARTESIAN_POINT('',(49.075940773481,-34.48454012662,145.));
#432 = CARTESIAN_POINT('',(48.373901908761,-34.842099453,145.));
#433 = CARTESIAN_POINT('',(46.922698610763,-35.44320754417,145.));
#434 = CARTESIAN_POINT('',(46.173449559928,-35.68679135558,145.));
#435 = CARTESIAN_POINT('',(45.406236301078,-35.87103673497,145.));
#436 = CARTESIAN_POINT('',(44.626916006212,-35.9944159274,145.));
#437 = CARTESIAN_POINT('',(43.841484640369,-36.05609908997,145.));
#438 = CARTESIAN_POINT('',(43.056099089979,-36.05609908997,145.));
#439 = ORIENTED_EDGE('',*,*,#440,.T.);
#440 = EDGE_CURVE('',#414,#308,#441,.T.);
#441 = B_SPLINE_CURVE_WITH_KNOTS('',6,(#442,#443,#444,#445,#446,#447,
    #448,#449,#450,#451,#452,#453,#454,#455,#456,#457,#458,#459,#460,
    #461,#462,#463,#464,#465,#466,#467,#468,#469,#470,#471,#472,#473,
    #474,#475,#476,#477,#478,#479,#480,#481,#482,#483,#484,#485,#486,
    #487,#488,#489,#490,#491,#492,#493,#494,#495,#496,#497,#498,#499,
    #500,#501,#502,#503,#504,#505,#506,#507,#508,#509,#510,#511,#512,
    #513,#514,#515,#516,#517,#518),.UNSPECIFIED.,.F.,.F.,(7,5,5,5,5,5,5,
    5,5,5,5,5,5,5,5,7),(0.,0.163243228361,0.326382260669,0.489520358421,
    0.652086790716,0.662212891308,0.671743960318,0.687233457107,
    0.709280223167,0.737294919787,0.769501503526,0.804131904698,
    0.840029875933,0.878477568618,0.922137007573,1.),.UNSPECIFIED.);
#442 = CARTESIAN_POINT('',(47.209570221683,-35.31437061875,145.));
#443 = CARTESIAN_POINT('',(47.56514201673,-35.1835555863,145.01267956977
    ));
#444 = CARTESIAN_POINT('',(47.91579868766,-35.03921631782,
    145.02367014928));
#445 = CARTESIAN_POINT('',(48.260875016068,-34.88160456171,
    145.03364014288));
#446 = CARTESIAN_POINT('',(48.59973796818,-34.71100471957,
    145.04288099708));
#447 = CARTESIAN_POINT('',(48.931778099924,-34.5277370285,
    145.05163313211));
#448 = CARTESIAN_POINT('',(49.580834968518,-34.13670206579,
    145.0684869656));
#449 = CARTESIAN_POINT('',(49.897861711208,-33.92895007046,
    145.07659139873));
#450 = CARTESIAN_POINT('',(50.206904164509,-33.7092576106,
    145.08454519441));
#451 = CARTESIAN_POINT('',(50.507402873295,-33.47801481398,
    145.09247523219));
#452 = CARTESIAN_POINT('',(50.798824837445,-33.23564597388,
    145.10049256142));
#453 = CARTESIAN_POINT('',(51.362500028204,-32.72957563675,
    145.11694514752));
#454 = CARTESIAN_POINT('',(51.634754972358,-32.46587277913,
    145.12537929039));
#455 = CARTESIAN_POINT('',(51.89692159658,-32.19196077085,
    145.13414306641));
#456 = CARTESIAN_POINT('',(52.148525069937,-31.9083283768,
    145.14336097673));
#457 = CARTESIAN_POINT('',(52.389122608647,-31.61549504741,
    145.15318764443));
#458 = CARTESIAN_POINT('',(52.846682102565,-31.01358565759,
    145.17444549717));
#459 = CARTESIAN_POINT('',(53.063724352351,-30.70456982931,
    145.18587234561));
#460 = CARTESIAN_POINT('',(53.269026482961,-30.38750817511,
    145.19832585221));
#461 = CARTESIAN_POINT('',(53.46221870343,-30.062974255,145.21209052576)
  );
#462 = CARTESIAN_POINT('',(53.642966022637,-29.73157253928,
    145.22754108865));
#463 = CARTESIAN_POINT('',(53.82144069557,-29.37292136536,145.2464560825
    ));
#464 = CARTESIAN_POINT('',(53.831856417086,-29.35186715994,
    145.24757434038));
#465 = CARTESIAN_POINT('',(53.842222643293,-29.33078898686,
    145.24870190184));
#466 = CARTESIAN_POINT('',(53.852539303607,-29.30968700463,
    145.24983893423));
#467 = CARTESIAN_POINT('',(53.86280632803,-29.28856137263,
    145.25098560979));
#468 = CARTESIAN_POINT('',(53.882640574494,-29.24750589764,
    145.25323064333));
#469 = CARTESIAN_POINT('',(53.892213466486,-29.22757873417,
    145.25432788123));
#470 = CARTESIAN_POINT('',(53.90174226525,-29.20763089425,
    145.25543396708));
#471 = CARTESIAN_POINT('',(53.911226913373,-29.18766251221,
    145.25654905287));
#472 = CARTESIAN_POINT('',(53.920667353904,-29.16767372314,
    145.25767329486));
#473 = CARTESIAN_POINT('',(53.945333805367,-29.1151467706,
    145.26064906585));
#474 = CARTESIAN_POINT('',(53.960487172766,-29.08257533941,
    145.26251588593));
#475 = CARTESIAN_POINT('',(53.975523390099,-29.04995095203,
    145.26440800168));
#476 = CARTESIAN_POINT('',(53.990442218173,-29.01727419711,
    145.26632613504));
#477 = CARTESIAN_POINT('',(54.005243421059,-28.98454566919,
    145.26827104204));
#478 = CARTESIAN_POINT('',(54.040826106857,-28.90510942469,
    145.27305100106));
#479 = CARTESIAN_POINT('',(54.061486680994,-28.85834921246,
    145.2759143383));
#480 = CARTESIAN_POINT('',(54.08190781758,-28.81148706181,
    145.27883579522));
#481 = CARTESIAN_POINT('',(54.102088859246,-28.76452473298,
    145.28181781443));
#482 = CARTESIAN_POINT('',(54.122029162166,-28.71746401666,
    145.28486301053));
#483 = CARTESIAN_POINT('',(54.166759415724,-28.61038425031,
    145.29192749677));
#484 = CARTESIAN_POINT('',(54.191401005755,-28.55030585328,
    145.2959873702));
#485 = CARTESIAN_POINT('',(54.215651572926,-28.49007527147,
    145.30015947791));
#486 = CARTESIAN_POINT('',(54.239509859899,-28.42969634583,
    145.30445010165));
#487 = CARTESIAN_POINT('',(54.262974645237,-28.36917302971,
    145.30886611738));
#488 = CARTESIAN_POINT('',(54.31256685875,-28.23876854179,
    145.31864451632));
#489 = CARTESIAN_POINT('',(54.338567335085,-28.16884226768,
    145.32404975312));
#490 = CARTESIAN_POINT('',(54.364044370818,-28.09873671823,
    145.32964198466));
#491 = CARTESIAN_POINT('',(54.388996228819,-28.02845836041,
    145.33543395773));
#492 = CARTESIAN_POINT('',(54.413421236414,-27.95801397645,
    145.34143988691));
#493 = CARTESIAN_POINT('',(54.463012748575,-27.81149385254,
    145.35438027903));
#494 = CARTESIAN_POINT('',(54.488096720011,-27.73539338874,
    145.36135087149));
#495 = CARTESIAN_POINT('',(54.512567698983,-27.65911802946,
    145.36860660634));
#496 = CARTESIAN_POINT('',(54.536423777105,-27.58267728604,
    145.37616974573));
#497 = CARTESIAN_POINT('',(54.559663138323,-27.50608142408,
    145.38406543958));
#498 = CARTESIAN_POINT('',(54.605732962135,-27.34979259958,
    145.40088018816));
#499 = CARTESIAN_POINT('',(54.62851733081,-27.2700891374,145.40982658187
    ));
#500 = CARTESIAN_POINT('',(54.650635238103,-27.19024320076,
    145.41919199475));
#501 = CARTESIAN_POINT('',(54.672084888761,-27.11026859257,
    145.42901242966));
#502 = CARTESIAN_POINT('',(54.692864619106,-27.03018079474,
    145.43932880426));
#503 = CARTESIAN_POINT('',(54.73450938152,-26.864117925,145.46181629644)
  );
#504 = CARTESIAN_POINT('',(54.755275684369,-26.77812938011,
    145.47406777174));
#505 = CARTESIAN_POINT('',(54.775269882997,-26.69205198006,
    145.4869976552));
#506 = CARTESIAN_POINT('',(54.794490355775,-26.60591081552,
    145.50067115641));
#507 = CARTESIAN_POINT('',(54.812935782039,-26.5197354213,
    145.51516241634));
#508 = CARTESIAN_POINT('',(54.8506695632,-26.33570269678,145.54803337145
    ));
#509 = CARTESIAN_POINT('',(54.86973353201,-26.23784718082,145.5666733734
    ));
#510 = CARTESIAN_POINT('',(54.887795249605,-26.14004187565,
    145.58659858388));
#511 = CARTESIAN_POINT('',(54.904854296382,-26.04234987491,
    145.60794766268));
#512 = CARTESIAN_POINT('',(54.920911632045,-25.94484871869,
    145.6308738586));
#513 = CARTESIAN_POINT('',(54.962824487706,-25.67424939102,
    145.69954311864));
#514 = CARTESIAN_POINT('',(54.98650190491,-25.50176994069,
    145.74908936075));
#515 = CARTESIAN_POINT('',(55.007020641783,-25.33071649858,
    145.8051085261));
#516 = CARTESIAN_POINT('',(55.02441245918,-25.16185697357,
    145.86862294057));
#517 = CARTESIAN_POINT('',(55.038787748626,-24.99610514548,
    145.94047161618));
#518 = CARTESIAN_POINT('',(55.050322471312,-24.83427452317,
    146.02062882531));
#519 = ORIENTED_EDGE('',*,*,#307,.T.);
#520 = B_SPLINE_SURFACE_WITH_KNOTS('',8,2,(
    (#521,#522,#523)
    ,(#524,#525,#526)
    ,(#527,#528,#529)
    ,(#530,#531,#532)
    ,(#533,#534,#535)
    ,(#536,#537,#538)
    ,(#539,#540,#541)
    ,(#542,#543,#544)
    ,(#545,#546,#547
    )),.UNSPECIFIED.,.F.,.F.,.F.,(9,9),(3,3),(1.,2.),(0.,1.),
  .PIECEWISE_BEZIER_KNOTS.);
#521 = CARTESIAN_POINT('',(41.,-34.,122.));
#522 = CARTESIAN_POINT('',(46.357226670783,-39.35722667078,
    156.14272522492));
#523 = CARTESIAN_POINT('',(38.,-31.,189.));
#524 = CARTESIAN_POINT('',(43.356194490192,-34.,122.));
#525 = CARTESIAN_POINT('',(48.713421160975,-39.35722667078,
    156.14272522492));
#526 = CARTESIAN_POINT('',(40.356194490192,-31.,189.));
#527 = CARTESIAN_POINT('',(45.712389722051,-33.47127053246,122.));
#528 = CARTESIAN_POINT('',(51.069616392834,-38.82849720324,
    156.14272522492));
#529 = CARTESIAN_POINT('',(42.712389722051,-30.47127053246,189.));
#530 = CARTESIAN_POINT('',(47.93015881202,-32.41381679045,122.));
#531 = CARTESIAN_POINT('',(53.287385482804,-37.77104346123,
    156.14272522492));
#532 = CARTESIAN_POINT('',(44.930158812021,-29.41381679045,189.));
#533 = CARTESIAN_POINT('',(49.871105069359,-30.87110506935,122.));
#534 = CARTESIAN_POINT('',(55.228331740142,-36.22833174014,
    156.14272522492));
#535 = CARTESIAN_POINT('',(46.871105069358,-27.87110506935,189.));
#536 = CARTESIAN_POINT('',(51.413816790457,-28.93015881202,122.));
#537 = CARTESIAN_POINT('',(56.77104346124,-34.2873854828,156.14272522492
    ));
#538 = CARTESIAN_POINT('',(48.413816790457,-25.93015881202,189.));
#539 = CARTESIAN_POINT('',(52.471270532465,-26.71238972205,122.));
#540 = CARTESIAN_POINT('',(57.828497203249,-32.06961639283,
    156.14272522492));
#541 = CARTESIAN_POINT('',(49.471270532465,-23.71238972205,189.));
#542 = CARTESIAN_POINT('',(53.,-24.35619449019,122.));
#543 = CARTESIAN_POINT('',(58.357226670783,-29.71342116097,
    156.14272522492));
#544 = CARTESIAN_POINT('',(50.,-21.35619449019,189.));
#545 = CARTESIAN_POINT('',(53.,-22.,122.));
#546 = CARTESIAN_POINT('',(58.357226670783,-27.35722667078,
    156.14272522492));
#547 = CARTESIAN_POINT('',(50.,-19.,189.));
#548 = ADVANCED_FACE('',(#549),#691,.F.);
#549 = FACE_BOUND('',#550,.F.);
#550 = EDGE_LOOP('',(#551,#563,#571,#581,#608,#618,#645,#653,#654,#655,
    #656,#666));
#551 = ORIENTED_EDGE('',*,*,#552,.F.);
#552 = EDGE_CURVE('',#553,#555,#557,.T.);
#553 = VERTEX_POINT('',#554);
#554 = CARTESIAN_POINT('',(-13.85,35.624274573126,136.));
#555 = VERTEX_POINT('',#556);
#556 = CARTESIAN_POINT('',(42.62427457572,35.62427457572,136.));
#557 = B_SPLINE_CURVE_WITH_KNOTS('',4,(#558,#559,#560,#561,#562),
  .UNSPECIFIED.,.F.,.F.,(5,5),(0.,1.),.PIECEWISE_BEZIER_KNOTS.);
#558 = CARTESIAN_POINT('',(-17.32156711937,35.62427457572,136.));
#559 = CARTESIAN_POINT('',(-2.335106695605,35.62427457572,136.));
#560 = CARTESIAN_POINT('',(12.65135372817,35.62427457572,136.));
#561 = CARTESIAN_POINT('',(27.637814151945,35.62427457572,136.));
#562 = CARTESIAN_POINT('',(42.62427457572,35.62427457572,136.));
#563 = ORIENTED_EDGE('',*,*,#564,.T.);
#564 = EDGE_CURVE('',#553,#565,#567,.T.);
#565 = VERTEX_POINT('',#566);
#566 = CARTESIAN_POINT('',(-13.85,33.397416294743,136.));
#567 = LINE('',#568,#569);
#568 = CARTESIAN_POINT('',(-13.85,-80.,136.));
#569 = VECTOR('',#570,1.);
#570 = DIRECTION('',(0.,-1.,0.));
#571 = ORIENTED_EDGE('',*,*,#572,.T.);
#572 = EDGE_CURVE('',#565,#573,#575,.T.);
#573 = VERTEX_POINT('',#574);
#574 = CARTESIAN_POINT('',(42.747416299699,33.397416299699,136.));
#575 = B_SPLINE_CURVE_WITH_KNOTS('',4,(#576,#577,#578,#579,#580),
  .UNSPECIFIED.,.F.,.F.,(5,5),(0.,1.),.PIECEWISE_BEZIER_KNOTS.);
#576 = CARTESIAN_POINT('',(-17.40837980508,33.397416299699,136.));
#577 = CARTESIAN_POINT('',(-2.369430778885,33.397416299699,136.));
#578 = CARTESIAN_POINT('',(12.669518247309,33.397416299699,136.));
#579 = CARTESIAN_POINT('',(27.708467273504,33.397416299699,136.));
#580 = CARTESIAN_POINT('',(42.747416299699,33.397416299699,136.));
#581 = ORIENTED_EDGE('',*,*,#582,.T.);
#582 = EDGE_CURVE('',#573,#583,#585,.T.);
#583 = VERTEX_POINT('',#584);
#584 = CARTESIAN_POINT('',(52.397416299699,23.747416299699,136.));
#585 = B_SPLINE_CURVE_WITH_KNOTS('',6,(#586,#587,#588,#589,#590,#591,
    #592,#593,#594,#595,#596,#597,#598,#599,#600,#601,#602,#603,#604,
    #605,#606,#607),.UNSPECIFIED.,.F.,.F.,(7,5,5,5,7),(0.,0.251999871623
    ,0.500999935416,0.749999999271,1.),.UNSPECIFIED.);
#586 = CARTESIAN_POINT('',(42.747416299699,33.397416299699,136.));
#587 = CARTESIAN_POINT('',(43.384049515755,33.397416299699,136.));
#588 = CARTESIAN_POINT('',(44.020721007196,33.347015972812,136.));
#589 = CARTESIAN_POINT('',(44.652358614935,33.2462044842,136.));
#590 = CARTESIAN_POINT('',(45.274024727114,33.095671207645,136.));
#591 = CARTESIAN_POINT('',(45.880897685327,32.896683837553,136.));
#592 = CARTESIAN_POINT('',(47.048713472731,32.408654813784,136.));
#593 = CARTESIAN_POINT('',(47.610184781329,32.120685068009,136.));
#594 = CARTESIAN_POINT('',(48.14819878948,31.789175534703,136.));
#595 = CARTESIAN_POINT('',(48.658612517117,31.416569216595,136.));
#596 = CARTESIAN_POINT('',(49.137597147506,31.005776898996,136.));
#597 = CARTESIAN_POINT('',(50.025816392233,30.114762838797,136.));
#598 = CARTESIAN_POINT('',(50.4351019106,29.634490031966,136.));
#599 = CARTESIAN_POINT('',(50.806102880775,29.122908247681,136.));
#600 = CARTESIAN_POINT('',(51.135920560468,28.583855428382,136.));
#601 = CARTESIAN_POINT('',(51.422124974024,28.021482208265,136.));
#602 = CARTESIAN_POINT('',(51.904549354101,26.8568067336,136.));
#603 = CARTESIAN_POINT('',(52.100431318453,26.254285657567,136.));
#604 = CARTESIAN_POINT('',(52.248595331186,25.637318308697,136.));
#605 = CARTESIAN_POINT('',(52.3478127541,25.010614878909,136.));
#606 = CARTESIAN_POINT('',(52.397416299699,24.378997195039,136.));
#607 = CARTESIAN_POINT('',(52.397416299699,23.747416299699,136.));
#608 = ORIENTED_EDGE('',*,*,#609,.T.);
#609 = EDGE_CURVE('',#583,#610,#612,.T.);
#610 = VERTEX_POINT('',#611);
#611 = CARTESIAN_POINT('',(52.397416299699,-23.74741629969,136.));
#612 = B_SPLINE_CURVE_WITH_KNOTS('',4,(#613,#614,#615,#616,#617),
  .UNSPECIFIED.,.F.,.F.,(5,5),(0.,1.),.PIECEWISE_BEZIER_KNOTS.);
#613 = CARTESIAN_POINT('',(52.397416299699,23.747416299699,136.));
#614 = CARTESIAN_POINT('',(52.397416299699,11.873708149849,136.));
#615 = CARTESIAN_POINT('',(52.397416299699,2.1316E-13,136.));
#616 = CARTESIAN_POINT('',(52.397416299699,-11.87370814984,136.));
#617 = CARTESIAN_POINT('',(52.397416299699,-23.74741629969,136.));
#618 = ORIENTED_EDGE('',*,*,#619,.T.);
#619 = EDGE_CURVE('',#610,#620,#622,.T.);
#620 = VERTEX_POINT('',#621);
#621 = CARTESIAN_POINT('',(42.747416299699,-33.39741629969,136.));
#622 = B_SPLINE_CURVE_WITH_KNOTS('',6,(#623,#624,#625,#626,#627,#628,
    #629,#630,#631,#632,#633,#634,#635,#636,#637,#638,#639,#640,#641,
    #642,#643,#644),.UNSPECIFIED.,.F.,.F.,(7,5,5,5,7),(0.,0.250999936182
    ,0.499999999385,0.749999999889,1.),.UNSPECIFIED.);
#623 = CARTESIAN_POINT('',(52.397416299699,-23.74741629969,136.));
#624 = CARTESIAN_POINT('',(52.397416299699,-24.38152335699,136.));
#625 = CARTESIAN_POINT('',(52.347415156773,-25.01566794037,136.));
#626 = CARTESIAN_POINT('',(52.247402290104,-25.64483869687,136.));
#627 = CARTESIAN_POINT('',(52.098055961617,-26.26415613322,136.));
#628 = CARTESIAN_POINT('',(51.900624225119,-26.86885453462,136.));
#629 = CARTESIAN_POINT('',(51.4154005876,-28.03510313021,136.));
#630 = CARTESIAN_POINT('',(51.128313153753,-28.59702608781,136.));
#631 = CARTESIAN_POINT('',(50.797649139314,-29.13556016593,136.));
#632 = CARTESIAN_POINT('',(50.425845036478,-29.64655855231,136.));
#633 = CARTESIAN_POINT('',(50.01580561263,-30.12618786264,136.));
#634 = CARTESIAN_POINT('',(49.124401594078,-31.01759188119,136.));
#635 = CARTESIAN_POINT('',(48.642705480468,-31.42913806517,136.));
#636 = CARTESIAN_POINT('',(48.129401878801,-31.80212694909,136.));
#637 = CARTESIAN_POINT('',(47.588372296786,-32.1336209738,136.));
#638 = CARTESIAN_POINT('',(47.023816080532,-32.42115825247,136.));
#639 = CARTESIAN_POINT('',(45.8568067336,-32.9045493541,136.));
#640 = CARTESIAN_POINT('',(45.254285657566,-33.10043131845,136.));
#641 = CARTESIAN_POINT('',(44.637318308697,-33.24859533118,136.));
#642 = CARTESIAN_POINT('',(44.010614878909,-33.3478127541,136.));
#643 = CARTESIAN_POINT('',(43.378997195038,-33.39741629969,136.));
#644 = CARTESIAN_POINT('',(42.747416299699,-33.39741629969,136.));
#645 = ORIENTED_EDGE('',*,*,#646,.T.);
#646 = EDGE_CURVE('',#620,#260,#647,.T.);
#647 = B_SPLINE_CURVE_WITH_KNOTS('',4,(#648,#649,#650,#651,#652),
  .UNSPECIFIED.,.F.,.F.,(5,5),(0.,1.),.PIECEWISE_BEZIER_KNOTS.);
#648 = CARTESIAN_POINT('',(42.747416299699,-33.39741629969,136.));
#649 = CARTESIAN_POINT('',(27.708467273504,-33.39741629969,136.));
#650 = CARTESIAN_POINT('',(12.66951824731,-33.39741629969,136.));
#651 = CARTESIAN_POINT('',(-2.369430778885,-33.39741629969,136.));
#652 = CARTESIAN_POINT('',(-17.40837980508,-33.39741629969,136.));
#653 = ORIENTED_EDGE('',*,*,#281,.T.);
#654 = ORIENTED_EDGE('',*,*,#45,.F.);
#655 = ORIENTED_EDGE('',*,*,#378,.F.);
#656 = ORIENTED_EDGE('',*,*,#657,.F.);
#657 = EDGE_CURVE('',#658,#379,#660,.T.);
#658 = VERTEX_POINT('',#659);
#659 = CARTESIAN_POINT('',(54.62427457572,23.62427457572,136.));
#660 = B_SPLINE_CURVE_WITH_KNOTS('',4,(#661,#662,#663,#664,#665),
  .UNSPECIFIED.,.F.,.F.,(5,5),(0.,1.),.PIECEWISE_BEZIER_KNOTS.);
#661 = CARTESIAN_POINT('',(54.62427457572,23.62427457572,136.));
#662 = CARTESIAN_POINT('',(54.62427457572,11.81213728786,136.));
#663 = CARTESIAN_POINT('',(54.62427457572,1.1369E-13,136.));
#664 = CARTESIAN_POINT('',(54.62427457572,-11.81213728786,136.));
#665 = CARTESIAN_POINT('',(54.62427457572,-23.62427457572,136.));
#666 = ORIENTED_EDGE('',*,*,#667,.F.);
#667 = EDGE_CURVE('',#555,#658,#668,.T.);
#668 = B_SPLINE_CURVE_WITH_KNOTS('',6,(#669,#670,#671,#672,#673,#674,
    #675,#676,#677,#678,#679,#680,#681,#682,#683,#684,#685,#686,#687,
    #688,#689,#690),.UNSPECIFIED.,.F.,.F.,(7,5,5,5,7),(0.,0.251999871432
    ,0.50099993532,0.74999999927,1.),.UNSPECIFIED.);
#669 = CARTESIAN_POINT('',(42.62427457572,35.62427457572,136.));
#670 = CARTESIAN_POINT('',(43.415942803963,35.62427457572,136.));
#671 = CARTESIAN_POINT('',(44.207658699324,35.561600597176,136.));
#672 = CARTESIAN_POINT('',(44.993114758189,35.436239146228,136.));
#673 = CARTESIAN_POINT('',(45.766171037869,35.249047533226,136.));
#674 = CARTESIAN_POINT('',(46.520831757359,35.001602076342,136.));
#675 = CARTESIAN_POINT('',(47.973037882574,34.394726621116,136.));
#676 = CARTESIAN_POINT('',(48.67124059173,34.036629511962,136.));
#677 = CARTESIAN_POINT('',(49.3402735207,33.62438967775,136.));
#678 = CARTESIAN_POINT('',(49.974984878894,33.161045065435,136.));
#679 = CARTESIAN_POINT('',(50.570613466895,32.650215204219,136.));
#680 = CARTESIAN_POINT('',(51.675134781342,31.542218471651,136.));
#681 = CARTESIAN_POINT('',(52.184090902482,30.944988006091,136.));
#682 = CARTESIAN_POINT('',(52.645439227244,30.308824142331,136.));
#683 = CARTESIAN_POINT('',(53.055575202158,29.638499427469,136.));
#684 = CARTESIAN_POINT('',(53.411477079392,28.939175170265,136.));
#685 = CARTESIAN_POINT('',(54.01138302991,27.490874096503,136.));
#686 = CARTESIAN_POINT('',(54.254966841322,26.741625045668,136.));
#687 = CARTESIAN_POINT('',(54.439212220715,25.974411786818,136.));
#688 = CARTESIAN_POINT('',(54.562591413144,25.195091491952,136.));
#689 = CARTESIAN_POINT('',(54.62427457572,24.40966012611,136.));
#690 = CARTESIAN_POINT('',(54.62427457572,23.62427457572,136.));
#691 = PLANE('',#692);
#692 = AXIS2_PLACEMENT_3D('',#693,#694,#695);
#693 = CARTESIAN_POINT('',(-100.,-60.,136.));
#694 = DIRECTION('',(0.,0.,1.));
#695 = DIRECTION('',(1.,0.,0.));
#696 = ADVANCED_FACE('',(#697),#764,.F.);
#697 = FACE_BOUND('',#698,.T.);
#698 = EDGE_LOOP('',(#699,#700,#708,#727,#762,#763));
#699 = ORIENTED_EDGE('',*,*,#73,.F.);
#700 = ORIENTED_EDGE('',*,*,#701,.T.);
#701 = EDGE_CURVE('',#74,#702,#704,.T.);
#702 = VERTEX_POINT('',#703);
#703 = CARTESIAN_POINT('',(21.15,-33.62960703862,140.));
#704 = LINE('',#705,#706);
#705 = CARTESIAN_POINT('',(21.15,-38.,140.));
#706 = VECTOR('',#707,1.);
#707 = DIRECTION('',(0.,1.,2.2E-16));
#708 = ORIENTED_EDGE('',*,*,#709,.T.);
#709 = EDGE_CURVE('',#702,#710,#712,.T.);
#710 = VERTEX_POINT('',#711);
#711 = CARTESIAN_POINT('',(19.820664829028,-33.57379468021,
    138.86406914979));
#712 = B_SPLINE_CURVE_WITH_KNOTS('',7,(#713,#714,#715,#716,#717,#718,
    #719,#720,#721,#722,#723,#724,#725,#726),.UNSPECIFIED.,.F.,.F.,(8,6,
    8),(0.,0.371914373971,1.),.UNSPECIFIED.);
#713 = CARTESIAN_POINT('',(21.15,-33.62960703862,140.));
#714 = CARTESIAN_POINT('',(21.15,-33.62480001723,139.89455688723));
#715 = CARTESIAN_POINT('',(21.13872056349,-33.61991150806,
    139.78910343963));
#716 = CARTESIAN_POINT('',(21.116158135257,-33.61500864582,
    139.6851125848));
#717 = CARTESIAN_POINT('',(21.082555394252,-33.61016347447,
    139.58401527349));
#718 = CARTESIAN_POINT('',(21.038364504159,-33.60545206628,
    139.4871901142));
#719 = CARTESIAN_POINT('',(20.984244545892,-33.60095189394,
    139.39594059885));
#720 = CARTESIAN_POINT('',(20.814443596255,-33.58962014964,
    139.16878971397));
#721 = CARTESIAN_POINT('',(20.681804423893,-33.58330237261,
    139.04511589041));
#722 = CARTESIAN_POINT('',(20.527517148533,-33.57816287756,
    138.94660488659));
#723 = CARTESIAN_POINT('',(20.357499354473,-33.5745054734,
    138.87744203661));
#724 = CARTESIAN_POINT('',(20.178193137049,-33.57253547975,
    138.84027140361));
#725 = CARTESIAN_POINT('',(19.996769401197,-33.5723301616,
    138.83626662681));
#726 = CARTESIAN_POINT('',(19.820664829028,-33.57379468021,
    138.86406914979));
#727 = ORIENTED_EDGE('',*,*,#728,.T.);
#728 = EDGE_CURVE('',#710,#702,#729,.T.);
#729 = B_SPLINE_CURVE_WITH_KNOTS('',7,(#730,#731,#732,#733,#734,#735,
    #736,#737,#738,#739,#740,#741,#742,#743,#744,#745,#746,#747,#748,
    #749,#750,#751,#752,#753,#754,#755,#756,#757,#758,#759,#760,#761),
  .UNSPECIFIED.,.F.,.F.,(8,6,6,6,6,8),(0.,0.156524254537,0.320366540622,
    0.547160458436,0.761691856962,1.),.UNSPECIFIED.);
#730 = CARTESIAN_POINT('',(19.820664829028,-33.57379468021,
    138.86406914979));
#731 = CARTESIAN_POINT('',(19.704919292944,-33.57475724176,
    138.88234248526));
#732 = CARTESIAN_POINT('',(19.591318593399,-33.57644239907,
    138.91437989585));
#733 = CARTESIAN_POINT('',(19.481897767226,-33.57882725441,
    138.95987064424));
#734 = CARTESIAN_POINT('',(19.378543587649,-33.58186150591,
    139.01812388369));
#735 = CARTESIAN_POINT('',(19.282992899589,-33.58547376973,
    139.08815123166));
#736 = CARTESIAN_POINT('',(19.196799165329,-33.58957651077,
    139.16868878451));
#737 = CARTESIAN_POINT('',(19.042203905067,-33.59877271929,
    139.35181137361));
#738 = CARTESIAN_POINT('',(18.974772173008,-33.60390652819,
    139.45531107359));
#739 = CARTESIAN_POINT('',(18.920493441376,-33.60935693684,
    139.56686642062));
#740 = CARTESIAN_POINT('',(18.880459272456,-33.61500208638,
    139.68446532578));
#741 = CARTESIAN_POINT('',(18.855399967034,-33.62072195718,139.805948915
    ));
#742 = CARTESIAN_POINT('',(18.845670176788,-33.62640394107,
    139.92905786284));
#743 = CARTESIAN_POINT('',(18.85873894759,-33.63961352176,
    140.22087016132));
#744 = CARTESIAN_POINT('',(18.895485311023,-33.6470247167,
    140.38921142651));
#745 = CARTESIAN_POINT('',(18.961239100681,-33.65389260156,
    140.55006830067));
#746 = CARTESIAN_POINT('',(19.053950264195,-33.66000433581,
    140.69758467725));
#747 = CARTESIAN_POINT('',(19.17044395729,-33.66521991444,
    140.82666147712));
#748 = CARTESIAN_POINT('',(19.30636410491,-33.66943490022,
    140.93283804583));
#749 = CARTESIAN_POINT('',(19.597390969099,-33.67556979982,
    141.08912419643));
#750 = CARTESIAN_POINT('',(19.751406954123,-33.67760874608,
    141.14213999636));
#751 = CARTESIAN_POINT('',(19.913225662221,-33.67864550437,
    141.16952990603));
#752 = CARTESIAN_POINT('',(20.077704380962,-33.67866962436,
    141.17016729414));
#753 = CARTESIAN_POINT('',(20.239728828425,-33.67768087429,
    141.14403264203));
#754 = CARTESIAN_POINT('',(20.394149172647,-33.67568908294,
    141.09221433605));
#755 = CARTESIAN_POINT('',(20.694004800746,-33.66948935152,
    140.93417103446));
#756 = CARTESIAN_POINT('',(20.836988540817,-33.6650511178,
    140.82231945534));
#757 = CARTESIAN_POINT('',(20.958387562706,-33.65950733416,
    140.68516985292));
#758 = CARTESIAN_POINT('',(21.053175210427,-33.65298066661,
    140.52796530274));
#759 = CARTESIAN_POINT('',(21.117785829136,-33.64563627788,
    140.35668032683));
#760 = CARTESIAN_POINT('',(21.15,-33.63773064134,140.17819308209));
#761 = CARTESIAN_POINT('',(21.15,-33.62960703862,140.));
#762 = ORIENTED_EDGE('',*,*,#701,.F.);
#763 = ORIENTED_EDGE('',*,*,#94,.F.);
#764 = CYLINDRICAL_SURFACE('',#765,1.15);
#765 = AXIS2_PLACEMENT_3D('',#766,#767,#768);
#766 = CARTESIAN_POINT('',(20.,-38.,140.));
#767 = DIRECTION('',(-0.,-1.,-2.2E-16));
#768 = DIRECTION('',(1.,0.,0.));
#769 = ADVANCED_FACE('',(#770),#794,.T.);
#770 = FACE_BOUND('',#771,.T.);
#771 = EDGE_LOOP('',(#772,#773,#774,#782));
#772 = ORIENTED_EDGE('',*,*,#181,.F.);
#773 = ORIENTED_EDGE('',*,*,#295,.F.);
#774 = ORIENTED_EDGE('',*,*,#775,.T.);
#775 = EDGE_CURVE('',#296,#776,#778,.T.);
#776 = VERTEX_POINT('',#777);
#777 = CARTESIAN_POINT('',(12.,-23.,178.));
#778 = ( BOUNDED_CURVE() B_SPLINE_CURVE(2,(#779,#780,#781),
.UNSPECIFIED.,.F.,.F.) B_SPLINE_CURVE_WITH_KNOTS((3,3),(0.,1.),
.PIECEWISE_BEZIER_KNOTS.) CURVE() GEOMETRIC_REPRESENTATION_ITEM() 
RATIONAL_B_SPLINE_CURVE((1.,1.,1.)) REPRESENTATION_ITEM('') );
#779 = CARTESIAN_POINT('',(43.1,-36.04,145.));
#780 = CARTESIAN_POINT('',(35.968892146229,-36.0834721491,
    166.71276105271));
#781 = CARTESIAN_POINT('',(12.,-23.,178.));
#782 = ORIENTED_EDGE('',*,*,#783,.F.);
#783 = EDGE_CURVE('',#182,#776,#784,.T.);
#784 = B_SPLINE_CURVE_WITH_KNOTS('',8,(#785,#786,#787,#788,#789,#790,
    #791,#792,#793),.UNSPECIFIED.,.F.,.F.,(9,9),(0.,1.),
  .PIECEWISE_BEZIER_KNOTS.);
#785 = CARTESIAN_POINT('',(-38.,-23.,178.));
#786 = CARTESIAN_POINT('',(-31.75,-23.,178.));
#787 = CARTESIAN_POINT('',(-25.5,-23.,178.));
#788 = CARTESIAN_POINT('',(-19.25,-23.,178.));
#789 = CARTESIAN_POINT('',(-13.,-23.,178.));
#790 = CARTESIAN_POINT('',(-6.75,-23.,178.));
#791 = CARTESIAN_POINT('',(-0.5,-23.,178.));
#792 = CARTESIAN_POINT('',(5.75,-23.,178.));
#793 = CARTESIAN_POINT('',(12.,-23.,178.));
#794 = ( BOUNDED_SURFACE() B_SPLINE_SURFACE(8,2,(
    (#795,#796,#797)
    ,(#798,#799,#800)
    ,(#801,#802,#803)
    ,(#804,#805,#806)
    ,(#807,#808,#809)
    ,(#810,#811,#812)
    ,(#813,#814,#815)
    ,(#816,#817,#818)
    ,(#819,#820,#821
)),.UNSPECIFIED.,.F.,.F.,.F.) B_SPLINE_SURFACE_WITH_KNOTS((9,9),(3,3),(
    0.,1.),(0.,1.),.PIECEWISE_BEZIER_KNOTS.) 
GEOMETRIC_REPRESENTATION_ITEM() RATIONAL_B_SPLINE_SURFACE((
    (1.,1.,1.)
    ,(1.,1.,1.)
    ,(1.,1.,1.)
    ,(1.,1.,1.)
    ,(1.,1.,1.)
    ,(1.,1.,1.)
    ,(1.,1.,1.)
    ,(1.,1.,1.)
,(1.,1.,1.))) REPRESENTATION_ITEM('') SURFACE() );
#795 = CARTESIAN_POINT('',(-48.05,-36.04,145.));
#796 = CARTESIAN_POINT('',(-38.90617518938,-36.0834721491,
    166.71276105271));
#797 = CARTESIAN_POINT('',(-38.,-23.,178.));
#798 = CARTESIAN_POINT('',(-36.65625,-36.04,145.));
#799 = CARTESIAN_POINT('',(-29.54679177243,-36.0834721491,
    166.71276105271));
#800 = CARTESIAN_POINT('',(-31.75,-23.,178.));
#801 = CARTESIAN_POINT('',(-25.2625,-36.04,145.));
#802 = CARTESIAN_POINT('',(-20.18740835548,-36.0834721491,
    166.71276105271));
#803 = CARTESIAN_POINT('',(-25.5,-23.,178.));
#804 = CARTESIAN_POINT('',(-13.86875,-36.04,145.));
#805 = CARTESIAN_POINT('',(-10.82802493853,-36.0834721491,
    166.71276105271));
#806 = CARTESIAN_POINT('',(-19.25,-23.,178.));
#807 = CARTESIAN_POINT('',(-2.475,-36.04,145.));
#808 = CARTESIAN_POINT('',(-1.468641521578,-36.0834721491,
    166.71276105271));
#809 = CARTESIAN_POINT('',(-13.,-23.,178.));
#810 = CARTESIAN_POINT('',(8.91875,-36.04,145.));
#811 = CARTESIAN_POINT('',(7.890741895374,-36.0834721491,166.71276105271
    ));
#812 = CARTESIAN_POINT('',(-6.75,-23.,178.));
#813 = CARTESIAN_POINT('',(20.3125,-36.04,145.));
#814 = CARTESIAN_POINT('',(17.250125312325,-36.0834721491,
    166.71276105271));
#815 = CARTESIAN_POINT('',(-0.5,-23.,178.));
#816 = CARTESIAN_POINT('',(31.70625,-36.04,145.));
#817 = CARTESIAN_POINT('',(26.609508729277,-36.0834721491,
    166.71276105271));
#818 = CARTESIAN_POINT('',(5.75,-23.,178.));
#819 = CARTESIAN_POINT('',(43.1,-36.04,145.));
#820 = CARTESIAN_POINT('',(35.968892146229,-36.0834721491,
    166.71276105271));
#821 = CARTESIAN_POINT('',(12.,-23.,178.));
#822 = ADVANCED_FACE('',(#823),#959,.T.);
#823 = FACE_BOUND('',#824,.T.);
#824 = EDGE_LOOP('',(#825,#826,#827,#841,#855,#869,#883,#891,#905,#919,
    #933,#947));
#825 = ORIENTED_EDGE('',*,*,#212,.F.);
#826 = ORIENTED_EDGE('',*,*,#783,.T.);
#827 = ORIENTED_EDGE('',*,*,#828,.T.);
#828 = EDGE_CURVE('',#776,#829,#831,.T.);
#829 = VERTEX_POINT('',#830);
#830 = CARTESIAN_POINT('',(24.,-11.,178.));
#831 = B_SPLINE_CURVE_WITH_KNOTS('',8,(#832,#833,#834,#835,#836,#837,
    #838,#839,#840),.UNSPECIFIED.,.F.,.F.,(9,9),(1.,2.),
  .PIECEWISE_BEZIER_KNOTS.);
#832 = CARTESIAN_POINT('',(12.,-23.,178.));
#833 = CARTESIAN_POINT('',(14.356194490192,-23.,178.));
#834 = CARTESIAN_POINT('',(16.712389722051,-22.47127053246,178.));
#835 = CARTESIAN_POINT('',(18.930158812021,-21.41381679045,178.));
#836 = CARTESIAN_POINT('',(20.871105069359,-19.87110506935,178.));
#837 = CARTESIAN_POINT('',(22.413816790457,-17.93015881202,178.));
#838 = CARTESIAN_POINT('',(23.471270532465,-15.71238972205,178.));
#839 = CARTESIAN_POINT('',(24.,-13.35619449019,178.));
#840 = CARTESIAN_POINT('',(24.,-11.,178.));
#841 = ORIENTED_EDGE('',*,*,#842,.T.);
#842 = EDGE_CURVE('',#829,#843,#845,.T.);
#843 = VERTEX_POINT('',#844);
#844 = CARTESIAN_POINT('',(24.,11.,178.));
#845 = B_SPLINE_CURVE_WITH_KNOTS('',8,(#846,#847,#848,#849,#850,#851,
    #852,#853,#854),.UNSPECIFIED.,.F.,.F.,(9,9),(2.,3.),
  .PIECEWISE_BEZIER_KNOTS.);
#846 = CARTESIAN_POINT('',(24.,-11.,178.));
#847 = CARTESIAN_POINT('',(24.,-8.25,178.));
#848 = CARTESIAN_POINT('',(24.,-5.5,178.));
#849 = CARTESIAN_POINT('',(24.,-2.75,178.));
#850 = CARTESIAN_POINT('',(24.,6.E-17,178.));
#851 = CARTESIAN_POINT('',(24.,2.75,178.));
#852 = CARTESIAN_POINT('',(24.,5.5,178.));
#853 = CARTESIAN_POINT('',(24.,8.25,178.));
#854 = CARTESIAN_POINT('',(24.,11.,178.));
#855 = ORIENTED_EDGE('',*,*,#856,.T.);
#856 = EDGE_CURVE('',#843,#857,#859,.T.);
#857 = VERTEX_POINT('',#858);
#858 = CARTESIAN_POINT('',(12.,23.,178.));
#859 = B_SPLINE_CURVE_WITH_KNOTS('',8,(#860,#861,#862,#863,#864,#865,
    #866,#867,#868),.UNSPECIFIED.,.F.,.F.,(9,9),(3.,4.),
  .PIECEWISE_BEZIER_KNOTS.);
#860 = CARTESIAN_POINT('',(24.,11.,178.));
#861 = CARTESIAN_POINT('',(24.,13.356194490192,178.));
#862 = CARTESIAN_POINT('',(23.471270532465,15.71238972205,178.));
#863 = CARTESIAN_POINT('',(22.413816790457,17.930158812021,178.));
#864 = CARTESIAN_POINT('',(20.871105069358,19.871105069358,178.));
#865 = CARTESIAN_POINT('',(18.930158812021,21.413816790458,178.));
#866 = CARTESIAN_POINT('',(16.71238972205,22.471270532465,178.));
#867 = CARTESIAN_POINT('',(14.356194490192,23.,178.));
#868 = CARTESIAN_POINT('',(12.,23.,178.));
#869 = ORIENTED_EDGE('',*,*,#870,.T.);
#870 = EDGE_CURVE('',#857,#871,#873,.T.);
#871 = VERTEX_POINT('',#872);
#872 = CARTESIAN_POINT('',(-13.85,23.,178.));
#873 = B_SPLINE_CURVE_WITH_KNOTS('',8,(#874,#875,#876,#877,#878,#879,
    #880,#881,#882),.UNSPECIFIED.,.F.,.F.,(9,9),(4.,5.),
  .PIECEWISE_BEZIER_KNOTS.);
#874 = CARTESIAN_POINT('',(12.,23.,178.));
#875 = CARTESIAN_POINT('',(5.75,23.,178.));
#876 = CARTESIAN_POINT('',(-0.5,23.,178.));
#877 = CARTESIAN_POINT('',(-6.75,23.,178.));
#878 = CARTESIAN_POINT('',(-13.,23.,178.));
#879 = CARTESIAN_POINT('',(-19.25,23.,178.));
#880 = CARTESIAN_POINT('',(-25.5,23.,178.));
#881 = CARTESIAN_POINT('',(-31.75,23.,178.));
#882 = CARTESIAN_POINT('',(-38.,23.,178.));
#883 = ORIENTED_EDGE('',*,*,#884,.F.);
#884 = EDGE_CURVE('',#885,#871,#887,.T.);
#885 = VERTEX_POINT('',#886);
#886 = CARTESIAN_POINT('',(-13.85,19.9,178.));
#887 = LINE('',#888,#889);
#888 = CARTESIAN_POINT('',(-13.85,-41.5,178.));
#889 = VECTOR('',#890,1.);
#890 = DIRECTION('',(0.,1.,0.));
#891 = ORIENTED_EDGE('',*,*,#892,.F.);
#892 = EDGE_CURVE('',#893,#885,#895,.T.);
#893 = VERTEX_POINT('',#894);
#894 = CARTESIAN_POINT('',(8.1,19.9,178.));
#895 = B_SPLINE_CURVE_WITH_KNOTS('',8,(#896,#897,#898,#899,#900,#901,
    #902,#903,#904),.UNSPECIFIED.,.F.,.F.,(9,9),(4.,5.),
  .PIECEWISE_BEZIER_KNOTS.);
#896 = CARTESIAN_POINT('',(8.1,19.9,178.));
#897 = CARTESIAN_POINT('',(2.3375,19.9,178.));
#898 = CARTESIAN_POINT('',(-3.425,19.9,178.));
#899 = CARTESIAN_POINT('',(-9.1875,19.9,178.));
#900 = CARTESIAN_POINT('',(-14.95,19.9,178.));
#901 = CARTESIAN_POINT('',(-20.7125,19.9,178.));
#902 = CARTESIAN_POINT('',(-26.475,19.9,178.));
#903 = CARTESIAN_POINT('',(-32.2375,19.9,178.));
#904 = CARTESIAN_POINT('',(-38.,19.9,178.));
#905 = ORIENTED_EDGE('',*,*,#906,.F.);
#906 = EDGE_CURVE('',#907,#893,#909,.T.);
#907 = VERTEX_POINT('',#908);
#908 = CARTESIAN_POINT('',(17.,11.,178.));
#909 = B_SPLINE_CURVE_WITH_KNOTS('',8,(#910,#911,#912,#913,#914,#915,
    #916,#917,#918),.UNSPECIFIED.,.F.,.F.,(9,9),(3.,4.),
  .PIECEWISE_BEZIER_KNOTS.);
#910 = CARTESIAN_POINT('',(17.,11.,178.));
#911 = CARTESIAN_POINT('',(17.,12.747510913559,178.));
#912 = CARTESIAN_POINT('',(16.607858978245,14.495022377187,178.));
#913 = CARTESIAN_POINT('',(15.823580786257,16.139867785583,178.));
#914 = CARTESIAN_POINT('',(14.67940292644,17.57940292644,178.));
#915 = CARTESIAN_POINT('',(13.239867785583,18.723580786257,178.));
#916 = CARTESIAN_POINT('',(11.595022377187,19.507858978245,178.));
#917 = CARTESIAN_POINT('',(9.847510913559,19.9,178.));
#918 = CARTESIAN_POINT('',(8.1,19.9,178.));
#919 = ORIENTED_EDGE('',*,*,#920,.F.);
#920 = EDGE_CURVE('',#921,#907,#923,.T.);
#921 = VERTEX_POINT('',#922);
#922 = CARTESIAN_POINT('',(17.,-11.,178.));
#923 = B_SPLINE_CURVE_WITH_KNOTS('',8,(#924,#925,#926,#927,#928,#929,
    #930,#931,#932),.UNSPECIFIED.,.F.,.F.,(9,9),(2.,3.),
  .PIECEWISE_BEZIER_KNOTS.);
#924 = CARTESIAN_POINT('',(17.,-11.,178.));
#925 = CARTESIAN_POINT('',(17.,-8.25,178.));
#926 = CARTESIAN_POINT('',(17.,-5.5,178.));
#927 = CARTESIAN_POINT('',(17.,-2.75,178.));
#928 = CARTESIAN_POINT('',(17.,1.1E-16,178.));
#929 = CARTESIAN_POINT('',(17.,2.75,178.));
#930 = CARTESIAN_POINT('',(17.,5.5,178.));
#931 = CARTESIAN_POINT('',(17.,8.25,178.));
#932 = CARTESIAN_POINT('',(17.,11.,178.));
#933 = ORIENTED_EDGE('',*,*,#934,.F.);
#934 = EDGE_CURVE('',#935,#921,#937,.T.);
#935 = VERTEX_POINT('',#936);
#936 = CARTESIAN_POINT('',(8.1,-19.9,178.));
#937 = B_SPLINE_CURVE_WITH_KNOTS('',8,(#938,#939,#940,#941,#942,#943,
    #944,#945,#946),.UNSPECIFIED.,.F.,.F.,(9,9),(1.,2.),
  .PIECEWISE_BEZIER_KNOTS.);
#938 = CARTESIAN_POINT('',(8.1,-19.9,178.));
#939 = CARTESIAN_POINT('',(9.847510913559,-19.9,178.));
#940 = CARTESIAN_POINT('',(11.595022377188,-19.50785897824,178.));
#941 = CARTESIAN_POINT('',(13.239867785582,-18.72358078625,178.));
#942 = CARTESIAN_POINT('',(14.679402926441,-17.57940292644,178.));
#943 = CARTESIAN_POINT('',(15.823580786256,-16.13986778558,178.));
#944 = CARTESIAN_POINT('',(16.607858978245,-14.49502237718,178.));
#945 = CARTESIAN_POINT('',(17.,-12.74751091355,178.));
#946 = CARTESIAN_POINT('',(17.,-11.,178.));
#947 = ORIENTED_EDGE('',*,*,#948,.F.);
#948 = EDGE_CURVE('',#213,#935,#949,.T.);
#949 = B_SPLINE_CURVE_WITH_KNOTS('',8,(#950,#951,#952,#953,#954,#955,
    #956,#957,#958),.UNSPECIFIED.,.F.,.F.,(9,9),(0.,1.),
  .PIECEWISE_BEZIER_KNOTS.);
#950 = CARTESIAN_POINT('',(-38.,-19.9,178.));
#951 = CARTESIAN_POINT('',(-32.2375,-19.9,178.));
#952 = CARTESIAN_POINT('',(-26.475,-19.9,178.));
#953 = CARTESIAN_POINT('',(-20.7125,-19.9,178.));
#954 = CARTESIAN_POINT('',(-14.95,-19.9,178.));
#955 = CARTESIAN_POINT('',(-9.1875,-19.9,178.));
#956 = CARTESIAN_POINT('',(-3.425,-19.9,178.));
#957 = CARTESIAN_POINT('',(2.3375,-19.9,178.));
#958 = CARTESIAN_POINT('',(8.1,-19.9,178.));
#959 = PLANE('',#960);
#960 = AXIS2_PLACEMENT_3D('',#961,#962,#963);
#961 = CARTESIAN_POINT('',(-38.,-23.,178.));
#962 = DIRECTION('',(0.,0.,1.));
#963 = DIRECTION('',(0.827682607314,0.561196491035,0.));
#964 = ADVANCED_FACE('',(#965),#989,.F.);
#965 = FACE_BOUND('',#966,.F.);
#966 = EDGE_LOOP('',(#967,#968,#982,#988));
#967 = ORIENTED_EDGE('',*,*,#220,.F.);
#968 = ORIENTED_EDGE('',*,*,#969,.T.);
#969 = EDGE_CURVE('',#221,#970,#972,.T.);
#970 = VERTEX_POINT('',#971);
#971 = CARTESIAN_POINT('',(43.1,-32.94,145.));
#972 = B_SPLINE_CURVE_WITH_KNOTS('',8,(#973,#974,#975,#976,#977,#978,
    #979,#980,#981),.UNSPECIFIED.,.F.,.F.,(9,9),(0.,1.),
  .PIECEWISE_BEZIER_KNOTS.);
#973 = CARTESIAN_POINT('',(-48.05,-32.94,145.));
#974 = CARTESIAN_POINT('',(-36.65625,-32.94,145.));
#975 = CARTESIAN_POINT('',(-25.2625,-32.94,145.));
#976 = CARTESIAN_POINT('',(-13.86875,-32.94,145.));
#977 = CARTESIAN_POINT('',(-2.475,-32.94,145.));
#978 = CARTESIAN_POINT('',(8.91875,-32.94,145.));
#979 = CARTESIAN_POINT('',(20.3125,-32.94,145.));
#980 = CARTESIAN_POINT('',(31.70625,-32.94,145.));
#981 = CARTESIAN_POINT('',(43.1,-32.94,145.));
#982 = ORIENTED_EDGE('',*,*,#983,.T.);
#983 = EDGE_CURVE('',#970,#935,#984,.T.);
#984 = ( BOUNDED_CURVE() B_SPLINE_CURVE(2,(#985,#986,#987),
.UNSPECIFIED.,.F.,.F.) B_SPLINE_CURVE_WITH_KNOTS((3,3),(0.,1.),
.PIECEWISE_BEZIER_KNOTS.) CURVE() GEOMETRIC_REPRESENTATION_ITEM() 
RATIONAL_B_SPLINE_CURVE((1.,1.,1.)) REPRESENTATION_ITEM('') );
#985 = CARTESIAN_POINT('',(43.1,-32.94,145.));
#986 = CARTESIAN_POINT('',(34.019325838309,-32.88084355111,
    167.27144096417));
#987 = CARTESIAN_POINT('',(8.1,-19.9,178.));
#988 = ORIENTED_EDGE('',*,*,#948,.F.);
#989 = ( BOUNDED_SURFACE() B_SPLINE_SURFACE(8,2,(
    (#990,#991,#992)
    ,(#993,#994,#995)
    ,(#996,#997,#998)
    ,(#999,#1000,#1001)
    ,(#1002,#1003,#1004)
    ,(#1005,#1006,#1007)
    ,(#1008,#1009,#1010)
    ,(#1011,#1012,#1013)
    ,(#1014,#1015,#1016
)),.UNSPECIFIED.,.F.,.F.,.F.) B_SPLINE_SURFACE_WITH_KNOTS((9,9),(3,3),(
    0.,1.),(0.,1.),.PIECEWISE_BEZIER_KNOTS.) 
GEOMETRIC_REPRESENTATION_ITEM() RATIONAL_B_SPLINE_SURFACE((
    (1.,1.,1.)
    ,(1.,1.,1.)
    ,(1.,1.,1.)
    ,(1.,1.,1.)
    ,(1.,1.,1.)
    ,(1.,1.,1.)
    ,(1.,1.,1.)
    ,(1.,1.,1.)
,(1.,1.,1.))) REPRESENTATION_ITEM('') SURFACE() );
#990 = CARTESIAN_POINT('',(-48.05,-32.94,145.));
#991 = CARTESIAN_POINT('',(-38.7013542817,-32.88084355111,
    167.27144096417));
#992 = CARTESIAN_POINT('',(-38.,-19.9,178.));
#993 = CARTESIAN_POINT('',(-36.65625,-32.94,145.));
#994 = CARTESIAN_POINT('',(-29.6112692667,-32.88084355111,
    167.27144096417));
#995 = CARTESIAN_POINT('',(-32.2375,-19.9,178.));
#996 = CARTESIAN_POINT('',(-25.2625,-32.94,145.));
#997 = CARTESIAN_POINT('',(-20.5211842517,-32.88084355111,
    167.27144096417));
#998 = CARTESIAN_POINT('',(-26.475,-19.9,178.));
#999 = CARTESIAN_POINT('',(-13.86875,-32.94,145.));
#1000 = CARTESIAN_POINT('',(-11.4310992367,-32.88084355111,
    167.27144096417));
#1001 = CARTESIAN_POINT('',(-20.7125,-19.9,178.));
#1002 = CARTESIAN_POINT('',(-2.475,-32.94,145.));
#1003 = CARTESIAN_POINT('',(-2.3410142217,-32.88084355111,
    167.27144096417));
#1004 = CARTESIAN_POINT('',(-14.95,-19.9,178.));
#1005 = CARTESIAN_POINT('',(8.91875,-32.94,145.));
#1006 = CARTESIAN_POINT('',(6.749070793302,-32.88084355111,
    167.27144096417));
#1007 = CARTESIAN_POINT('',(-9.1875,-19.9,178.));
#1008 = CARTESIAN_POINT('',(20.3125,-32.94,145.));
#1009 = CARTESIAN_POINT('',(15.839155808304,-32.88084355111,
    167.27144096417));
#1010 = CARTESIAN_POINT('',(-3.425,-19.9,178.));
#1011 = CARTESIAN_POINT('',(31.70625,-32.94,145.));
#1012 = CARTESIAN_POINT('',(24.929240823306,-32.88084355111,
    167.27144096417));
#1013 = CARTESIAN_POINT('',(2.3375,-19.9,178.));
#1014 = CARTESIAN_POINT('',(43.1,-32.94,145.));
#1015 = CARTESIAN_POINT('',(34.019325838309,-32.88084355111,
    167.27144096417));
#1016 = CARTESIAN_POINT('',(8.1,-19.9,178.));
#1017 = ADVANCED_FACE('',(#1018),#1103,.F.);
#1018 = FACE_BOUND('',#1019,.F.);
#1019 = EDGE_LOOP('',(#1020,#1021,#1031,#1058,#1068,#1076,#1090,#1102));
#1020 = ORIENTED_EDGE('',*,*,#251,.F.);
#1021 = ORIENTED_EDGE('',*,*,#1022,.F.);
#1022 = EDGE_CURVE('',#1023,#252,#1025,.T.);
#1023 = VERTEX_POINT('',#1024);
#1024 = CARTESIAN_POINT('',(43.129216584043,-33.77921658404,145.));
#1025 = B_SPLINE_CURVE_WITH_KNOTS('',4,(#1026,#1027,#1028,#1029,#1030),
  .UNSPECIFIED.,.F.,.F.,(5,5),(0.,1.),.PIECEWISE_BEZIER_KNOTS.);
#1026 = CARTESIAN_POINT('',(43.129216584043,-33.77921658404,145.));
#1027 = CARTESIAN_POINT('',(28.825346704484,-33.77921658404,145.));
#1028 = CARTESIAN_POINT('',(14.521476824925,-33.77921658404,145.));
#1029 = CARTESIAN_POINT('',(0.217606945367,-33.77921658404,145.));
#1030 = CARTESIAN_POINT('',(-14.08626293419,-33.77921658404,145.));
#1031 = ORIENTED_EDGE('',*,*,#1032,.F.);
#1032 = EDGE_CURVE('',#1033,#1023,#1035,.T.);
#1033 = VERTEX_POINT('',#1034);
#1034 = CARTESIAN_POINT('',(52.779216584043,-24.12921658404,145.));
#1035 = B_SPLINE_CURVE_WITH_KNOTS('',6,(#1036,#1037,#1038,#1039,#1040,
    #1041,#1042,#1043,#1044,#1045,#1046,#1047,#1048,#1049,#1050,#1051,
    #1052,#1053,#1054,#1055,#1056,#1057),.UNSPECIFIED.,.F.,.F.,(7,5,5,5,
    7),(0.,0.250999936182,0.499999999385,0.749999999888,1.),
  .UNSPECIFIED.);
#1036 = CARTESIAN_POINT('',(52.779216584043,-24.12921658404,145.));
#1037 = CARTESIAN_POINT('',(52.779216584043,-24.76332364133,145.));
#1038 = CARTESIAN_POINT('',(52.729215441117,-25.39746822471,145.));
#1039 = CARTESIAN_POINT('',(52.629202574448,-26.02663898121,145.));
#1040 = CARTESIAN_POINT('',(52.479856245961,-26.64595641757,145.));
#1041 = CARTESIAN_POINT('',(52.282424509463,-27.25065481897,145.));
#1042 = CARTESIAN_POINT('',(51.797200871944,-28.41690341456,145.));
#1043 = CARTESIAN_POINT('',(51.510113438098,-28.97882637216,145.));
#1044 = CARTESIAN_POINT('',(51.179449423656,-29.51736045027,145.));
#1045 = CARTESIAN_POINT('',(50.807645320824,-30.02835883665,145.));
#1046 = CARTESIAN_POINT('',(50.397605896973,-30.50798814698,145.));
#1047 = CARTESIAN_POINT('',(49.506201878422,-31.39939216553,145.));
#1048 = CARTESIAN_POINT('',(49.024505764812,-31.81093834951,145.));
#1049 = CARTESIAN_POINT('',(48.511202163144,-32.18392723343,145.));
#1050 = CARTESIAN_POINT('',(47.970172581131,-32.51542125815,145.));
#1051 = CARTESIAN_POINT('',(47.405616364875,-32.80295853681,145.));
#1052 = CARTESIAN_POINT('',(46.238607017944,-33.28634963844,145.));
#1053 = CARTESIAN_POINT('',(45.63608594191,-33.48223160279,145.));
#1054 = CARTESIAN_POINT('',(45.019118593041,-33.63039561553,145.));
#1055 = CARTESIAN_POINT('',(44.392415163253,-33.72961303844,145.));
#1056 = CARTESIAN_POINT('',(43.760797479383,-33.77921658404,145.));
#1057 = CARTESIAN_POINT('',(43.129216584043,-33.77921658404,145.));
#1058 = ORIENTED_EDGE('',*,*,#1059,.F.);
#1059 = EDGE_CURVE('',#1060,#1033,#1062,.T.);
#1060 = VERTEX_POINT('',#1061);
#1061 = CARTESIAN_POINT('',(52.77921658358,-21.,145.));
#1062 = B_SPLINE_CURVE_WITH_KNOTS('',4,(#1063,#1064,#1065,#1066,#1067),
  .UNSPECIFIED.,.F.,.F.,(5,5),(0.,1.),.PIECEWISE_BEZIER_KNOTS.);
#1063 = CARTESIAN_POINT('',(52.779216584043,24.129216584043,145.));
#1064 = CARTESIAN_POINT('',(52.779216584043,12.064608292021,145.));
#1065 = CARTESIAN_POINT('',(52.779216584043,1.7053E-13,145.));
#1066 = CARTESIAN_POINT('',(52.779216584043,-12.06460829202,145.));
#1067 = CARTESIAN_POINT('',(52.779216584043,-24.12921658404,145.));
#1068 = ORIENTED_EDGE('',*,*,#1069,.T.);
#1069 = EDGE_CURVE('',#1060,#1070,#1072,.T.);
#1070 = VERTEX_POINT('',#1071);
#1071 = CARTESIAN_POINT('',(52.,-21.,145.));
#1072 = LINE('',#1073,#1074);
#1073 = CARTESIAN_POINT('',(-12.025,-21.,145.));
#1074 = VECTOR('',#1075,1.);
#1075 = DIRECTION('',(-1.,0.,0.));
#1076 = ORIENTED_EDGE('',*,*,#1077,.F.);
#1077 = EDGE_CURVE('',#1078,#1070,#1080,.T.);
#1078 = VERTEX_POINT('',#1079);
#1079 = CARTESIAN_POINT('',(52.,-24.04,145.));
#1080 = B_SPLINE_CURVE_WITH_KNOTS('',8,(#1081,#1082,#1083,#1084,#1085,
    #1086,#1087,#1088,#1089),.UNSPECIFIED.,.F.,.F.,(9,9),(2.,3.),
  .PIECEWISE_BEZIER_KNOTS.);
#1081 = CARTESIAN_POINT('',(52.,-24.04,145.));
#1082 = CARTESIAN_POINT('',(52.,-18.03,145.));
#1083 = CARTESIAN_POINT('',(52.,-12.02,145.));
#1084 = CARTESIAN_POINT('',(52.,-6.01,145.));
#1085 = CARTESIAN_POINT('',(52.,0.,145.));
#1086 = CARTESIAN_POINT('',(52.,6.01,145.));
#1087 = CARTESIAN_POINT('',(52.,12.02,145.));
#1088 = CARTESIAN_POINT('',(52.,18.03,145.));
#1089 = CARTESIAN_POINT('',(52.,24.04,145.));
#1090 = ORIENTED_EDGE('',*,*,#1091,.F.);
#1091 = EDGE_CURVE('',#970,#1078,#1092,.T.);
#1092 = B_SPLINE_CURVE_WITH_KNOTS('',8,(#1093,#1094,#1095,#1096,#1097,
    #1098,#1099,#1100,#1101),.UNSPECIFIED.,.F.,.F.,(9,9),(1.,2.),
  .PIECEWISE_BEZIER_KNOTS.);
#1093 = CARTESIAN_POINT('',(43.1,-32.94,145.));
#1094 = CARTESIAN_POINT('',(44.847510913559,-32.94,145.));
#1095 = CARTESIAN_POINT('',(46.595022377187,-32.54785897824,145.));
#1096 = CARTESIAN_POINT('',(48.239867785583,-31.76358078625,145.));
#1097 = CARTESIAN_POINT('',(49.67940292644,-30.61940292644,145.));
#1098 = CARTESIAN_POINT('',(50.823580786256,-29.17986778558,145.));
#1099 = CARTESIAN_POINT('',(51.607858978245,-27.53502237718,145.));
#1100 = CARTESIAN_POINT('',(52.,-25.78751091355,145.));
#1101 = CARTESIAN_POINT('',(52.,-24.04,145.));
#1102 = ORIENTED_EDGE('',*,*,#969,.F.);
#1103 = PLANE('',#1104);
#1104 = AXIS2_PLACEMENT_3D('',#1105,#1106,#1107);
#1105 = CARTESIAN_POINT('',(-48.05,-36.04,145.));
#1106 = DIRECTION('',(0.,0.,1.));
#1107 = DIRECTION('',(0.834599528292,0.550857175114,0.));
#1108 = ADVANCED_FACE('',(#1109,#1120),#1124,.F.);
#1109 = FACE_BOUND('',#1110,.F.);
#1110 = EDGE_LOOP('',(#1111,#1112,#1113,#1119));
#1111 = ORIENTED_EDGE('',*,*,#259,.F.);
#1112 = ORIENTED_EDGE('',*,*,#646,.F.);
#1113 = ORIENTED_EDGE('',*,*,#1114,.T.);
#1114 = EDGE_CURVE('',#620,#1023,#1115,.T.);
#1115 = B_SPLINE_CURVE_WITH_KNOTS('',2,(#1116,#1117,#1118),
  .UNSPECIFIED.,.F.,.F.,(3,3),(0.,1.),.PIECEWISE_BEZIER_KNOTS.);
#1116 = CARTESIAN_POINT('',(41.,-31.65,121.));
#1117 = CARTESIAN_POINT('',(46.467429954764,-37.11742995476,
    154.73567244485));
#1118 = CARTESIAN_POINT('',(38.,-28.65,187.));
#1119 = ORIENTED_EDGE('',*,*,#1022,.T.);
#1120 = FACE_BOUND('',#1121,.F.);
#1121 = EDGE_LOOP('',(#1122,#1123));
#1122 = ORIENTED_EDGE('',*,*,#709,.T.);
#1123 = ORIENTED_EDGE('',*,*,#728,.T.);
#1124 = B_SPLINE_SURFACE_WITH_KNOTS('',8,2,(
    (#1125,#1126,#1127)
    ,(#1128,#1129,#1130)
    ,(#1131,#1132,#1133)
    ,(#1134,#1135,#1136)
    ,(#1137,#1138,#1139)
    ,(#1140,#1141,#1142)
    ,(#1143,#1144,#1145)
    ,(#1146,#1147,#1148)
    ,(#1149,#1150,#1151
  )),.UNSPECIFIED.,.F.,.F.,.F.,(9,9),(3,3),(0.,1.),(0.,1.),
  .PIECEWISE_BEZIER_KNOTS.);
#1125 = CARTESIAN_POINT('',(-45.,-31.65,121.));
#1126 = CARTESIAN_POINT('',(-53.44563377114,-37.11742995476,
    154.73567244485));
#1127 = CARTESIAN_POINT('',(-40.,-28.65,187.));
#1128 = CARTESIAN_POINT('',(-34.25,-31.65,121.));
#1129 = CARTESIAN_POINT('',(-40.9565008054,-37.11742995476,
    154.73567244485));
#1130 = CARTESIAN_POINT('',(-30.25,-28.65,187.));
#1131 = CARTESIAN_POINT('',(-23.5,-31.65,121.));
#1132 = CARTESIAN_POINT('',(-28.46736783966,-37.11742995476,
    154.73567244485));
#1133 = CARTESIAN_POINT('',(-20.5,-28.65,187.));
#1134 = CARTESIAN_POINT('',(-12.75,-31.65,121.));
#1135 = CARTESIAN_POINT('',(-15.97823487392,-37.11742995476,
    154.73567244485));
#1136 = CARTESIAN_POINT('',(-10.75,-28.65,187.));
#1137 = CARTESIAN_POINT('',(-2.,-31.65,121.));
#1138 = CARTESIAN_POINT('',(-3.489101908191,-37.11742995476,
    154.73567244485));
#1139 = CARTESIAN_POINT('',(-1.,-28.65,187.));
#1140 = CARTESIAN_POINT('',(8.75,-31.65,121.));
#1141 = CARTESIAN_POINT('',(9.000031057548,-37.11742995476,
    154.73567244485));
#1142 = CARTESIAN_POINT('',(8.75,-28.65,187.));
#1143 = CARTESIAN_POINT('',(19.5,-31.65,121.));
#1144 = CARTESIAN_POINT('',(21.489164023287,-37.11742995476,
    154.73567244485));
#1145 = CARTESIAN_POINT('',(18.5,-28.65,187.));
#1146 = CARTESIAN_POINT('',(30.25,-31.65,121.));
#1147 = CARTESIAN_POINT('',(33.978296989026,-37.11742995476,
    154.73567244485));
#1148 = CARTESIAN_POINT('',(28.25,-28.65,187.));
#1149 = CARTESIAN_POINT('',(41.,-31.65,121.));
#1150 = CARTESIAN_POINT('',(46.467429954764,-37.11742995476,
    154.73567244485));
#1151 = CARTESIAN_POINT('',(38.,-28.65,187.));
#1152 = ADVANCED_FACE('',(#1153),#1235,.T.);
#1153 = FACE_BOUND('',#1154,.T.);
#1154 = EDGE_LOOP('',(#1155,#1156,#1170,#1178,#1206,#1232,#1233,#1234));
#1155 = ORIENTED_EDGE('',*,*,#440,.F.);
#1156 = ORIENTED_EDGE('',*,*,#1157,.T.);
#1157 = EDGE_CURVE('',#414,#1158,#1160,.T.);
#1158 = VERTEX_POINT('',#1159);
#1159 = CARTESIAN_POINT('',(55.1,-24.04,145.));
#1160 = B_SPLINE_CURVE_WITH_KNOTS('',8,(#1161,#1162,#1163,#1164,#1165,
    #1166,#1167,#1168,#1169),.UNSPECIFIED.,.F.,.F.,(9,9),(1.,2.),
  .PIECEWISE_BEZIER_KNOTS.);
#1161 = CARTESIAN_POINT('',(43.1,-36.04,145.));
#1162 = CARTESIAN_POINT('',(45.456194490192,-36.04,145.));
#1163 = CARTESIAN_POINT('',(47.81238972205,-35.51127053246,145.));
#1164 = CARTESIAN_POINT('',(50.030158812022,-34.45381679045,145.));
#1165 = CARTESIAN_POINT('',(51.971105069357,-32.91110506935,145.));
#1166 = CARTESIAN_POINT('',(53.513816790458,-30.97015881202,145.));
#1167 = CARTESIAN_POINT('',(54.571270532465,-28.75238972205,145.));
#1168 = CARTESIAN_POINT('',(55.1,-26.39619449019,145.));
#1169 = CARTESIAN_POINT('',(55.1,-24.04,145.));
#1170 = ORIENTED_EDGE('',*,*,#1171,.T.);
#1171 = EDGE_CURVE('',#1158,#1172,#1174,.T.);
#1172 = VERTEX_POINT('',#1173);
#1173 = CARTESIAN_POINT('',(53.91723248802,-21.,153.54902007345));
#1174 = ( BOUNDED_CURVE() B_SPLINE_CURVE(2,(#1175,#1176,#1177),
.UNSPECIFIED.,.F.,.F.) B_SPLINE_CURVE_WITH_KNOTS((3,3),(0.,1.),
.PIECEWISE_BEZIER_KNOTS.) CURVE() GEOMETRIC_REPRESENTATION_ITEM() 
RATIONAL_B_SPLINE_CURVE((1.,1.,1.)) REPRESENTATION_ITEM('') );
#1175 = CARTESIAN_POINT('',(55.1,-24.04,145.));
#1176 = CARTESIAN_POINT('',(55.56279852537,-16.48956576995,
    166.71276105271));
#1177 = CARTESIAN_POINT('',(24.,-11.,178.));
#1178 = ORIENTED_EDGE('',*,*,#1179,.T.);
#1179 = EDGE_CURVE('',#1172,#1180,#1182,.T.);
#1180 = VERTEX_POINT('',#1181);
#1181 = CARTESIAN_POINT('',(24.,-21.,176.50143414297));
#1182 = B_SPLINE_CURVE_WITH_KNOTS('',8,(#1183,#1184,#1185,#1186,#1187,
    #1188,#1189,#1190,#1191,#1192,#1193,#1194,#1195,#1196,#1197,#1198,
    #1199,#1200,#1201,#1202,#1203,#1204,#1205),.UNSPECIFIED.,.F.,.F.,(9,
    7,7,9),(0.,0.326847520465,0.636357147165,1.),.UNSPECIFIED.);
#1183 = CARTESIAN_POINT('',(53.91723248802,-21.,153.54902007345));
#1184 = CARTESIAN_POINT('',(53.43585956433,-21.,155.07402132488));
#1185 = CARTESIAN_POINT('',(52.820874090109,-21.,156.55629970567));
#1186 = CARTESIAN_POINT('',(52.081843162301,-21.,157.98334129224));
#1187 = CARTESIAN_POINT('',(51.231853107498,-21.,159.34779035974));
#1188 = CARTESIAN_POINT('',(50.28538203252,-21.,160.646083855));
#1189 = CARTESIAN_POINT('',(49.256687671022,-21.,161.87742339181));
#1190 = CARTESIAN_POINT('',(48.158621037453,-21.,163.04302387002));
#1191 = CARTESIAN_POINT('',(45.906297530957,-21.,165.18964589376));
#1192 = CARTESIAN_POINT('',(44.757895180506,-21.,166.1773848398));
#1193 = CARTESIAN_POINT('',(43.564665031113,-21.,167.11186153906));
#1194 = CARTESIAN_POINT('',(42.33363011062,-21.,167.99617452125));
#1195 = CARTESIAN_POINT('',(41.070712547343,-21.,168.83341275342));
#1196 = CARTESIAN_POINT('',(39.780705325443,-21.,169.62661442925));
#1197 = CARTESIAN_POINT('',(38.4672440403,-21.,170.37872575821));
#1198 = CARTESIAN_POINT('',(35.564915304059,-21.,171.9312433001));
#1199 = CARTESIAN_POINT('',(33.968935672498,-21.,172.71661939539));
#1200 = CARTESIAN_POINT('',(32.349291032679,-21.,173.4531285564));
#1201 = CARTESIAN_POINT('',(30.709621511123,-21.,174.14424419648));
#1202 = CARTESIAN_POINT('',(29.052894687399,-21.,174.79279722989));
#1203 = CARTESIAN_POINT('',(27.381411247591,-21.,175.40096792165));
#1204 = CARTESIAN_POINT('',(25.696835535451,-21.,175.97035223975));
#1205 = CARTESIAN_POINT('',(24.,-21.,176.50143414297));
#1206 = ORIENTED_EDGE('',*,*,#1207,.T.);
#1207 = EDGE_CURVE('',#1180,#829,#1208,.T.);
#1208 = B_SPLINE_CURVE_WITH_KNOTS('',8,(#1209,#1210,#1211,#1212,#1213,
    #1214,#1215,#1216,#1217,#1218,#1219,#1220,#1221,#1222,#1223,#1224,
    #1225,#1226,#1227,#1228,#1229,#1230,#1231),.UNSPECIFIED.,.F.,.F.,(9,
    7,7,9),(0.,4.393902620587E-02,0.725903413533,1.),.UNSPECIFIED.);
#1209 = CARTESIAN_POINT('',(24.,-21.,176.50143414297));
#1210 = CARTESIAN_POINT('',(24.,-20.94694865281,176.51860041515));
#1211 = CARTESIAN_POINT('',(24.,-20.89385459988,176.53563476493));
#1212 = CARTESIAN_POINT('',(24.,-20.8407184281,176.55253794448));
#1213 = CARTESIAN_POINT('',(24.,-20.78754089071,176.56931048497));
#1214 = CARTESIAN_POINT('',(24.,-20.73432245126,176.58595320956));
#1215 = CARTESIAN_POINT('',(24.,-20.68106384848,176.60246663825));
#1216 = CARTESIAN_POINT('',(24.,-20.62776560831,176.61885148175));
#1217 = CARTESIAN_POINT('',(24.,-19.74659665111,176.8874263308));
#1218 = CARTESIAN_POINT('',(24.,-18.90955744165,177.10885818629));
#1219 = CARTESIAN_POINT('',(24.,-18.06519810743,177.30188835579));
#1220 = CARTESIAN_POINT('',(24.,-17.21509270476,177.46832287884));
#1221 = CARTESIAN_POINT('',(24.,-16.3605438664,177.6094798808));
#1222 = CARTESIAN_POINT('',(24.,-15.50259895529,177.72626355136));
#1223 = CARTESIAN_POINT('',(24.,-14.64204875689,177.81914370678));
#1224 = CARTESIAN_POINT('',(24.,-13.43270621499,177.91576322561));
#1225 = CARTESIAN_POINT('',(24.,-13.08569141213,177.93959027891));
#1226 = CARTESIAN_POINT('',(24.,-12.73842062786,177.95953996308));
#1227 = CARTESIAN_POINT('',(24.,-12.39094322433,177.97559513699));
#1228 = CARTESIAN_POINT('',(24.,-12.04330987901,177.98772438803));
#1229 = CARTESIAN_POINT('',(24.,-11.69557256181,177.99588067945));
#1230 = CARTESIAN_POINT('',(24.,-11.34778451227,177.99999999775));
#1231 = CARTESIAN_POINT('',(24.,-11.00000021673,178.));
#1232 = ORIENTED_EDGE('',*,*,#828,.F.);
#1233 = ORIENTED_EDGE('',*,*,#775,.F.);
#1234 = ORIENTED_EDGE('',*,*,#334,.F.);
#1235 = ( BOUNDED_SURFACE() B_SPLINE_SURFACE(8,2,(
    (#1236,#1237,#1238)
    ,(#1239,#1240,#1241)
    ,(#1242,#1243,#1244)
    ,(#1245,#1246,#1247)
    ,(#1248,#1249,#1250)
    ,(#1251,#1252,#1253)
    ,(#1254,#1255,#1256)
    ,(#1257,#1258,#1259)
    ,(#1260,#1261,#1262
)),.UNSPECIFIED.,.F.,.F.,.F.) B_SPLINE_SURFACE_WITH_KNOTS((9,9),(3,3),(
    1.,2.),(0.,1.),.PIECEWISE_BEZIER_KNOTS.) 
GEOMETRIC_REPRESENTATION_ITEM() RATIONAL_B_SPLINE_SURFACE((
    (1.,1.,1.)
    ,(1.,1.,1.)
    ,(1.,1.,1.)
    ,(1.,1.,1.)
    ,(1.,1.,1.)
    ,(1.,1.,1.)
    ,(1.,1.,1.)
    ,(1.,1.,1.)
,(1.,1.,1.))) REPRESENTATION_ITEM('') SURFACE() );
#1236 = CARTESIAN_POINT('',(43.1,-36.04,145.));
#1237 = CARTESIAN_POINT('',(35.968892146229,-36.0834721491,
    166.71276105271));
#1238 = CARTESIAN_POINT('',(12.,-23.,178.));
#1239 = CARTESIAN_POINT('',(45.456194490192,-36.04,145.));
#1240 = CARTESIAN_POINT('',(39.816146667218,-36.0834721491,
    166.71276105271));
#1241 = CARTESIAN_POINT('',(14.356194490192,-23.,178.));
#1242 = CARTESIAN_POINT('',(47.81238972205,-35.51127053246,145.));
#1243 = CARTESIAN_POINT('',(43.663402399219,-35.2201491752,
    166.71276105271));
#1244 = CARTESIAN_POINT('',(16.712389722051,-22.47127053246,178.));
#1245 = CARTESIAN_POINT('',(50.030158812022,-34.45381679045,145.));
#1246 = CARTESIAN_POINT('',(47.284632392505,-33.49351170676,
    166.71276105271));
#1247 = CARTESIAN_POINT('',(18.930158812021,-21.41381679045,178.));
#1248 = CARTESIAN_POINT('',(51.971105069357,-32.91110506935,145.));
#1249 = CARTESIAN_POINT('',(50.45385899694,-30.97453262067,
    166.71276105271));
#1250 = CARTESIAN_POINT('',(20.871105069359,-19.87110506935,178.));
#1251 = CARTESIAN_POINT('',(53.513816790458,-30.97015881202,145.));
#1252 = CARTESIAN_POINT('',(52.97283808304,-27.80530601623,
    166.71276105271));
#1253 = CARTESIAN_POINT('',(22.413816790457,-17.93015881202,178.));
#1254 = CARTESIAN_POINT('',(54.571270532465,-28.75238972205,145.));
#1255 = CARTESIAN_POINT('',(54.699475551473,-24.18407602295,
    166.71276105271));
#1256 = CARTESIAN_POINT('',(23.471270532465,-15.71238972205,178.));
#1257 = CARTESIAN_POINT('',(55.1,-26.39619449019,145.));
#1258 = CARTESIAN_POINT('',(55.56279852537,-20.33682029094,
    166.71276105271));
#1259 = CARTESIAN_POINT('',(24.,-13.35619449019,178.));
#1260 = CARTESIAN_POINT('',(55.1,-24.04,145.));
#1261 = CARTESIAN_POINT('',(55.56279852537,-16.48956576995,
    166.71276105271));
#1262 = CARTESIAN_POINT('',(24.,-11.,178.));
#1263 = ADVANCED_FACE('',(#1264),#1298,.F.);
#1264 = FACE_BOUND('',#1265,.F.);
#1265 = EDGE_LOOP('',(#1266,#1276,#1284,#1285,#1286));
#1266 = ORIENTED_EDGE('',*,*,#1267,.T.);
#1267 = EDGE_CURVE('',#1268,#1270,#1272,.T.);
#1268 = VERTEX_POINT('',#1269);
#1269 = CARTESIAN_POINT('',(55.1,-21.,145.));
#1270 = VERTEX_POINT('',#1271);
#1271 = CARTESIAN_POINT('',(55.056099090033,-21.,145.));
#1272 = LINE('',#1273,#1274);
#1273 = CARTESIAN_POINT('',(-12.025,-21.,145.));
#1274 = VECTOR('',#1275,1.);
#1275 = DIRECTION('',(-1.,0.,0.));
#1276 = ORIENTED_EDGE('',*,*,#1277,.T.);
#1277 = EDGE_CURVE('',#1270,#406,#1278,.T.);
#1278 = B_SPLINE_CURVE_WITH_KNOTS('',4,(#1279,#1280,#1281,#1282,#1283),
  .UNSPECIFIED.,.F.,.F.,(5,5),(0.,1.),.PIECEWISE_BEZIER_KNOTS.);
#1279 = CARTESIAN_POINT('',(55.056099089979,24.05609908998,145.));
#1280 = CARTESIAN_POINT('',(55.056099089979,12.02804954499,145.));
#1281 = CARTESIAN_POINT('',(55.056099089979,-4.263E-14,145.));
#1282 = CARTESIAN_POINT('',(55.05609908998,-12.02804954499,145.));
#1283 = CARTESIAN_POINT('',(55.056099089979,-24.05609908997,145.));
#1284 = ORIENTED_EDGE('',*,*,#413,.T.);
#1285 = ORIENTED_EDGE('',*,*,#1157,.T.);
#1286 = ORIENTED_EDGE('',*,*,#1287,.T.);
#1287 = EDGE_CURVE('',#1158,#1268,#1288,.T.);
#1288 = B_SPLINE_CURVE_WITH_KNOTS('',8,(#1289,#1290,#1291,#1292,#1293,
    #1294,#1295,#1296,#1297),.UNSPECIFIED.,.F.,.F.,(9,9),(2.,3.),
  .PIECEWISE_BEZIER_KNOTS.);
#1289 = CARTESIAN_POINT('',(55.1,-24.04,145.));
#1290 = CARTESIAN_POINT('',(55.1,-18.03,145.));
#1291 = CARTESIAN_POINT('',(55.1,-12.02,145.));
#1292 = CARTESIAN_POINT('',(55.1,-6.01,145.));
#1293 = CARTESIAN_POINT('',(55.1,0.,145.));
#1294 = CARTESIAN_POINT('',(55.1,6.01,145.));
#1295 = CARTESIAN_POINT('',(55.1,12.02,145.));
#1296 = CARTESIAN_POINT('',(55.1,18.03,145.));
#1297 = CARTESIAN_POINT('',(55.1,24.04,145.));
#1298 = PLANE('',#1299);
#1299 = AXIS2_PLACEMENT_3D('',#1300,#1301,#1302);
#1300 = CARTESIAN_POINT('',(-48.05,-36.04,145.));
#1301 = DIRECTION('',(0.,0.,1.));
#1302 = DIRECTION('',(0.834599528292,0.550857175114,0.));
#1303 = ADVANCED_FACE('',(#1304),#1372,.T.);
#1304 = FACE_BOUND('',#1305,.T.);
#1305 = EDGE_LOOP('',(#1306,#1307,#1308,#1316,#1327,#1346,#1356,#1371));
#1306 = ORIENTED_EDGE('',*,*,#405,.F.);
#1307 = ORIENTED_EDGE('',*,*,#657,.F.);
#1308 = ORIENTED_EDGE('',*,*,#1309,.T.);
#1309 = EDGE_CURVE('',#658,#1310,#1312,.T.);
#1310 = VERTEX_POINT('',#1311);
#1311 = CARTESIAN_POINT('',(55.053967809366,24.053967809366,144.9));
#1312 = B_SPLINE_CURVE_WITH_KNOTS('',2,(#1313,#1314,#1315),
  .UNSPECIFIED.,.F.,.F.,(3,3),(0.,1.),.PIECEWISE_BEZIER_KNOTS.);
#1313 = CARTESIAN_POINT('',(53.,22.,122.));
#1314 = CARTESIAN_POINT('',(58.357226670783,27.357226670783,
    156.14272522492));
#1315 = CARTESIAN_POINT('',(50.,19.,189.));
#1316 = ORIENTED_EDGE('',*,*,#1317,.T.);
#1317 = EDGE_CURVE('',#1310,#1318,#1320,.T.);
#1318 = VERTEX_POINT('',#1319);
#1319 = CARTESIAN_POINT('',(55.053967808995,18.,144.9));
#1320 = B_SPLINE_CURVE_WITH_KNOTS('',5,(#1321,#1322,#1323,#1324,#1325,
    #1326),.UNSPECIFIED.,.F.,.F.,(6,6),(0.,1.),
  .PIECEWISE_BEZIER_KNOTS.);
#1321 = CARTESIAN_POINT('',(55.053967809366,24.053967809366,144.9));
#1322 = CARTESIAN_POINT('',(55.053967809366,22.818761262172,144.9));
#1323 = CARTESIAN_POINT('',(55.053967809366,21.528220664957,144.9));
#1324 = CARTESIAN_POINT('',(55.053967809366,20.226558340973,144.9));
#1325 = CARTESIAN_POINT('',(55.053967809366,18.944531116504,144.9));
#1326 = CARTESIAN_POINT('',(55.053967809366,17.7,144.9));
#1327 = ORIENTED_EDGE('',*,*,#1328,.F.);
#1328 = EDGE_CURVE('',#1329,#1318,#1331,.T.);
#1329 = VERTEX_POINT('',#1330);
#1330 = CARTESIAN_POINT('',(54.875958669686,18.,140.));
#1331 = B_SPLINE_CURVE_WITH_KNOTS('',7,(#1332,#1333,#1334,#1335,#1336,
    #1337,#1338,#1339,#1340,#1341,#1342,#1343,#1344,#1345),
  .UNSPECIFIED.,.F.,.F.,(8,6,8),(0.,0.481992021526,1.),.UNSPECIFIED.);
#1332 = CARTESIAN_POINT('',(54.875958669686,18.,140.));
#1333 = CARTESIAN_POINT('',(55.049318133286,18.,143.39905671724));
#1334 = CARTESIAN_POINT('',(55.142379991301,18.,146.80224768908));
#1335 = CARTESIAN_POINT('',(55.154028292438,18.,150.20728030974));
#1336 = CARTESIAN_POINT('',(55.083451787645,18.,153.6118134393));
#1337 = CARTESIAN_POINT('',(54.930167969538,18.,157.01345790764));
#1338 = CARTESIAN_POINT('',(54.69404524058,18.,160.40977694307));
#1339 = CARTESIAN_POINT('',(54.032785268695,18.,167.43999618151));
#1340 = CARTESIAN_POINT('',(53.594833765183,18.,171.07278025851));
#1341 = CARTESIAN_POINT('',(53.061758101905,18.,174.69354445125));
#1342 = CARTESIAN_POINT('',(52.434323285313,18.,178.29935460844));
#1343 = CARTESIAN_POINT('',(51.713740249897,18.,181.88743110132));
#1344 = CARTESIAN_POINT('',(50.901632102274,18.,185.45514296817));
#1345 = CARTESIAN_POINT('',(50.,18.,189.));
#1346 = ORIENTED_EDGE('',*,*,#1347,.T.);
#1347 = EDGE_CURVE('',#1329,#1348,#1350,.T.);
#1348 = VERTEX_POINT('',#1349);
#1349 = CARTESIAN_POINT('',(54.875958669686,-21.,140.));
#1350 = B_SPLINE_CURVE_WITH_KNOTS('',4,(#1351,#1352,#1353,#1354,#1355),
  .UNSPECIFIED.,.F.,.F.,(5,5),(0.,1.),.PIECEWISE_BEZIER_KNOTS.);
#1351 = CARTESIAN_POINT('',(54.875958669686,18.,140.));
#1352 = CARTESIAN_POINT('',(54.875958669686,8.25,140.));
#1353 = CARTESIAN_POINT('',(54.875958669686,-1.5,140.));
#1354 = CARTESIAN_POINT('',(54.875958669686,-11.25,140.));
#1355 = CARTESIAN_POINT('',(54.875958669686,-21.,140.));
#1356 = ORIENTED_EDGE('',*,*,#1357,.T.);
#1357 = EDGE_CURVE('',#1348,#1270,#1358,.T.);
#1358 = B_SPLINE_CURVE_WITH_KNOTS('',6,(#1359,#1360,#1361,#1362,#1363,
    #1364,#1365,#1366,#1367,#1368,#1369,#1370),.UNSPECIFIED.,.F.,.F.,(7,
    5,7),(0.,0.500719023676,1.),.UNSPECIFIED.);
#1359 = CARTESIAN_POINT('',(54.875958669686,-21.,140.));
#1360 = CARTESIAN_POINT('',(55.047447733167,-21.,143.36238380808));
#1361 = CARTESIAN_POINT('',(55.138116738352,-21.,146.7289127242));
#1362 = CARTESIAN_POINT('',(55.146777721814,-21.,150.09716187791));
#1363 = CARTESIAN_POINT('',(55.072606228009,-21.,153.46463353241));
#1364 = CARTESIAN_POINT('',(54.915182156744,-21.,156.82875751315));
#1365 = CARTESIAN_POINT('',(54.434562628405,-21.,163.53538103351));
#1366 = CARTESIAN_POINT('',(54.111841228594,-21.,166.87796137198));
#1367 = CARTESIAN_POINT('',(53.706379569705,-21.,170.21201006439));
#1368 = CARTESIAN_POINT('',(53.218619535347,-21.,173.53499741105));
#1369 = CARTESIAN_POINT('',(52.649412966519,-21.,176.84448439592));
#1370 = CARTESIAN_POINT('',(52.,-21.,180.13811910914));
#1371 = ORIENTED_EDGE('',*,*,#1277,.T.);
#1372 = B_SPLINE_SURFACE_WITH_KNOTS('',8,2,(
    (#1373,#1374,#1375)
    ,(#1376,#1377,#1378)
    ,(#1379,#1380,#1381)
    ,(#1382,#1383,#1384)
    ,(#1385,#1386,#1387)
    ,(#1388,#1389,#1390)
    ,(#1391,#1392,#1393)
    ,(#1394,#1395,#1396)
    ,(#1397,#1398,#1399
  )),.UNSPECIFIED.,.F.,.F.,.F.,(9,9),(3,3),(2.,3.),(0.,1.),
  .PIECEWISE_BEZIER_KNOTS.);
#1373 = CARTESIAN_POINT('',(53.,-22.,122.));
#1374 = CARTESIAN_POINT('',(58.357226670783,-27.35722667078,
    156.14272522492));
#1375 = CARTESIAN_POINT('',(50.,-19.,189.));
#1376 = CARTESIAN_POINT('',(53.,-16.5,122.));
#1377 = CARTESIAN_POINT('',(58.357226670783,-20.51792000308,
    156.14272522492));
#1378 = CARTESIAN_POINT('',(50.,-14.25,189.));
#1379 = CARTESIAN_POINT('',(53.,-11.,122.));
#1380 = CARTESIAN_POINT('',(58.357226670783,-13.67861333539,
    156.14272522492));
#1381 = CARTESIAN_POINT('',(50.,-9.5,189.));
#1382 = CARTESIAN_POINT('',(53.,-5.5,122.));
#1383 = CARTESIAN_POINT('',(58.357226670783,-6.839306667696,
    156.14272522492));
#1384 = CARTESIAN_POINT('',(50.,-4.75,189.));
#1385 = CARTESIAN_POINT('',(53.,5.684341886081E-14,122.));
#1386 = CARTESIAN_POINT('',(58.357226670783,5.684341886081E-14,
    156.14272522492));
#1387 = CARTESIAN_POINT('',(50.,2.84217094304E-14,189.));
#1388 = CARTESIAN_POINT('',(53.,5.5,122.));
#1389 = CARTESIAN_POINT('',(58.357226670783,6.839306667696,
    156.14272522492));
#1390 = CARTESIAN_POINT('',(50.,4.75,189.));
#1391 = CARTESIAN_POINT('',(53.,11.,122.));
#1392 = CARTESIAN_POINT('',(58.357226670783,13.678613335392,
    156.14272522492));
#1393 = CARTESIAN_POINT('',(50.,9.5,189.));
#1394 = CARTESIAN_POINT('',(53.,16.5,122.));
#1395 = CARTESIAN_POINT('',(58.357226670783,20.517920003087,
    156.14272522492));
#1396 = CARTESIAN_POINT('',(50.,14.25,189.));
#1397 = CARTESIAN_POINT('',(53.,22.,122.));
#1398 = CARTESIAN_POINT('',(58.357226670783,27.357226670783,
    156.14272522492));
#1399 = CARTESIAN_POINT('',(50.,19.,189.));
#1400 = ADVANCED_FACE('',(#1401,#1442),#1504,.T.);
#1401 = FACE_BOUND('',#1402,.T.);
#1402 = EDGE_LOOP('',(#1403,#1411,#1412,#1434));
#1403 = ORIENTED_EDGE('',*,*,#1404,.F.);
#1404 = EDGE_CURVE('',#555,#1405,#1407,.T.);
#1405 = VERTEX_POINT('',#1406);
#1406 = CARTESIAN_POINT('',(43.074097254023,36.074097254023,146.));
#1407 = B_SPLINE_CURVE_WITH_KNOTS('',2,(#1408,#1409,#1410),
  .UNSPECIFIED.,.F.,.F.,(3,3),(0.,1.),.PIECEWISE_BEZIER_KNOTS.);
#1408 = CARTESIAN_POINT('',(41.,34.,122.));
#1409 = CARTESIAN_POINT('',(46.357226670783,39.357226670783,
    156.14272522492));
#1410 = CARTESIAN_POINT('',(38.,31.,189.));
#1411 = ORIENTED_EDGE('',*,*,#552,.F.);
#1412 = ORIENTED_EDGE('',*,*,#1413,.T.);
#1413 = EDGE_CURVE('',#553,#1414,#1416,.T.);
#1414 = VERTEX_POINT('',#1415);
#1415 = CARTESIAN_POINT('',(-13.85,36.074097263729,146.));
#1416 = B_SPLINE_CURVE_WITH_KNOTS('',6,(#1417,#1418,#1419,#1420,#1421,
    #1422,#1423,#1424,#1425,#1426,#1427,#1428,#1429,#1430,#1431,#1432,
    #1433),.UNSPECIFIED.,.F.,.F.,(7,5,5,7),(0.,0.314224589785,
    0.620117548199,1.),.UNSPECIFIED.);
#1417 = CARTESIAN_POINT('',(-13.85,34.,122.));
#1418 = CARTESIAN_POINT('',(-13.85,34.548247200891,125.49409399408));
#1419 = CARTESIAN_POINT('',(-13.85,35.013625563785,129.00120936368));
#1420 = CARTESIAN_POINT('',(-13.85,35.393867273936,132.51914131824));
#1421 = CARTESIAN_POINT('',(-13.85,35.686976628099,136.04547207677));
#1422 = CARTESIAN_POINT('',(-13.85,35.891321118388,139.57756237018));
#1423 = CARTESIAN_POINT('',(-13.85,36.117090573049,146.55379388545));
#1424 = CARTESIAN_POINT('',(-13.85,36.143223688599,149.99782911069));
#1425 = CARTESIAN_POINT('',(-13.85,36.083030415456,153.44198370035));
#1426 = CARTESIAN_POINT('',(-13.85,35.935838574454,156.88354163619));
#1427 = CARTESIAN_POINT('',(-13.85,35.701428851855,160.31973670249));
#1428 = CARTESIAN_POINT('',(-13.85,34.980977164601,168.00493992114));
#1429 = CARTESIAN_POINT('',(-13.85,34.44777374201,172.24962866937));
#1430 = CARTESIAN_POINT('',(-13.85,33.780960381444,176.47636936949));
#1431 = CARTESIAN_POINT('',(-13.85,32.982158618319,180.68009295375));
#1432 = CARTESIAN_POINT('',(-13.85,32.054000245778,184.85609233149));
#1433 = CARTESIAN_POINT('',(-13.85,31.,189.));
#1434 = ORIENTED_EDGE('',*,*,#1435,.T.);
#1435 = EDGE_CURVE('',#1414,#1405,#1436,.T.);
#1436 = B_SPLINE_CURVE_WITH_KNOTS('',4,(#1437,#1438,#1439,#1440,#1441),
  .UNSPECIFIED.,.F.,.F.,(5,5),(0.,1.),.PIECEWISE_BEZIER_KNOTS.);
#1437 = CARTESIAN_POINT('',(-17.61172783325,36.074097254023,146.));
#1438 = CARTESIAN_POINT('',(-2.440271561435,36.074097254023,146.));
#1439 = CARTESIAN_POINT('',(12.731184710384,36.074097254023,146.));
#1440 = CARTESIAN_POINT('',(27.902640982204,36.074097254023,146.));
#1441 = CARTESIAN_POINT('',(43.074097254023,36.074097254023,146.));
#1442 = FACE_BOUND('',#1443,.T.);
#1443 = EDGE_LOOP('',(#1444,#1489));
#1444 = ORIENTED_EDGE('',*,*,#1445,.T.);
#1445 = EDGE_CURVE('',#1446,#1448,#1450,.T.);
#1446 = VERTEX_POINT('',#1447);
#1447 = CARTESIAN_POINT('',(21.15,35.875958669686,140.));
#1448 = VERTEX_POINT('',#1449);
#1449 = CARTESIAN_POINT('',(20.190778228106,35.814280451207,
    138.86593489266));
#1450 = B_SPLINE_CURVE_WITH_KNOTS('',7,(#1451,#1452,#1453,#1454,#1455,
    #1456,#1457,#1458,#1459,#1460,#1461,#1462,#1463,#1464,#1465,#1466,
    #1467,#1468,#1469,#1470,#1471,#1472,#1473,#1474,#1475,#1476,#1477,
    #1478,#1479,#1480,#1481,#1482,#1483,#1484,#1485,#1486,#1487,#1488),
  .UNSPECIFIED.,.F.,.F.,(8,6,6,6,6,6,8),(0.,0.171969785772,
    0.330209569667,0.476430685365,0.657814757752,0.842396323809,1.),
  .UNSPECIFIED.);
#1451 = CARTESIAN_POINT('',(21.15,35.875958669686,140.));
#1452 = CARTESIAN_POINT('',(21.15,35.882981564667,140.13769780762));
#1453 = CARTESIAN_POINT('',(21.130764357274,35.889876884307,
    140.27548476758));
#1454 = CARTESIAN_POINT('',(21.092249490878,35.896473088641,
    140.41000450621));
#1455 = CARTESIAN_POINT('',(21.035191950276,35.902626157569,
    140.53806071224));
#1456 = CARTESIAN_POINT('',(20.960891968695,35.908222196676,
    140.65669952385));
#1457 = CARTESIAN_POINT('',(20.871213063716,35.913169158105,
    140.7632096387));
#1458 = CARTESIAN_POINT('',(20.67434619764,35.921288006767,
    140.94013051813));
#1459 = CARTESIAN_POINT('',(20.569040752161,35.924573665235,
    141.01282236935));
#1460 = CARTESIAN_POINT('',(20.454701037906,35.927198487588,
    141.07164681494));
#1461 = CARTESIAN_POINT('',(20.333534630038,35.929130303377,
    141.11532150999));
#1462 = CARTESIAN_POINT('',(20.207934353771,35.930349050808,
    141.14297755119));
#1463 = CARTESIAN_POINT('',(20.080421473499,35.93084372835,
    141.15418205663));
#1464 = CARTESIAN_POINT('',(19.83645674131,35.930409182641,
    141.14433565435));
#1465 = CARTESIAN_POINT('',(19.719812769007,35.929585107365,
    141.12566658597));
#1466 = CARTESIAN_POINT('',(19.60575666616,35.92814703356,
    141.09312512253));
#1467 = CARTESIAN_POINT('',(19.496250842455,35.926106441902,
    141.04717727367));
#1468 = CARTESIAN_POINT('',(19.39314322472,35.923482050283,
    140.98860453639));
#1469 = CARTESIAN_POINT('',(19.298130742881,35.920302083823,
    140.91848609609));
#1470 = CARTESIAN_POINT('',(19.106721539673,35.912033809857,
    140.73870978094));
#1471 = CARTESIAN_POINT('',(19.015374620495,35.906665647627,
    140.62349352987));
#1472 = CARTESIAN_POINT('',(18.941588278895,35.900592358911,
    140.49530111367));
#1473 = CARTESIAN_POINT('',(18.887434779251,35.893927072098,
    140.35740056083));
#1474 = CARTESIAN_POINT('',(18.854281028836,35.886809778528,
    140.21331961988));
#1475 = CARTESIAN_POINT('',(18.84279405096,35.879417788322,
    140.06685515341));
#1476 = CARTESIAN_POINT('',(18.862683312295,35.864370053233,
    139.77448664492));
#1477 = CARTESIAN_POINT('',(18.894833151775,35.856701061622,
    139.62842633056));
#1478 = CARTESIAN_POINT('',(18.948871815088,35.849172125295,
    139.48792929409));
#1479 = CARTESIAN_POINT('',(19.023539400581,35.842012764857,
    139.35685542143));
#1480 = CARTESIAN_POINT('',(19.116881645813,35.83545333371,
    139.23867238764));
#1481 = CARTESIAN_POINT('',(19.226238308646,35.82971195499,
    139.13647173653));
#1482 = CARTESIAN_POINT('',(19.452187143023,35.820903568728,
    138.98100116233));
#1483 = CARTESIAN_POINT('',(19.565497935149,35.817563944794,
    138.92268548479));
#1484 = CARTESIAN_POINT('',(19.68593888796,35.815050404564,
    138.87915911629));
#1485 = CARTESIAN_POINT('',(19.811171411902,35.813440282731,
    138.85140493106));
#1486 = CARTESIAN_POINT('',(19.938751877391,35.812777489107,
    138.83997121591));
#1487 = CARTESIAN_POINT('',(20.066140557468,35.813069191625,
    138.84496770673));
#1488 = CARTESIAN_POINT('',(20.190778228106,35.814280451207,
    138.86593489266));
#1489 = ORIENTED_EDGE('',*,*,#1490,.T.);
#1490 = EDGE_CURVE('',#1448,#1446,#1491,.T.);
#1491 = B_SPLINE_CURVE_WITH_KNOTS('',6,(#1492,#1493,#1494,#1495,#1496,
    #1497,#1498,#1499,#1500,#1501,#1502,#1503),.UNSPECIFIED.,.F.,.F.,(7,
    5,7),(0.,0.468107767846,1.),.UNSPECIFIED.);
#1492 = CARTESIAN_POINT('',(20.190778228106,35.814280451207,
    138.86593489266));
#1493 = CARTESIAN_POINT('',(20.31511015716,35.815488739517,
    138.88685064517));
#1494 = CARTESIAN_POINT('',(20.436712426041,35.817639057943,
    138.92412745302));
#1495 = CARTESIAN_POINT('',(20.552808675264,35.820695860067,
    138.97730804087));
#1496 = CARTESIAN_POINT('',(20.660866244057,35.824575250623,
    139.04530159859));
#1497 = CARTESIAN_POINT('',(20.758607565066,35.829160045203,
    139.12656817406));
#1498 = CARTESIAN_POINT('',(20.941357083886,35.840155653058,139.32410461
    ));
#1499 = CARTESIAN_POINT('',(21.022879918663,35.846734031224,
    139.44370521332));
#1500 = CARTESIAN_POINT('',(21.085917975678,35.853833191787,
    139.57481634585));
#1501 = CARTESIAN_POINT('',(21.128648455884,35.861218121287,
    139.71385752103));
#1502 = CARTESIAN_POINT('',(21.15,35.868663113784,139.85695613335));
#1503 = CARTESIAN_POINT('',(21.15,35.875958669686,140.));
#1504 = B_SPLINE_SURFACE_WITH_KNOTS('',8,2,(
    (#1505,#1506,#1507)
    ,(#1508,#1509,#1510)
    ,(#1511,#1512,#1513)
    ,(#1514,#1515,#1516)
    ,(#1517,#1518,#1519)
    ,(#1520,#1521,#1522)
    ,(#1523,#1524,#1525)
    ,(#1526,#1527,#1528)
    ,(#1529,#1530,#1531
  )),.UNSPECIFIED.,.F.,.F.,.F.,(9,9),(3,3),(4.,5.),(0.,1.),
  .PIECEWISE_BEZIER_KNOTS.);
#1505 = CARTESIAN_POINT('',(41.,34.,122.));
#1506 = CARTESIAN_POINT('',(46.357226670783,39.357226670783,
    156.14272522492));
#1507 = CARTESIAN_POINT('',(38.,31.,189.));
#1508 = CARTESIAN_POINT('',(30.25,34.,122.));
#1509 = CARTESIAN_POINT('',(33.905064585344,39.357226670783,
    156.14272522492));
#1510 = CARTESIAN_POINT('',(28.25,31.,189.));
#1511 = CARTESIAN_POINT('',(19.5,34.,122.));
#1512 = CARTESIAN_POINT('',(21.452902499905,39.357226670783,
    156.14272522492));
#1513 = CARTESIAN_POINT('',(18.5,31.,189.));
#1514 = CARTESIAN_POINT('',(8.75,34.,122.));
#1515 = CARTESIAN_POINT('',(9.000740414466,39.357226670783,
    156.14272522492));
#1516 = CARTESIAN_POINT('',(8.75,31.,189.));
#1517 = CARTESIAN_POINT('',(-2.,34.,122.));
#1518 = CARTESIAN_POINT('',(-3.451421670973,39.357226670783,
    156.14272522492));
#1519 = CARTESIAN_POINT('',(-1.,31.,189.));
#1520 = CARTESIAN_POINT('',(-12.75,34.,122.));
#1521 = CARTESIAN_POINT('',(-15.90358375641,39.357226670783,
    156.14272522492));
#1522 = CARTESIAN_POINT('',(-10.75,31.,189.));
#1523 = CARTESIAN_POINT('',(-23.5,34.,122.));
#1524 = CARTESIAN_POINT('',(-28.35574584185,39.357226670783,
    156.14272522492));
#1525 = CARTESIAN_POINT('',(-20.5,31.,189.));
#1526 = CARTESIAN_POINT('',(-34.25,34.,122.));
#1527 = CARTESIAN_POINT('',(-40.80790792729,39.357226670783,
    156.14272522492));
#1528 = CARTESIAN_POINT('',(-30.25,31.,189.));
#1529 = CARTESIAN_POINT('',(-45.,34.,122.));
#1530 = CARTESIAN_POINT('',(-53.26007001273,39.357226670783,
    156.14272522492));
#1531 = CARTESIAN_POINT('',(-40.,31.,189.));
#1532 = ADVANCED_FACE('',(#1533),#1709,.T.);
#1533 = FACE_BOUND('',#1534,.T.);
#1534 = EDGE_LOOP('',(#1535,#1536,#1537,#1538,#1565,#1580,#1657,#1684,
    #1699));
#1535 = ORIENTED_EDGE('',*,*,#1309,.F.);
#1536 = ORIENTED_EDGE('',*,*,#667,.F.);
#1537 = ORIENTED_EDGE('',*,*,#1404,.T.);
#1538 = ORIENTED_EDGE('',*,*,#1539,.T.);
#1539 = EDGE_CURVE('',#1405,#1540,#1542,.T.);
#1540 = VERTEX_POINT('',#1541);
#1541 = CARTESIAN_POINT('',(53.508831397451,30.,146.));
#1542 = B_SPLINE_CURVE_WITH_KNOTS('',6,(#1543,#1544,#1545,#1546,#1547,
    #1548,#1549,#1550,#1551,#1552,#1553,#1554,#1555,#1556,#1557,#1558,
    #1559,#1560,#1561,#1562,#1563,#1564),.UNSPECIFIED.,.F.,.F.,(7,5,5,5,
    7),(0.,0.251999871432,0.50099993532,0.749999999269,1.),
  .UNSPECIFIED.);
#1543 = CARTESIAN_POINT('',(43.074097254023,36.074097254023,146.));
#1544 = CARTESIAN_POINT('',(43.865765482266,36.074097254023,146.));
#1545 = CARTESIAN_POINT('',(44.657481377628,36.011423275479,146.));
#1546 = CARTESIAN_POINT('',(45.442937436491,35.886061824532,146.));
#1547 = CARTESIAN_POINT('',(46.215993716173,35.698870211529,146.));
#1548 = CARTESIAN_POINT('',(46.970654435663,35.451424754645,146.));
#1549 = CARTESIAN_POINT('',(48.422860560878,34.84454929942,146.));
#1550 = CARTESIAN_POINT('',(49.121063270032,34.486452190266,146.));
#1551 = CARTESIAN_POINT('',(49.790096199004,34.074212356052,146.));
#1552 = CARTESIAN_POINT('',(50.424807557196,33.610867743739,146.));
#1553 = CARTESIAN_POINT('',(51.020436145199,33.100037882522,146.));
#1554 = CARTESIAN_POINT('',(52.124957459646,31.992041149954,146.));
#1555 = CARTESIAN_POINT('',(52.633913580784,31.394810684396,146.));
#1556 = CARTESIAN_POINT('',(53.09526190555,30.758646820632,146.));
#1557 = CARTESIAN_POINT('',(53.50539788046,30.088322105774,146.));
#1558 = CARTESIAN_POINT('',(53.861299757695,29.388997848568,146.));
#1559 = CARTESIAN_POINT('',(54.461205708214,27.940696774807,146.));
#1560 = CARTESIAN_POINT('',(54.704789519626,27.191447723972,146.));
#1561 = CARTESIAN_POINT('',(54.889034899017,26.424234465121,146.));
#1562 = CARTESIAN_POINT('',(55.012414091448,25.644914170256,146.));
#1563 = CARTESIAN_POINT('',(55.074097254023,24.859482804413,146.));
#1564 = CARTESIAN_POINT('',(55.074097254023,24.074097254023,146.));
#1565 = ORIENTED_EDGE('',*,*,#1566,.F.);
#1566 = EDGE_CURVE('',#1567,#1540,#1569,.T.);
#1567 = VERTEX_POINT('',#1568);
#1568 = CARTESIAN_POINT('',(53.487490607109,30.,145.2158283573));
#1569 = B_SPLINE_CURVE_WITH_KNOTS('',5,(#1570,#1571,#1572,#1573,#1574,
    #1575,#1576,#1577,#1578,#1579),.UNSPECIFIED.,.F.,.F.,(6,4,6),(0.,
    0.223317930045,1.),.UNSPECIFIED.);
#1570 = CARTESIAN_POINT('',(53.477244702119,30.,144.9));
#1571 = CARTESIAN_POINT('',(53.481185184118,30.,145.01608846185));
#1572 = CARTESIAN_POINT('',(53.484965519234,30.,145.13218236537));
#1573 = CARTESIAN_POINT('',(53.488585783364,30.,145.24828141335));
#1574 = CARTESIAN_POINT('',(53.492046031022,30.,145.36438530573));
#1575 = CARTESIAN_POINT('',(53.506824441582,30.,145.8843097209));
#1576 = CARTESIAN_POINT('',(53.516367652166,30.,146.28818072693));
#1577 = CARTESIAN_POINT('',(53.523978055441,30.,146.69209434606));
#1578 = CARTESIAN_POINT('',(53.529656303157,30.,147.09603820918));
#1579 = CARTESIAN_POINT('',(53.533401590203,30.,147.5));
#1580 = ORIENTED_EDGE('',*,*,#1581,.T.);
#1581 = EDGE_CURVE('',#1567,#1582,#1584,.T.);
#1582 = VERTEX_POINT('',#1583);
#1583 = CARTESIAN_POINT('',(47.209570221702,35.314370618746,145.));
#1584 = B_SPLINE_CURVE_WITH_KNOTS('',6,(#1585,#1586,#1587,#1588,#1589,
    #1590,#1591,#1592,#1593,#1594,#1595,#1596,#1597,#1598,#1599,#1600,
    #1601,#1602,#1603,#1604,#1605,#1606,#1607,#1608,#1609,#1610,#1611,
    #1612,#1613,#1614,#1615,#1616,#1617,#1618,#1619,#1620,#1621,#1622,
    #1623,#1624,#1625,#1626,#1627,#1628,#1629,#1630,#1631,#1632,#1633,
    #1634,#1635,#1636,#1637,#1638,#1639,#1640,#1641,#1642,#1643,#1644,
    #1645,#1646,#1647,#1648,#1649,#1650,#1651,#1652,#1653,#1654,#1655,
    #1656),.UNSPECIFIED.,.F.,.F.,(7,5,5,5,5,5,5,5,5,5,5,5,5,5,7),(0.,
    7.766256320517E-02,0.121215229945,0.159446785832,0.195346206937,
    0.230085863725,0.262075974468,0.290253476276,0.312462841772,
    0.327627441307,0.342790280361,0.512233014592,0.674613323667,
    0.837532850143,1.),.UNSPECIFIED.);
#1585 = CARTESIAN_POINT('',(55.050322471312,24.834274523177,
    146.02062882531));
#1586 = CARTESIAN_POINT('',(55.03881744233,24.995688547642,
    145.94067796662));
#1587 = CARTESIAN_POINT('',(55.024486446811,25.161003688525,
    145.86899288108));
#1588 = CARTESIAN_POINT('',(55.007154882221,25.329412634607,
    145.80559912459));
#1589 = CARTESIAN_POINT('',(54.986713036949,25.500008885961,
    145.74966645566));
#1590 = CARTESIAN_POINT('',(54.963129009699,25.672029653078,
    145.70018119611));
#1591 = CARTESIAN_POINT('',(54.92138577006,25.941926790186,
    145.63157431074));
#1592 = CARTESIAN_POINT('',(54.905393069665,26.039184037727,
    145.60866297807));
#1593 = CARTESIAN_POINT('',(54.888403579138,26.136632895485,
    145.58732434456));
#1594 = CARTESIAN_POINT('',(54.870416319062,26.234196135795,
    145.56740606986));
#1595 = CARTESIAN_POINT('',(54.851431685176,26.331810884691,
    145.54877021737));
#1596 = CARTESIAN_POINT('',(54.813912243384,26.515119800763,
    145.51595183644));
#1597 = CARTESIAN_POINT('',(54.795605643953,26.600811847854,
    145.50150380636));
#1598 = CARTESIAN_POINT('',(54.776532641888,26.686471201051,
    145.48786724094));
#1599 = CARTESIAN_POINT('',(54.756694525721,26.772068676101,
    145.4749689723));
#1600 = CARTESIAN_POINT('',(54.736092880714,26.857579466617,
    145.46274458772));
#1601 = CARTESIAN_POINT('',(54.694669443366,27.023177167811,
    145.44024023282));
#1602 = CARTESIAN_POINT('',(54.673937702832,27.103276180715,
    145.4298865669));
#1603 = CARTESIAN_POINT('',(54.652535892755,27.183262920773,
    145.42003133844));
#1604 = CARTESIAN_POINT('',(54.630465670891,27.263121821969,
    145.41063339612));
#1605 = CARTESIAN_POINT('',(54.607728827252,27.34283901428,
    145.40165653077));
#1606 = CARTESIAN_POINT('',(54.561681743203,27.499395261449,
    145.38475980757));
#1607 = CARTESIAN_POINT('',(54.538413748911,27.576243868478,
    145.3768147375));
#1608 = CARTESIAN_POINT('',(54.514525036879,27.652936975745,
    145.36920580516));
#1609 = CARTESIAN_POINT('',(54.490017436397,27.72946418457,
    145.36190749066));
#1610 = CARTESIAN_POINT('',(54.4648928704,27.805815866609,
    145.35489721416));
#1611 = CARTESIAN_POINT('',(54.41545104787,27.95212203105,
    145.34194703647));
#1612 = CARTESIAN_POINT('',(54.391227280412,28.022104461263,
    145.33596610421));
#1613 = CARTESIAN_POINT('',(54.36648362661,28.091923483411,
    145.33019710276));
#1614 = CARTESIAN_POINT('',(54.341221722762,28.161572435882,
    145.3246260331));
#1615 = CARTESIAN_POINT('',(54.315443267945,28.231044966546,
    145.31924033357));
#1616 = CARTESIAN_POINT('',(54.265990430553,28.361367048014,
    145.30943852062));
#1617 = CARTESIAN_POINT('',(54.242431441502,28.422257473892,
    145.30498325842));
#1618 = CARTESIAN_POINT('',(54.218474260715,28.483002164199,
    145.30065544535));
#1619 = CARTESIAN_POINT('',(54.194120128791,28.543597088704,
    145.2964480455));
#1620 = CARTESIAN_POINT('',(54.169370323087,28.604038333131,
    145.29235463493));
#1621 = CARTESIAN_POINT('',(54.124407652456,28.711837460531,
    145.28522825627));
#1622 = CARTESIAN_POINT('',(54.104344150635,28.759254982537,
    145.28215429171));
#1623 = CARTESIAN_POINT('',(54.084036295689,28.806572801216,
    145.27914464696));
#1624 = CARTESIAN_POINT('',(54.063484745011,28.853789084131,
    145.27619663886));
#1625 = CARTESIAN_POINT('',(54.042690169954,28.900902030369,
    145.2733077621));
#1626 = CARTESIAN_POINT('',(54.007289208387,28.980006918486,
    145.26854194314));
#1627 = CARTESIAN_POINT('',(53.992812177951,29.012054963275,
    145.26663467631));
#1628 = CARTESIAN_POINT('',(53.978222382665,29.044053441078,
    145.26475314516));
#1629 = CARTESIAN_POINT('',(53.963520043675,29.076001793523,
    145.26289663762));
#1630 = CARTESIAN_POINT('',(53.948705385128,29.107899467686,
    145.26106447309));
#1631 = CARTESIAN_POINT('',(53.918853616078,29.171588667415,
    145.25744774171));
#1632 = CARTESIAN_POINT('',(53.903816531591,29.203380204625,
    145.25566316795));
#1633 = CARTESIAN_POINT('',(53.888667607777,29.235119980399,
    145.25390163204));
#1634 = CARTESIAN_POINT('',(53.873407074672,29.266807452033,
    145.25216251163));
#1635 = CARTESIAN_POINT('',(53.858035165286,29.298442081449,
    145.25044521107));
#1636 = CARTESIAN_POINT('',(53.669531071927,29.682939705181,
    145.22979617065));
#1637 = CARTESIAN_POINT('',(53.482631942344,30.029188778931,
    145.2134959286));
#1638 = CARTESIAN_POINT('',(53.282181911917,30.368031272387,
    145.19905730163));
#1639 = CARTESIAN_POINT('',(53.068558422797,30.698781048634,
    145.18605422974));
#1640 = CARTESIAN_POINT('',(52.842179813804,31.020788328605,
    145.17416343984));
#1641 = CARTESIAN_POINT('',(52.374778033062,31.633058045034,
    145.15259558337));
#1642 = CARTESIAN_POINT('',(52.13475817455,31.924084387954,
    145.14284538436));
#1643 = CARTESIAN_POINT('',(51.883851043665,32.205975163432,
    145.13369217373));
#1644 = CARTESIAN_POINT('',(51.622494174895,32.478218940671,
    145.12498438277));
#1645 = CARTESIAN_POINT('',(51.351156512558,32.740334430079,
    145.11659954805));
#1646 = CARTESIAN_POINT('',(50.788587025136,33.244239526011,
    145.10020883936));
#1647 = CARTESIAN_POINT('',(50.497290536221,33.48596020894,
    145.09220540943));
#1648 = CARTESIAN_POINT('',(50.196953861485,33.716574847353,
    145.08428638376));
#1649 = CARTESIAN_POINT('',(49.888108312539,33.935661425778,
    145.07634106387));
#1650 = CARTESIAN_POINT('',(49.571311485833,34.142831928189,
    145.06824271843));
#1651 = CARTESIAN_POINT('',(48.923883730366,34.532090567776,
    145.05142500003));
#1652 = CARTESIAN_POINT('',(48.593293119823,34.714247178724,
    145.0427051266));
#1653 = CARTESIAN_POINT('',(48.255953016979,34.883851585786,
    145.03349792011));
#1654 = CARTESIAN_POINT('',(47.912464438284,35.040588428845,
    145.02356558587));
#1655 = CARTESIAN_POINT('',(47.563451577095,35.18417749993,
    145.01261929542));
#1656 = CARTESIAN_POINT('',(47.209570221702,35.314370618746,145.));
#1657 = ORIENTED_EDGE('',*,*,#1658,.T.);
#1658 = EDGE_CURVE('',#1582,#1659,#1661,.T.);
#1659 = VERTEX_POINT('',#1660);
#1660 = CARTESIAN_POINT('',(53.48059149824,30.,145.));
#1661 = B_SPLINE_CURVE_WITH_KNOTS('',6,(#1662,#1663,#1664,#1665,#1666,
    #1667,#1668,#1669,#1670,#1671,#1672,#1673,#1674,#1675,#1676,#1677,
    #1678,#1679,#1680,#1681,#1682,#1683),.UNSPECIFIED.,.F.,.F.,(7,5,5,5,
    7),(0.,0.251999871432,0.50099993532,0.749999999269,1.),
  .UNSPECIFIED.);
#1662 = CARTESIAN_POINT('',(43.056099089979,36.05609908998,145.));
#1663 = CARTESIAN_POINT('',(43.847767318222,36.05609908998,145.));
#1664 = CARTESIAN_POINT('',(44.639483213585,35.993425111435,145.));
#1665 = CARTESIAN_POINT('',(45.424939272446,35.868063660488,145.));
#1666 = CARTESIAN_POINT('',(46.19799555213,35.680872047485,145.));
#1667 = CARTESIAN_POINT('',(46.952656271618,35.433426590602,145.));
#1668 = CARTESIAN_POINT('',(48.404862396835,34.826551135376,145.));
#1669 = CARTESIAN_POINT('',(49.103065105987,34.468454026223,145.));
#1670 = CARTESIAN_POINT('',(49.772098034962,34.056214192006,145.));
#1671 = CARTESIAN_POINT('',(50.406809393152,33.592869579696,145.));
#1672 = CARTESIAN_POINT('',(51.002437981155,33.082039718478,145.));
#1673 = CARTESIAN_POINT('',(52.106959295602,31.97404298591,145.));
#1674 = CARTESIAN_POINT('',(52.61591541674,31.376812520353,145.));
#1675 = CARTESIAN_POINT('',(53.077263741506,30.740648656587,145.));
#1676 = CARTESIAN_POINT('',(53.487399716416,30.070323941731,145.));
#1677 = CARTESIAN_POINT('',(53.843301593651,29.370999684524,145.));
#1678 = CARTESIAN_POINT('',(54.44320754417,27.922698610763,145.));
#1679 = CARTESIAN_POINT('',(54.686791355582,27.173449559928,145.));
#1680 = CARTESIAN_POINT('',(54.871036734974,26.406236301078,145.));
#1681 = CARTESIAN_POINT('',(54.994415927403,25.626916006212,145.));
#1682 = CARTESIAN_POINT('',(55.056099089979,24.841484640369,145.));
#1683 = CARTESIAN_POINT('',(55.056099089979,24.05609908998,145.));
#1684 = ORIENTED_EDGE('',*,*,#1685,.F.);
#1685 = EDGE_CURVE('',#1686,#1659,#1688,.T.);
#1686 = VERTEX_POINT('',#1687);
#1687 = CARTESIAN_POINT('',(53.477244702119,30.,144.9));
#1688 = B_SPLINE_CURVE_WITH_KNOTS('',5,(#1689,#1690,#1691,#1692,#1693,
    #1694,#1695,#1696,#1697,#1698),.UNSPECIFIED.,.F.,.F.,(6,4,6),(0.,
    0.223317930045,1.),.UNSPECIFIED.);
#1689 = CARTESIAN_POINT('',(53.477244702119,30.,144.9));
#1690 = CARTESIAN_POINT('',(53.481185184118,30.,145.01608846185));
#1691 = CARTESIAN_POINT('',(53.484965519234,30.,145.13218236537));
#1692 = CARTESIAN_POINT('',(53.488585783364,30.,145.24828141335));
#1693 = CARTESIAN_POINT('',(53.492046031022,30.,145.36438530573));
#1694 = CARTESIAN_POINT('',(53.506824441582,30.,145.8843097209));
#1695 = CARTESIAN_POINT('',(53.516367652166,30.,146.28818072693));
#1696 = CARTESIAN_POINT('',(53.523978055441,30.,146.69209434606));
#1697 = CARTESIAN_POINT('',(53.529656303157,30.,147.09603820918));
#1698 = CARTESIAN_POINT('',(53.533401590203,30.,147.5));
#1699 = ORIENTED_EDGE('',*,*,#1700,.T.);
#1700 = EDGE_CURVE('',#1686,#1310,#1701,.T.);
#1701 = B_SPLINE_CURVE_WITH_KNOTS('',6,(#1702,#1703,#1704,#1705,#1706,
    #1707,#1708),.UNSPECIFIED.,.F.,.F.,(7,7),(0.,1.),
  .PIECEWISE_BEZIER_KNOTS.);
#1702 = CARTESIAN_POINT('',(53.477244702119,30.,144.9));
#1703 = CARTESIAN_POINT('',(53.990970611992,29.099448693553,144.9));
#1704 = CARTESIAN_POINT('',(54.411419162606,28.145477119775,144.9));
#1705 = CARTESIAN_POINT('',(54.731427556127,27.150506838475,144.9));
#1706 = CARTESIAN_POINT('',(54.946476593934,26.127704191873,144.9));
#1707 = CARTESIAN_POINT('',(55.053967809366,25.090745003785,144.9));
#1708 = CARTESIAN_POINT('',(55.053967809366,24.053967809366,144.9));
#1709 = B_SPLINE_SURFACE_WITH_KNOTS('',8,2,(
    (#1710,#1711,#1712)
    ,(#1713,#1714,#1715)
    ,(#1716,#1717,#1718)
    ,(#1719,#1720,#1721)
    ,(#1722,#1723,#1724)
    ,(#1725,#1726,#1727)
    ,(#1728,#1729,#1730)
    ,(#1731,#1732,#1733)
    ,(#1734,#1735,#1736
  )),.UNSPECIFIED.,.F.,.F.,.F.,(9,9),(3,3),(3.,4.),(0.,1.),
  .PIECEWISE_BEZIER_KNOTS.);
#1710 = CARTESIAN_POINT('',(53.,22.,122.));
#1711 = CARTESIAN_POINT('',(58.357226670783,27.357226670783,
    156.14272522492));
#1712 = CARTESIAN_POINT('',(50.,19.,189.));
#1713 = CARTESIAN_POINT('',(53.,24.356194490192,122.));
#1714 = CARTESIAN_POINT('',(58.357226670783,29.713421160975,
    156.14272522492));
#1715 = CARTESIAN_POINT('',(50.,21.356194490192,189.));
#1716 = CARTESIAN_POINT('',(52.471270532466,26.712389722051,122.));
#1717 = CARTESIAN_POINT('',(57.828497203248,32.069616392834,
    156.14272522492));
#1718 = CARTESIAN_POINT('',(49.471270532465,23.712389722051,189.));
#1719 = CARTESIAN_POINT('',(51.413816790457,28.930158812021,122.));
#1720 = CARTESIAN_POINT('',(56.771043461241,34.287385482804,
    156.14272522492));
#1721 = CARTESIAN_POINT('',(48.413816790458,25.930158812021,189.));
#1722 = CARTESIAN_POINT('',(49.871105069358,30.871105069359,122.));
#1723 = CARTESIAN_POINT('',(55.228331740141,36.228331740143,
    156.14272522492));
#1724 = CARTESIAN_POINT('',(46.871105069358,27.871105069359,189.));
#1725 = CARTESIAN_POINT('',(47.930158812021,32.413816790457,122.));
#1726 = CARTESIAN_POINT('',(53.287385482805,37.77104346124,
    156.14272522492));
#1727 = CARTESIAN_POINT('',(44.930158812022,29.413816790457,189.));
#1728 = CARTESIAN_POINT('',(45.71238972205,33.471270532466,122.));
#1729 = CARTESIAN_POINT('',(51.069616392833,38.828497203249,
    156.14272522492));
#1730 = CARTESIAN_POINT('',(42.71238972205,30.471270532466,189.));
#1731 = CARTESIAN_POINT('',(43.356194490192,34.,122.));
#1732 = CARTESIAN_POINT('',(48.713421160976,39.357226670783,
    156.14272522492));
#1733 = CARTESIAN_POINT('',(40.356194490192,31.,189.));
#1734 = CARTESIAN_POINT('',(41.,34.,122.));
#1735 = CARTESIAN_POINT('',(46.357226670783,39.357226670783,
    156.14272522492));
#1736 = CARTESIAN_POINT('',(38.,31.,189.));
#1737 = ADVANCED_FACE('',(#1738),#1749,.F.);
#1738 = FACE_BOUND('',#1739,.F.);
#1739 = EDGE_LOOP('',(#1740,#1741,#1742,#1748));
#1740 = ORIENTED_EDGE('',*,*,#1114,.F.);
#1741 = ORIENTED_EDGE('',*,*,#619,.F.);
#1742 = ORIENTED_EDGE('',*,*,#1743,.T.);
#1743 = EDGE_CURVE('',#610,#1033,#1744,.T.);
#1744 = B_SPLINE_CURVE_WITH_KNOTS('',2,(#1745,#1746,#1747),
  .UNSPECIFIED.,.F.,.F.,(3,3),(0.,1.),.PIECEWISE_BEZIER_KNOTS.);
#1745 = CARTESIAN_POINT('',(50.65,-22.,121.));
#1746 = CARTESIAN_POINT('',(56.117429954764,-27.46742995476,
    154.73567244485));
#1747 = CARTESIAN_POINT('',(47.65,-19.,187.));
#1748 = ORIENTED_EDGE('',*,*,#1032,.T.);
#1749 = B_SPLINE_SURFACE_WITH_KNOTS('',8,2,(
    (#1750,#1751,#1752)
    ,(#1753,#1754,#1755)
    ,(#1756,#1757,#1758)
    ,(#1759,#1760,#1761)
    ,(#1762,#1763,#1764)
    ,(#1765,#1766,#1767)
    ,(#1768,#1769,#1770)
    ,(#1771,#1772,#1773)
    ,(#1774,#1775,#1776
  )),.UNSPECIFIED.,.F.,.F.,.F.,(9,9),(3,3),(1.,2.),(0.,1.),
  .PIECEWISE_BEZIER_KNOTS.);
#1750 = CARTESIAN_POINT('',(41.,-31.65,121.));
#1751 = CARTESIAN_POINT('',(46.467429954764,-37.11742995476,
    154.73567244485));
#1752 = CARTESIAN_POINT('',(38.,-28.65,187.));
#1753 = CARTESIAN_POINT('',(42.894773069196,-31.65,121.));
#1754 = CARTESIAN_POINT('',(48.36220302396,-37.11742995476,
    154.73567244485));
#1755 = CARTESIAN_POINT('',(39.894773069196,-28.65,187.));
#1756 = CARTESIAN_POINT('',(44.789546734817,-31.22481338652,121.));
#1757 = CARTESIAN_POINT('',(50.256976689582,-36.69224334128,
    154.73567244485));
#1758 = CARTESIAN_POINT('',(41.789546734817,-28.22481338652,187.));
#1759 = CARTESIAN_POINT('',(46.573002711331,-30.37444433565,121.));
#1760 = CARTESIAN_POINT('',(52.040432666094,-35.84187429042,
    154.73567244485));
#1761 = CARTESIAN_POINT('',(43.573002711331,-27.37444433565,187.));
#1762 = CARTESIAN_POINT('',(48.133846993278,-29.13384699327,121.));
#1763 = CARTESIAN_POINT('',(53.601276948044,-34.60127694804,
    154.73567244485));
#1764 = CARTESIAN_POINT('',(45.133846993278,-26.13384699327,187.));
#1765 = CARTESIAN_POINT('',(49.374444335658,-27.57300271133,121.));
#1766 = CARTESIAN_POINT('',(54.841874290421,-33.04043266609,
    154.73567244485));
#1767 = CARTESIAN_POINT('',(46.374444335658,-24.57300271133,187.));
#1768 = CARTESIAN_POINT('',(50.224813386525,-25.78954673481,121.));
#1769 = CARTESIAN_POINT('',(55.69224334129,-31.25697668958,
    154.73567244485));
#1770 = CARTESIAN_POINT('',(47.224813386525,-22.78954673481,187.));
#1771 = CARTESIAN_POINT('',(50.65,-23.89477306919,121.));
#1772 = CARTESIAN_POINT('',(56.117429954764,-29.36220302396,
    154.73567244485));
#1773 = CARTESIAN_POINT('',(47.65,-20.89477306919,187.));
#1774 = CARTESIAN_POINT('',(50.65,-22.,121.));
#1775 = CARTESIAN_POINT('',(56.117429954764,-27.46742995476,
    154.73567244485));
#1776 = CARTESIAN_POINT('',(47.65,-19.,187.));
#1777 = ADVANCED_FACE('',(#1778),#1847,.F.);
#1778 = FACE_BOUND('',#1779,.F.);
#1779 = EDGE_LOOP('',(#1780,#1781,#1782,#1790,#1802,#1821,#1831,#1846));
#1780 = ORIENTED_EDGE('',*,*,#1743,.F.);
#1781 = ORIENTED_EDGE('',*,*,#609,.F.);
#1782 = ORIENTED_EDGE('',*,*,#1783,.T.);
#1783 = EDGE_CURVE('',#583,#1784,#1786,.T.);
#1784 = VERTEX_POINT('',#1785);
#1785 = CARTESIAN_POINT('',(52.777764755131,24.127764755131,144.9));
#1786 = B_SPLINE_CURVE_WITH_KNOTS('',2,(#1787,#1788,#1789),
  .UNSPECIFIED.,.F.,.F.,(3,3),(0.,1.),.PIECEWISE_BEZIER_KNOTS.);
#1787 = CARTESIAN_POINT('',(50.65,22.,121.));
#1788 = CARTESIAN_POINT('',(56.117429954764,27.467429954764,
    154.73567244485));
#1789 = CARTESIAN_POINT('',(47.65,19.,187.));
#1790 = ORIENTED_EDGE('',*,*,#1791,.T.);
#1791 = EDGE_CURVE('',#1784,#1792,#1794,.T.);
#1792 = VERTEX_POINT('',#1793);
#1793 = CARTESIAN_POINT('',(52.777764754597,18.,144.9));
#1794 = B_SPLINE_CURVE_WITH_KNOTS('',6,(#1795,#1796,#1797,#1798,#1799,
    #1800,#1801),.UNSPECIFIED.,.F.,.F.,(7,7),(0.,1.),
  .PIECEWISE_BEZIER_KNOTS.);
#1795 = CARTESIAN_POINT('',(52.777764755131,24.127764755131,144.9));
#1796 = CARTESIAN_POINT('',(52.777764755131,22.79926720588,144.9));
#1797 = CARTESIAN_POINT('',(52.777764755131,21.962064440553,144.9));
#1798 = CARTESIAN_POINT('',(52.777764755131,20.904225826797,144.9));
#1799 = CARTESIAN_POINT('',(52.777764755131,19.390718566229,144.9));
#1800 = CARTESIAN_POINT('',(52.777764755131,17.871577336901,144.9));
#1801 = CARTESIAN_POINT('',(52.777764755131,17.7,144.9));
#1802 = ORIENTED_EDGE('',*,*,#1803,.F.);
#1803 = EDGE_CURVE('',#1804,#1792,#1806,.T.);
#1804 = VERTEX_POINT('',#1805);
#1805 = CARTESIAN_POINT('',(52.629607038624,18.,140.));
#1806 = B_SPLINE_CURVE_WITH_KNOTS('',7,(#1807,#1808,#1809,#1810,#1811,
    #1812,#1813,#1814,#1815,#1816,#1817,#1818,#1819,#1820),
  .UNSPECIFIED.,.F.,.F.,(8,6,8),(0.,0.500441895997,1.),.UNSPECIFIED.);
#1807 = CARTESIAN_POINT('',(52.629607038624,18.,140.));
#1808 = CARTESIAN_POINT('',(52.784080474934,18.,143.38841025134));
#1809 = CARTESIAN_POINT('',(52.855065655943,18.,146.78067280946));
#1810 = CARTESIAN_POINT('',(52.841317325267,18.,150.17429113633));
#1811 = CARTESIAN_POINT('',(52.741933327766,18.,153.56671378983));
#1812 = CARTESIAN_POINT('',(52.556384199188,18.,156.95533531371));
#1813 = CARTESIAN_POINT('',(52.284540596235,18.,160.33749699945));
#1814 = CARTESIAN_POINT('',(51.569488495201,18.,167.07752126073));
#1815 = CARTESIAN_POINT('',(51.126574289827,18.,170.4355027005));
#1816 = CARTESIAN_POINT('',(50.598242235077,18.,173.78173598984));
#1817 = CARTESIAN_POINT('',(49.985180291346,18.,177.11366335266));
#1818 = CARTESIAN_POINT('',(49.288454298225,18.,180.42886032403));
#1819 = CARTESIAN_POINT('',(48.509480887853,18.,183.72503073055));
#1820 = CARTESIAN_POINT('',(47.65,18.,187.));
#1821 = ORIENTED_EDGE('',*,*,#1822,.T.);
#1822 = EDGE_CURVE('',#1804,#1823,#1825,.T.);
#1823 = VERTEX_POINT('',#1824);
#1824 = CARTESIAN_POINT('',(52.629607038624,-21.,140.));
#1825 = B_SPLINE_CURVE_WITH_KNOTS('',4,(#1826,#1827,#1828,#1829,#1830),
  .UNSPECIFIED.,.F.,.F.,(5,5),(0.,1.),.PIECEWISE_BEZIER_KNOTS.);
#1826 = CARTESIAN_POINT('',(52.629607038624,18.,140.));
#1827 = CARTESIAN_POINT('',(52.629607038624,8.25,140.));
#1828 = CARTESIAN_POINT('',(52.629607038624,-1.5,140.));
#1829 = CARTESIAN_POINT('',(52.629607038624,-11.25,140.));
#1830 = CARTESIAN_POINT('',(52.629607038624,-21.,140.));
#1831 = ORIENTED_EDGE('',*,*,#1832,.T.);
#1832 = EDGE_CURVE('',#1823,#1060,#1833,.T.);
#1833 = B_SPLINE_CURVE_WITH_KNOTS('',6,(#1834,#1835,#1836,#1837,#1838,
    #1839,#1840,#1841,#1842,#1843,#1844,#1845),.UNSPECIFIED.,.F.,.F.,(7,
    5,7),(0.,0.614649799121,1.),.UNSPECIFIED.);
#1834 = CARTESIAN_POINT('',(52.629607038624,-21.,140.));
#1835 = CARTESIAN_POINT('',(52.809848979317,-21.,143.95364830571));
#1836 = CARTESIAN_POINT('',(52.87317763549,-21.,147.91269165035));
#1837 = CARTESIAN_POINT('',(52.81741291277,-21.,151.87275910959));
#1838 = CARTESIAN_POINT('',(52.641175752958,-21.,155.82935150028));
#1839 = CARTESIAN_POINT('',(52.343991792903,-21.,159.77784451121));
#1840 = CARTESIAN_POINT('',(51.664561189505,-21.,166.18091562769));
#1841 = CARTESIAN_POINT('',(51.355404158202,-21.,168.64332153486));
#1842 = CARTESIAN_POINT('',(50.999032268762,-21.,171.09955903553));
#1843 = CARTESIAN_POINT('',(50.595713714969,-21.,173.54851606885));
#1844 = CARTESIAN_POINT('',(50.145856128432,-21.,175.98911722828));
#1845 = CARTESIAN_POINT('',(49.65,-21.,178.42032254114));
#1846 = ORIENTED_EDGE('',*,*,#1059,.T.);
#1847 = B_SPLINE_SURFACE_WITH_KNOTS('',8,2,(
    (#1848,#1849,#1850)
    ,(#1851,#1852,#1853)
    ,(#1854,#1855,#1856)
    ,(#1857,#1858,#1859)
    ,(#1860,#1861,#1862)
    ,(#1863,#1864,#1865)
    ,(#1866,#1867,#1868)
    ,(#1869,#1870,#1871)
    ,(#1872,#1873,#1874
  )),.UNSPECIFIED.,.F.,.F.,.F.,(9,9),(3,3),(2.,3.),(0.,1.),
  .PIECEWISE_BEZIER_KNOTS.);
#1848 = CARTESIAN_POINT('',(50.65,-22.,121.));
#1849 = CARTESIAN_POINT('',(56.117429954764,-27.46742995476,
    154.73567244485));
#1850 = CARTESIAN_POINT('',(47.65,-19.,187.));
#1851 = CARTESIAN_POINT('',(50.65,-16.5,121.));
#1852 = CARTESIAN_POINT('',(56.117429954764,-20.60057246607,
    154.73567244485));
#1853 = CARTESIAN_POINT('',(47.65,-14.25,187.));
#1854 = CARTESIAN_POINT('',(50.65,-11.,121.));
#1855 = CARTESIAN_POINT('',(56.117429954764,-13.73371497738,
    154.73567244485));
#1856 = CARTESIAN_POINT('',(47.65,-9.5,187.));
#1857 = CARTESIAN_POINT('',(50.65,-5.5,121.));
#1858 = CARTESIAN_POINT('',(56.117429954764,-6.866857488691,
    154.73567244485));
#1859 = CARTESIAN_POINT('',(47.65,-4.75,187.));
#1860 = CARTESIAN_POINT('',(50.65,5.684341886081E-14,121.));
#1861 = CARTESIAN_POINT('',(56.117429954764,5.684341886081E-14,
    154.73567244485));
#1862 = CARTESIAN_POINT('',(47.65,2.84217094304E-14,187.));
#1863 = CARTESIAN_POINT('',(50.65,5.5,121.));
#1864 = CARTESIAN_POINT('',(56.117429954764,6.866857488691,
    154.73567244485));
#1865 = CARTESIAN_POINT('',(47.65,4.75,187.));
#1866 = CARTESIAN_POINT('',(50.65,11.,121.));
#1867 = CARTESIAN_POINT('',(56.117429954764,13.733714977382,
    154.73567244485));
#1868 = CARTESIAN_POINT('',(47.65,9.5,187.));
#1869 = CARTESIAN_POINT('',(50.65,16.5,121.));
#1870 = CARTESIAN_POINT('',(56.117429954764,20.600572466073,
    154.73567244485));
#1871 = CARTESIAN_POINT('',(47.65,14.25,187.));
#1872 = CARTESIAN_POINT('',(50.65,22.,121.));
#1873 = CARTESIAN_POINT('',(56.117429954764,27.467429954764,
    154.73567244485));
#1874 = CARTESIAN_POINT('',(47.65,19.,187.));
#1875 = ADVANCED_FACE('',(#1876),#1966,.F.);
#1876 = FACE_BOUND('',#1877,.F.);
#1877 = EDGE_LOOP('',(#1878,#1879,#1880,#1888,#1915,#1940));
#1878 = ORIENTED_EDGE('',*,*,#1783,.F.);
#1879 = ORIENTED_EDGE('',*,*,#582,.F.);
#1880 = ORIENTED_EDGE('',*,*,#1881,.T.);
#1881 = EDGE_CURVE('',#573,#1882,#1884,.T.);
#1882 = VERTEX_POINT('',#1883);
#1883 = CARTESIAN_POINT('',(43.129216584043,33.779216584043,145.));
#1884 = B_SPLINE_CURVE_WITH_KNOTS('',2,(#1885,#1886,#1887),
  .UNSPECIFIED.,.F.,.F.,(3,3),(0.,1.),.PIECEWISE_BEZIER_KNOTS.);
#1885 = CARTESIAN_POINT('',(41.,31.65,121.));
#1886 = CARTESIAN_POINT('',(46.467429954764,37.117429954764,
    154.73567244485));
#1887 = CARTESIAN_POINT('',(38.,28.65,187.));
#1888 = ORIENTED_EDGE('',*,*,#1889,.T.);
#1889 = EDGE_CURVE('',#1882,#1890,#1892,.T.);
#1890 = VERTEX_POINT('',#1891);
#1891 = CARTESIAN_POINT('',(50.78796335053,30.,145.));
#1892 = B_SPLINE_CURVE_WITH_KNOTS('',6,(#1893,#1894,#1895,#1896,#1897,
    #1898,#1899,#1900,#1901,#1902,#1903,#1904,#1905,#1906,#1907,#1908,
    #1909,#1910,#1911,#1912,#1913,#1914),.UNSPECIFIED.,.F.,.F.,(7,5,5,5,
    7),(0.,0.251999871624,0.500999935418,0.749999999271,1.),
  .UNSPECIFIED.);
#1893 = CARTESIAN_POINT('',(43.129216584043,33.779216584043,145.));
#1894 = CARTESIAN_POINT('',(43.765849800099,33.779216584043,145.));
#1895 = CARTESIAN_POINT('',(44.402521291541,33.728816257155,145.));
#1896 = CARTESIAN_POINT('',(45.034158899277,33.628004768545,145.));
#1897 = CARTESIAN_POINT('',(45.655825011459,33.477471491988,145.));
#1898 = CARTESIAN_POINT('',(46.262697969671,33.278484121897,145.));
#1899 = CARTESIAN_POINT('',(47.430513757074,32.790455098128,145.));
#1900 = CARTESIAN_POINT('',(47.991985065677,32.502485352351,145.));
#1901 = CARTESIAN_POINT('',(48.52999907382,32.17097581905,145.));
#1902 = CARTESIAN_POINT('',(49.040412801464,31.798369500937,145.));
#1903 = CARTESIAN_POINT('',(49.519397431849,31.38757718334,145.));
#1904 = CARTESIAN_POINT('',(50.407616676577,30.496563123142,145.));
#1905 = CARTESIAN_POINT('',(50.816902194945,30.016290316308,145.));
#1906 = CARTESIAN_POINT('',(51.187903165117,29.504708532028,145.));
#1907 = CARTESIAN_POINT('',(51.517720844813,28.965655712724,145.));
#1908 = CARTESIAN_POINT('',(51.803925258368,28.40328249261,145.));
#1909 = CARTESIAN_POINT('',(52.286349638445,27.238607017944,145.));
#1910 = CARTESIAN_POINT('',(52.482231602797,26.63608594191,145.));
#1911 = CARTESIAN_POINT('',(52.63039561553,26.019118593041,145.));
#1912 = CARTESIAN_POINT('',(52.729613038444,25.392415163252,145.));
#1913 = CARTESIAN_POINT('',(52.779216584043,24.760797479383,145.));
#1914 = CARTESIAN_POINT('',(52.779216584043,24.129216584043,145.));
#1915 = ORIENTED_EDGE('',*,*,#1916,.F.);
#1916 = EDGE_CURVE('',#1917,#1890,#1919,.T.);
#1917 = VERTEX_POINT('',#1918);
#1918 = CARTESIAN_POINT('',(50.785398409108,30.,144.9));
#1919 = B_SPLINE_CURVE_WITH_KNOTS('',7,(#1920,#1921,#1922,#1923,#1924,
    #1925,#1926,#1927,#1928,#1929,#1930,#1931,#1932,#1933,#1934,#1935,
    #1936,#1937,#1938,#1939),.UNSPECIFIED.,.F.,.F.,(8,6,6,8),(0.,
    0.476159540052,0.752786716976,1.),.UNSPECIFIED.);
#1920 = CARTESIAN_POINT('',(50.785398409108,30.,144.9));
#1921 = CARTESIAN_POINT('',(50.790033608484,30.,145.0768563337));
#1922 = CARTESIAN_POINT('',(50.794260762506,30.,145.25372337588));
#1923 = CARTESIAN_POINT('',(50.798080083347,30.,145.43059999341));
#1924 = CARTESIAN_POINT('',(50.801491716999,30.,145.60748504502));
#1925 = CARTESIAN_POINT('',(50.804495768912,30.,145.78437740554));
#1926 = CARTESIAN_POINT('',(50.807092279848,30.,145.96127594002));
#1927 = CARTESIAN_POINT('',(50.810552929983,30.,146.24095251174));
#1928 = CARTESIAN_POINT('',(50.811686937755,30.,146.3437167775));
#1929 = CARTESIAN_POINT('',(50.812683316385,30.,146.44647232086));
#1930 = CARTESIAN_POINT('',(50.81354210909,30.,146.54921914199));
#1931 = CARTESIAN_POINT('',(50.81426335116,30.,146.65195724106));
#1932 = CARTESIAN_POINT('',(50.814847069964,30.,146.75468661825));
#1933 = CARTESIAN_POINT('',(50.815692053678,30.,146.949205595));
#1934 = CARTESIAN_POINT('',(50.815981038098,30.,147.0410043927));
#1935 = CARTESIAN_POINT('',(50.816160218548,30.,147.13280350988));
#1936 = CARTESIAN_POINT('',(50.81622957459,30.,147.2246027859));
#1937 = CARTESIAN_POINT('',(50.816189075661,30.,147.3164020664));
#1938 = CARTESIAN_POINT('',(50.816038695291,30.,147.40820118967));
#1939 = CARTESIAN_POINT('',(50.815778396134,30.,147.5));
#1940 = ORIENTED_EDGE('',*,*,#1941,.T.);
#1941 = EDGE_CURVE('',#1917,#1784,#1942,.T.);
#1942 = B_SPLINE_CURVE_WITH_KNOTS('',8,(#1943,#1944,#1945,#1946,#1947,
    #1948,#1949,#1950,#1951,#1952,#1953,#1954,#1955,#1956,#1957,#1958,
    #1959,#1960,#1961,#1962,#1963,#1964,#1965),.UNSPECIFIED.,.F.,.F.,(9,
    7,7,9),(0.,3.138818508112E-02,0.9521633319,1.),.UNSPECIFIED.);
#1943 = CARTESIAN_POINT('',(50.785398409108,30.,144.9));
#1944 = CARTESIAN_POINT('',(50.792543119366,29.990683011684,144.9));
#1945 = CARTESIAN_POINT('',(50.805987112347,29.97312473302,144.9));
#1946 = CARTESIAN_POINT('',(50.821652329804,29.952559581921,144.9));
#1947 = CARTESIAN_POINT('',(50.836903341797,29.932326023825,144.9));
#1948 = CARTESIAN_POINT('',(50.850617085872,29.914044014348,144.9));
#1949 = CARTESIAN_POINT('',(50.86292499878,29.897552270084,144.9));
#1950 = CARTESIAN_POINT('',(50.875216663824,29.881034012515,144.9));
#1951 = CARTESIAN_POINT('',(51.323355613699,29.274302364466,144.9));
#1952 = CARTESIAN_POINT('',(51.706135582001,28.64999925907,144.9));
#1953 = CARTESIAN_POINT('',(52.034367404618,27.993408471796,144.9));
#1954 = CARTESIAN_POINT('',(52.304944758571,27.31013340102,144.9));
#1955 = CARTESIAN_POINT('',(52.515467228355,26.606033128418,144.9));
#1956 = CARTESIAN_POINT('',(52.664192592783,25.887194945478,144.9));
#1957 = CARTESIAN_POINT('',(52.750091289669,25.159942360346,144.9));
#1958 = CARTESIAN_POINT('',(52.774193384455,24.39300182219,144.9));
#1959 = CARTESIAN_POINT('',(52.775213719979,24.355119717135,144.9));
#1960 = CARTESIAN_POINT('',(52.77606403695,24.317233160005,144.9));
#1961 = CARTESIAN_POINT('',(52.776744312966,24.279343041051,144.9));
#1962 = CARTESIAN_POINT('',(52.777254531216,24.241450250615,144.9));
#1963 = CARTESIAN_POINT('',(52.77759468048,24.203555679124,144.9));
#1964 = CARTESIAN_POINT('',(52.777764755131,24.165660217094,144.9));
#1965 = CARTESIAN_POINT('',(52.777764755131,24.127764755131,144.9));
#1966 = B_SPLINE_SURFACE_WITH_KNOTS('',8,2,(
    (#1967,#1968,#1969)
    ,(#1970,#1971,#1972)
    ,(#1973,#1974,#1975)
    ,(#1976,#1977,#1978)
    ,(#1979,#1980,#1981)
    ,(#1982,#1983,#1984)
    ,(#1985,#1986,#1987)
    ,(#1988,#1989,#1990)
    ,(#1991,#1992,#1993
  )),.UNSPECIFIED.,.F.,.F.,.F.,(9,9),(3,3),(3.,4.),(0.,1.),
  .PIECEWISE_BEZIER_KNOTS.);
#1967 = CARTESIAN_POINT('',(50.65,22.,121.));
#1968 = CARTESIAN_POINT('',(56.117429954764,27.467429954764,
    154.73567244485));
#1969 = CARTESIAN_POINT('',(47.65,19.,187.));
#1970 = CARTESIAN_POINT('',(50.65,23.894773069196,121.));
#1971 = CARTESIAN_POINT('',(56.117429954764,29.362203023961,
    154.73567244485));
#1972 = CARTESIAN_POINT('',(47.65,20.894773069196,187.));
#1973 = CARTESIAN_POINT('',(50.224813386525,25.789546734816,121.));
#1974 = CARTESIAN_POINT('',(55.692243341289,31.25697668958,
    154.73567244485));
#1975 = CARTESIAN_POINT('',(47.224813386525,22.789546734816,187.));
#1976 = CARTESIAN_POINT('',(49.374444335658,27.573002711332,121.));
#1977 = CARTESIAN_POINT('',(54.841874290423,33.040432666098,
    154.73567244485));
#1978 = CARTESIAN_POINT('',(46.374444335658,24.573002711333,187.));
#1979 = CARTESIAN_POINT('',(48.133846993278,29.133846993277,121.));
#1980 = CARTESIAN_POINT('',(53.601276948041,34.60127694804,
    154.73567244485));
#1981 = CARTESIAN_POINT('',(45.133846993277,26.133846993276,187.));
#1982 = CARTESIAN_POINT('',(46.573002711332,30.374444335659,121.));
#1983 = CARTESIAN_POINT('',(52.040432666097,35.841874290424,
    154.73567244485));
#1984 = CARTESIAN_POINT('',(43.573002711333,27.374444335659,187.));
#1985 = CARTESIAN_POINT('',(44.789546734816,31.224813386525,121.));
#1986 = CARTESIAN_POINT('',(50.25697668958,36.692243341288,
    154.73567244485));
#1987 = CARTESIAN_POINT('',(41.789546734816,28.224813386524,187.));
#1988 = CARTESIAN_POINT('',(42.894773069196,31.65,121.));
#1989 = CARTESIAN_POINT('',(48.362203023961,37.117429954765,
    154.73567244485));
#1990 = CARTESIAN_POINT('',(39.894773069196,28.65,187.));
#1991 = CARTESIAN_POINT('',(41.,31.65,121.));
#1992 = CARTESIAN_POINT('',(46.467429954764,37.117429954764,
    154.73567244485));
#1993 = CARTESIAN_POINT('',(38.,28.65,187.));
#1994 = ADVANCED_FACE('',(#1995,#2029),#2090,.F.);
#1995 = FACE_BOUND('',#1996,.F.);
#1996 = EDGE_LOOP('',(#1997,#1998,#1999,#2021));
#1997 = ORIENTED_EDGE('',*,*,#1881,.F.);
#1998 = ORIENTED_EDGE('',*,*,#572,.F.);
#1999 = ORIENTED_EDGE('',*,*,#2000,.T.);
#2000 = EDGE_CURVE('',#565,#2001,#2003,.T.);
#2001 = VERTEX_POINT('',#2002);
#2002 = CARTESIAN_POINT('',(-13.85,33.779216592585,144.99999999999));
#2003 = B_SPLINE_CURVE_WITH_KNOTS('',6,(#2004,#2005,#2006,#2007,#2008,
    #2009,#2010,#2011,#2012,#2013,#2014,#2015,#2016,#2017,#2018,#2019,
    #2020),.UNSPECIFIED.,.F.,.F.,(7,5,5,7),(0.,0.321654325666,
    0.63769436766,1.),.UNSPECIFIED.);
#2004 = CARTESIAN_POINT('',(-13.85,31.803275886854,121.96298382691));
#2005 = CARTESIAN_POINT('',(-13.85,32.346101547107,125.43669460609));
#2006 = CARTESIAN_POINT('',(-13.85,32.803718295974,128.92374178358));
#2007 = CARTESIAN_POINT('',(-13.85,33.173622779898,132.42179169822));
#2008 = CARTESIAN_POINT('',(-13.85,33.453598957974,135.92826650614));
#2009 = CARTESIAN_POINT('',(-13.85,33.641827576105,139.44033432556));
#2010 = CARTESIAN_POINT('',(-13.85,33.830502604644,146.40811980865));
#2011 = CARTESIAN_POINT('',(-13.85,33.834171100043,149.863804806));
#2012 = CARTESIAN_POINT('',(-13.85,33.746750297889,153.31899287478));
#2013 = CARTESIAN_POINT('',(-13.85,33.567475090149,156.77066310364));
#2014 = CARTESIAN_POINT('',(-13.85,33.296109440184,160.21573669712));
#2015 = CARTESIAN_POINT('',(-13.85,32.516712369856,167.58932530939));
#2016 = CARTESIAN_POINT('',(-13.85,31.979839370617,171.51488705861));
#2017 = CARTESIAN_POINT('',(-13.85,31.322867828979,175.42300756885));
#2018 = CARTESIAN_POINT('',(-13.85,30.547242059792,179.30926005228));
#2019 = CARTESIAN_POINT('',(-13.85,29.655265944578,183.16953079161));
#2020 = CARTESIAN_POINT('',(-13.85,28.65,187.));
#2021 = ORIENTED_EDGE('',*,*,#2022,.T.);
#2022 = EDGE_CURVE('',#2001,#1882,#2023,.T.);
#2023 = B_SPLINE_CURVE_WITH_KNOTS('',4,(#2024,#2025,#2026,#2027,#2028),
  .UNSPECIFIED.,.F.,.F.,(5,5),(0.,1.),.PIECEWISE_BEZIER_KNOTS.);
#2024 = CARTESIAN_POINT('',(-14.08626293419,33.779216584043,145.));
#2025 = CARTESIAN_POINT('',(0.217606945367,33.779216584043,145.));
#2026 = CARTESIAN_POINT('',(14.521476824925,33.779216584043,145.));
#2027 = CARTESIAN_POINT('',(28.825346704484,33.779216584043,145.));
#2028 = CARTESIAN_POINT('',(43.129216584043,33.779216584043,145.));
#2029 = FACE_BOUND('',#2030,.F.);
#2030 = EDGE_LOOP('',(#2031,#2075));
#2031 = ORIENTED_EDGE('',*,*,#2032,.T.);
#2032 = EDGE_CURVE('',#2033,#2035,#2037,.T.);
#2033 = VERTEX_POINT('',#2034);
#2034 = CARTESIAN_POINT('',(21.15,33.629607038624,140.));
#2035 = VERTEX_POINT('',#2036);
#2036 = CARTESIAN_POINT('',(20.197997482321,33.57395814816,
    138.86717300659));
#2037 = B_SPLINE_CURVE_WITH_KNOTS('',8,(#2038,#2039,#2040,#2041,#2042,
    #2043,#2044,#2045,#2046,#2047,#2048,#2049,#2050,#2051,#2052,#2053,
    #2054,#2055,#2056,#2057,#2058,#2059,#2060,#2061,#2062,#2063,#2064,
    #2065,#2066,#2067,#2068,#2069,#2070,#2071,#2072,#2073,#2074),
  .UNSPECIFIED.,.F.,.F.,(9,7,7,7,7,9),(0.,0.141770693417,0.327003183658,
    0.530728540378,0.763364184705,1.),.UNSPECIFIED.);
#2038 = CARTESIAN_POINT('',(21.15,33.629607038624,140.));
#2039 = CARTESIAN_POINT('',(21.15,33.634140818674,140.0994495015));
#2040 = CARTESIAN_POINT('',(21.140171130688,33.638605394154,
    140.19892951635));
#2041 = CARTESIAN_POINT('',(21.120503430429,33.642947461739,
    140.29727320518));
#2042 = CARTESIAN_POINT('',(21.091160038844,33.647119936045,
    140.39334755214));
#2043 = CARTESIAN_POINT('',(21.052453090997,33.651081921262,
    140.48605862295));
#2044 = CARTESIAN_POINT('',(21.004833119023,33.654798445771,
    140.57436135061));
#2045 = CARTESIAN_POINT('',(20.948891961212,33.658239959736,
    140.65727384881));
#2046 = CARTESIAN_POINT('',(20.802395660463,33.665486344232,
    140.83400833121));
#2047 = CARTESIAN_POINT('',(20.706406547125,33.669083132911,
    140.92347907721));
#2048 = CARTESIAN_POINT('',(20.599080593655,33.672113054298,
    141.00022188705));
#2049 = CARTESIAN_POINT('',(20.482431564436,33.67453999037,
    141.06259917152));
#2050 = CARTESIAN_POINT('',(20.35868519634,33.676341779647,
    141.10936864501));
#2051 = CARTESIAN_POINT('',(20.230239313616,33.677503831718,
    141.13966389903));
#2052 = CARTESIAN_POINT('',(20.099652173527,33.678017483236,
    141.15303788931));
#2053 = CARTESIAN_POINT('',(19.826551597615,33.677740107967,
    141.1458146138));
#2054 = CARTESIAN_POINT('',(19.683916254775,33.676813463536,
    141.1216861869));
#2055 = CARTESIAN_POINT('',(19.545277863171,33.675104817094,
    141.07724526897));
#2056 = CARTESIAN_POINT('',(19.41400077988,33.67263056309,
    141.01334977054));
#2057 = CARTESIAN_POINT('',(19.293154838501,33.669415651363,
    140.93144119194));
#2058 = CARTESIAN_POINT('',(19.185513297026,33.665497471875,
    140.83347066144));
#2059 = CARTESIAN_POINT('',(19.093491007978,33.66093715097,
    140.72193258452));
#2060 = CARTESIAN_POINT('',(18.933715298126,33.650005187643,
    140.4606479689));
#2061 = CARTESIAN_POINT('',(18.871020971189,33.643452105438,
    140.30733738609));
#2062 = CARTESIAN_POINT('',(18.83375208111,33.636316346822,
    140.14458027827));
#2063 = CARTESIAN_POINT('',(18.823334530885,33.628775833689,
    139.97735089044));
#2064 = CARTESIAN_POINT('',(18.840184865155,33.621043473631,
    139.81065702521));
#2065 = CARTESIAN_POINT('',(18.883682389142,33.613368447168,
    139.6494826922));
#2066 = CARTESIAN_POINT('',(18.952204241892,33.60602798246,
    139.49873160214));
#2067 = CARTESIAN_POINT('',(19.134641609222,33.592441040283,
    139.22461297019));
#2068 = CARTESIAN_POINT('',(19.249641096461,33.586191446564,
    139.1012746207));
#2069 = CARTESIAN_POINT('',(19.384614078894,33.580838526868,
    138.99773817378));
#2070 = CARTESIAN_POINT('',(19.535416336649,33.576631053866,
    138.91759469287));
#2071 = CARTESIAN_POINT('',(19.69741402781,33.573764641114,
    138.86346444783));
#2072 = CARTESIAN_POINT('',(19.865522274767,33.572359946236,
    138.83693229672));
#2073 = CARTESIAN_POINT('',(20.034271566881,33.57245131668,
    138.83855670486));
#2074 = CARTESIAN_POINT('',(20.197997482321,33.57395814816,
    138.86717300659));
#2075 = ORIENTED_EDGE('',*,*,#2076,.T.);
#2076 = EDGE_CURVE('',#2035,#2033,#2077,.T.);
#2077 = B_SPLINE_CURVE_WITH_KNOTS('',6,(#2078,#2079,#2080,#2081,#2082,
    #2083,#2084,#2085,#2086,#2087,#2088,#2089),.UNSPECIFIED.,.F.,.F.,(7,
    5,7),(0.,0.47309725223,1.),.UNSPECIFIED.);
#2078 = CARTESIAN_POINT('',(20.197997482321,33.57395814816,
    138.86717300659));
#2079 = CARTESIAN_POINT('',(20.322927666393,33.575107927861,
    138.88900852256));
#2080 = CARTESIAN_POINT('',(20.444992312365,33.577124935075,
    138.92738145302));
#2081 = CARTESIAN_POINT('',(20.561369612924,33.579973701383,
    138.98180949794));
#2082 = CARTESIAN_POINT('',(20.66949057836,33.583572225913,
    139.05116435851));
#2083 = CARTESIAN_POINT('',(20.767049035154,33.587806804604,
    139.13386065085));
#2084 = CARTESIAN_POINT('',(20.946932888526,33.597812923404,
    139.33236175271));
#2085 = CARTESIAN_POINT('',(21.026324935988,33.603707877695,
    139.45093001188));
#2086 = CARTESIAN_POINT('',(21.087668058328,33.610037321036,
    139.58055443027));
#2087 = CARTESIAN_POINT('',(21.12923117789,33.616592336359,
    139.71779153891));
#2088 = CARTESIAN_POINT('',(21.15,33.623175445155,139.85892152741));
#2089 = CARTESIAN_POINT('',(21.15,33.629607038624,140.));
#2090 = B_SPLINE_SURFACE_WITH_KNOTS('',8,2,(
    (#2091,#2092,#2093)
    ,(#2094,#2095,#2096)
    ,(#2097,#2098,#2099)
    ,(#2100,#2101,#2102)
    ,(#2103,#2104,#2105)
    ,(#2106,#2107,#2108)
    ,(#2109,#2110,#2111)
    ,(#2112,#2113,#2114)
    ,(#2115,#2116,#2117
  )),.UNSPECIFIED.,.F.,.F.,.F.,(9,9),(3,3),(4.,5.),(0.,1.),
  .PIECEWISE_BEZIER_KNOTS.);
#2091 = CARTESIAN_POINT('',(41.,31.65,121.));
#2092 = CARTESIAN_POINT('',(46.467429954764,37.117429954764,
    154.73567244485));
#2093 = CARTESIAN_POINT('',(38.,28.65,187.));
#2094 = CARTESIAN_POINT('',(30.25,31.65,121.));
#2095 = CARTESIAN_POINT('',(33.978296989026,37.117429954764,
    154.73567244485));
#2096 = CARTESIAN_POINT('',(28.25,28.65,187.));
#2097 = CARTESIAN_POINT('',(19.5,31.65,121.));
#2098 = CARTESIAN_POINT('',(21.489164023287,37.117429954764,
    154.73567244485));
#2099 = CARTESIAN_POINT('',(18.5,28.65,187.));
#2100 = CARTESIAN_POINT('',(8.75,31.65,121.));
#2101 = CARTESIAN_POINT('',(9.000031057548,37.117429954764,
    154.73567244485));
#2102 = CARTESIAN_POINT('',(8.75,28.65,187.));
#2103 = CARTESIAN_POINT('',(-2.,31.65,121.));
#2104 = CARTESIAN_POINT('',(-3.489101908191,37.117429954764,
    154.73567244485));
#2105 = CARTESIAN_POINT('',(-1.,28.65,187.));
#2106 = CARTESIAN_POINT('',(-12.75,31.65,121.));
#2107 = CARTESIAN_POINT('',(-15.97823487392,37.117429954764,
    154.73567244485));
#2108 = CARTESIAN_POINT('',(-10.75,28.65,187.));
#2109 = CARTESIAN_POINT('',(-23.5,31.65,121.));
#2110 = CARTESIAN_POINT('',(-28.46736783966,37.117429954764,
    154.73567244485));
#2111 = CARTESIAN_POINT('',(-20.5,28.65,187.));
#2112 = CARTESIAN_POINT('',(-34.25,31.65,121.));
#2113 = CARTESIAN_POINT('',(-40.9565008054,37.117429954764,
    154.73567244485));
#2114 = CARTESIAN_POINT('',(-30.25,28.65,187.));
#2115 = CARTESIAN_POINT('',(-45.,31.65,121.));
#2116 = CARTESIAN_POINT('',(-53.44563377114,37.117429954764,
    154.73567244485));
#2117 = CARTESIAN_POINT('',(-40.,28.65,187.));
#2118 = ADVANCED_FACE('',(#2119),#2199,.T.);
#2119 = FACE_BOUND('',#2120,.T.);
#2120 = EDGE_LOOP('',(#2121,#2122,#2123,#2131,#2160,#2161,#2192,#2198));
#2121 = ORIENTED_EDGE('',*,*,#564,.T.);
#2122 = ORIENTED_EDGE('',*,*,#2000,.T.);
#2123 = ORIENTED_EDGE('',*,*,#2124,.F.);
#2124 = EDGE_CURVE('',#2125,#2001,#2127,.T.);
#2125 = VERTEX_POINT('',#2126);
#2126 = CARTESIAN_POINT('',(-13.85,32.94,145.));
#2127 = LINE('',#2128,#2129);
#2128 = CARTESIAN_POINT('',(-13.85,-48.02,145.));
#2129 = VECTOR('',#2130,1.);
#2130 = DIRECTION('',(0.,1.,0.));
#2131 = ORIENTED_EDGE('',*,*,#2132,.T.);
#2132 = EDGE_CURVE('',#2125,#885,#2133,.T.);
#2133 = B_SPLINE_CURVE_WITH_KNOTS('',7,(#2134,#2135,#2136,#2137,#2138,
    #2139,#2140,#2141,#2142,#2143,#2144,#2145,#2146,#2147,#2148,#2149,
    #2150,#2151,#2152,#2153,#2154,#2155,#2156,#2157,#2158,#2159),
  .UNSPECIFIED.,.F.,.F.,(8,6,6,6,8),(0.,0.406242230428,0.571688232691,
    0.867196870785,1.),.UNSPECIFIED.);
#2134 = CARTESIAN_POINT('',(-13.85,32.94,145.));
#2135 = CARTESIAN_POINT('',(-13.85,32.934341295436,147.13041024277));
#2136 = CARTESIAN_POINT('',(-13.85,32.859549594162,149.26015061857));
#2137 = CARTESIAN_POINT('',(-13.85,32.708512125479,151.38732709102));
#2138 = CARTESIAN_POINT('',(-13.85,32.472941802682,153.50806526752));
#2139 = CARTESIAN_POINT('',(-13.85,32.143584283245,155.61654155157));
#2140 = CARTESIAN_POINT('',(-13.85,31.710463987209,157.70501508592));
#2141 = CARTESIAN_POINT('',(-13.85,30.941125500778,160.60246902607));
#2142 = CARTESIAN_POINT('',(-13.85,30.699669848647,161.43598726663));
#2143 = CARTESIAN_POINT('',(-13.85,30.438767610377,162.26379532182));
#2144 = CARTESIAN_POINT('',(-13.85,30.157806877607,163.0851008222));
#2145 = CARTESIAN_POINT('',(-13.85,29.856219607094,163.89903378928));
#2146 = CARTESIAN_POINT('',(-13.85,29.53350750544,164.7046556327));
#2147 = CARTESIAN_POINT('',(-13.85,28.574429103855,166.92329523034));
#2148 = CARTESIAN_POINT('',(-13.85,27.890757251314,168.3163192477));
#2149 = CARTESIAN_POINT('',(-13.85,27.136189153715,169.67375958807));
#2150 = CARTESIAN_POINT('',(-13.85,26.309652162568,170.98927935576));
#2151 = CARTESIAN_POINT('',(-13.85,25.41146240525,172.25673983641));
#2152 = CARTESIAN_POINT('',(-13.85,24.44376525157,173.47048002308));
#2153 = CARTESIAN_POINT('',(-13.85,22.94690591805,175.1447511659));
#2154 = CARTESIAN_POINT('',(-13.85,22.469603986787,175.65209620083));
#2155 = CARTESIAN_POINT('',(-13.85,21.979489556279,176.14724472987));
#2156 = CARTESIAN_POINT('',(-13.85,21.47698347673,176.6298539115));
#2157 = CARTESIAN_POINT('',(-13.85,20.962553184245,177.09964803845));
#2158 = CARTESIAN_POINT('',(-13.85,20.436708928432,177.55641454262));
#2159 = CARTESIAN_POINT('',(-13.85,19.9,178.));
#2160 = ORIENTED_EDGE('',*,*,#884,.T.);
#2161 = ORIENTED_EDGE('',*,*,#2162,.F.);
#2162 = EDGE_CURVE('',#2163,#871,#2165,.T.);
#2163 = VERTEX_POINT('',#2164);
#2164 = CARTESIAN_POINT('',(-13.85,36.034974257379,145.99999999999));
#2165 = B_SPLINE_CURVE_WITH_KNOTS('',7,(#2166,#2167,#2168,#2169,#2170,
    #2171,#2172,#2173,#2174,#2175,#2176,#2177,#2178,#2179,#2180,#2181,
    #2182,#2183,#2184,#2185,#2186,#2187,#2188,#2189,#2190,#2191),
  .UNSPECIFIED.,.F.,.F.,(8,6,6,6,8),(0.,0.362294920809,0.523534433791,
    0.820781364536,1.),.UNSPECIFIED.);
#2166 = CARTESIAN_POINT('',(-13.85,36.04,145.));
#2167 = CARTESIAN_POINT('',(-13.85,36.043799971577,146.89794791775));
#2168 = CARTESIAN_POINT('',(-13.85,35.989184189926,148.79579193558));
#2169 = CARTESIAN_POINT('',(-13.85,35.87101253732,150.69175882664));
#2170 = CARTESIAN_POINT('',(-13.85,35.683524227779,152.58290842665));
#2171 = CARTESIAN_POINT('',(-13.85,35.420504870781,154.46515450604));
#2172 = CARTESIAN_POINT('',(-13.85,35.075513488104,156.33329101852));
#2173 = CARTESIAN_POINT('',(-13.85,34.449724042196,159.00340963293));
#2174 = CARTESIAN_POINT('',(-13.85,34.239561384475,159.82166950916));
#2175 = CARTESIAN_POINT('',(-13.85,34.011445945204,160.63524934959));
#2176 = CARTESIAN_POINT('',(-13.85,33.764876712411,161.44349796735));
#2177 = CARTESIAN_POINT('',(-13.85,33.499392857931,162.24570866299));
#2178 = CARTESIAN_POINT('',(-13.85,33.214592528604,163.04112514593));
#2179 = CARTESIAN_POINT('',(-13.85,32.348911288779,165.28130711203));
#2180 = CARTESIAN_POINT('',(-13.85,31.720799398917,166.70817675327));
#2181 = CARTESIAN_POINT('',(-13.85,31.023922214955,168.104061447));
#2182 = CARTESIAN_POINT('',(-13.85,30.257270200121,169.46344018179));
#2183 = CARTESIAN_POINT('',(-13.85,29.42102853564,170.78094471807));
#2184 = CARTESIAN_POINT('',(-13.85,28.516915739689,172.05155210227));
#2185 = CARTESIAN_POINT('',(-13.85,26.964695378426,174.00590458714));
#2186 = CARTESIAN_POINT('',(-13.85,26.357409159123,174.72243768502));
#2187 = CARTESIAN_POINT('',(-13.85,25.727432813536,175.41945232687));
#2188 = CARTESIAN_POINT('',(-13.85,25.075647052603,176.09620370491));
#2189 = CARTESIAN_POINT('',(-13.85,24.403056276339,176.75212452769));
#2190 = CARTESIAN_POINT('',(-13.85,23.710772619959,177.38680953288));
#2191 = CARTESIAN_POINT('',(-13.85,23.,178.));
#2192 = ORIENTED_EDGE('',*,*,#2193,.F.);
#2193 = EDGE_CURVE('',#1414,#2163,#2194,.T.);
#2194 = LINE('',#2195,#2196);
#2195 = CARTESIAN_POINT('',(-13.85,-80.,146.));
#2196 = VECTOR('',#2197,1.);
#2197 = DIRECTION('',(0.,-1.,0.));
#2198 = ORIENTED_EDGE('',*,*,#1413,.F.);
#2199 = PLANE('',#2200);
#2200 = AXIS2_PLACEMENT_3D('',#2201,#2202,#2203);
#2201 = CARTESIAN_POINT('',(-13.85,31.048908815773,158.19652544651));
#2202 = DIRECTION('',(-1.,-2.6E-16,-0.));
#2203 = DIRECTION('',(2.6E-16,-1.,0.));
#2204 = ADVANCED_FACE('',(#2205),#2301,.F.);
#2205 = FACE_BOUND('',#2206,.F.);
#2206 = EDGE_LOOP('',(#2207,#2208,#2209,#2217,#2273,#2294,#2300));
#2207 = ORIENTED_EDGE('',*,*,#983,.F.);
#2208 = ORIENTED_EDGE('',*,*,#1091,.T.);
#2209 = ORIENTED_EDGE('',*,*,#2210,.T.);
#2210 = EDGE_CURVE('',#1078,#2211,#2213,.T.);
#2211 = VERTEX_POINT('',#2212);
#2212 = CARTESIAN_POINT('',(50.118356315166,-21.,153.54614640361));
#2213 = ( BOUNDED_CURVE() B_SPLINE_CURVE(2,(#2214,#2215,#2216),
.UNSPECIFIED.,.F.,.F.) B_SPLINE_CURVE_WITH_KNOTS((3,3),(0.,1.),
.PIECEWISE_BEZIER_KNOTS.) CURVE() GEOMETRIC_REPRESENTATION_ITEM() 
RATIONAL_B_SPLINE_CURVE((1.,1.,1.)) REPRESENTATION_ITEM('') );
#2214 = CARTESIAN_POINT('',(52.,-24.04,145.));
#2215 = CARTESIAN_POINT('',(50.617264657727,-16.28290473169,
    167.27144096417));
#2216 = CARTESIAN_POINT('',(17.,-11.,178.));
#2217 = ORIENTED_EDGE('',*,*,#2218,.T.);
#2218 = EDGE_CURVE('',#2211,#2219,#2221,.T.);
#2219 = VERTEX_POINT('',#2220);
#2220 = CARTESIAN_POINT('',(24.,-21.,173.99796792698));
#2221 = B_SPLINE_CURVE_WITH_KNOTS('',8,(#2222,#2223,#2224,#2225,#2226,
    #2227,#2228,#2229,#2230,#2231,#2232,#2233,#2234,#2235,#2236,#2237,
    #2238,#2239,#2240,#2241,#2242,#2243,#2244,#2245,#2246,#2247,#2248,
    #2249,#2250,#2251,#2252,#2253,#2254,#2255,#2256,#2257,#2258,#2259,
    #2260,#2261,#2262,#2263,#2264,#2265,#2266,#2267,#2268,#2269,#2270,
    #2271,#2272),.UNSPECIFIED.,.F.,.F.,(9,7,7,7,7,7,7,9),(0.,
    0.321109401991,0.646675959335,0.8344772622,0.921682008328,
    0.961974424804,0.98131260067,1.),.UNSPECIFIED.);
#2222 = CARTESIAN_POINT('',(50.118356315166,-21.,153.54614640361));
#2223 = CARTESIAN_POINT('',(49.612509670997,-21.,154.82096290346));
#2224 = CARTESIAN_POINT('',(49.013802819466,-21.,156.05850732771));
#2225 = CARTESIAN_POINT('',(48.330616283272,-21.,157.25330455145));
#2226 = CARTESIAN_POINT('',(47.571711376358,-21.,158.40188659136));
#2227 = CARTESIAN_POINT('',(46.745969517778,-21.,159.50258004011));
#2228 = CARTESIAN_POINT('',(45.861768877633,-21.,160.5550804638));
#2229 = CARTESIAN_POINT('',(44.926582627927,-21.,161.56016748014));
#2230 = CARTESIAN_POINT('',(42.952995911411,-21.,163.49203397388));
#2231 = CARTESIAN_POINT('',(41.913576395816,-21.,164.4173052421));
#2232 = CARTESIAN_POINT('',(40.834568116557,-21.,165.29720088522));
#2233 = CARTESIAN_POINT('',(39.72147820721,-21.,166.13378823788));
#2234 = CARTESIAN_POINT('',(38.579054090581,-21.,166.92921345309));
#2235 = CARTESIAN_POINT('',(37.411249609811,-21.,167.68565368723));
#2236 = CARTESIAN_POINT('',(36.22118812491,-21.,168.4052660254));
#2237 = CARTESIAN_POINT('',(34.313102824993,-21.,169.48519503173));
#2238 = CARTESIAN_POINT('',(33.608520045889,-21.,169.86864268782));
#2239 = CARTESIAN_POINT('',(32.897866109266,-21.,170.24084954516));
#2240 = CARTESIAN_POINT('',(32.181587155573,-21.,170.602158277));
#2241 = CARTESIAN_POINT('',(31.460084910109,-21.,170.95288338091));
#2242 = CARTESIAN_POINT('',(30.733717069127,-21.,171.29331185932));
#2243 = CARTESIAN_POINT('',(30.002796755786,-21.,171.62370199945));
#2244 = CARTESIAN_POINT('',(28.926201362808,-21.,172.09313941832));
#2245 = CARTESIAN_POINT('',(28.583889669285,-21.,172.23988199694));
#2246 = CARTESIAN_POINT('',(28.240683779687,-21.,172.38453043193));
#2247 = CARTESIAN_POINT('',(27.896610043565,-21.,172.5271052498));
#2248 = CARTESIAN_POINT('',(27.551693345709,-21.,172.66762506041));
#2249 = CARTESIAN_POINT('',(27.205957106151,-21.,172.80610655695));
#2250 = CARTESIAN_POINT('',(26.859423280165,-21.,172.94256451599));
#2251 = CARTESIAN_POINT('',(26.351639483413,-21.,173.1391323367));
#2252 = CARTESIAN_POINT('',(26.191000734352,-21.,173.20082358717));
#2253 = CARTESIAN_POINT('',(26.030198142588,-21.,173.26208679712));
#2254 = CARTESIAN_POINT('',(25.869233679671,-21.,173.32292310293));
#2255 = CARTESIAN_POINT('',(25.708109257193,-21.,173.3833335291));
#2256 = CARTESIAN_POINT('',(25.546826726791,-21.,173.44331898822));
#2257 = CARTESIAN_POINT('',(25.385387880145,-21.,173.50288028101));
#2258 = CARTESIAN_POINT('',(25.146238361155,-21.,173.59040104206));
#2259 = CARTESIAN_POINT('',(25.068646665533,-21.,173.61868643916));
#2260 = CARTESIAN_POINT('',(24.991019553701,-21.,173.64687436289));
#2261 = CARTESIAN_POINT('',(24.913357214162,-21.,173.67496488167));
#2262 = CARTESIAN_POINT('',(24.835659832331,-21.,173.70295805706));
#2263 = CARTESIAN_POINT('',(24.757927590537,-21.,173.73085394375));
#2264 = CARTESIAN_POINT('',(24.68016066802,-21.,173.75865258956));
#2265 = CARTESIAN_POINT('',(24.527176020634,-21.,173.81312326045));
#2266 = CARTESIAN_POINT('',(24.451960578072,-21.,173.83980171772));
#2267 = CARTESIAN_POINT('',(24.376713075777,-21.,173.86638944238));
#2268 = CARTESIAN_POINT('',(24.301433666496,-21.,173.89288646627));
#2269 = CARTESIAN_POINT('',(24.226122502405,-21.,173.91929281383));
#2270 = CARTESIAN_POINT('',(24.150779737603,-21.,173.94560850093));
#2271 = CARTESIAN_POINT('',(24.075405523918,-21.,173.97183353648));
#2272 = CARTESIAN_POINT('',(24.,-21.,173.99796792698));
#2273 = ORIENTED_EDGE('',*,*,#2274,.F.);
#2274 = EDGE_CURVE('',#2275,#2219,#2277,.T.);
#2275 = VERTEX_POINT('',#2276);
#2276 = CARTESIAN_POINT('',(24.,-12.19111270835,175.50234627871));
#2277 = B_SPLINE_CURVE_WITH_KNOTS('',8,(#2278,#2279,#2280,#2281,#2282,
    #2283,#2284,#2285,#2286,#2287,#2288,#2289,#2290,#2291,#2292,#2293),
  .UNSPECIFIED.,.F.,.F.,(9,7,9),(0.,0.27383887616,1.),.UNSPECIFIED.);
#2278 = CARTESIAN_POINT('',(24.,-12.19111270835,175.50234627871));
#2279 = CARTESIAN_POINT('',(24.,-12.49855938156,175.50234627871));
#2280 = CARTESIAN_POINT('',(24.,-12.80601091162,175.4982053199));
#2281 = CARTESIAN_POINT('',(24.,-13.11340509868,175.49001286663));
#2282 = CARTESIAN_POINT('',(24.,-13.42068128657,175.47783841189));
#2283 = CARTESIAN_POINT('',(24.,-13.72778038755,175.461733029));
#2284 = CARTESIAN_POINT('',(24.,-14.03464490715,175.44173092335));
#2285 = CARTESIAN_POINT('',(24.,-14.34121896896,175.41785098412));
#2286 = CARTESIAN_POINT('',(24.,-15.45950200728,175.31650435088));
#2287 = CARTESIAN_POINT('',(24.,-16.26877719622,175.21570836248));
#2288 = CARTESIAN_POINT('',(24.,-17.07466059198,175.08780087902));
#2289 = CARTESIAN_POINT('',(24.,-17.87607293767,174.93211258868));
#2290 = CARTESIAN_POINT('',(24.,-18.67150762045,174.74743534722));
#2291 = CARTESIAN_POINT('',(24.,-19.45901004922,174.53196974239));
#2292 = CARTESIAN_POINT('',(24.,-20.23616861245,174.28330453718));
#2293 = CARTESIAN_POINT('',(24.,-21.,173.99796792698));
#2294 = ORIENTED_EDGE('',*,*,#2295,.T.);
#2295 = EDGE_CURVE('',#2275,#921,#2296,.T.);
#2296 = ( BOUNDED_CURVE() B_SPLINE_CURVE(2,(#2297,#2298,#2299),
.UNSPECIFIED.,.F.,.F.) B_SPLINE_CURVE_WITH_KNOTS((3,3),(0.,1.),
.PIECEWISE_BEZIER_KNOTS.) CURVE() GEOMETRIC_REPRESENTATION_ITEM() 
RATIONAL_B_SPLINE_CURVE((1.,1.,1.)) REPRESENTATION_ITEM('') );
#2297 = CARTESIAN_POINT('',(52.,-24.04,145.));
#2298 = CARTESIAN_POINT('',(50.617264657727,-16.28290473169,
    167.27144096417));
#2299 = CARTESIAN_POINT('',(17.,-11.,178.));
#2300 = ORIENTED_EDGE('',*,*,#934,.F.);
#2301 = ( BOUNDED_SURFACE() B_SPLINE_SURFACE(8,2,(
    (#2302,#2303,#2304)
    ,(#2305,#2306,#2307)
    ,(#2308,#2309,#2310)
    ,(#2311,#2312,#2313)
    ,(#2314,#2315,#2316)
    ,(#2317,#2318,#2319)
    ,(#2320,#2321,#2322)
    ,(#2323,#2324,#2325)
    ,(#2326,#2327,#2328
)),.UNSPECIFIED.,.F.,.F.,.F.) B_SPLINE_SURFACE_WITH_KNOTS((9,9),(3,3),(
    1.,2.),(0.,1.),.PIECEWISE_BEZIER_KNOTS.) 
GEOMETRIC_REPRESENTATION_ITEM() RATIONAL_B_SPLINE_SURFACE((
    (1.,1.,1.)
    ,(1.,1.,1.)
    ,(1.,1.,1.)
    ,(1.,1.,1.)
    ,(1.,1.,1.)
    ,(1.,1.,1.)
    ,(1.,1.,1.)
    ,(1.,1.,1.)
,(1.,1.,1.))) REPRESENTATION_ITEM('') SURFACE() );
#2302 = CARTESIAN_POINT('',(43.1,-32.94,145.));
#2303 = CARTESIAN_POINT('',(34.019325838309,-32.88084355111,
    167.27144096417));
#2304 = CARTESIAN_POINT('',(8.1,-19.9,178.));
#2305 = CARTESIAN_POINT('',(44.847510913559,-32.94,145.));
#2306 = CARTESIAN_POINT('',(37.278323504547,-32.88084355111,
    167.27144096417));
#2307 = CARTESIAN_POINT('',(9.847510913559,-19.9,178.));
#2308 = CARTESIAN_POINT('',(46.595022377187,-32.54785897824,145.));
#2309 = CARTESIAN_POINT('',(40.53732219663,-32.1495252716,
    167.27144096417));
#2310 = CARTESIAN_POINT('',(11.595022377188,-19.50785897824,178.));
#2311 = CARTESIAN_POINT('',(48.239867785583,-31.76358078625,145.));
#2312 = CARTESIAN_POINT('',(43.604855169205,-30.68689589541,
    167.27144096417));
#2313 = CARTESIAN_POINT('',(13.239867785582,-18.72358078625,178.));
#2314 = CARTESIAN_POINT('',(49.67940292644,-30.61940292644,145.));
#2315 = CARTESIAN_POINT('',(46.289497438465,-28.55307633184,
    167.27144096417));
#2316 = CARTESIAN_POINT('',(14.679402926441,-17.57940292644,178.));
#2317 = CARTESIAN_POINT('',(50.823580786256,-29.17986778558,145.));
#2318 = CARTESIAN_POINT('',(48.423317002027,-25.86843406259,
    167.27144096417));
#2319 = CARTESIAN_POINT('',(15.823580786256,-16.13986778558,178.));
#2320 = CARTESIAN_POINT('',(51.607858978245,-27.53502237718,145.));
#2321 = CARTESIAN_POINT('',(49.885946378214,-22.80090109001,
    167.27144096417));
#2322 = CARTESIAN_POINT('',(16.607858978245,-14.49502237718,178.));
#2323 = CARTESIAN_POINT('',(52.,-25.78751091355,145.));
#2324 = CARTESIAN_POINT('',(50.617264657727,-19.54190239793,
    167.27144096417));
#2325 = CARTESIAN_POINT('',(17.,-12.74751091355,178.));
#2326 = CARTESIAN_POINT('',(52.,-24.04,145.));
#2327 = CARTESIAN_POINT('',(50.617264657727,-16.28290473169,
    167.27144096417));
#2328 = CARTESIAN_POINT('',(17.,-11.,178.));
#2329 = ADVANCED_FACE('',(#2330),#2350,.F.);
#2330 = FACE_BOUND('',#2331,.F.);
#2331 = EDGE_LOOP('',(#2332,#2333,#2343,#2349));
#2332 = ORIENTED_EDGE('',*,*,#2295,.F.);
#2333 = ORIENTED_EDGE('',*,*,#2334,.F.);
#2334 = EDGE_CURVE('',#2335,#2275,#2337,.T.);
#2335 = VERTEX_POINT('',#2336);
#2336 = CARTESIAN_POINT('',(24.,12.191112708352,175.50234627871));
#2337 = B_SPLINE_CURVE_WITH_KNOTS('',4,(#2338,#2339,#2340,#2341,#2342),
  .UNSPECIFIED.,.F.,.F.,(5,5),(0.,1.),.PIECEWISE_BEZIER_KNOTS.);
#2338 = CARTESIAN_POINT('',(24.,12.191112708352,175.50234627871));
#2339 = CARTESIAN_POINT('',(24.,6.095556354176,175.50234627871));
#2340 = CARTESIAN_POINT('',(24.,-7.11E-15,175.50234627871));
#2341 = CARTESIAN_POINT('',(24.,-6.095556354176,175.50234627871));
#2342 = CARTESIAN_POINT('',(24.,-12.19111270835,175.50234627871));
#2343 = ORIENTED_EDGE('',*,*,#2344,.T.);
#2344 = EDGE_CURVE('',#2335,#907,#2345,.T.);
#2345 = ( BOUNDED_CURVE() B_SPLINE_CURVE(2,(#2346,#2347,#2348),
.UNSPECIFIED.,.F.,.F.) B_SPLINE_CURVE_WITH_KNOTS((3,3),(0.,1.),
.PIECEWISE_BEZIER_KNOTS.) CURVE() GEOMETRIC_REPRESENTATION_ITEM() 
RATIONAL_B_SPLINE_CURVE((1.,1.,1.)) REPRESENTATION_ITEM('') );
#2346 = CARTESIAN_POINT('',(52.,24.04,145.));
#2347 = CARTESIAN_POINT('',(50.617264657727,16.282904731697,
    167.27144096417));
#2348 = CARTESIAN_POINT('',(17.,11.,178.));
#2349 = ORIENTED_EDGE('',*,*,#920,.F.);
#2350 = ( BOUNDED_SURFACE() B_SPLINE_SURFACE(8,2,(
    (#2351,#2352,#2353)
    ,(#2354,#2355,#2356)
    ,(#2357,#2358,#2359)
    ,(#2360,#2361,#2362)
    ,(#2363,#2364,#2365)
    ,(#2366,#2367,#2368)
    ,(#2369,#2370,#2371)
    ,(#2372,#2373,#2374)
    ,(#2375,#2376,#2377
)),.UNSPECIFIED.,.F.,.F.,.F.) B_SPLINE_SURFACE_WITH_KNOTS((9,9),(3,3),(
    2.,3.),(0.,1.),.PIECEWISE_BEZIER_KNOTS.) 
GEOMETRIC_REPRESENTATION_ITEM() RATIONAL_B_SPLINE_SURFACE((
    (1.,1.,1.)
    ,(1.,1.,1.)
    ,(1.,1.,1.)
    ,(1.,1.,1.)
    ,(1.,1.,1.)
    ,(1.,1.,1.)
    ,(1.,1.,1.)
    ,(1.,1.,1.)
,(1.,1.,1.))) REPRESENTATION_ITEM('') SURFACE() );
#2351 = CARTESIAN_POINT('',(52.,-24.04,145.));
#2352 = CARTESIAN_POINT('',(50.617264657727,-16.28290473169,
    167.27144096417));
#2353 = CARTESIAN_POINT('',(17.,-11.,178.));
#2354 = CARTESIAN_POINT('',(52.,-18.03,145.));
#2355 = CARTESIAN_POINT('',(50.617264657727,-12.21217854877,
    167.27144096417));
#2356 = CARTESIAN_POINT('',(17.,-8.25,178.));
#2357 = CARTESIAN_POINT('',(52.,-12.02,145.));
#2358 = CARTESIAN_POINT('',(50.617264657727,-8.141452365848,
    167.27144096417));
#2359 = CARTESIAN_POINT('',(17.,-5.5,178.));
#2360 = CARTESIAN_POINT('',(52.,-6.01,145.));
#2361 = CARTESIAN_POINT('',(50.617264657727,-4.070726182924,
    167.27144096417));
#2362 = CARTESIAN_POINT('',(17.,-2.75,178.));
#2363 = CARTESIAN_POINT('',(52.,0.,145.));
#2364 = CARTESIAN_POINT('',(50.617264657727,-3.E-16,167.27144096417));
#2365 = CARTESIAN_POINT('',(17.,1.1E-16,178.));
#2366 = CARTESIAN_POINT('',(52.,6.01,145.));
#2367 = CARTESIAN_POINT('',(50.617264657727,4.070726182924,
    167.27144096417));
#2368 = CARTESIAN_POINT('',(17.,2.75,178.));
#2369 = CARTESIAN_POINT('',(52.,12.02,145.));
#2370 = CARTESIAN_POINT('',(50.617264657727,8.141452365848,
    167.27144096417));
#2371 = CARTESIAN_POINT('',(17.,5.5,178.));
#2372 = CARTESIAN_POINT('',(52.,18.03,145.));
#2373 = CARTESIAN_POINT('',(50.617264657727,12.212178548772,
    167.27144096417));
#2374 = CARTESIAN_POINT('',(17.,8.25,178.));
#2375 = CARTESIAN_POINT('',(52.,24.04,145.));
#2376 = CARTESIAN_POINT('',(50.617264657727,16.282904731697,
    167.27144096417));
#2377 = CARTESIAN_POINT('',(17.,11.,178.));
#2378 = ADVANCED_FACE('',(#2379),#2492,.F.);
#2379 = FACE_BOUND('',#2380,.F.);
#2380 = EDGE_LOOP('',(#2381,#2391,#2413,#2424,#2438,#2444,#2445,#2446,
    #2463));
#2381 = ORIENTED_EDGE('',*,*,#2382,.F.);
#2382 = EDGE_CURVE('',#2383,#2385,#2387,.T.);
#2383 = VERTEX_POINT('',#2384);
#2384 = CARTESIAN_POINT('',(51.737852902506,23.164237713118,147.5));
#2385 = VERTEX_POINT('',#2386);
#2386 = CARTESIAN_POINT('',(45.239767483076,18.,161.5693225311));
#2387 = ( BOUNDED_CURVE() B_SPLINE_CURVE(2,(#2388,#2389,#2390),
.UNSPECIFIED.,.F.,.F.) B_SPLINE_CURVE_WITH_KNOTS((3,3),(0.,1.),
.PIECEWISE_BEZIER_KNOTS.) CURVE() GEOMETRIC_REPRESENTATION_ITEM() 
RATIONAL_B_SPLINE_CURVE((1.,1.,1.)) REPRESENTATION_ITEM('') );
#2388 = CARTESIAN_POINT('',(52.,24.04,145.));
#2389 = CARTESIAN_POINT('',(50.617264657727,16.282904731697,
    167.27144096417));
#2390 = CARTESIAN_POINT('',(17.,11.,178.));
#2391 = ORIENTED_EDGE('',*,*,#2392,.F.);
#2392 = EDGE_CURVE('',#2393,#2383,#2395,.T.);
#2393 = VERTEX_POINT('',#2394);
#2394 = CARTESIAN_POINT('',(48.93092387392,30.,147.5));
#2395 = B_SPLINE_CURVE_WITH_KNOTS('',6,(#2396,#2397,#2398,#2399,#2400,
    #2401,#2402,#2403,#2404,#2405,#2406,#2407,#2408,#2409,#2410,#2411,
    #2412),.UNSPECIFIED.,.F.,.F.,(7,5,5,7),(0.,0.506140391626,
    0.95565301034,1.),.UNSPECIFIED.);
#2396 = CARTESIAN_POINT('',(48.93092387392,30.,147.5));
#2397 = CARTESIAN_POINT('',(49.380274265392,29.545101805808,147.5));
#2398 = CARTESIAN_POINT('',(49.793767724947,29.054730589161,147.5));
#2399 = CARTESIAN_POINT('',(50.167842970492,28.532477206706,147.5));
#2400 = CARTESIAN_POINT('',(50.499526436995,27.982325217178,147.5));
#2401 = CARTESIAN_POINT('',(50.786335144628,27.408581952551,147.5));
#2402 = CARTESIAN_POINT('',(51.239569242752,26.289600631282,147.5));
#2403 = CARTESIAN_POINT('',(51.415892293017,25.748308127825,147.5));
#2404 = CARTESIAN_POINT('',(51.554019426076,25.195330719866,147.5));
#2405 = CARTESIAN_POINT('',(51.65304405253,24.634031119132,147.5));
#2406 = CARTESIAN_POINT('',(51.712424900589,24.067849776912,147.5));
#2407 = CARTESIAN_POINT('',(51.733980989835,23.444324318293,147.5));
#2408 = CARTESIAN_POINT('',(51.735529677611,23.388320377634,147.5));
#2409 = CARTESIAN_POINT('',(51.736691270665,23.332306402094,147.5));
#2410 = CARTESIAN_POINT('',(51.737465691846,23.276285736031,147.5));
#2411 = CARTESIAN_POINT('',(51.737852902506,23.220261724474,147.5));
#2412 = CARTESIAN_POINT('',(51.737852902506,23.164237713118,147.5));
#2413 = ORIENTED_EDGE('',*,*,#2414,.F.);
#2414 = EDGE_CURVE('',#2415,#2393,#2417,.T.);
#2415 = VERTEX_POINT('',#2416);
#2416 = CARTESIAN_POINT('',(49.709720113681,30.,145.));
#2417 = B_SPLINE_CURVE_WITH_KNOTS('',5,(#2418,#2419,#2420,#2421,#2422,
    #2423),.UNSPECIFIED.,.F.,.F.,(6,6),(0.,1.),
  .PIECEWISE_BEZIER_KNOTS.);
#2418 = CARTESIAN_POINT('',(49.709720113681,30.,145.));
#2419 = CARTESIAN_POINT('',(49.579602846514,30.,145.50751504897));
#2420 = CARTESIAN_POINT('',(49.43669122545,30.,146.01175119583));
#2421 = CARTESIAN_POINT('',(49.280921190323,30.,146.5122285764));
#2422 = CARTESIAN_POINT('',(49.112301215256,30.,147.00846910847));
#2423 = CARTESIAN_POINT('',(48.93092387392,30.,147.5));
#2424 = ORIENTED_EDGE('',*,*,#2425,.T.);
#2425 = EDGE_CURVE('',#2415,#2426,#2428,.T.);
#2426 = VERTEX_POINT('',#2427);
#2427 = CARTESIAN_POINT('',(43.1,32.94,145.));
#2428 = B_SPLINE_CURVE_WITH_KNOTS('',8,(#2429,#2430,#2431,#2432,#2433,
    #2434,#2435,#2436,#2437),.UNSPECIFIED.,.F.,.F.,(9,9),(3.,4.),
  .PIECEWISE_BEZIER_KNOTS.);
#2429 = CARTESIAN_POINT('',(52.,24.04,145.));
#2430 = CARTESIAN_POINT('',(52.,25.787510913559,145.));
#2431 = CARTESIAN_POINT('',(51.607858978245,27.535022377187,145.));
#2432 = CARTESIAN_POINT('',(50.823580786256,29.179867785582,145.));
#2433 = CARTESIAN_POINT('',(49.679402926441,30.619402926441,145.));
#2434 = CARTESIAN_POINT('',(48.239867785582,31.763580786256,145.));
#2435 = CARTESIAN_POINT('',(46.595022377187,32.547858978245,145.));
#2436 = CARTESIAN_POINT('',(44.847510913559,32.94,145.));
#2437 = CARTESIAN_POINT('',(43.1,32.94,145.));
#2438 = ORIENTED_EDGE('',*,*,#2439,.T.);
#2439 = EDGE_CURVE('',#2426,#893,#2440,.T.);
#2440 = ( BOUNDED_CURVE() B_SPLINE_CURVE(2,(#2441,#2442,#2443),
.UNSPECIFIED.,.F.,.F.) B_SPLINE_CURVE_WITH_KNOTS((3,3),(0.,1.),
.PIECEWISE_BEZIER_KNOTS.) CURVE() GEOMETRIC_REPRESENTATION_ITEM() 
RATIONAL_B_SPLINE_CURVE((1.,1.,1.)) REPRESENTATION_ITEM('') );
#2441 = CARTESIAN_POINT('',(43.1,32.94,145.));
#2442 = CARTESIAN_POINT('',(34.019325838309,32.880843551115,
    167.27144096417));
#2443 = CARTESIAN_POINT('',(8.1,19.9,178.));
#2444 = ORIENTED_EDGE('',*,*,#906,.F.);
#2445 = ORIENTED_EDGE('',*,*,#2344,.F.);
#2446 = ORIENTED_EDGE('',*,*,#2447,.F.);
#2447 = EDGE_CURVE('',#2448,#2335,#2450,.T.);
#2448 = VERTEX_POINT('',#2449);
#2449 = CARTESIAN_POINT('',(24.,18.,174.87458543356));
#2450 = B_SPLINE_CURVE_WITH_KNOTS('',6,(#2451,#2452,#2453,#2454,#2455,
    #2456,#2457,#2458,#2459,#2460,#2461,#2462),.UNSPECIFIED.,.F.,.F.,(7,
    5,7),(0.,0.578880857095,1.),.UNSPECIFIED.);
#2451 = CARTESIAN_POINT('',(24.,18.,174.87458543356));
#2452 = CARTESIAN_POINT('',(24.,17.448418719593,174.9961915428));
#2453 = CARTESIAN_POINT('',(24.,16.893565662054,175.10286278701));
#2454 = CARTESIAN_POINT('',(24.,16.336070633242,175.19524167932));
#2455 = CARTESIAN_POINT('',(24.,15.776477051982,175.2737283418));
#2456 = CARTESIAN_POINT('',(24.,15.215250607557,175.33853049867));
#2457 = CARTESIAN_POINT('',(24.,14.243586796642,175.42677795016));
#2458 = CARTESIAN_POINT('',(24.,13.833752959955,175.45668024328));
#2459 = CARTESIAN_POINT('',(24.,13.42342436814,175.47930813093));
#2460 = CARTESIAN_POINT('',(24.,13.012761574473,175.49458285366));
#2461 = CARTESIAN_POINT('',(24.,12.601932601667,175.50234627871));
#2462 = CARTESIAN_POINT('',(24.,12.191112708352,175.50234627871));
#2463 = ORIENTED_EDGE('',*,*,#2464,.T.);
#2464 = EDGE_CURVE('',#2448,#2385,#2465,.T.);
#2465 = B_SPLINE_CURVE_WITH_KNOTS('',7,(#2466,#2467,#2468,#2469,#2470,
    #2471,#2472,#2473,#2474,#2475,#2476,#2477,#2478,#2479,#2480,#2481,
    #2482,#2483,#2484,#2485,#2486,#2487,#2488,#2489,#2490,#2491),
  .UNSPECIFIED.,.F.,.F.,(8,6,6,6,8),(0.,1.326947608219E-02,
    0.524012653813,0.945656082416,1.),.UNSPECIFIED.);
#2466 = CARTESIAN_POINT('',(24.,18.,174.87458543356));
#2467 = CARTESIAN_POINT('',(24.045091685302,18.,174.85806495991));
#2468 = CARTESIAN_POINT('',(24.09017262711,18.,174.84151511647));
#2469 = CARTESIAN_POINT('',(24.13524278272,18.,174.82493585681));
#2470 = CARTESIAN_POINT('',(24.180302109197,18.,174.80832713518));
#2471 = CARTESIAN_POINT('',(24.225350563379,18.,174.79168890649));
#2472 = CARTESIAN_POINT('',(24.270388101877,18.,174.77502112631));
#2473 = CARTESIAN_POINT('',(26.048491254493,18.,174.11564045903));
#2474 = CARTESIAN_POINT('',(27.764989371527,18.,173.42923836916));
#2475 = CARTESIAN_POINT('',(29.462972452678,18.,172.69634717644));
#2476 = CARTESIAN_POINT('',(31.139184737836,18.,171.91339234956));
#2477 = CARTESIAN_POINT('',(32.789094963529,18.,171.07612575442));
#2478 = CARTESIAN_POINT('',(34.406860696679,18.,170.17954709613));
#2479 = CARTESIAN_POINT('',(37.28784871815,18.,168.42287130978));
#2480 = CARTESIAN_POINT('',(38.563045959217,18.,167.5840870415));
#2481 = CARTESIAN_POINT('',(39.806758813671,18.,166.69721131075));
#2482 = CARTESIAN_POINT('',(41.013220396083,18.,165.75854568093));
#2483 = CARTESIAN_POINT('',(42.174777205494,18.,164.76446568045));
#2484 = CARTESIAN_POINT('',(43.282051182802,18.,163.71161489578));
#2485 = CARTESIAN_POINT('',(44.458074799328,18.,162.45308330325));
#2486 = CARTESIAN_POINT('',(44.591247342492,18.,162.30837306826));
#2487 = CARTESIAN_POINT('',(44.723299276258,18.,162.16263523862));
#2488 = CARTESIAN_POINT('',(44.854204455267,18.,162.01586519556));
#2489 = CARTESIAN_POINT('',(44.983936032357,18.,161.86805878251));
#2490 = CARTESIAN_POINT('',(45.112466458554,18.,161.71921230508));
#2491 = CARTESIAN_POINT('',(45.239767483076,18.,161.5693225311));
#2492 = ( BOUNDED_SURFACE() B_SPLINE_SURFACE(8,2,(
    (#2493,#2494,#2495)
    ,(#2496,#2497,#2498)
    ,(#2499,#2500,#2501)
    ,(#2502,#2503,#2504)
    ,(#2505,#2506,#2507)
    ,(#2508,#2509,#2510)
    ,(#2511,#2512,#2513)
    ,(#2514,#2515,#2516)
    ,(#2517,#2518,#2519
)),.UNSPECIFIED.,.F.,.F.,.F.) B_SPLINE_SURFACE_WITH_KNOTS((9,9),(3,3),(
    3.,4.),(0.,1.),.PIECEWISE_BEZIER_KNOTS.) 
GEOMETRIC_REPRESENTATION_ITEM() RATIONAL_B_SPLINE_SURFACE((
    (1.,1.,1.)
    ,(1.,1.,1.)
    ,(1.,1.,1.)
    ,(1.,1.,1.)
    ,(1.,1.,1.)
    ,(1.,1.,1.)
    ,(1.,1.,1.)
    ,(1.,1.,1.)
,(1.,1.,1.))) REPRESENTATION_ITEM('') SURFACE() );
#2493 = CARTESIAN_POINT('',(52.,24.04,145.));
#2494 = CARTESIAN_POINT('',(50.617264657727,16.282904731697,
    167.27144096417));
#2495 = CARTESIAN_POINT('',(17.,11.,178.));
#2496 = CARTESIAN_POINT('',(52.,25.787510913559,145.));
#2497 = CARTESIAN_POINT('',(50.617264657727,19.541902397935,
    167.27144096417));
#2498 = CARTESIAN_POINT('',(17.,12.747510913559,178.));
#2499 = CARTESIAN_POINT('',(51.607858978245,27.535022377187,145.));
#2500 = CARTESIAN_POINT('',(49.885946378215,22.800901090017,
    167.27144096417));
#2501 = CARTESIAN_POINT('',(16.607858978245,14.495022377187,178.));
#2502 = CARTESIAN_POINT('',(50.823580786256,29.179867785582,145.));
#2503 = CARTESIAN_POINT('',(48.423317002027,25.868434062595,
    167.27144096417));
#2504 = CARTESIAN_POINT('',(15.823580786257,16.139867785583,178.));
#2505 = CARTESIAN_POINT('',(49.679402926441,30.619402926441,145.));
#2506 = CARTESIAN_POINT('',(46.289497438465,28.55307633185,
    167.27144096417));
#2507 = CARTESIAN_POINT('',(14.67940292644,17.57940292644,178.));
#2508 = CARTESIAN_POINT('',(48.239867785582,31.763580786256,145.));
#2509 = CARTESIAN_POINT('',(43.604855169205,30.686895895416,
    167.27144096417));
#2510 = CARTESIAN_POINT('',(13.239867785583,18.723580786257,178.));
#2511 = CARTESIAN_POINT('',(46.595022377187,32.547858978245,145.));
#2512 = CARTESIAN_POINT('',(40.537322196631,32.149525271602,
    167.27144096417));
#2513 = CARTESIAN_POINT('',(11.595022377187,19.507858978245,178.));
#2514 = CARTESIAN_POINT('',(44.847510913559,32.94,145.));
#2515 = CARTESIAN_POINT('',(37.278323504547,32.880843551115,
    167.27144096417));
#2516 = CARTESIAN_POINT('',(9.847510913559,19.9,178.));
#2517 = CARTESIAN_POINT('',(43.1,32.94,145.));
#2518 = CARTESIAN_POINT('',(34.019325838309,32.880843551115,
    167.27144096417));
#2519 = CARTESIAN_POINT('',(8.1,19.9,178.));
#2520 = ADVANCED_FACE('',(#2521),#2538,.F.);
#2521 = FACE_BOUND('',#2522,.F.);
#2522 = EDGE_LOOP('',(#2523,#2524,#2536,#2537));
#2523 = ORIENTED_EDGE('',*,*,#2439,.F.);
#2524 = ORIENTED_EDGE('',*,*,#2525,.T.);
#2525 = EDGE_CURVE('',#2426,#2125,#2526,.T.);
#2526 = B_SPLINE_CURVE_WITH_KNOTS('',8,(#2527,#2528,#2529,#2530,#2531,
    #2532,#2533,#2534,#2535),.UNSPECIFIED.,.F.,.F.,(9,9),(4.,5.),
  .PIECEWISE_BEZIER_KNOTS.);
#2527 = CARTESIAN_POINT('',(43.1,32.94,145.));
#2528 = CARTESIAN_POINT('',(31.70625,32.94,145.));
#2529 = CARTESIAN_POINT('',(20.3125,32.94,145.));
#2530 = CARTESIAN_POINT('',(8.91875,32.94,145.));
#2531 = CARTESIAN_POINT('',(-2.475,32.94,145.));
#2532 = CARTESIAN_POINT('',(-13.86875,32.94,145.));
#2533 = CARTESIAN_POINT('',(-25.2625,32.94,145.));
#2534 = CARTESIAN_POINT('',(-36.65625,32.94,145.));
#2535 = CARTESIAN_POINT('',(-48.05,32.94,145.));
#2536 = ORIENTED_EDGE('',*,*,#2132,.T.);
#2537 = ORIENTED_EDGE('',*,*,#892,.F.);
#2538 = ( BOUNDED_SURFACE() B_SPLINE_SURFACE(8,2,(
    (#2539,#2540,#2541)
    ,(#2542,#2543,#2544)
    ,(#2545,#2546,#2547)
    ,(#2548,#2549,#2550)
    ,(#2551,#2552,#2553)
    ,(#2554,#2555,#2556)
    ,(#2557,#2558,#2559)
    ,(#2560,#2561,#2562)
    ,(#2563,#2564,#2565
)),.UNSPECIFIED.,.F.,.F.,.F.) B_SPLINE_SURFACE_WITH_KNOTS((9,9),(3,3),(
    4.,5.),(0.,1.),.PIECEWISE_BEZIER_KNOTS.) 
GEOMETRIC_REPRESENTATION_ITEM() RATIONAL_B_SPLINE_SURFACE((
    (1.,1.,1.)
    ,(1.,1.,1.)
    ,(1.,1.,1.)
    ,(1.,1.,1.)
    ,(1.,1.,1.)
    ,(1.,1.,1.)
    ,(1.,1.,1.)
    ,(1.,1.,1.)
,(1.,1.,1.))) REPRESENTATION_ITEM('') SURFACE() );
#2539 = CARTESIAN_POINT('',(43.1,32.94,145.));
#2540 = CARTESIAN_POINT('',(34.019325838309,32.880843551115,
    167.27144096417));
#2541 = CARTESIAN_POINT('',(8.1,19.9,178.));
#2542 = CARTESIAN_POINT('',(31.70625,32.94,145.));
#2543 = CARTESIAN_POINT('',(24.929240823306,32.880843551115,
    167.27144096417));
#2544 = CARTESIAN_POINT('',(2.3375,19.9,178.));
#2545 = CARTESIAN_POINT('',(20.3125,32.94,145.));
#2546 = CARTESIAN_POINT('',(15.839155808304,32.880843551115,
    167.27144096417));
#2547 = CARTESIAN_POINT('',(-3.425,19.9,178.));
#2548 = CARTESIAN_POINT('',(8.91875,32.94,145.));
#2549 = CARTESIAN_POINT('',(6.749070793302,32.880843551115,
    167.27144096417));
#2550 = CARTESIAN_POINT('',(-9.1875,19.9,178.));
#2551 = CARTESIAN_POINT('',(-2.475,32.94,145.));
#2552 = CARTESIAN_POINT('',(-2.3410142217,32.880843551115,
    167.27144096417));
#2553 = CARTESIAN_POINT('',(-14.95,19.9,178.));
#2554 = CARTESIAN_POINT('',(-13.86875,32.94,145.));
#2555 = CARTESIAN_POINT('',(-11.4310992367,32.880843551115,
    167.27144096417));
#2556 = CARTESIAN_POINT('',(-20.7125,19.9,178.));
#2557 = CARTESIAN_POINT('',(-25.2625,32.94,145.));
#2558 = CARTESIAN_POINT('',(-20.5211842517,32.880843551115,
    167.27144096417));
#2559 = CARTESIAN_POINT('',(-26.475,19.9,178.));
#2560 = CARTESIAN_POINT('',(-36.65625,32.94,145.));
#2561 = CARTESIAN_POINT('',(-29.6112692667,32.880843551115,
    167.27144096417));
#2562 = CARTESIAN_POINT('',(-32.2375,19.9,178.));
#2563 = CARTESIAN_POINT('',(-48.05,32.94,145.));
#2564 = CARTESIAN_POINT('',(-38.7013542817,32.880843551115,
    167.27144096417));
#2565 = CARTESIAN_POINT('',(-38.,19.9,178.));
#2566 = ADVANCED_FACE('',(#2567),#2587,.T.);
#2567 = FACE_BOUND('',#2568,.T.);
#2568 = EDGE_LOOP('',(#2569,#2577,#2585,#2586));
#2569 = ORIENTED_EDGE('',*,*,#2570,.F.);
#2570 = EDGE_CURVE('',#2571,#857,#2573,.T.);
#2571 = VERTEX_POINT('',#2572);
#2572 = CARTESIAN_POINT('',(42.760705626883,36.034974261071,146.));
#2573 = ( BOUNDED_CURVE() B_SPLINE_CURVE(2,(#2574,#2575,#2576),
.UNSPECIFIED.,.F.,.F.) B_SPLINE_CURVE_WITH_KNOTS((3,3),(0.,1.),
.PIECEWISE_BEZIER_KNOTS.) CURVE() GEOMETRIC_REPRESENTATION_ITEM() 
RATIONAL_B_SPLINE_CURVE((1.,1.,1.)) REPRESENTATION_ITEM('') );
#2574 = CARTESIAN_POINT('',(43.1,36.04,145.));
#2575 = CARTESIAN_POINT('',(35.968892146229,36.0834721491,
    166.71276105271));
#2576 = CARTESIAN_POINT('',(12.,23.,178.));
#2577 = ORIENTED_EDGE('',*,*,#2578,.F.);
#2578 = EDGE_CURVE('',#2163,#2571,#2579,.T.);
#2579 = B_SPLINE_CURVE_WITH_KNOTS('',4,(#2580,#2581,#2582,#2583,#2584),
  .UNSPECIFIED.,.F.,.F.,(5,5),(0.,1.),.PIECEWISE_BEZIER_KNOTS.);
#2580 = CARTESIAN_POINT('',(-13.85,36.034974261071,146.));
#2581 = CARTESIAN_POINT('',(0.302676406721,36.034974261071,146.));
#2582 = CARTESIAN_POINT('',(14.455352813441,36.034974261071,146.));
#2583 = CARTESIAN_POINT('',(28.608029220162,36.034974261071,146.));
#2584 = CARTESIAN_POINT('',(42.760705626883,36.034974261071,146.));
#2585 = ORIENTED_EDGE('',*,*,#2162,.T.);
#2586 = ORIENTED_EDGE('',*,*,#870,.F.);
#2587 = ( BOUNDED_SURFACE() B_SPLINE_SURFACE(8,2,(
    (#2588,#2589,#2590)
    ,(#2591,#2592,#2593)
    ,(#2594,#2595,#2596)
    ,(#2597,#2598,#2599)
    ,(#2600,#2601,#2602)
    ,(#2603,#2604,#2605)
    ,(#2606,#2607,#2608)
    ,(#2609,#2610,#2611)
    ,(#2612,#2613,#2614
)),.UNSPECIFIED.,.F.,.F.,.F.) B_SPLINE_SURFACE_WITH_KNOTS((9,9),(3,3),(
    4.,5.),(0.,1.),.PIECEWISE_BEZIER_KNOTS.) 
GEOMETRIC_REPRESENTATION_ITEM() RATIONAL_B_SPLINE_SURFACE((
    (1.,1.,1.)
    ,(1.,1.,1.)
    ,(1.,1.,1.)
    ,(1.,1.,1.)
    ,(1.,1.,1.)
    ,(1.,1.,1.)
    ,(1.,1.,1.)
    ,(1.,1.,1.)
,(1.,1.,1.))) REPRESENTATION_ITEM('') SURFACE() );
#2588 = CARTESIAN_POINT('',(43.1,36.04,145.));
#2589 = CARTESIAN_POINT('',(35.968892146229,36.0834721491,
    166.71276105271));
#2590 = CARTESIAN_POINT('',(12.,23.,178.));
#2591 = CARTESIAN_POINT('',(31.70625,36.04,145.));
#2592 = CARTESIAN_POINT('',(26.609508729277,36.0834721491,
    166.71276105271));
#2593 = CARTESIAN_POINT('',(5.75,23.,178.));
#2594 = CARTESIAN_POINT('',(20.3125,36.04,145.));
#2595 = CARTESIAN_POINT('',(17.250125312325,36.0834721491,
    166.71276105271));
#2596 = CARTESIAN_POINT('',(-0.5,23.,178.));
#2597 = CARTESIAN_POINT('',(8.91875,36.04,145.));
#2598 = CARTESIAN_POINT('',(7.890741895374,36.0834721491,166.71276105271
    ));
#2599 = CARTESIAN_POINT('',(-6.75,23.,178.));
#2600 = CARTESIAN_POINT('',(-2.475,36.04,145.));
#2601 = CARTESIAN_POINT('',(-1.468641521578,36.0834721491,
    166.71276105271));
#2602 = CARTESIAN_POINT('',(-13.,23.,178.));
#2603 = CARTESIAN_POINT('',(-13.86875,36.04,145.));
#2604 = CARTESIAN_POINT('',(-10.82802493853,36.0834721491,
    166.71276105271));
#2605 = CARTESIAN_POINT('',(-19.25,23.,178.));
#2606 = CARTESIAN_POINT('',(-25.2625,36.04,145.));
#2607 = CARTESIAN_POINT('',(-20.18740835548,36.0834721491,
    166.71276105271));
#2608 = CARTESIAN_POINT('',(-25.5,23.,178.));
#2609 = CARTESIAN_POINT('',(-36.65625,36.04,145.));
#2610 = CARTESIAN_POINT('',(-29.54679177243,36.0834721491,
    166.71276105271));
#2611 = CARTESIAN_POINT('',(-31.75,23.,178.));
#2612 = CARTESIAN_POINT('',(-48.05,36.04,145.));
#2613 = CARTESIAN_POINT('',(-38.90617518938,36.0834721491,
    166.71276105271));
#2614 = CARTESIAN_POINT('',(-38.,23.,178.));
#2615 = ADVANCED_FACE('',(#2616),#2746,.T.);
#2616 = FACE_BOUND('',#2617,.T.);
#2617 = EDGE_LOOP('',(#2618,#2628,#2647,#2658,#2698,#2699,#2700,#2717));
#2618 = ORIENTED_EDGE('',*,*,#2619,.F.);
#2619 = EDGE_CURVE('',#2620,#2622,#2624,.T.);
#2620 = VERTEX_POINT('',#2621);
#2621 = CARTESIAN_POINT('',(55.044862564471,23.165311787446,147.5));
#2622 = VERTEX_POINT('',#2623);
#2623 = CARTESIAN_POINT('',(49.719828906277,18.,161.55817240065));
#2624 = ( BOUNDED_CURVE() B_SPLINE_CURVE(2,(#2625,#2626,#2627),
.UNSPECIFIED.,.F.,.F.) B_SPLINE_CURVE_WITH_KNOTS((3,3),(0.,1.),
.PIECEWISE_BEZIER_KNOTS.) CURVE() GEOMETRIC_REPRESENTATION_ITEM() 
RATIONAL_B_SPLINE_CURVE((1.,1.,1.)) REPRESENTATION_ITEM('') );
#2625 = CARTESIAN_POINT('',(55.1,24.04,145.));
#2626 = CARTESIAN_POINT('',(55.56279852537,16.489565769959,
    166.71276105271));
#2627 = CARTESIAN_POINT('',(24.,11.,178.));
#2628 = ORIENTED_EDGE('',*,*,#2629,.F.);
#2629 = EDGE_CURVE('',#2630,#2620,#2632,.T.);
#2630 = VERTEX_POINT('',#2631);
#2631 = CARTESIAN_POINT('',(53.073762002954,30.,147.5));
#2632 = B_SPLINE_CURVE_WITH_KNOTS('',7,(#2633,#2634,#2635,#2636,#2637,
    #2638,#2639,#2640,#2641,#2642,#2643,#2644,#2645,#2646),
  .UNSPECIFIED.,.F.,.F.,(8,6,8),(0.,2.936500537716E-02,1.),
  .UNSPECIFIED.);
#2633 = CARTESIAN_POINT('',(53.073762002954,30.,147.5));
#2634 = CARTESIAN_POINT('',(53.089861744725,29.974409059512,147.5));
#2635 = CARTESIAN_POINT('',(53.105891114114,29.948773892008,147.5));
#2636 = CARTESIAN_POINT('',(53.121850123526,29.923094634959,147.5));
#2637 = CARTESIAN_POINT('',(53.137738363915,29.897371707671,147.5));
#2638 = CARTESIAN_POINT('',(53.153555954267,29.871605144972,147.5));
#2639 = CARTESIAN_POINT('',(53.169302588844,29.845795307579,147.5));
#2640 = CARTESIAN_POINT('',(53.70312150932,28.965396182216,147.5));
#2641 = CARTESIAN_POINT('',(54.14373071804,28.063629577816,147.5));
#2642 = CARTESIAN_POINT('',(54.501461688359,27.123350407972,147.5));
#2643 = CARTESIAN_POINT('',(54.772463214144,26.153711981585,147.5));
#2644 = CARTESIAN_POINT('',(54.9540810232,25.164211445939,147.5));
#2645 = CARTESIAN_POINT('',(55.044862564471,24.164672404936,147.5));
#2646 = CARTESIAN_POINT('',(55.044862564471,23.165311787446,147.5));
#2647 = ORIENTED_EDGE('',*,*,#2648,.F.);
#2648 = EDGE_CURVE('',#2649,#2630,#2651,.T.);
#2649 = VERTEX_POINT('',#2650);
#2650 = CARTESIAN_POINT('',(53.370378521394,30.,146.));
#2651 = B_SPLINE_CURVE_WITH_KNOTS('',5,(#2652,#2653,#2654,#2655,#2656,
    #2657),.UNSPECIFIED.,.F.,.F.,(6,6),(0.,1.),
  .PIECEWISE_BEZIER_KNOTS.);
#2652 = CARTESIAN_POINT('',(53.515296442865,30.,145.));
#2653 = CARTESIAN_POINT('',(53.45255875453,30.,145.50407327428));
#2654 = CARTESIAN_POINT('',(53.377184536403,30.,146.00657487781));
#2655 = CARTESIAN_POINT('',(53.288990141535,30.,146.50704830803));
#2656 = CARTESIAN_POINT('',(53.18785856974,30.,147.00501938928));
#2657 = CARTESIAN_POINT('',(53.073762002954,30.,147.5));
#2658 = ORIENTED_EDGE('',*,*,#2659,.F.);
#2659 = EDGE_CURVE('',#2571,#2649,#2660,.T.);
#2660 = B_SPLINE_CURVE_WITH_KNOTS('',6,(#2661,#2662,#2663,#2664,#2665,
    #2666,#2667,#2668,#2669,#2670,#2671,#2672,#2673,#2674,#2675,#2676,
    #2677,#2678,#2679,#2680,#2681,#2682,#2683,#2684,#2685,#2686,#2687,
    #2688,#2689,#2690,#2691,#2692,#2693,#2694,#2695,#2696,#2697),
  .UNSPECIFIED.,.F.,.F.,(7,5,5,5,5,5,5,7),(0.,4.404086789508E-02,
    0.194387215756,0.522412791544,0.955216557023,0.977996316275,
    0.988626870619,1.),.UNSPECIFIED.);
#2661 = CARTESIAN_POINT('',(42.760705626883,36.034974261071,146.));
#2662 = CARTESIAN_POINT('',(42.854420147507,36.034974261071,146.));
#2663 = CARTESIAN_POINT('',(42.948134669141,36.03412046272,146.));
#2664 = CARTESIAN_POINT('',(43.0418394663,36.03241286643,146.));
#2665 = CARTESIAN_POINT('',(43.135524816876,36.029851620139,146.));
#2666 = CARTESIAN_POINT('',(43.229181002131,36.026437019311,146.));
#2667 = CARTESIAN_POINT('',(43.642388281011,36.007601108755,146.));
#2668 = CARTESIAN_POINT('',(43.961525619037,35.983092862893,146.));
#2669 = CARTESIAN_POINT('',(44.279822878162,35.948662467549,146.));
#2670 = CARTESIAN_POINT('',(44.596895083308,35.904347528257,146.));
#2671 = CARTESIAN_POINT('',(44.912359726942,35.850205557897,146.));
#2672 = CARTESIAN_POINT('',(45.909780800332,35.64691536134,146.));
#2673 = CARTESIAN_POINT('',(46.584287860265,35.461101257051,146.));
#2674 = CARTESIAN_POINT('',(47.245371051078,35.229678456763,146.));
#2675 = CARTESIAN_POINT('',(47.88921598327,34.95390462945,146.));
#2676 = CARTESIAN_POINT('',(48.512160152861,34.635428229103,146.));
#2677 = CARTESIAN_POINT('',(49.900468385758,33.802567065085,146.));
#2678 = CARTESIAN_POINT('',(50.647876994396,33.25803215523,146.));
#2679 = CARTESIAN_POINT('',(51.344843365227,32.647567711701,146.));
#2680 = CARTESIAN_POINT('',(51.984309390532,31.977111031894,146.));
#2681 = CARTESIAN_POINT('',(52.560043853735,31.253462136396,146.));
#2682 = CARTESIAN_POINT('',(53.093558300388,30.444037649075,146.));
#2683 = CARTESIAN_POINT('',(53.120043984462,30.403439679256,146.));
#2684 = CARTESIAN_POINT('',(53.146338206999,30.362717123321,146.));
#2685 = CARTESIAN_POINT('',(53.172440236354,30.32187111049,146.));
#2686 = CARTESIAN_POINT('',(53.198349349776,30.280902775693,146.));
#2687 = CARTESIAN_POINT('',(53.23606539246,30.220638152003,146.));
#2688 = CARTESIAN_POINT('',(53.248023783259,30.201436653819,146.));
#2689 = CARTESIAN_POINT('',(53.259939933254,30.182208880939,146.));
#2690 = CARTESIAN_POINT('',(53.271813770327,30.162954949544,146.));
#2691 = CARTESIAN_POINT('',(53.283645222783,30.143674976078,146.));
#2692 = CARTESIAN_POINT('',(53.308046711513,30.103714605423,146.));
#2693 = CARTESIAN_POINT('',(53.320610609201,30.083030464283,146.));
#2694 = CARTESIAN_POINT('',(53.333125824762,30.062316788319,146.));
#2695 = CARTESIAN_POINT('',(53.345592271827,30.041573718927,146.));
#2696 = CARTESIAN_POINT('',(53.358009865306,30.020801404416,146.));
#2697 = CARTESIAN_POINT('',(53.370378521394,30.,146.));
#2698 = ORIENTED_EDGE('',*,*,#2570,.T.);
#2699 = ORIENTED_EDGE('',*,*,#856,.F.);
#2700 = ORIENTED_EDGE('',*,*,#2701,.F.);
#2701 = EDGE_CURVE('',#2702,#843,#2704,.T.);
#2702 = VERTEX_POINT('',#2703);
#2703 = CARTESIAN_POINT('',(24.,18.,177.28939082823));
#2704 = B_SPLINE_CURVE_WITH_KNOTS('',6,(#2705,#2706,#2707,#2708,#2709,
    #2710,#2711,#2712,#2713,#2714,#2715,#2716),.UNSPECIFIED.,.F.,.F.,(7,
    5,7),(0.,0.60520272401,1.),.UNSPECIFIED.);
#2705 = CARTESIAN_POINT('',(24.,18.,177.28939082823));
#2706 = CARTESIAN_POINT('',(24.,17.303870025489,177.43382295261));
#2707 = CARTESIAN_POINT('',(24.,16.603875563523,177.55947571838));
#2708 = CARTESIAN_POINT('',(24.,15.900810876479,177.66728710957));
#2709 = CARTESIAN_POINT('',(24.,15.195351940289,177.75784111154));
#2710 = CARTESIAN_POINT('',(24.,14.488068762386,177.8314458234));
#2711 = CARTESIAN_POINT('',(24.,13.317135913173,177.92499662853));
#2712 = CARTESIAN_POINT('',(24.,12.85428733704,177.95470035637));
#2713 = CARTESIAN_POINT('',(24.,12.391005751284,177.97716238656));
#2714 = CARTESIAN_POINT('',(24.,11.927431867852,177.99231060876));
#2715 = CARTESIAN_POINT('',(24.,11.463712430178,178.));
#2716 = CARTESIAN_POINT('',(24.,11.,178.));
#2717 = ORIENTED_EDGE('',*,*,#2718,.T.);
#2718 = EDGE_CURVE('',#2702,#2622,#2719,.T.);
#2719 = B_SPLINE_CURVE_WITH_KNOTS('',7,(#2720,#2721,#2722,#2723,#2724,
    #2725,#2726,#2727,#2728,#2729,#2730,#2731,#2732,#2733,#2734,#2735,
    #2736,#2737,#2738,#2739,#2740,#2741,#2742,#2743,#2744,#2745),
  .UNSPECIFIED.,.F.,.F.,(8,6,6,6,8),(0.,2.670876549798E-02,
    0.400923183563,0.713824930942,1.),.UNSPECIFIED.);
#2720 = CARTESIAN_POINT('',(24.,18.,177.28939082823));
#2721 = CARTESIAN_POINT('',(24.041200506707,18.,177.27587177643));
#2722 = CARTESIAN_POINT('',(24.145322629883,18.,177.24168902022));
#2723 = CARTESIAN_POINT('',(24.264161908695,18.,177.20249196964));
#2724 = CARTESIAN_POINT('',(24.371493125516,18.,177.16678355127));
#2725 = CARTESIAN_POINT('',(24.461549981144,18.,177.13676331109));
#2726 = CARTESIAN_POINT('',(24.547184013946,18.,177.10816862327));
#2727 = CARTESIAN_POINT('',(26.214768800143,18.,176.54809341099));
#2728 = CARTESIAN_POINT('',(27.76100946844,18.,175.99516814316));
#2729 = CARTESIAN_POINT('',(29.29589158952,18.,175.41048854631));
#2730 = CARTESIAN_POINT('',(30.81776144756,18.,174.79200900191));
#2731 = CARTESIAN_POINT('',(32.324439903928,18.,174.137290871));
#2732 = CARTESIAN_POINT('',(33.813184727221,18.,173.44341727351));
#2733 = CARTESIAN_POINT('',(36.507575362665,18.,172.09080513971));
#2734 = CARTESIAN_POINT('',(37.719401652977,18.,171.44505554358));
#2735 = CARTESIAN_POINT('',(38.914206041565,18.,170.76735986073));
#2736 = CARTESIAN_POINT('',(40.089379997938,18.,170.05539630247));
#2737 = CARTESIAN_POINT('',(41.241576244298,18.,169.30668117024));
#2738 = CARTESIAN_POINT('',(42.366676721074,18.,168.51851894427));
#2739 = CARTESIAN_POINT('',(44.459408772944,18.,166.92822323752));
#2740 = CARTESIAN_POINT('',(45.431991103845,18.,166.13325436501));
#2741 = CARTESIAN_POINT('',(46.373804019003,18.,165.30064312767));
#2742 = CARTESIAN_POINT('',(47.279951838269,18.,164.42828496071));
#2743 = CARTESIAN_POINT('',(48.144416126566,18.,163.51442570683));
#2744 = CARTESIAN_POINT('',(48.960245390408,18.,162.55785314442));
#2745 = CARTESIAN_POINT('',(49.719828906277,18.,161.55817240065));
#2746 = ( BOUNDED_SURFACE() B_SPLINE_SURFACE(8,2,(
    (#2747,#2748,#2749)
    ,(#2750,#2751,#2752)
    ,(#2753,#2754,#2755)
    ,(#2756,#2757,#2758)
    ,(#2759,#2760,#2761)
    ,(#2762,#2763,#2764)
    ,(#2765,#2766,#2767)
    ,(#2768,#2769,#2770)
    ,(#2771,#2772,#2773
)),.UNSPECIFIED.,.F.,.F.,.F.) B_SPLINE_SURFACE_WITH_KNOTS((9,9),(3,3),(
    3.,4.),(0.,1.),.PIECEWISE_BEZIER_KNOTS.) 
GEOMETRIC_REPRESENTATION_ITEM() RATIONAL_B_SPLINE_SURFACE((
    (1.,1.,1.)
    ,(1.,1.,1.)
    ,(1.,1.,1.)
    ,(1.,1.,1.)
    ,(1.,1.,1.)
    ,(1.,1.,1.)
    ,(1.,1.,1.)
    ,(1.,1.,1.)
,(1.,1.,1.))) REPRESENTATION_ITEM('') SURFACE() );
#2747 = CARTESIAN_POINT('',(55.1,24.04,145.));
#2748 = CARTESIAN_POINT('',(55.56279852537,16.489565769959,
    166.71276105271));
#2749 = CARTESIAN_POINT('',(24.,11.,178.));
#2750 = CARTESIAN_POINT('',(55.1,26.396194490192,145.));
#2751 = CARTESIAN_POINT('',(55.562798525369,20.336820290949,
    166.71276105271));
#2752 = CARTESIAN_POINT('',(24.,13.356194490192,178.));
#2753 = CARTESIAN_POINT('',(54.571270532465,28.75238972205,145.));
#2754 = CARTESIAN_POINT('',(54.699475551473,24.184076022949,
    166.71276105271));
#2755 = CARTESIAN_POINT('',(23.471270532465,15.71238972205,178.));
#2756 = CARTESIAN_POINT('',(53.513816790459,30.970158812022,145.));
#2757 = CARTESIAN_POINT('',(52.97283808304,27.805306016236,
    166.71276105271));
#2758 = CARTESIAN_POINT('',(22.413816790457,17.930158812021,178.));
#2759 = CARTESIAN_POINT('',(51.971105069357,32.911105069357,145.));
#2760 = CARTESIAN_POINT('',(50.453858996941,30.97453262067,
    166.71276105271));
#2761 = CARTESIAN_POINT('',(20.871105069358,19.871105069358,178.));
#2762 = CARTESIAN_POINT('',(50.030158812022,34.453816790458,145.));
#2763 = CARTESIAN_POINT('',(47.284632392504,33.493511706771,
    166.71276105271));
#2764 = CARTESIAN_POINT('',(18.930158812021,21.413816790458,178.));
#2765 = CARTESIAN_POINT('',(47.81238972205,35.511270532465,145.));
#2766 = CARTESIAN_POINT('',(43.663402399219,35.220149175203,
    166.71276105271));
#2767 = CARTESIAN_POINT('',(16.71238972205,22.471270532465,178.));
#2768 = CARTESIAN_POINT('',(45.456194490193,36.04,145.));
#2769 = CARTESIAN_POINT('',(39.816146667218,36.0834721491,
    166.71276105271));
#2770 = CARTESIAN_POINT('',(14.356194490192,23.,178.));
#2771 = CARTESIAN_POINT('',(43.1,36.04,145.));
#2772 = CARTESIAN_POINT('',(35.968892146229,36.0834721491,
    166.71276105271));
#2773 = CARTESIAN_POINT('',(12.,23.,178.));
#2774 = ADVANCED_FACE('',(#2775),#2795,.T.);
#2775 = FACE_BOUND('',#2776,.T.);
#2776 = EDGE_LOOP('',(#2777,#2783,#2784,#2785,#2786,#2792,#2793,#2794));
#2777 = ORIENTED_EDGE('',*,*,#2778,.F.);
#2778 = EDGE_CURVE('',#2219,#1180,#2779,.T.);
#2779 = LINE('',#2780,#2781);
#2780 = CARTESIAN_POINT('',(24.,-21.,140.));
#2781 = VECTOR('',#2782,1.);
#2782 = DIRECTION('',(0.,0.,1.));
#2783 = ORIENTED_EDGE('',*,*,#2274,.F.);
#2784 = ORIENTED_EDGE('',*,*,#2334,.F.);
#2785 = ORIENTED_EDGE('',*,*,#2447,.F.);
#2786 = ORIENTED_EDGE('',*,*,#2787,.T.);
#2787 = EDGE_CURVE('',#2448,#2702,#2788,.T.);
#2788 = LINE('',#2789,#2790);
#2789 = CARTESIAN_POINT('',(24.,18.,140.));
#2790 = VECTOR('',#2791,1.);
#2791 = DIRECTION('',(0.,0.,1.));
#2792 = ORIENTED_EDGE('',*,*,#2701,.T.);
#2793 = ORIENTED_EDGE('',*,*,#842,.F.);
#2794 = ORIENTED_EDGE('',*,*,#1207,.F.);
#2795 = PLANE('',#2796);
#2796 = AXIS2_PLACEMENT_3D('',#2797,#2798,#2799);
#2797 = CARTESIAN_POINT('',(24.,-21.,140.));
#2798 = DIRECTION('',(1.,0.,0.));
#2799 = DIRECTION('',(0.,0.,1.));
#2800 = ADVANCED_FACE('',(#2801),#2815,.F.);
#2801 = FACE_BOUND('',#2802,.F.);
#2802 = EDGE_LOOP('',(#2803,#2804,#2805));
#2803 = ORIENTED_EDGE('',*,*,#2210,.F.);
#2804 = ORIENTED_EDGE('',*,*,#1077,.T.);
#2805 = ORIENTED_EDGE('',*,*,#2806,.T.);
#2806 = EDGE_CURVE('',#1070,#2211,#2807,.T.);
#2807 = B_SPLINE_CURVE_WITH_KNOTS('',6,(#2808,#2809,#2810,#2811,#2812,
    #2813,#2814),.UNSPECIFIED.,.F.,.F.,(7,7),(0.,1.),
  .PIECEWISE_BEZIER_KNOTS.);
#2808 = CARTESIAN_POINT('',(52.,-21.,145.));
#2809 = CARTESIAN_POINT('',(51.909251523077,-21.,146.46166752566));
#2810 = CARTESIAN_POINT('',(51.733643236995,-21.,147.91853328172));
#2811 = CARTESIAN_POINT('',(51.468167933469,-21.,149.36322081364));
#2812 = CARTESIAN_POINT('',(51.109793703159,-21.,150.78797352269));
#2813 = CARTESIAN_POINT('',(50.658502550171,-21.,152.18488930989));
#2814 = CARTESIAN_POINT('',(50.118356315166,-21.,153.54614640361));
#2815 = ( BOUNDED_SURFACE() B_SPLINE_SURFACE(8,2,(
    (#2816,#2817,#2818)
    ,(#2819,#2820,#2821)
    ,(#2822,#2823,#2824)
    ,(#2825,#2826,#2827)
    ,(#2828,#2829,#2830)
    ,(#2831,#2832,#2833)
    ,(#2834,#2835,#2836)
    ,(#2837,#2838,#2839)
    ,(#2840,#2841,#2842
)),.UNSPECIFIED.,.F.,.F.,.F.) B_SPLINE_SURFACE_WITH_KNOTS((9,9),(3,3),(
    2.,3.),(0.,1.),.PIECEWISE_BEZIER_KNOTS.) 
GEOMETRIC_REPRESENTATION_ITEM() RATIONAL_B_SPLINE_SURFACE((
    (1.,1.,1.)
    ,(1.,1.,1.)
    ,(1.,1.,1.)
    ,(1.,1.,1.)
    ,(1.,1.,1.)
    ,(1.,1.,1.)
    ,(1.,1.,1.)
    ,(1.,1.,1.)
,(1.,1.,1.))) REPRESENTATION_ITEM('') SURFACE() );
#2816 = CARTESIAN_POINT('',(52.,-24.04,145.));
#2817 = CARTESIAN_POINT('',(50.617264657727,-16.28290473169,
    167.27144096417));
#2818 = CARTESIAN_POINT('',(17.,-11.,178.));
#2819 = CARTESIAN_POINT('',(52.,-18.03,145.));
#2820 = CARTESIAN_POINT('',(50.617264657727,-12.21217854877,
    167.27144096417));
#2821 = CARTESIAN_POINT('',(17.,-8.25,178.));
#2822 = CARTESIAN_POINT('',(52.,-12.02,145.));
#2823 = CARTESIAN_POINT('',(50.617264657727,-8.141452365848,
    167.27144096417));
#2824 = CARTESIAN_POINT('',(17.,-5.5,178.));
#2825 = CARTESIAN_POINT('',(52.,-6.01,145.));
#2826 = CARTESIAN_POINT('',(50.617264657727,-4.070726182924,
    167.27144096417));
#2827 = CARTESIAN_POINT('',(17.,-2.75,178.));
#2828 = CARTESIAN_POINT('',(52.,0.,145.));
#2829 = CARTESIAN_POINT('',(50.617264657727,-3.E-16,167.27144096417));
#2830 = CARTESIAN_POINT('',(17.,1.1E-16,178.));
#2831 = CARTESIAN_POINT('',(52.,6.01,145.));
#2832 = CARTESIAN_POINT('',(50.617264657727,4.070726182924,
    167.27144096417));
#2833 = CARTESIAN_POINT('',(17.,2.75,178.));
#2834 = CARTESIAN_POINT('',(52.,12.02,145.));
#2835 = CARTESIAN_POINT('',(50.617264657727,8.141452365848,
    167.27144096417));
#2836 = CARTESIAN_POINT('',(17.,5.5,178.));
#2837 = CARTESIAN_POINT('',(52.,18.03,145.));
#2838 = CARTESIAN_POINT('',(50.617264657727,12.212178548772,
    167.27144096417));
#2839 = CARTESIAN_POINT('',(17.,8.25,178.));
#2840 = CARTESIAN_POINT('',(52.,24.04,145.));
#2841 = CARTESIAN_POINT('',(50.617264657727,16.282904731697,
    167.27144096417));
#2842 = CARTESIAN_POINT('',(17.,11.,178.));
#2843 = ADVANCED_FACE('',(#2844),#2870,.T.);
#2844 = FACE_BOUND('',#2845,.T.);
#2845 = EDGE_LOOP('',(#2846,#2847,#2848,#2849,#2859,#2860,#2861,#2867,
    #2868,#2869));
#2846 = ORIENTED_EDGE('',*,*,#2218,.T.);
#2847 = ORIENTED_EDGE('',*,*,#2778,.T.);
#2848 = ORIENTED_EDGE('',*,*,#1179,.F.);
#2849 = ORIENTED_EDGE('',*,*,#2850,.F.);
#2850 = EDGE_CURVE('',#1268,#1172,#2851,.T.);
#2851 = B_SPLINE_CURVE_WITH_KNOTS('',6,(#2852,#2853,#2854,#2855,#2856,
    #2857,#2858),.UNSPECIFIED.,.F.,.F.,(7,7),(0.,1.),
  .PIECEWISE_BEZIER_KNOTS.);
#2852 = CARTESIAN_POINT('',(55.1,-21.,145.));
#2853 = CARTESIAN_POINT('',(55.130787548461,-21.,146.44443563773));
#2854 = CARTESIAN_POINT('',(55.077175292556,-21.,147.89116977155));
#2855 = CARTESIAN_POINT('',(54.932446087283,-21.,149.33329307237));
#2856 = CARTESIAN_POINT('',(54.691472954231,-21.,150.76288376171));
#2857 = CARTESIAN_POINT('',(54.352141678815,-21.,152.17121706962));
#2858 = CARTESIAN_POINT('',(53.91723248802,-21.,153.54902007345));
#2859 = ORIENTED_EDGE('',*,*,#1267,.T.);
#2860 = ORIENTED_EDGE('',*,*,#1357,.F.);
#2861 = ORIENTED_EDGE('',*,*,#2862,.F.);
#2862 = EDGE_CURVE('',#1823,#1348,#2863,.T.);
#2863 = LINE('',#2864,#2865);
#2864 = CARTESIAN_POINT('',(24.,-21.,140.));
#2865 = VECTOR('',#2866,1.);
#2866 = DIRECTION('',(1.,0.,0.));
#2867 = ORIENTED_EDGE('',*,*,#1832,.T.);
#2868 = ORIENTED_EDGE('',*,*,#1069,.T.);
#2869 = ORIENTED_EDGE('',*,*,#2806,.T.);
#2870 = PLANE('',#2871);
#2871 = AXIS2_PLACEMENT_3D('',#2872,#2873,#2874);
#2872 = CARTESIAN_POINT('',(43.295322438138,-21.,160.85450062266));
#2873 = DIRECTION('',(1.73E-15,1.,2.43E-15));
#2874 = DIRECTION('',(0.,-2.43E-15,1.));
#2875 = ADVANCED_FACE('',(#2876),#2881,.T.);
#2876 = FACE_BOUND('',#2877,.T.);
#2877 = EDGE_LOOP('',(#2878,#2879,#2880));
#2878 = ORIENTED_EDGE('',*,*,#1171,.F.);
#2879 = ORIENTED_EDGE('',*,*,#1287,.T.);
#2880 = ORIENTED_EDGE('',*,*,#2850,.T.);
#2881 = ( BOUNDED_SURFACE() B_SPLINE_SURFACE(8,2,(
    (#2882,#2883,#2884)
    ,(#2885,#2886,#2887)
    ,(#2888,#2889,#2890)
    ,(#2891,#2892,#2893)
    ,(#2894,#2895,#2896)
    ,(#2897,#2898,#2899)
    ,(#2900,#2901,#2902)
    ,(#2903,#2904,#2905)
    ,(#2906,#2907,#2908
)),.UNSPECIFIED.,.F.,.F.,.F.) B_SPLINE_SURFACE_WITH_KNOTS((9,9),(3,3),(
    2.,3.),(0.,1.),.PIECEWISE_BEZIER_KNOTS.) 
GEOMETRIC_REPRESENTATION_ITEM() RATIONAL_B_SPLINE_SURFACE((
    (1.,1.,1.)
    ,(1.,1.,1.)
    ,(1.,1.,1.)
    ,(1.,1.,1.)
    ,(1.,1.,1.)
    ,(1.,1.,1.)
    ,(1.,1.,1.)
    ,(1.,1.,1.)
,(1.,1.,1.))) REPRESENTATION_ITEM('') SURFACE() );
#2882 = CARTESIAN_POINT('',(55.1,-24.04,145.));
#2883 = CARTESIAN_POINT('',(55.56279852537,-16.48956576995,
    166.71276105271));
#2884 = CARTESIAN_POINT('',(24.,-11.,178.));
#2885 = CARTESIAN_POINT('',(55.1,-18.03,145.));
#2886 = CARTESIAN_POINT('',(55.56279852537,-12.36717432746,
    166.71276105271));
#2887 = CARTESIAN_POINT('',(24.,-8.25,178.));
#2888 = CARTESIAN_POINT('',(55.1,-12.02,145.));
#2889 = CARTESIAN_POINT('',(55.56279852537,-8.24478288498,
    166.71276105271));
#2890 = CARTESIAN_POINT('',(24.,-5.5,178.));
#2891 = CARTESIAN_POINT('',(55.1,-6.01,145.));
#2892 = CARTESIAN_POINT('',(55.56279852537,-4.12239144249,
    166.71276105271));
#2893 = CARTESIAN_POINT('',(24.,-2.75,178.));
#2894 = CARTESIAN_POINT('',(55.1,0.,145.));
#2895 = CARTESIAN_POINT('',(55.56279852537,-2.9E-16,166.71276105271));
#2896 = CARTESIAN_POINT('',(24.,6.E-17,178.));
#2897 = CARTESIAN_POINT('',(55.1,6.01,145.));
#2898 = CARTESIAN_POINT('',(55.56279852537,4.12239144249,166.71276105271
    ));
#2899 = CARTESIAN_POINT('',(24.,2.75,178.));
#2900 = CARTESIAN_POINT('',(55.1,12.02,145.));
#2901 = CARTESIAN_POINT('',(55.56279852537,8.24478288498,166.71276105271
    ));
#2902 = CARTESIAN_POINT('',(24.,5.5,178.));
#2903 = CARTESIAN_POINT('',(55.1,18.03,145.));
#2904 = CARTESIAN_POINT('',(55.56279852537,12.367174327469,
    166.71276105271));
#2905 = CARTESIAN_POINT('',(24.,8.25,178.));
#2906 = CARTESIAN_POINT('',(55.1,24.04,145.));
#2907 = CARTESIAN_POINT('',(55.56279852537,16.489565769959,
    166.71276105271));
#2908 = CARTESIAN_POINT('',(24.,11.,178.));
#2909 = ADVANCED_FACE('',(#2910),#2921,.T.);
#2910 = FACE_BOUND('',#2911,.T.);
#2911 = EDGE_LOOP('',(#2912,#2918,#2919,#2920));
#2912 = ORIENTED_EDGE('',*,*,#2913,.F.);
#2913 = EDGE_CURVE('',#1804,#1329,#2914,.T.);
#2914 = LINE('',#2915,#2916);
#2915 = CARTESIAN_POINT('',(24.,18.,140.));
#2916 = VECTOR('',#2917,1.);
#2917 = DIRECTION('',(1.,0.,0.));
#2918 = ORIENTED_EDGE('',*,*,#1822,.T.);
#2919 = ORIENTED_EDGE('',*,*,#2862,.T.);
#2920 = ORIENTED_EDGE('',*,*,#1347,.F.);
#2921 = PLANE('',#2922);
#2922 = AXIS2_PLACEMENT_3D('',#2923,#2924,#2925);
#2923 = CARTESIAN_POINT('',(24.,-21.,140.));
#2924 = DIRECTION('',(0.,-2.2E-16,1.));
#2925 = DIRECTION('',(1.,0.,0.));
#2926 = ADVANCED_FACE('',(#2927),#2938,.F.);
#2927 = FACE_BOUND('',#2928,.F.);
#2928 = EDGE_LOOP('',(#2929,#2930,#2931,#2937));
#2929 = ORIENTED_EDGE('',*,*,#2913,.F.);
#2930 = ORIENTED_EDGE('',*,*,#1803,.T.);
#2931 = ORIENTED_EDGE('',*,*,#2932,.T.);
#2932 = EDGE_CURVE('',#1792,#1318,#2933,.T.);
#2933 = LINE('',#2934,#2935);
#2934 = CARTESIAN_POINT('',(33.65,18.,144.9));
#2935 = VECTOR('',#2936,1.);
#2936 = DIRECTION('',(1.,0.,0.));
#2937 = ORIENTED_EDGE('',*,*,#1328,.F.);
#2938 = PLANE('',#2939);
#2939 = AXIS2_PLACEMENT_3D('',#2940,#2941,#2942);
#2940 = CARTESIAN_POINT('',(24.,18.,140.));
#2941 = DIRECTION('',(0.,1.,2.2E-16));
#2942 = DIRECTION('',(0.,-2.2E-16,1.));
#2943 = ADVANCED_FACE('',(#2944),#2957,.T.);
#2944 = FACE_BOUND('',#2945,.T.);
#2945 = EDGE_LOOP('',(#2946,#2952,#2953,#2954,#2955,#2956));
#2946 = ORIENTED_EDGE('',*,*,#2947,.F.);
#2947 = EDGE_CURVE('',#1917,#1686,#2948,.T.);
#2948 = LINE('',#2949,#2950);
#2949 = CARTESIAN_POINT('',(43.3,30.,144.9));
#2950 = VECTOR('',#2951,1.);
#2951 = DIRECTION('',(1.,0.,0.));
#2952 = ORIENTED_EDGE('',*,*,#1941,.T.);
#2953 = ORIENTED_EDGE('',*,*,#1791,.T.);
#2954 = ORIENTED_EDGE('',*,*,#2932,.T.);
#2955 = ORIENTED_EDGE('',*,*,#1317,.F.);
#2956 = ORIENTED_EDGE('',*,*,#1700,.F.);
#2957 = PLANE('',#2958);
#2958 = AXIS2_PLACEMENT_3D('',#2959,#2960,#2961);
#2959 = CARTESIAN_POINT('',(43.3,17.7,144.9));
#2960 = DIRECTION('',(0.,-2.2E-16,1.));
#2961 = DIRECTION('',(1.,0.,0.));
#2962 = ADVANCED_FACE('',(#2963),#2976,.T.);
#2963 = FACE_BOUND('',#2964,.T.);
#2964 = EDGE_LOOP('',(#2965,#2966,#2967,#2968,#2969,#2975));
#2965 = ORIENTED_EDGE('',*,*,#1435,.F.);
#2966 = ORIENTED_EDGE('',*,*,#2193,.T.);
#2967 = ORIENTED_EDGE('',*,*,#2578,.T.);
#2968 = ORIENTED_EDGE('',*,*,#2659,.T.);
#2969 = ORIENTED_EDGE('',*,*,#2970,.T.);
#2970 = EDGE_CURVE('',#2649,#1540,#2971,.T.);
#2971 = LINE('',#2972,#2973);
#2972 = CARTESIAN_POINT('',(-28.35,30.,146.));
#2973 = VECTOR('',#2974,1.);
#2974 = DIRECTION('',(1.,0.,0.));
#2975 = ORIENTED_EDGE('',*,*,#1539,.F.);
#2976 = PLANE('',#2977);
#2977 = AXIS2_PLACEMENT_3D('',#2978,#2979,#2980);
#2978 = CARTESIAN_POINT('',(-100.,-60.,146.));
#2979 = DIRECTION('',(0.,0.,1.));
#2980 = DIRECTION('',(1.,0.,0.));
#2981 = ADVANCED_FACE('',(#2982),#2995,.F.);
#2982 = FACE_BOUND('',#2983,.T.);
#2983 = EDGE_LOOP('',(#2984,#2985,#2991,#2992,#2993,#2994));
#2984 = ORIENTED_EDGE('',*,*,#2076,.T.);
#2985 = ORIENTED_EDGE('',*,*,#2986,.T.);
#2986 = EDGE_CURVE('',#2033,#1446,#2987,.T.);
#2987 = LINE('',#2988,#2989);
#2988 = CARTESIAN_POINT('',(21.15,31.,140.));
#2989 = VECTOR('',#2990,1.);
#2990 = DIRECTION('',(0.,1.,2.2E-16));
#2991 = ORIENTED_EDGE('',*,*,#1490,.F.);
#2992 = ORIENTED_EDGE('',*,*,#1445,.F.);
#2993 = ORIENTED_EDGE('',*,*,#2986,.F.);
#2994 = ORIENTED_EDGE('',*,*,#2032,.T.);
#2995 = CYLINDRICAL_SURFACE('',#2996,1.15);
#2996 = AXIS2_PLACEMENT_3D('',#2997,#2998,#2999);
#2997 = CARTESIAN_POINT('',(20.,31.,140.));
#2998 = DIRECTION('',(-0.,-1.,-2.2E-16));
#2999 = DIRECTION('',(1.,0.,0.));
#3000 = ADVANCED_FACE('',(#3001),#3024,.F.);
#3001 = FACE_BOUND('',#3002,.F.);
#3002 = EDGE_LOOP('',(#3003,#3011,#3023));
#3003 = ORIENTED_EDGE('',*,*,#3004,.F.);
#3004 = EDGE_CURVE('',#3005,#1659,#3007,.T.);
#3005 = VERTEX_POINT('',#3006);
#3006 = CARTESIAN_POINT('',(53.515296442865,30.,145.));
#3007 = LINE('',#3008,#3009);
#3008 = CARTESIAN_POINT('',(-2.375,30.,145.));
#3009 = VECTOR('',#3010,1.);
#3010 = DIRECTION('',(-1.,0.,0.));
#3011 = ORIENTED_EDGE('',*,*,#3012,.T.);
#3012 = EDGE_CURVE('',#3005,#1582,#3013,.T.);
#3013 = B_SPLINE_CURVE_WITH_KNOTS('',8,(#3014,#3015,#3016,#3017,#3018,
    #3019,#3020,#3021,#3022),.UNSPECIFIED.,.F.,.F.,(9,9),(3.,4.),
  .PIECEWISE_BEZIER_KNOTS.);
#3014 = CARTESIAN_POINT('',(55.1,24.04,145.));
#3015 = CARTESIAN_POINT('',(55.1,26.396194490192,145.));
#3016 = CARTESIAN_POINT('',(54.571270532465,28.75238972205,145.));
#3017 = CARTESIAN_POINT('',(53.513816790459,30.970158812022,145.));
#3018 = CARTESIAN_POINT('',(51.971105069357,32.911105069357,145.));
#3019 = CARTESIAN_POINT('',(50.030158812022,34.453816790458,145.));
#3020 = CARTESIAN_POINT('',(47.81238972205,35.511270532465,145.));
#3021 = CARTESIAN_POINT('',(45.456194490193,36.04,145.));
#3022 = CARTESIAN_POINT('',(43.1,36.04,145.));
#3023 = ORIENTED_EDGE('',*,*,#1658,.T.);
#3024 = PLANE('',#3025);
#3025 = AXIS2_PLACEMENT_3D('',#3026,#3027,#3028);
#3026 = CARTESIAN_POINT('',(-48.05,-36.04,145.));
#3027 = DIRECTION('',(0.,0.,1.));
#3028 = DIRECTION('',(0.834599528292,0.550857175114,0.));
#3029 = ADVANCED_FACE('',(#3030),#3043,.T.);
#3030 = FACE_BOUND('',#3031,.T.);
#3031 = EDGE_LOOP('',(#3032,#3041,#3042));
#3032 = ORIENTED_EDGE('',*,*,#3033,.F.);
#3033 = EDGE_CURVE('',#3005,#1567,#3034,.T.);
#3034 = B_SPLINE_CURVE_WITH_KNOTS('',5,(#3035,#3036,#3037,#3038,#3039,
    #3040),.UNSPECIFIED.,.F.,.F.,(6,6),(0.,1.),
  .PIECEWISE_BEZIER_KNOTS.);
#3035 = CARTESIAN_POINT('',(53.515296442865,30.,145.));
#3036 = CARTESIAN_POINT('',(53.45255875453,30.,145.50407327428));
#3037 = CARTESIAN_POINT('',(53.377184536403,30.,146.00657487781));
#3038 = CARTESIAN_POINT('',(53.288990141535,30.,146.50704830803));
#3039 = CARTESIAN_POINT('',(53.18785856974,30.,147.00501938928));
#3040 = CARTESIAN_POINT('',(53.073762002954,30.,147.5));
#3041 = ORIENTED_EDGE('',*,*,#3012,.T.);
#3042 = ORIENTED_EDGE('',*,*,#1581,.F.);
#3043 = ( BOUNDED_SURFACE() B_SPLINE_SURFACE(8,2,(
    (#3044,#3045,#3046)
    ,(#3047,#3048,#3049)
    ,(#3050,#3051,#3052)
    ,(#3053,#3054,#3055)
    ,(#3056,#3057,#3058)
    ,(#3059,#3060,#3061)
    ,(#3062,#3063,#3064)
    ,(#3065,#3066,#3067)
    ,(#3068,#3069,#3070
)),.UNSPECIFIED.,.F.,.F.,.F.) B_SPLINE_SURFACE_WITH_KNOTS((9,9),(3,3),(
    3.,4.),(0.,1.),.PIECEWISE_BEZIER_KNOTS.) 
GEOMETRIC_REPRESENTATION_ITEM() RATIONAL_B_SPLINE_SURFACE((
    (1.,1.,1.)
    ,(1.,1.,1.)
    ,(1.,1.,1.)
    ,(1.,1.,1.)
    ,(1.,1.,1.)
    ,(1.,1.,1.)
    ,(1.,1.,1.)
    ,(1.,1.,1.)
,(1.,1.,1.))) REPRESENTATION_ITEM('') SURFACE() );
#3044 = CARTESIAN_POINT('',(55.1,24.04,145.));
#3045 = CARTESIAN_POINT('',(55.56279852537,16.489565769959,
    166.71276105271));
#3046 = CARTESIAN_POINT('',(24.,11.,178.));
#3047 = CARTESIAN_POINT('',(55.1,26.396194490192,145.));
#3048 = CARTESIAN_POINT('',(55.562798525369,20.336820290949,
    166.71276105271));
#3049 = CARTESIAN_POINT('',(24.,13.356194490192,178.));
#3050 = CARTESIAN_POINT('',(54.571270532465,28.75238972205,145.));
#3051 = CARTESIAN_POINT('',(54.699475551473,24.184076022949,
    166.71276105271));
#3052 = CARTESIAN_POINT('',(23.471270532465,15.71238972205,178.));
#3053 = CARTESIAN_POINT('',(53.513816790459,30.970158812022,145.));
#3054 = CARTESIAN_POINT('',(52.97283808304,27.805306016236,
    166.71276105271));
#3055 = CARTESIAN_POINT('',(22.413816790457,17.930158812021,178.));
#3056 = CARTESIAN_POINT('',(51.971105069357,32.911105069357,145.));
#3057 = CARTESIAN_POINT('',(50.453858996941,30.97453262067,
    166.71276105271));
#3058 = CARTESIAN_POINT('',(20.871105069358,19.871105069358,178.));
#3059 = CARTESIAN_POINT('',(50.030158812022,34.453816790458,145.));
#3060 = CARTESIAN_POINT('',(47.284632392504,33.493511706771,
    166.71276105271));
#3061 = CARTESIAN_POINT('',(18.930158812021,21.413816790458,178.));
#3062 = CARTESIAN_POINT('',(47.81238972205,35.511270532465,145.));
#3063 = CARTESIAN_POINT('',(43.663402399219,35.220149175203,
    166.71276105271));
#3064 = CARTESIAN_POINT('',(16.71238972205,22.471270532465,178.));
#3065 = CARTESIAN_POINT('',(45.456194490193,36.04,145.));
#3066 = CARTESIAN_POINT('',(39.816146667218,36.0834721491,
    166.71276105271));
#3067 = CARTESIAN_POINT('',(14.356194490192,23.,178.));
#3068 = CARTESIAN_POINT('',(43.1,36.04,145.));
#3069 = CARTESIAN_POINT('',(35.968892146229,36.0834721491,
    166.71276105271));
#3070 = CARTESIAN_POINT('',(12.,23.,178.));
#3071 = ADVANCED_FACE('',(#3072),#3085,.F.);
#3072 = FACE_BOUND('',#3073,.F.);
#3073 = EDGE_LOOP('',(#3074,#3075,#3081,#3082,#3083,#3084));
#3074 = ORIENTED_EDGE('',*,*,#2425,.F.);
#3075 = ORIENTED_EDGE('',*,*,#3076,.F.);
#3076 = EDGE_CURVE('',#1890,#2415,#3077,.T.);
#3077 = LINE('',#3078,#3079);
#3078 = CARTESIAN_POINT('',(-2.375,30.,145.));
#3079 = VECTOR('',#3080,1.);
#3080 = DIRECTION('',(-1.,0.,0.));
#3081 = ORIENTED_EDGE('',*,*,#1889,.F.);
#3082 = ORIENTED_EDGE('',*,*,#2022,.F.);
#3083 = ORIENTED_EDGE('',*,*,#2124,.F.);
#3084 = ORIENTED_EDGE('',*,*,#2525,.F.);
#3085 = PLANE('',#3086);
#3086 = AXIS2_PLACEMENT_3D('',#3087,#3088,#3089);
#3087 = CARTESIAN_POINT('',(-48.05,-36.04,145.));
#3088 = DIRECTION('',(0.,0.,1.));
#3089 = DIRECTION('',(0.834599528292,0.550857175114,0.));
#3090 = ADVANCED_FACE('',(#3091),#3124,.F.);
#3091 = FACE_BOUND('',#3092,.F.);
#3092 = EDGE_LOOP('',(#3093,#3115,#3123));
#3093 = ORIENTED_EDGE('',*,*,#3094,.F.);
#3094 = EDGE_CURVE('',#3095,#2385,#3097,.T.);
#3095 = VERTEX_POINT('',#3096);
#3096 = CARTESIAN_POINT('',(51.73785291,18.,147.5));
#3097 = B_SPLINE_CURVE_WITH_KNOTS('',6,(#3098,#3099,#3100,#3101,#3102,
    #3103,#3104,#3105,#3106,#3107,#3108,#3109,#3110,#3111,#3112,#3113,
    #3114),.UNSPECIFIED.,.F.,.F.,(7,5,5,7),(0.,0.431723722283,
    0.812192847355,1.),.UNSPECIFIED.);
#3098 = CARTESIAN_POINT('',(52.,18.,145.));
#3099 = CARTESIAN_POINT('',(51.918765575198,18.,146.3084265954));
#3100 = CARTESIAN_POINT('',(51.769539636597,18.,147.61288471897));
#3101 = CARTESIAN_POINT('',(51.548743825069,18.,148.90823661292));
#3102 = CARTESIAN_POINT('',(51.254027623855,18.,150.18899646139));
#3103 = CARTESIAN_POINT('',(50.884911268692,18.,151.44946373346));
#3104 = CARTESIAN_POINT('',(50.054494163582,18.,153.77171675345));
#3105 = CARTESIAN_POINT('',(49.609248158353,18.,154.83958108187));
#3106 = CARTESIAN_POINT('',(49.109131594517,18.,155.88354606371));
#3107 = CARTESIAN_POINT('',(48.556688338806,18.,156.90066013332));
#3108 = CARTESIAN_POINT('',(47.955333461978,18.,157.88877739953));
#3109 = CARTESIAN_POINT('',(46.990031291576,18.,159.31910635008));
#3110 = CARTESIAN_POINT('',(46.660045102777,18.,159.78441002257));
#3111 = CARTESIAN_POINT('',(46.319550420473,18.,160.24215894953));
#3112 = CARTESIAN_POINT('',(45.969021672627,18.,160.69225451253));
#3113 = CARTESIAN_POINT('',(45.60893712633,18.,161.13464610493));
#3114 = CARTESIAN_POINT('',(45.239767483076,18.,161.5693225311));
#3115 = ORIENTED_EDGE('',*,*,#3116,.F.);
#3116 = EDGE_CURVE('',#2383,#3095,#3117,.T.);
#3117 = B_SPLINE_CURVE_WITH_KNOTS('',4,(#3118,#3119,#3120,#3121,#3122),
  .UNSPECIFIED.,.F.,.F.,(5,5),(0.,1.),.PIECEWISE_BEZIER_KNOTS.);
#3118 = CARTESIAN_POINT('',(51.737852902506,23.164237713118,147.5));
#3119 = CARTESIAN_POINT('',(51.737852902506,21.798178284838,147.5));
#3120 = CARTESIAN_POINT('',(51.737852902506,20.432118856559,147.5));
#3121 = CARTESIAN_POINT('',(51.737852902506,19.066059428279,147.5));
#3122 = CARTESIAN_POINT('',(51.737852902506,17.7,147.5));
#3123 = ORIENTED_EDGE('',*,*,#2382,.T.);
#3124 = ( BOUNDED_SURFACE() B_SPLINE_SURFACE(8,2,(
    (#3125,#3126,#3127)
    ,(#3128,#3129,#3130)
    ,(#3131,#3132,#3133)
    ,(#3134,#3135,#3136)
    ,(#3137,#3138,#3139)
    ,(#3140,#3141,#3142)
    ,(#3143,#3144,#3145)
    ,(#3146,#3147,#3148)
    ,(#3149,#3150,#3151
)),.UNSPECIFIED.,.F.,.F.,.F.) B_SPLINE_SURFACE_WITH_KNOTS((9,9),(3,3),(
    2.,3.),(0.,1.),.PIECEWISE_BEZIER_KNOTS.) 
GEOMETRIC_REPRESENTATION_ITEM() RATIONAL_B_SPLINE_SURFACE((
    (1.,1.,1.)
    ,(1.,1.,1.)
    ,(1.,1.,1.)
    ,(1.,1.,1.)
    ,(1.,1.,1.)
    ,(1.,1.,1.)
    ,(1.,1.,1.)
    ,(1.,1.,1.)
,(1.,1.,1.))) REPRESENTATION_ITEM('') SURFACE() );
#3125 = CARTESIAN_POINT('',(52.,-24.04,145.));
#3126 = CARTESIAN_POINT('',(50.617264657727,-16.28290473169,
    167.27144096417));
#3127 = CARTESIAN_POINT('',(17.,-11.,178.));
#3128 = CARTESIAN_POINT('',(52.,-18.03,145.));
#3129 = CARTESIAN_POINT('',(50.617264657727,-12.21217854877,
    167.27144096417));
#3130 = CARTESIAN_POINT('',(17.,-8.25,178.));
#3131 = CARTESIAN_POINT('',(52.,-12.02,145.));
#3132 = CARTESIAN_POINT('',(50.617264657727,-8.141452365848,
    167.27144096417));
#3133 = CARTESIAN_POINT('',(17.,-5.5,178.));
#3134 = CARTESIAN_POINT('',(52.,-6.01,145.));
#3135 = CARTESIAN_POINT('',(50.617264657727,-4.070726182924,
    167.27144096417));
#3136 = CARTESIAN_POINT('',(17.,-2.75,178.));
#3137 = CARTESIAN_POINT('',(52.,0.,145.));
#3138 = CARTESIAN_POINT('',(50.617264657727,-3.E-16,167.27144096417));
#3139 = CARTESIAN_POINT('',(17.,1.1E-16,178.));
#3140 = CARTESIAN_POINT('',(52.,6.01,145.));
#3141 = CARTESIAN_POINT('',(50.617264657727,4.070726182924,
    167.27144096417));
#3142 = CARTESIAN_POINT('',(17.,2.75,178.));
#3143 = CARTESIAN_POINT('',(52.,12.02,145.));
#3144 = CARTESIAN_POINT('',(50.617264657727,8.141452365848,
    167.27144096417));
#3145 = CARTESIAN_POINT('',(17.,5.5,178.));
#3146 = CARTESIAN_POINT('',(52.,18.03,145.));
#3147 = CARTESIAN_POINT('',(50.617264657727,12.212178548772,
    167.27144096417));
#3148 = CARTESIAN_POINT('',(17.,8.25,178.));
#3149 = CARTESIAN_POINT('',(52.,24.04,145.));
#3150 = CARTESIAN_POINT('',(50.617264657727,16.282904731697,
    167.27144096417));
#3151 = CARTESIAN_POINT('',(17.,11.,178.));
#3152 = ADVANCED_FACE('',(#3153),#3187,.F.);
#3153 = FACE_BOUND('',#3154,.F.);
#3154 = EDGE_LOOP('',(#3155,#3156,#3157,#3158,#3180,#3186));
#3155 = ORIENTED_EDGE('',*,*,#2464,.F.);
#3156 = ORIENTED_EDGE('',*,*,#2787,.T.);
#3157 = ORIENTED_EDGE('',*,*,#2718,.T.);
#3158 = ORIENTED_EDGE('',*,*,#3159,.F.);
#3159 = EDGE_CURVE('',#3160,#2622,#3162,.T.);
#3160 = VERTEX_POINT('',#3161);
#3161 = CARTESIAN_POINT('',(55.044862561392,18.,147.5));
#3162 = B_SPLINE_CURVE_WITH_KNOTS('',6,(#3163,#3164,#3165,#3166,#3167,
    #3168,#3169,#3170,#3171,#3172,#3173,#3174,#3175,#3176,#3177,#3178,
    #3179),.UNSPECIFIED.,.F.,.F.,(7,5,5,7),(0.,0.163722648678,
    0.50167728835,1.),.UNSPECIFIED.);
#3163 = CARTESIAN_POINT('',(55.1,18.,145.));
#3164 = CARTESIAN_POINT('',(55.110325295217,18.,145.48442390276));
#3165 = CARTESIAN_POINT('',(55.111156556264,18.,145.96904903031));
#3166 = CARTESIAN_POINT('',(55.102245311974,18.,146.45364646245));
#3167 = CARTESIAN_POINT('',(55.08335888996,18.,146.93796482964));
#3168 = CARTESIAN_POINT('',(55.054289069651,18.,147.42173059223));
#3169 = CARTESIAN_POINT('',(54.933473165389,18.,148.90148222063));
#3170 = CARTESIAN_POINT('',(54.807941249628,18.,149.89480175631));
#3171 = CARTESIAN_POINT('',(54.636723841676,18.,150.88183499169));
#3172 = CARTESIAN_POINT('',(54.418912207269,18.,151.85971811779));
#3173 = CARTESIAN_POINT('',(54.154436603841,18.,152.82553634516));
#3174 = CARTESIAN_POINT('',(53.386928531385,18.,155.1783855335));
#3175 = CARTESIAN_POINT('',(52.830074539175,18.,156.54834821385));
#3176 = CARTESIAN_POINT('',(52.176838371082,18.,157.876373982));
#3177 = CARTESIAN_POINT('',(51.434357776368,18.,159.15616325874));
#3178 = CARTESIAN_POINT('',(50.611973445251,18.,160.3840293372));
#3179 = CARTESIAN_POINT('',(49.719828906277,18.,161.55817240065));
#3180 = ORIENTED_EDGE('',*,*,#3181,.F.);
#3181 = EDGE_CURVE('',#3095,#3160,#3182,.T.);
#3182 = LINE('',#3183,#3184);
#3183 = CARTESIAN_POINT('',(33.65,18.,147.5));
#3184 = VECTOR('',#3185,1.);
#3185 = DIRECTION('',(1.,0.,0.));
#3186 = ORIENTED_EDGE('',*,*,#3094,.T.);
#3187 = PLANE('',#3188);
#3188 = AXIS2_PLACEMENT_3D('',#3189,#3190,#3191);
#3189 = CARTESIAN_POINT('',(24.,18.,140.));
#3190 = DIRECTION('',(0.,1.,0.));
#3191 = DIRECTION('',(0.,0.,1.));
#3192 = ADVANCED_FACE('',(#3193),#3213,.F.);
#3193 = FACE_BOUND('',#3194,.F.);
#3194 = EDGE_LOOP('',(#3195,#3201,#3202,#3203,#3204,#3212));
#3195 = ORIENTED_EDGE('',*,*,#3196,.F.);
#3196 = EDGE_CURVE('',#2393,#2630,#3197,.T.);
#3197 = LINE('',#3198,#3199);
#3198 = CARTESIAN_POINT('',(43.3,30.,147.5));
#3199 = VECTOR('',#3200,1.);
#3200 = DIRECTION('',(1.,0.,0.));
#3201 = ORIENTED_EDGE('',*,*,#2392,.T.);
#3202 = ORIENTED_EDGE('',*,*,#3116,.T.);
#3203 = ORIENTED_EDGE('',*,*,#3181,.T.);
#3204 = ORIENTED_EDGE('',*,*,#3205,.F.);
#3205 = EDGE_CURVE('',#2620,#3160,#3206,.T.);
#3206 = B_SPLINE_CURVE_WITH_KNOTS('',4,(#3207,#3208,#3209,#3210,#3211),
  .UNSPECIFIED.,.F.,.F.,(5,5),(0.,1.),.PIECEWISE_BEZIER_KNOTS.);
#3207 = CARTESIAN_POINT('',(55.044862564471,23.165311787446,147.5));
#3208 = CARTESIAN_POINT('',(55.044862564471,21.798983840584,147.5));
#3209 = CARTESIAN_POINT('',(55.044862564471,20.432655893723,147.5));
#3210 = CARTESIAN_POINT('',(55.044862564471,19.066327946861,147.5));
#3211 = CARTESIAN_POINT('',(55.044862564471,17.7,147.5));
#3212 = ORIENTED_EDGE('',*,*,#2629,.F.);
#3213 = PLANE('',#3214);
#3214 = AXIS2_PLACEMENT_3D('',#3215,#3216,#3217);
#3215 = CARTESIAN_POINT('',(43.3,17.7,147.5));
#3216 = DIRECTION('',(0.,0.,1.));
#3217 = DIRECTION('',(1.,0.,0.));
#3218 = ADVANCED_FACE('',(#3219),#3224,.T.);
#3219 = FACE_BOUND('',#3220,.T.);
#3220 = EDGE_LOOP('',(#3221,#3222,#3223));
#3221 = ORIENTED_EDGE('',*,*,#3159,.F.);
#3222 = ORIENTED_EDGE('',*,*,#3205,.F.);
#3223 = ORIENTED_EDGE('',*,*,#2619,.T.);
#3224 = ( BOUNDED_SURFACE() B_SPLINE_SURFACE(8,2,(
    (#3225,#3226,#3227)
    ,(#3228,#3229,#3230)
    ,(#3231,#3232,#3233)
    ,(#3234,#3235,#3236)
    ,(#3237,#3238,#3239)
    ,(#3240,#3241,#3242)
    ,(#3243,#3244,#3245)
    ,(#3246,#3247,#3248)
    ,(#3249,#3250,#3251
)),.UNSPECIFIED.,.F.,.F.,.F.) B_SPLINE_SURFACE_WITH_KNOTS((9,9),(3,3),(
    2.,3.),(0.,1.),.PIECEWISE_BEZIER_KNOTS.) 
GEOMETRIC_REPRESENTATION_ITEM() RATIONAL_B_SPLINE_SURFACE((
    (1.,1.,1.)
    ,(1.,1.,1.)
    ,(1.,1.,1.)
    ,(1.,1.,1.)
    ,(1.,1.,1.)
    ,(1.,1.,1.)
    ,(1.,1.,1.)
    ,(1.,1.,1.)
,(1.,1.,1.))) REPRESENTATION_ITEM('') SURFACE() );
#3225 = CARTESIAN_POINT('',(55.1,-24.04,145.));
#3226 = CARTESIAN_POINT('',(55.56279852537,-16.48956576995,
    166.71276105271));
#3227 = CARTESIAN_POINT('',(24.,-11.,178.));
#3228 = CARTESIAN_POINT('',(55.1,-18.03,145.));
#3229 = CARTESIAN_POINT('',(55.56279852537,-12.36717432746,
    166.71276105271));
#3230 = CARTESIAN_POINT('',(24.,-8.25,178.));
#3231 = CARTESIAN_POINT('',(55.1,-12.02,145.));
#3232 = CARTESIAN_POINT('',(55.56279852537,-8.24478288498,
    166.71276105271));
#3233 = CARTESIAN_POINT('',(24.,-5.5,178.));
#3234 = CARTESIAN_POINT('',(55.1,-6.01,145.));
#3235 = CARTESIAN_POINT('',(55.56279852537,-4.12239144249,
    166.71276105271));
#3236 = CARTESIAN_POINT('',(24.,-2.75,178.));
#3237 = CARTESIAN_POINT('',(55.1,0.,145.));
#3238 = CARTESIAN_POINT('',(55.56279852537,-2.9E-16,166.71276105271));
#3239 = CARTESIAN_POINT('',(24.,6.E-17,178.));
#3240 = CARTESIAN_POINT('',(55.1,6.01,145.));
#3241 = CARTESIAN_POINT('',(55.56279852537,4.12239144249,166.71276105271
    ));
#3242 = CARTESIAN_POINT('',(24.,2.75,178.));
#3243 = CARTESIAN_POINT('',(55.1,12.02,145.));
#3244 = CARTESIAN_POINT('',(55.56279852537,8.24478288498,166.71276105271
    ));
#3245 = CARTESIAN_POINT('',(24.,5.5,178.));
#3246 = CARTESIAN_POINT('',(55.1,18.03,145.));
#3247 = CARTESIAN_POINT('',(55.56279852537,12.367174327469,
    166.71276105271));
#3248 = CARTESIAN_POINT('',(24.,8.25,178.));
#3249 = CARTESIAN_POINT('',(55.1,24.04,145.));
#3250 = CARTESIAN_POINT('',(55.56279852537,16.489565769959,
    166.71276105271));
#3251 = CARTESIAN_POINT('',(24.,11.,178.));
#3252 = ADVANCED_FACE('',(#3253),#3266,.T.);
#3253 = FACE_BOUND('',#3254,.T.);
#3254 = EDGE_LOOP('',(#3255,#3256,#3257,#3258,#3259,#3260,#3261,#3262,
    #3263,#3264,#3265));
#3255 = ORIENTED_EDGE('',*,*,#2947,.T.);
#3256 = ORIENTED_EDGE('',*,*,#1685,.T.);
#3257 = ORIENTED_EDGE('',*,*,#3004,.F.);
#3258 = ORIENTED_EDGE('',*,*,#3033,.T.);
#3259 = ORIENTED_EDGE('',*,*,#1566,.T.);
#3260 = ORIENTED_EDGE('',*,*,#2970,.F.);
#3261 = ORIENTED_EDGE('',*,*,#2648,.T.);
#3262 = ORIENTED_EDGE('',*,*,#3196,.F.);
#3263 = ORIENTED_EDGE('',*,*,#2414,.F.);
#3264 = ORIENTED_EDGE('',*,*,#3076,.F.);
#3265 = ORIENTED_EDGE('',*,*,#1916,.F.);
#3266 = PLANE('',#3267);
#3267 = AXIS2_PLACEMENT_3D('',#3268,#3269,#3270);
#3268 = CARTESIAN_POINT('',(51.332144992285,30.,146.24180548648));
#3269 = DIRECTION('',(-8.4E-16,-1.,3.91E-15));
#3270 = DIRECTION('',(0.,-3.91E-15,-1.));
#3271 = ( GEOMETRIC_REPRESENTATION_CONTEXT(3) 
GLOBAL_UNCERTAINTY_ASSIGNED_CONTEXT((#3275)) 
GLOBAL_UNIT_ASSIGNED_CONTEXT((#3272,#3273,#3274)) REPRESENTATION_CONTEXT
('Context #1','3D Context with UNIT and UNCERTAINTY') );
#3272 = ( LENGTH_UNIT() NAMED_UNIT(*) SI_UNIT(.MILLI.,.METRE.) );
#3273 = ( NAMED_UNIT(*) PLANE_ANGLE_UNIT() SI_UNIT($,.RADIAN.) );
#3274 = ( NAMED_UNIT(*) SI_UNIT($,.STERADIAN.) SOLID_ANGLE_UNIT() );
#3275 = UNCERTAINTY_MEASURE_WITH_UNIT(LENGTH_MEASURE(5.E-05),#3272,
  'distance_accuracy_value','confusion accuracy');
#3276 = PRODUCT_RELATED_PRODUCT_CATEGORY('part',$,(#7));
ENDSEC;
END-ISO-10303-21;
