ISO-10303-21;
HEADER;
FILE_DESCRIPTION(('FreeCAD Model'),'2;1');
FILE_NAME('Open CASCADE Shape Model','2026-10-09T09:05:23',('FreeCAD'),(
    'FreeCAD'),'Open CASCADE STEP processor 7.8','FreeCAD','Unknown');
FILE_SCHEMA(('AUTOMOTIVE_DESIGN { 1 0 10303 214 1 1 1 1 }'));
ENDSEC;
DATA;
#1 = APPLICATION_PROTOCOL_DEFINITION('international standard',
  'automotive_design',2000,#2);
#2 = APPLICATION_CONTEXT(
  'core data for automotive mechanical design processes');
#3 = SHAPE_DEFINITION_REPRESENTATION(#4,#10);
#4 = PRODUCT_DEFINITION_SHAPE('','',#5);
#5 = PRODUCT_DEFINITION('design','',#6,#9);
#6 = PRODUCT_DEFINITION_FORMATION('','',#7);
#7 = PRODUCT('Open CASCADE STEP translator 7.8 9',
  'Open CASCADE STEP translator 7.8 9','',(#8));
#8 = PRODUCT_CONTEXT('',#2,'mechanical');
#9 = PRODUCT_DEFINITION_CONTEXT('part definition',#2,'design');
#10 = ADVANCED_BREP_SHAPE_REPRESENTATION('',(#11,#15),#2889);
#11 = AXIS2_PLACEMENT_3D('',#12,#13,#14);
#12 = CARTESIAN_POINT('',(0.,0.,0.));
#13 = DIRECTION('',(0.,0.,1.));
#14 = DIRECTION('',(1.,0.,-0.));
#15 = MANIFOLD_SOLID_BREP('',#16);
#16 = CLOSED_SHELL('',(#17,#89,#200,#230,#283,#307,#363,#388,#466,#496,
    #593,#623,#640,#664,#687,#712,#737,#762,#787,#886,#934,#975,#1065,
    #1089,#1178,#1195,#1236,#1344,#1461,#1559,#1626,#1650,#1706,#1731,
    #1759,#1790,#1814,#1838,#1855,#1952,#2020,#2172,#2313,#2322,#2331,
    #2351,#2371,#2381,#2425,#2437,#2451,#2478,#2503,#2528,#2553,#2578,
    #2603,#2615,#2629,#2646,#2663,#2703,#2728,#2761,#2773,#2790,#2814,
    #2832,#2855,#2880));
#17 = ADVANCED_FACE('',(#18),#84,.F.);
#18 = FACE_BOUND('',#19,.F.);
#19 = EDGE_LOOP('',(#20,#30,#38,#46,#54,#62,#70,#78));
#20 = ORIENTED_EDGE('',*,*,#21,.F.);
#21 = EDGE_CURVE('',#22,#24,#26,.T.);
#22 = VERTEX_POINT('',#23);
#23 = CARTESIAN_POINT('',(3.25,68.,13.));
#24 = VERTEX_POINT('',#25);
#25 = CARTESIAN_POINT('',(-38.75,68.,13.));
#26 = LINE('',#27,#28);
#27 = CARTESIAN_POINT('',(3.25,68.,13.));
#28 = VECTOR('',#29,1.);
#29 = DIRECTION('',(-1.,0.,0.));
#30 = ORIENTED_EDGE('',*,*,#31,.T.);
#31 = EDGE_CURVE('',#22,#32,#34,.T.);
#32 = VERTEX_POINT('',#33);
#33 = CARTESIAN_POINT('',(3.25,68.,20.));
#34 = LINE('',#35,#36);
#35 = CARTESIAN_POINT('',(3.25,68.,13.));
#36 = VECTOR('',#37,1.);
#37 = DIRECTION('',(0.,1.1E-16,1.));
#38 = ORIENTED_EDGE('',*,*,#39,.T.);
#39 = EDGE_CURVE('',#32,#40,#42,.T.);
#40 = VERTEX_POINT('',#41);
#41 = CARTESIAN_POINT('',(-6.25,68.,20.));
#42 = LINE('',#43,#44);
#43 = CARTESIAN_POINT('',(3.25,68.,20.));
#44 = VECTOR('',#45,1.);
#45 = DIRECTION('',(-1.,0.,0.));
#46 = ORIENTED_EDGE('',*,*,#47,.T.);
#47 = EDGE_CURVE('',#40,#48,#50,.T.);
#48 = VERTEX_POINT('',#49);
#49 = CARTESIAN_POINT('',(-6.25,68.,27.));
#50 = LINE('',#51,#52);
#51 = CARTESIAN_POINT('',(-6.25,68.,13.));
#52 = VECTOR('',#53,1.);
#53 = DIRECTION('',(0.,0.,1.));
#54 = ORIENTED_EDGE('',*,*,#55,.T.);
#55 = EDGE_CURVE('',#48,#56,#58,.T.);
#56 = VERTEX_POINT('',#57);
#57 = CARTESIAN_POINT('',(-29.25,68.,27.));
#58 = LINE('',#59,#60);
#59 = CARTESIAN_POINT('',(3.25,68.,27.));
#60 = VECTOR('',#61,1.);
#61 = DIRECTION('',(-1.,0.,0.));
#62 = ORIENTED_EDGE('',*,*,#63,.F.);
#63 = EDGE_CURVE('',#64,#56,#66,.T.);
#64 = VERTEX_POINT('',#65);
#65 = CARTESIAN_POINT('',(-29.25,68.,20.));
#66 = LINE('',#67,#68);
#67 = CARTESIAN_POINT('',(-29.25,68.,13.));
#68 = VECTOR('',#69,1.);
#69 = DIRECTION('',(0.,0.,1.));
#70 = ORIENTED_EDGE('',*,*,#71,.T.);
#71 = EDGE_CURVE('',#64,#72,#74,.T.);
#72 = VERTEX_POINT('',#73);
#73 = CARTESIAN_POINT('',(-38.75,68.,20.));
#74 = LINE('',#75,#76);
#75 = CARTESIAN_POINT('',(3.25,68.,20.));
#76 = VECTOR('',#77,1.);
#77 = DIRECTION('',(-1.,0.,0.));
#78 = ORIENTED_EDGE('',*,*,#79,.F.);
#79 = EDGE_CURVE('',#24,#72,#80,.T.);
#80 = LINE('',#81,#82);
#81 = CARTESIAN_POINT('',(-38.75,68.,13.));
#82 = VECTOR('',#83,1.);
#83 = DIRECTION('',(0.,1.1E-16,1.));
#84 = PLANE('',#85);
#85 = AXIS2_PLACEMENT_3D('',#86,#87,#88);
#86 = CARTESIAN_POINT('',(3.25,68.,13.));
#87 = DIRECTION('',(-0.,-1.,1.1E-16));
#88 = DIRECTION('',(-1.,0.,0.));
#89 = ADVANCED_FACE('',(#90,#151,#162,#173,#184),#195,.T.);
#90 = FACE_BOUND('',#91,.T.);
#91 = EDGE_LOOP('',(#92,#102,#111,#119,#126,#127,#136,#144));
#92 = ORIENTED_EDGE('',*,*,#93,.F.);
#93 = EDGE_CURVE('',#94,#96,#98,.T.);
#94 = VERTEX_POINT('',#95);
#95 = CARTESIAN_POINT('',(-38.75,24.,13.));
#96 = VERTEX_POINT('',#97);
#97 = CARTESIAN_POINT('',(3.25,24.,13.));
#98 = LINE('',#99,#100);
#99 = CARTESIAN_POINT('',(-38.75,24.,13.));
#100 = VECTOR('',#101,1.);
#101 = DIRECTION('',(1.,0.,0.));
#102 = ORIENTED_EDGE('',*,*,#103,.F.);
#103 = EDGE_CURVE('',#104,#94,#106,.T.);
#104 = VERTEX_POINT('',#105);
#105 = CARTESIAN_POINT('',(-44.75,30.,13.));
#106 = CIRCLE('',#107,6.);
#107 = AXIS2_PLACEMENT_3D('',#108,#109,#110);
#108 = CARTESIAN_POINT('',(-38.75,30.,13.));
#109 = DIRECTION('',(0.,0.,1.));
#110 = DIRECTION('',(-1.,-5.9E-16,0.));
#111 = ORIENTED_EDGE('',*,*,#112,.F.);
#112 = EDGE_CURVE('',#113,#104,#115,.T.);
#113 = VERTEX_POINT('',#114);
#114 = CARTESIAN_POINT('',(-44.75,62.,13.));
#115 = LINE('',#116,#117);
#116 = CARTESIAN_POINT('',(-44.75,62.,13.));
#117 = VECTOR('',#118,1.);
#118 = DIRECTION('',(0.,-1.,0.));
#119 = ORIENTED_EDGE('',*,*,#120,.F.);
#120 = EDGE_CURVE('',#24,#113,#121,.T.);
#121 = CIRCLE('',#122,6.);
#122 = AXIS2_PLACEMENT_3D('',#123,#124,#125);
#123 = CARTESIAN_POINT('',(-38.75,62.,13.));
#124 = DIRECTION('',(0.,-0.,1.));
#125 = DIRECTION('',(2.37E-15,1.,0.));
#126 = ORIENTED_EDGE('',*,*,#21,.F.);
#127 = ORIENTED_EDGE('',*,*,#128,.F.);
#128 = EDGE_CURVE('',#129,#22,#131,.T.);
#129 = VERTEX_POINT('',#130);
#130 = CARTESIAN_POINT('',(9.25,62.,13.));
#131 = CIRCLE('',#132,6.);
#132 = AXIS2_PLACEMENT_3D('',#133,#134,#135);
#133 = CARTESIAN_POINT('',(3.25,62.,13.));
#134 = DIRECTION('',(-0.,0.,1.));
#135 = DIRECTION('',(1.,-2.37E-15,0.));
#136 = ORIENTED_EDGE('',*,*,#137,.F.);
#137 = EDGE_CURVE('',#138,#129,#140,.T.);
#138 = VERTEX_POINT('',#139);
#139 = CARTESIAN_POINT('',(9.25,30.,13.));
#140 = LINE('',#141,#142);
#141 = CARTESIAN_POINT('',(9.25,30.,13.));
#142 = VECTOR('',#143,1.);
#143 = DIRECTION('',(0.,1.,0.));
#144 = ORIENTED_EDGE('',*,*,#145,.F.);
#145 = EDGE_CURVE('',#96,#138,#146,.T.);
#146 = CIRCLE('',#147,6.);
#147 = AXIS2_PLACEMENT_3D('',#148,#149,#150);
#148 = CARTESIAN_POINT('',(3.25,30.,13.));
#149 = DIRECTION('',(-0.,0.,1.));
#150 = DIRECTION('',(7.4E-16,-1.,0.));
#151 = FACE_BOUND('',#152,.T.);
#152 = EDGE_LOOP('',(#153));
#153 = ORIENTED_EDGE('',*,*,#154,.F.);
#154 = EDGE_CURVE('',#155,#155,#157,.T.);
#155 = VERTEX_POINT('',#156);
#156 = CARTESIAN_POINT('',(2.55,46.,13.));
#157 = CIRCLE('',#158,1.55);
#158 = AXIS2_PLACEMENT_3D('',#159,#160,#161);
#159 = CARTESIAN_POINT('',(1.,46.,13.));
#160 = DIRECTION('',(0.,0.,-1.));
#161 = DIRECTION('',(1.,0.,0.));
#162 = FACE_BOUND('',#163,.T.);
#163 = EDGE_LOOP('',(#164));
#164 = ORIENTED_EDGE('',*,*,#165,.F.);
#165 = EDGE_CURVE('',#166,#166,#168,.T.);
#166 = VERTEX_POINT('',#167);
#167 = CARTESIAN_POINT('',(-34.45,46.,13.));
#168 = CIRCLE('',#169,1.55);
#169 = AXIS2_PLACEMENT_3D('',#170,#171,#172);
#170 = CARTESIAN_POINT('',(-36.,46.,13.));
#171 = DIRECTION('',(0.,0.,-1.));
#172 = DIRECTION('',(1.,0.,0.));
#173 = FACE_BOUND('',#174,.T.);
#174 = EDGE_LOOP('',(#175));
#175 = ORIENTED_EDGE('',*,*,#176,.F.);
#176 = EDGE_CURVE('',#177,#177,#179,.T.);
#177 = VERTEX_POINT('',#178);
#178 = CARTESIAN_POINT('',(4.15,33.,13.));
#179 = CIRCLE('',#180,1.15);
#180 = AXIS2_PLACEMENT_3D('',#181,#182,#183);
#181 = CARTESIAN_POINT('',(3.,33.,13.));
#182 = DIRECTION('',(0.,0.,-1.));
#183 = DIRECTION('',(1.,0.,0.));
#184 = FACE_BOUND('',#185,.T.);
#185 = EDGE_LOOP('',(#186));
#186 = ORIENTED_EDGE('',*,*,#187,.F.);
#187 = EDGE_CURVE('',#188,#188,#190,.T.);
#188 = VERTEX_POINT('',#189);
#189 = CARTESIAN_POINT('',(4.15,59.,13.));
#190 = CIRCLE('',#191,1.15);
#191 = AXIS2_PLACEMENT_3D('',#192,#193,#194);
#192 = CARTESIAN_POINT('',(3.,59.,13.));
#193 = DIRECTION('',(0.,0.,-1.));
#194 = DIRECTION('',(1.,0.,0.));
#195 = PLANE('',#196);
#196 = AXIS2_PLACEMENT_3D('',#197,#198,#199);
#197 = CARTESIAN_POINT('',(-17.75,46.,13.));
#198 = DIRECTION('',(-0.,-0.,-1.));
#199 = DIRECTION('',(-1.,0.,0.));
#200 = ADVANCED_FACE('',(#201),#225,.T.);
#201 = FACE_BOUND('',#202,.F.);
#202 = EDGE_LOOP('',(#203,#204,#205,#219));
#203 = ORIENTED_EDGE('',*,*,#120,.F.);
#204 = ORIENTED_EDGE('',*,*,#79,.T.);
#205 = ORIENTED_EDGE('',*,*,#206,.T.);
#206 = EDGE_CURVE('',#72,#207,#209,.T.);
#207 = VERTEX_POINT('',#208);
#208 = CARTESIAN_POINT('',(-44.75,62.,20.));
#209 = B_SPLINE_CURVE_WITH_KNOTS('',8,(#210,#211,#212,#213,#214,#215,
    #216,#217,#218),.UNSPECIFIED.,.F.,.F.,(9,9),(0.,1.),
  .PIECEWISE_BEZIER_KNOTS.);
#210 = CARTESIAN_POINT('',(-38.75,68.,20.));
#211 = CARTESIAN_POINT('',(-39.92809720324,68.,20.));
#212 = CARTESIAN_POINT('',(-41.1061949651,67.735635290967,20.));
#213 = CARTESIAN_POINT('',(-42.21507926715,67.206908308799,20.));
#214 = CARTESIAN_POINT('',(-43.18555266988,66.435552669881,
    19.999999999999));
#215 = CARTESIAN_POINT('',(-43.95690830879,65.465079267163,20.));
#216 = CARTESIAN_POINT('',(-44.48563529096,64.356194965098,20.));
#217 = CARTESIAN_POINT('',(-44.75,63.178097203242,20.));
#218 = CARTESIAN_POINT('',(-44.75,62.,20.));
#219 = ORIENTED_EDGE('',*,*,#220,.F.);
#220 = EDGE_CURVE('',#113,#207,#221,.T.);
#221 = LINE('',#222,#223);
#222 = CARTESIAN_POINT('',(-44.75,62.,13.));
#223 = VECTOR('',#224,1.);
#224 = DIRECTION('',(0.,1.1E-16,1.));
#225 = CYLINDRICAL_SURFACE('',#226,6.);
#226 = AXIS2_PLACEMENT_3D('',#227,#228,#229);
#227 = CARTESIAN_POINT('',(-38.75,62.,13.));
#228 = DIRECTION('',(0.,0.,-1.));
#229 = DIRECTION('',(2.37E-15,1.,0.));
#230 = ADVANCED_FACE('',(#231),#278,.T.);
#231 = FACE_BOUND('',#232,.F.);
#232 = EDGE_LOOP('',(#233,#234,#243,#251,#260,#268));
#233 = ORIENTED_EDGE('',*,*,#71,.F.);
#234 = ORIENTED_EDGE('',*,*,#235,.F.);
#235 = EDGE_CURVE('',#236,#64,#238,.T.);
#236 = VERTEX_POINT('',#237);
#237 = CARTESIAN_POINT('',(-29.25,62.,26.928203230276));
#238 = CIRCLE('',#239,7.);
#239 = AXIS2_PLACEMENT_3D('',#240,#241,#242);
#240 = CARTESIAN_POINT('',(-29.25,61.,20.));
#241 = DIRECTION('',(-1.,0.,0.));
#242 = DIRECTION('',(0.,1.,0.));
#243 = ORIENTED_EDGE('',*,*,#244,.T.);
#244 = EDGE_CURVE('',#236,#245,#247,.T.);
#245 = VERTEX_POINT('',#246);
#246 = CARTESIAN_POINT('',(-34.,62.,26.928203230276));
#247 = LINE('',#248,#249);
#248 = CARTESIAN_POINT('',(3.25,62.,26.928203230276));
#249 = VECTOR('',#250,1.);
#250 = DIRECTION('',(-1.,0.,0.));
#251 = ORIENTED_EDGE('',*,*,#252,.F.);
#252 = EDGE_CURVE('',#253,#245,#255,.T.);
#253 = VERTEX_POINT('',#254);
#254 = CARTESIAN_POINT('',(-34.,61.,27.));
#255 = CIRCLE('',#256,7.);
#256 = AXIS2_PLACEMENT_3D('',#257,#258,#259);
#257 = CARTESIAN_POINT('',(-34.,61.,20.));
#258 = DIRECTION('',(-1.,0.,0.));
#259 = DIRECTION('',(0.,1.,0.));
#260 = ORIENTED_EDGE('',*,*,#261,.T.);
#261 = EDGE_CURVE('',#253,#262,#264,.T.);
#262 = VERTEX_POINT('',#263);
#263 = CARTESIAN_POINT('',(-37.75,61.,27.));
#264 = LINE('',#265,#266);
#265 = CARTESIAN_POINT('',(3.25,61.,27.));
#266 = VECTOR('',#267,1.);
#267 = DIRECTION('',(-1.,0.,0.));
#268 = ORIENTED_EDGE('',*,*,#269,.F.);
#269 = EDGE_CURVE('',#72,#262,#270,.T.);
#270 = B_SPLINE_CURVE_WITH_KNOTS('',6,(#271,#272,#273,#274,#275,#276,
    #277),.UNSPECIFIED.,.F.,.F.,(7,7),(0.,1.),.PIECEWISE_BEZIER_KNOTS.);
#271 = CARTESIAN_POINT('',(-38.75,68.,20.));
#272 = CARTESIAN_POINT('',(-38.58333333333,68.,21.832595714594));
#273 = CARTESIAN_POINT('',(-38.41666666666,67.424406197858,
    23.665035504936));
#274 = CARTESIAN_POINT('',(-38.25,66.272331047481,25.272331047481));
#275 = CARTESIAN_POINT('',(-38.08333333333,64.665035504936,
    26.424406197858));
#276 = CARTESIAN_POINT('',(-37.91666666666,62.832595714594,27.));
#277 = CARTESIAN_POINT('',(-37.75,61.,27.));
#278 = CYLINDRICAL_SURFACE('',#279,7.);
#279 = AXIS2_PLACEMENT_3D('',#280,#281,#282);
#280 = CARTESIAN_POINT('',(3.25,61.,20.));
#281 = DIRECTION('',(-1.,0.,0.));
#282 = DIRECTION('',(0.,1.,0.));
#283 = ADVANCED_FACE('',(#284),#302,.F.);
#284 = FACE_BOUND('',#285,.F.);
#285 = EDGE_LOOP('',(#286,#294,#300,#301));
#286 = ORIENTED_EDGE('',*,*,#287,.F.);
#287 = EDGE_CURVE('',#288,#56,#290,.T.);
#288 = VERTEX_POINT('',#289);
#289 = CARTESIAN_POINT('',(-29.25,62.,27.));
#290 = LINE('',#291,#292);
#291 = CARTESIAN_POINT('',(-29.25,53.5,27.));
#292 = VECTOR('',#293,1.);
#293 = DIRECTION('',(0.,1.,0.));
#294 = ORIENTED_EDGE('',*,*,#295,.F.);
#295 = EDGE_CURVE('',#236,#288,#296,.T.);
#296 = LINE('',#297,#298);
#297 = CARTESIAN_POINT('',(-29.25,62.,22.511248582817));
#298 = VECTOR('',#299,1.);
#299 = DIRECTION('',(0.,-9.9E-16,1.));
#300 = ORIENTED_EDGE('',*,*,#235,.T.);
#301 = ORIENTED_EDGE('',*,*,#63,.T.);
#302 = PLANE('',#303);
#303 = AXIS2_PLACEMENT_3D('',#304,#305,#306);
#304 = CARTESIAN_POINT('',(-29.25,61.,13.));
#305 = DIRECTION('',(1.,0.,0.));
#306 = DIRECTION('',(0.,0.,1.));
#307 = ADVANCED_FACE('',(#308),#358,.T.);
#308 = FACE_BOUND('',#309,.T.);
#309 = EDGE_LOOP('',(#310,#311,#312,#320,#328,#336,#344,#352));
#310 = ORIENTED_EDGE('',*,*,#55,.T.);
#311 = ORIENTED_EDGE('',*,*,#287,.F.);
#312 = ORIENTED_EDGE('',*,*,#313,.F.);
#313 = EDGE_CURVE('',#314,#288,#316,.T.);
#314 = VERTEX_POINT('',#315);
#315 = CARTESIAN_POINT('',(-27.75,62.,27.));
#316 = LINE('',#317,#318);
#317 = CARTESIAN_POINT('',(-25.875,62.,27.));
#318 = VECTOR('',#319,1.);
#319 = DIRECTION('',(-1.,0.,0.));
#320 = ORIENTED_EDGE('',*,*,#321,.F.);
#321 = EDGE_CURVE('',#322,#314,#324,.T.);
#322 = VERTEX_POINT('',#323);
#323 = CARTESIAN_POINT('',(-27.75,66.,27.));
#324 = LINE('',#325,#326);
#325 = CARTESIAN_POINT('',(-27.75,54.,27.));
#326 = VECTOR('',#327,1.);
#327 = DIRECTION('',(0.,-1.,1.1E-16));
#328 = ORIENTED_EDGE('',*,*,#329,.T.);
#329 = EDGE_CURVE('',#322,#330,#332,.T.);
#330 = VERTEX_POINT('',#331);
#331 = CARTESIAN_POINT('',(-7.75,66.,27.));
#332 = LINE('',#333,#334);
#333 = CARTESIAN_POINT('',(-17.68994376909,66.,27.));
#334 = VECTOR('',#335,1.);
#335 = DIRECTION('',(1.,0.,0.));
#336 = ORIENTED_EDGE('',*,*,#337,.T.);
#337 = EDGE_CURVE('',#330,#338,#340,.T.);
#338 = VERTEX_POINT('',#339);
#339 = CARTESIAN_POINT('',(-7.75,62.,27.));
#340 = LINE('',#341,#342);
#341 = CARTESIAN_POINT('',(-7.75,54.,27.));
#342 = VECTOR('',#343,1.);
#343 = DIRECTION('',(0.,-1.,1.1E-16));
#344 = ORIENTED_EDGE('',*,*,#345,.F.);
#345 = EDGE_CURVE('',#346,#338,#348,.T.);
#346 = VERTEX_POINT('',#347);
#347 = CARTESIAN_POINT('',(-6.25,62.,27.));
#348 = LINE('',#349,#350);
#349 = CARTESIAN_POINT('',(-25.875,62.,27.));
#350 = VECTOR('',#351,1.);
#351 = DIRECTION('',(-1.,0.,0.));
#352 = ORIENTED_EDGE('',*,*,#353,.T.);
#353 = EDGE_CURVE('',#346,#48,#354,.T.);
#354 = LINE('',#355,#356);
#355 = CARTESIAN_POINT('',(-6.25,53.5,27.));
#356 = VECTOR('',#357,1.);
#357 = DIRECTION('',(0.,1.,0.));
#358 = PLANE('',#359);
#359 = AXIS2_PLACEMENT_3D('',#360,#361,#362);
#360 = CARTESIAN_POINT('',(-17.75,46.,27.));
#361 = DIRECTION('',(0.,0.,1.));
#362 = DIRECTION('',(1.,0.,0.));
#363 = ADVANCED_FACE('',(#364),#383,.T.);
#364 = FACE_BOUND('',#365,.T.);
#365 = EDGE_LOOP('',(#366,#367,#375,#382));
#366 = ORIENTED_EDGE('',*,*,#353,.F.);
#367 = ORIENTED_EDGE('',*,*,#368,.F.);
#368 = EDGE_CURVE('',#369,#346,#371,.T.);
#369 = VERTEX_POINT('',#370);
#370 = CARTESIAN_POINT('',(-6.25,62.,26.928203230276));
#371 = LINE('',#372,#373);
#372 = CARTESIAN_POINT('',(-6.25,62.,22.511248582817));
#373 = VECTOR('',#374,1.);
#374 = DIRECTION('',(0.,-9.9E-16,1.));
#375 = ORIENTED_EDGE('',*,*,#376,.T.);
#376 = EDGE_CURVE('',#369,#40,#377,.T.);
#377 = CIRCLE('',#378,7.);
#378 = AXIS2_PLACEMENT_3D('',#379,#380,#381);
#379 = CARTESIAN_POINT('',(-6.25,61.,20.));
#380 = DIRECTION('',(-1.,0.,0.));
#381 = DIRECTION('',(0.,1.,0.));
#382 = ORIENTED_EDGE('',*,*,#47,.T.);
#383 = PLANE('',#384);
#384 = AXIS2_PLACEMENT_3D('',#385,#386,#387);
#385 = CARTESIAN_POINT('',(-6.25,61.,13.));
#386 = DIRECTION('',(1.,0.,0.));
#387 = DIRECTION('',(0.,0.,1.));
#388 = ADVANCED_FACE('',(#389),#461,.T.);
#389 = FACE_BOUND('',#390,.F.);
#390 = EDGE_LOOP('',(#391,#392,#406,#437,#445,#454,#460));
#391 = ORIENTED_EDGE('',*,*,#39,.F.);
#392 = ORIENTED_EDGE('',*,*,#393,.T.);
#393 = EDGE_CURVE('',#32,#394,#396,.T.);
#394 = VERTEX_POINT('',#395);
#395 = CARTESIAN_POINT('',(2.411247682655,62.754113838021,
    26.776657335247));
#396 = B_SPLINE_CURVE_WITH_KNOTS('',8,(#397,#398,#399,#400,#401,#402,
    #403,#404,#405),.UNSPECIFIED.,.F.,.F.,(9,9),(0.,1.),
  .PIECEWISE_BEZIER_KNOTS.);
#397 = CARTESIAN_POINT('',(3.25,68.,20.));
#398 = CARTESIAN_POINT('',(3.125,68.,21.374446785946));
#399 = CARTESIAN_POINT('',(3.,67.691574477271,22.74889400453));
#400 = CARTESIAN_POINT('',(2.875,67.074726461101,24.042592640345));
#401 = CARTESIAN_POINT('',(2.75,66.174811290458,25.174811290459));
#402 = CARTESIAN_POINT('',(2.625,65.042592640346,26.0747264611));
#403 = CARTESIAN_POINT('',(2.5,63.748894004529,26.691574477271));
#404 = CARTESIAN_POINT('',(2.375,62.374446785946,27.));
#405 = CARTESIAN_POINT('',(2.25,61.,27.));
#406 = ORIENTED_EDGE('',*,*,#407,.T.);
#407 = EDGE_CURVE('',#394,#408,#410,.T.);
#408 = VERTEX_POINT('',#409);
#409 = CARTESIAN_POINT('',(-0.231098884281,61.,27.));
#410 = B_SPLINE_CURVE_WITH_KNOTS('',7,(#411,#412,#413,#414,#415,#416,
    #417,#418,#419,#420,#421,#422,#423,#424,#425,#426,#427,#428,#429,
    #430,#431,#432,#433,#434,#435,#436),.UNSPECIFIED.,.F.,.F.,(8,6,6,6,8
    ),(0.,6.395594357317E-02,0.677770941787,0.81827076517,1.),
  .UNSPECIFIED.);
#411 = CARTESIAN_POINT('',(3.250172966689,62.791755989873,
    26.766802086123));
#412 = CARTESIAN_POINT('',(3.215005705194,62.794076259996,
    26.766187710552));
#413 = CARTESIAN_POINT('',(3.179823495579,62.796015334955,
    26.765673276988));
#414 = CARTESIAN_POINT('',(3.14462928568,62.797573416804,26.765259318879
    ));
#415 = CARTESIAN_POINT('',(3.109426021514,62.798750657725,
    26.764946238342));
#416 = CARTESIAN_POINT('',(3.074216647276,62.799547160028,
    26.764734306164));
#417 = CARTESIAN_POINT('',(3.039004105343,62.799962976149,
    26.764623661802));
#418 = CARTESIAN_POINT('',(2.665837979962,62.800335291668,
    26.764524592262));
#419 = CARTESIAN_POINT('',(2.328412329913,62.765607225479,
    26.773765644275));
#420 = CARTESIAN_POINT('',(1.993606708704,62.696017908643,
    26.792289064001));
#421 = CARTESIAN_POINT('',(1.663641303193,62.591053342953,
    26.819020290674));
#422 = CARTESIAN_POINT('',(1.341167365372,62.449601270724,
    26.851832417599));
#423 = CARTESIAN_POINT('',(1.029679646767,62.270075086451,
    26.887395484762));
#424 = CARTESIAN_POINT('',(0.66646523418,62.000286252696,26.928348344957
    ));
#425 = CARTESIAN_POINT('',(0.599624684789,61.947922202216,
    26.935861507081));
#426 = CARTESIAN_POINT('',(0.533654674829,61.893418019739,
    26.943200124378));
#427 = CARTESIAN_POINT('',(0.468619595414,61.83674643403,26.95029945164)
  );
#428 = CARTESIAN_POINT('',(0.404589980369,61.777880346351,
    26.957089441104));
#429 = CARTESIAN_POINT('',(0.341642478974,61.71679291506,26.963494420041
    ));
#430 = CARTESIAN_POINT('',(0.19994717479,61.571536746974,26.977113713889
    ));
#431 = CARTESIAN_POINT('',(0.121953399717,61.485824554925,
    26.984016860178));
#432 = CARTESIAN_POINT('',(4.610017819528E-02,61.396299079555,
    26.989960650861));
#433 = CARTESIAN_POINT('',(-2.738020896655E-02,61.30294903827,
    26.994748671892));
#434 = CARTESIAN_POINT('',(-9.824470436616E-02,61.205773887461,
    26.998170074807));
#435 = CARTESIAN_POINT('',(-0.166239303504,61.104783859541,27.));
#436 = CARTESIAN_POINT('',(-0.231098884281,61.,27.));
#437 = ORIENTED_EDGE('',*,*,#438,.T.);
#438 = EDGE_CURVE('',#408,#439,#441,.T.);
#439 = VERTEX_POINT('',#440);
#440 = CARTESIAN_POINT('',(-2.,61.,27.));
#441 = LINE('',#442,#443);
#442 = CARTESIAN_POINT('',(3.25,61.,27.));
#443 = VECTOR('',#444,1.);
#444 = DIRECTION('',(-1.,0.,0.));
#445 = ORIENTED_EDGE('',*,*,#446,.T.);
#446 = EDGE_CURVE('',#439,#447,#449,.T.);
#447 = VERTEX_POINT('',#448);
#448 = CARTESIAN_POINT('',(-2.,62.,26.928203230276));
#449 = CIRCLE('',#450,7.);
#450 = AXIS2_PLACEMENT_3D('',#451,#452,#453);
#451 = CARTESIAN_POINT('',(-2.,61.,20.));
#452 = DIRECTION('',(-1.,0.,0.));
#453 = DIRECTION('',(0.,1.,0.));
#454 = ORIENTED_EDGE('',*,*,#455,.T.);
#455 = EDGE_CURVE('',#447,#369,#456,.T.);
#456 = LINE('',#457,#458);
#457 = CARTESIAN_POINT('',(3.25,62.,26.928203230276));
#458 = VECTOR('',#459,1.);
#459 = DIRECTION('',(-1.,0.,0.));
#460 = ORIENTED_EDGE('',*,*,#376,.T.);
#461 = CYLINDRICAL_SURFACE('',#462,7.);
#462 = AXIS2_PLACEMENT_3D('',#463,#464,#465);
#463 = CARTESIAN_POINT('',(3.25,61.,20.));
#464 = DIRECTION('',(-1.,0.,0.));
#465 = DIRECTION('',(0.,1.,0.));
#466 = ADVANCED_FACE('',(#467),#491,.T.);
#467 = FACE_BOUND('',#468,.F.);
#468 = EDGE_LOOP('',(#469,#470,#478,#490));
#469 = ORIENTED_EDGE('',*,*,#128,.F.);
#470 = ORIENTED_EDGE('',*,*,#471,.T.);
#471 = EDGE_CURVE('',#129,#472,#474,.T.);
#472 = VERTEX_POINT('',#473);
#473 = CARTESIAN_POINT('',(9.25,62.,20.));
#474 = LINE('',#475,#476);
#475 = CARTESIAN_POINT('',(9.25,62.,13.));
#476 = VECTOR('',#477,1.);
#477 = DIRECTION('',(0.,1.1E-16,1.));
#478 = ORIENTED_EDGE('',*,*,#479,.T.);
#479 = EDGE_CURVE('',#472,#32,#480,.T.);
#480 = B_SPLINE_CURVE_WITH_KNOTS('',8,(#481,#482,#483,#484,#485,#486,
    #487,#488,#489),.UNSPECIFIED.,.F.,.F.,(9,9),(0.,1.),
  .PIECEWISE_BEZIER_KNOTS.);
#481 = CARTESIAN_POINT('',(9.25,62.,20.));
#482 = CARTESIAN_POINT('',(9.25,63.17809720324,20.));
#483 = CARTESIAN_POINT('',(8.985635290968,64.356194965103,20.));
#484 = CARTESIAN_POINT('',(8.456908308799,65.465079267155,20.));
#485 = CARTESIAN_POINT('',(7.685552669882,66.435552669888,
    19.999999999999));
#486 = CARTESIAN_POINT('',(6.715079267162,67.206908308796,20.));
#487 = CARTESIAN_POINT('',(5.606194965099,67.735635290969,20.));
#488 = CARTESIAN_POINT('',(4.428097203242,68.,20.));
#489 = CARTESIAN_POINT('',(3.25,68.,20.));
#490 = ORIENTED_EDGE('',*,*,#31,.F.);
#491 = CYLINDRICAL_SURFACE('',#492,6.);
#492 = AXIS2_PLACEMENT_3D('',#493,#494,#495);
#493 = CARTESIAN_POINT('',(3.25,62.,13.));
#494 = DIRECTION('',(0.,0.,-1.));
#495 = DIRECTION('',(1.,-2.37E-15,0.));
#496 = ADVANCED_FACE('',(#497,#554),#588,.F.);
#497 = FACE_BOUND('',#498,.F.);
#498 = EDGE_LOOP('',(#499,#500,#508,#516,#524,#532,#540,#548));
#499 = ORIENTED_EDGE('',*,*,#93,.F.);
#500 = ORIENTED_EDGE('',*,*,#501,.T.);
#501 = EDGE_CURVE('',#94,#502,#504,.T.);
#502 = VERTEX_POINT('',#503);
#503 = CARTESIAN_POINT('',(-38.75,24.,20.));
#504 = LINE('',#505,#506);
#505 = CARTESIAN_POINT('',(-38.75,24.,13.));
#506 = VECTOR('',#507,1.);
#507 = DIRECTION('',(0.,1.1E-16,1.));
#508 = ORIENTED_EDGE('',*,*,#509,.T.);
#509 = EDGE_CURVE('',#502,#510,#512,.T.);
#510 = VERTEX_POINT('',#511);
#511 = CARTESIAN_POINT('',(-29.25,24.,20.));
#512 = LINE('',#513,#514);
#513 = CARTESIAN_POINT('',(-38.75,24.,20.));
#514 = VECTOR('',#515,1.);
#515 = DIRECTION('',(1.,0.,0.));
#516 = ORIENTED_EDGE('',*,*,#517,.T.);
#517 = EDGE_CURVE('',#510,#518,#520,.T.);
#518 = VERTEX_POINT('',#519);
#519 = CARTESIAN_POINT('',(-29.25,24.,27.));
#520 = LINE('',#521,#522);
#521 = CARTESIAN_POINT('',(-29.25,24.,13.));
#522 = VECTOR('',#523,1.);
#523 = DIRECTION('',(0.,0.,1.));
#524 = ORIENTED_EDGE('',*,*,#525,.T.);
#525 = EDGE_CURVE('',#518,#526,#528,.T.);
#526 = VERTEX_POINT('',#527);
#527 = CARTESIAN_POINT('',(-6.25,24.,27.));
#528 = LINE('',#529,#530);
#529 = CARTESIAN_POINT('',(-38.75,24.,27.));
#530 = VECTOR('',#531,1.);
#531 = DIRECTION('',(1.,0.,0.));
#532 = ORIENTED_EDGE('',*,*,#533,.F.);
#533 = EDGE_CURVE('',#534,#526,#536,.T.);
#534 = VERTEX_POINT('',#535);
#535 = CARTESIAN_POINT('',(-6.25,24.,20.));
#536 = LINE('',#537,#538);
#537 = CARTESIAN_POINT('',(-6.25,24.,13.));
#538 = VECTOR('',#539,1.);
#539 = DIRECTION('',(0.,0.,1.));
#540 = ORIENTED_EDGE('',*,*,#541,.T.);
#541 = EDGE_CURVE('',#534,#542,#544,.T.);
#542 = VERTEX_POINT('',#543);
#543 = CARTESIAN_POINT('',(3.25,24.,20.));
#544 = LINE('',#545,#546);
#545 = CARTESIAN_POINT('',(-38.75,24.,20.));
#546 = VECTOR('',#547,1.);
#547 = DIRECTION('',(1.,0.,0.));
#548 = ORIENTED_EDGE('',*,*,#549,.F.);
#549 = EDGE_CURVE('',#96,#542,#550,.T.);
#550 = LINE('',#551,#552);
#551 = CARTESIAN_POINT('',(3.25,24.,13.));
#552 = VECTOR('',#553,1.);
#553 = DIRECTION('',(0.,1.1E-16,1.));
#554 = FACE_BOUND('',#555,.F.);
#555 = EDGE_LOOP('',(#556,#566,#574,#582));
#556 = ORIENTED_EDGE('',*,*,#557,.F.);
#557 = EDGE_CURVE('',#558,#560,#562,.T.);
#558 = VERTEX_POINT('',#559);
#559 = CARTESIAN_POINT('',(-25.,24.,20.));
#560 = VERTEX_POINT('',#561);
#561 = CARTESIAN_POINT('',(-15.,24.,20.));
#562 = LINE('',#563,#564);
#563 = CARTESIAN_POINT('',(-31.875,24.,20.));
#564 = VECTOR('',#565,1.);
#565 = DIRECTION('',(1.,0.,0.));
#566 = ORIENTED_EDGE('',*,*,#567,.T.);
#567 = EDGE_CURVE('',#558,#568,#570,.T.);
#568 = VERTEX_POINT('',#569);
#569 = CARTESIAN_POINT('',(-25.,24.,15.));
#570 = LINE('',#571,#572);
#571 = CARTESIAN_POINT('',(-25.,24.,14.));
#572 = VECTOR('',#573,1.);
#573 = DIRECTION('',(0.,1.1E-16,-1.));
#574 = ORIENTED_EDGE('',*,*,#575,.T.);
#575 = EDGE_CURVE('',#568,#576,#578,.T.);
#576 = VERTEX_POINT('',#577);
#577 = CARTESIAN_POINT('',(-15.,24.,15.));
#578 = LINE('',#579,#580);
#579 = CARTESIAN_POINT('',(-31.875,24.,15.));
#580 = VECTOR('',#581,1.);
#581 = DIRECTION('',(1.,0.,0.));
#582 = ORIENTED_EDGE('',*,*,#583,.F.);
#583 = EDGE_CURVE('',#560,#576,#584,.T.);
#584 = LINE('',#585,#586);
#585 = CARTESIAN_POINT('',(-15.,24.,14.));
#586 = VECTOR('',#587,1.);
#587 = DIRECTION('',(0.,1.1E-16,-1.));
#588 = PLANE('',#589);
#589 = AXIS2_PLACEMENT_3D('',#590,#591,#592);
#590 = CARTESIAN_POINT('',(-38.75,24.,13.));
#591 = DIRECTION('',(0.,1.,-1.1E-16));
#592 = DIRECTION('',(1.,0.,0.));
#593 = ADVANCED_FACE('',(#594),#618,.T.);
#594 = FACE_BOUND('',#595,.F.);
#595 = EDGE_LOOP('',(#596,#597,#605,#617));
#596 = ORIENTED_EDGE('',*,*,#103,.F.);
#597 = ORIENTED_EDGE('',*,*,#598,.T.);
#598 = EDGE_CURVE('',#104,#599,#601,.T.);
#599 = VERTEX_POINT('',#600);
#600 = CARTESIAN_POINT('',(-44.75,30.,20.));
#601 = LINE('',#602,#603);
#602 = CARTESIAN_POINT('',(-44.75,30.,13.));
#603 = VECTOR('',#604,1.);
#604 = DIRECTION('',(0.,1.1E-16,1.));
#605 = ORIENTED_EDGE('',*,*,#606,.T.);
#606 = EDGE_CURVE('',#599,#502,#607,.T.);
#607 = B_SPLINE_CURVE_WITH_KNOTS('',8,(#608,#609,#610,#611,#612,#613,
    #614,#615,#616),.UNSPECIFIED.,.F.,.F.,(9,9),(0.,1.),
  .PIECEWISE_BEZIER_KNOTS.);
#608 = CARTESIAN_POINT('',(-44.75,30.,20.));
#609 = CARTESIAN_POINT('',(-44.75,28.82190279676,20.));
#610 = CARTESIAN_POINT('',(-44.48563529096,27.643805034897,20.));
#611 = CARTESIAN_POINT('',(-43.95690830879,26.534920732844,20.));
#612 = CARTESIAN_POINT('',(-43.18555266988,25.564447330113,
    19.999999999999));
#613 = CARTESIAN_POINT('',(-42.21507926716,24.793091691204,20.));
#614 = CARTESIAN_POINT('',(-41.10619496509,24.264364709032,
    19.999999999999));
#615 = CARTESIAN_POINT('',(-39.92809720324,24.,20.));
#616 = CARTESIAN_POINT('',(-38.75,24.,20.));
#617 = ORIENTED_EDGE('',*,*,#501,.F.);
#618 = CYLINDRICAL_SURFACE('',#619,6.);
#619 = AXIS2_PLACEMENT_3D('',#620,#621,#622);
#620 = CARTESIAN_POINT('',(-38.75,30.,13.));
#621 = DIRECTION('',(-0.,-0.,-1.));
#622 = DIRECTION('',(-1.,-5.9E-16,0.));
#623 = ADVANCED_FACE('',(#624),#635,.F.);
#624 = FACE_BOUND('',#625,.F.);
#625 = EDGE_LOOP('',(#626,#627,#628,#634));
#626 = ORIENTED_EDGE('',*,*,#112,.F.);
#627 = ORIENTED_EDGE('',*,*,#220,.T.);
#628 = ORIENTED_EDGE('',*,*,#629,.T.);
#629 = EDGE_CURVE('',#207,#599,#630,.T.);
#630 = LINE('',#631,#632);
#631 = CARTESIAN_POINT('',(-44.75,62.,20.));
#632 = VECTOR('',#633,1.);
#633 = DIRECTION('',(0.,-1.,0.));
#634 = ORIENTED_EDGE('',*,*,#598,.F.);
#635 = PLANE('',#636);
#636 = AXIS2_PLACEMENT_3D('',#637,#638,#639);
#637 = CARTESIAN_POINT('',(-44.75,62.,13.));
#638 = DIRECTION('',(1.,0.,0.));
#639 = DIRECTION('',(0.,-1.,1.1E-16));
#640 = ADVANCED_FACE('',(#641),#659,.F.);
#641 = FACE_BOUND('',#642,.F.);
#642 = EDGE_LOOP('',(#643,#644,#652,#658));
#643 = ORIENTED_EDGE('',*,*,#137,.F.);
#644 = ORIENTED_EDGE('',*,*,#645,.T.);
#645 = EDGE_CURVE('',#138,#646,#648,.T.);
#646 = VERTEX_POINT('',#647);
#647 = CARTESIAN_POINT('',(9.25,30.,20.));
#648 = LINE('',#649,#650);
#649 = CARTESIAN_POINT('',(9.25,30.,13.));
#650 = VECTOR('',#651,1.);
#651 = DIRECTION('',(0.,1.1E-16,1.));
#652 = ORIENTED_EDGE('',*,*,#653,.T.);
#653 = EDGE_CURVE('',#646,#472,#654,.T.);
#654 = LINE('',#655,#656);
#655 = CARTESIAN_POINT('',(9.25,30.,20.));
#656 = VECTOR('',#657,1.);
#657 = DIRECTION('',(0.,1.,0.));
#658 = ORIENTED_EDGE('',*,*,#471,.F.);
#659 = PLANE('',#660);
#660 = AXIS2_PLACEMENT_3D('',#661,#662,#663);
#661 = CARTESIAN_POINT('',(9.25,30.,13.));
#662 = DIRECTION('',(-1.,0.,0.));
#663 = DIRECTION('',(0.,1.,-1.1E-16));
#664 = ADVANCED_FACE('',(#665),#682,.T.);
#665 = FACE_BOUND('',#666,.F.);
#666 = EDGE_LOOP('',(#667,#668,#669,#681));
#667 = ORIENTED_EDGE('',*,*,#145,.F.);
#668 = ORIENTED_EDGE('',*,*,#549,.T.);
#669 = ORIENTED_EDGE('',*,*,#670,.T.);
#670 = EDGE_CURVE('',#542,#646,#671,.T.);
#671 = B_SPLINE_CURVE_WITH_KNOTS('',8,(#672,#673,#674,#675,#676,#677,
    #678,#679,#680),.UNSPECIFIED.,.F.,.F.,(9,9),(0.,1.),
  .PIECEWISE_BEZIER_KNOTS.);
#672 = CARTESIAN_POINT('',(3.25,24.,20.));
#673 = CARTESIAN_POINT('',(4.42809720324,24.,20.));
#674 = CARTESIAN_POINT('',(5.606194965103,24.264364709031,20.));
#675 = CARTESIAN_POINT('',(6.715079267155,24.793091691205,20.));
#676 = CARTESIAN_POINT('',(7.685552669888,25.564447330111,
    19.999999999999));
#677 = CARTESIAN_POINT('',(8.456908308795,26.534920732846,20.));
#678 = CARTESIAN_POINT('',(8.985635290969,27.643805034896,20.));
#679 = CARTESIAN_POINT('',(9.25,28.82190279676,20.));
#680 = CARTESIAN_POINT('',(9.25,30.,20.));
#681 = ORIENTED_EDGE('',*,*,#645,.F.);
#682 = CYLINDRICAL_SURFACE('',#683,6.);
#683 = AXIS2_PLACEMENT_3D('',#684,#685,#686);
#684 = CARTESIAN_POINT('',(3.25,30.,13.));
#685 = DIRECTION('',(0.,0.,-1.));
#686 = DIRECTION('',(7.4E-16,-1.,0.));
#687 = ADVANCED_FACE('',(#688),#707,.F.);
#688 = FACE_BOUND('',#689,.T.);
#689 = EDGE_LOOP('',(#690,#691,#699,#706));
#690 = ORIENTED_EDGE('',*,*,#154,.T.);
#691 = ORIENTED_EDGE('',*,*,#692,.T.);
#692 = EDGE_CURVE('',#155,#693,#695,.T.);
#693 = VERTEX_POINT('',#694);
#694 = CARTESIAN_POINT('',(2.55,46.,20.9));
#695 = LINE('',#696,#697);
#696 = CARTESIAN_POINT('',(2.55,46.,12.9));
#697 = VECTOR('',#698,1.);
#698 = DIRECTION('',(0.,0.,1.));
#699 = ORIENTED_EDGE('',*,*,#700,.T.);
#700 = EDGE_CURVE('',#693,#693,#701,.T.);
#701 = CIRCLE('',#702,1.55);
#702 = AXIS2_PLACEMENT_3D('',#703,#704,#705);
#703 = CARTESIAN_POINT('',(1.,46.,20.9));
#704 = DIRECTION('',(0.,0.,1.));
#705 = DIRECTION('',(1.,0.,0.));
#706 = ORIENTED_EDGE('',*,*,#692,.F.);
#707 = CYLINDRICAL_SURFACE('',#708,1.55);
#708 = AXIS2_PLACEMENT_3D('',#709,#710,#711);
#709 = CARTESIAN_POINT('',(1.,46.,12.9));
#710 = DIRECTION('',(-0.,-0.,-1.));
#711 = DIRECTION('',(1.,0.,0.));
#712 = ADVANCED_FACE('',(#713),#732,.F.);
#713 = FACE_BOUND('',#714,.T.);
#714 = EDGE_LOOP('',(#715,#716,#724,#731));
#715 = ORIENTED_EDGE('',*,*,#165,.T.);
#716 = ORIENTED_EDGE('',*,*,#717,.T.);
#717 = EDGE_CURVE('',#166,#718,#720,.T.);
#718 = VERTEX_POINT('',#719);
#719 = CARTESIAN_POINT('',(-34.45,46.,20.9));
#720 = LINE('',#721,#722);
#721 = CARTESIAN_POINT('',(-34.45,46.,12.9));
#722 = VECTOR('',#723,1.);
#723 = DIRECTION('',(0.,0.,1.));
#724 = ORIENTED_EDGE('',*,*,#725,.T.);
#725 = EDGE_CURVE('',#718,#718,#726,.T.);
#726 = CIRCLE('',#727,1.55);
#727 = AXIS2_PLACEMENT_3D('',#728,#729,#730);
#728 = CARTESIAN_POINT('',(-36.,46.,20.9));
#729 = DIRECTION('',(0.,0.,1.));
#730 = DIRECTION('',(1.,0.,0.));
#731 = ORIENTED_EDGE('',*,*,#717,.F.);
#732 = CYLINDRICAL_SURFACE('',#733,1.55);
#733 = AXIS2_PLACEMENT_3D('',#734,#735,#736);
#734 = CARTESIAN_POINT('',(-36.,46.,12.9));
#735 = DIRECTION('',(-0.,-0.,-1.));
#736 = DIRECTION('',(1.,0.,0.));
#737 = ADVANCED_FACE('',(#738),#757,.F.);
#738 = FACE_BOUND('',#739,.T.);
#739 = EDGE_LOOP('',(#740,#748,#749,#750));
#740 = ORIENTED_EDGE('',*,*,#741,.F.);
#741 = EDGE_CURVE('',#177,#742,#744,.T.);
#742 = VERTEX_POINT('',#743);
#743 = CARTESIAN_POINT('',(4.15,33.,17.));
#744 = LINE('',#745,#746);
#745 = CARTESIAN_POINT('',(4.15,33.,12.9));
#746 = VECTOR('',#747,1.);
#747 = DIRECTION('',(0.,0.,1.));
#748 = ORIENTED_EDGE('',*,*,#176,.T.);
#749 = ORIENTED_EDGE('',*,*,#741,.T.);
#750 = ORIENTED_EDGE('',*,*,#751,.F.);
#751 = EDGE_CURVE('',#742,#742,#752,.T.);
#752 = CIRCLE('',#753,1.15);
#753 = AXIS2_PLACEMENT_3D('',#754,#755,#756);
#754 = CARTESIAN_POINT('',(3.,33.,17.));
#755 = DIRECTION('',(0.,0.,-1.));
#756 = DIRECTION('',(1.,0.,0.));
#757 = CYLINDRICAL_SURFACE('',#758,1.15);
#758 = AXIS2_PLACEMENT_3D('',#759,#760,#761);
#759 = CARTESIAN_POINT('',(3.,33.,12.9));
#760 = DIRECTION('',(-0.,-0.,-1.));
#761 = DIRECTION('',(1.,0.,0.));
#762 = ADVANCED_FACE('',(#763),#782,.F.);
#763 = FACE_BOUND('',#764,.T.);
#764 = EDGE_LOOP('',(#765,#773,#774,#775));
#765 = ORIENTED_EDGE('',*,*,#766,.F.);
#766 = EDGE_CURVE('',#188,#767,#769,.T.);
#767 = VERTEX_POINT('',#768);
#768 = CARTESIAN_POINT('',(4.15,59.,17.));
#769 = LINE('',#770,#771);
#770 = CARTESIAN_POINT('',(4.15,59.,12.9));
#771 = VECTOR('',#772,1.);
#772 = DIRECTION('',(0.,0.,1.));
#773 = ORIENTED_EDGE('',*,*,#187,.T.);
#774 = ORIENTED_EDGE('',*,*,#766,.T.);
#775 = ORIENTED_EDGE('',*,*,#776,.F.);
#776 = EDGE_CURVE('',#767,#767,#777,.T.);
#777 = CIRCLE('',#778,1.15);
#778 = AXIS2_PLACEMENT_3D('',#779,#780,#781);
#779 = CARTESIAN_POINT('',(3.,59.,17.));
#780 = DIRECTION('',(0.,0.,-1.));
#781 = DIRECTION('',(1.,0.,0.));
#782 = CYLINDRICAL_SURFACE('',#783,1.15);
#783 = AXIS2_PLACEMENT_3D('',#784,#785,#786);
#784 = CARTESIAN_POINT('',(3.,59.,12.9));
#785 = DIRECTION('',(-0.,-0.,-1.));
#786 = DIRECTION('',(1.,0.,0.));
#787 = ADVANCED_FACE('',(#788),#804,.T.);
#788 = FACE_BOUND('',#789,.T.);
#789 = EDGE_LOOP('',(#790,#791,#792));
#790 = ORIENTED_EDGE('',*,*,#269,.F.);
#791 = ORIENTED_EDGE('',*,*,#206,.T.);
#792 = ORIENTED_EDGE('',*,*,#793,.T.);
#793 = EDGE_CURVE('',#207,#262,#794,.T.);
#794 = B_SPLINE_CURVE_WITH_KNOTS('',8,(#795,#796,#797,#798,#799,#800,
    #801,#802,#803),.UNSPECIFIED.,.F.,.F.,(9,9),(0.,1.),
  .PIECEWISE_BEZIER_KNOTS.);
#795 = CARTESIAN_POINT('',(-44.75,62.,20.));
#796 = CARTESIAN_POINT('',(-44.75,61.875,21.374446785946));
#797 = CARTESIAN_POINT('',(-44.44157447727,61.75,22.748894004529));
#798 = CARTESIAN_POINT('',(-43.8247264611,61.625,24.042592640346));
#799 = CARTESIAN_POINT('',(-42.92481129045,61.5,25.174811290458));
#800 = CARTESIAN_POINT('',(-41.79259264034,61.375,26.074726461101));
#801 = CARTESIAN_POINT('',(-40.49889400452,61.25,26.691574477271));
#802 = CARTESIAN_POINT('',(-39.12444678594,61.125,27.));
#803 = CARTESIAN_POINT('',(-37.75,61.,27.));
#804 = B_SPLINE_SURFACE_WITH_KNOTS('',8,8,(
    (#805,#806,#807,#808,#809,#810,#811,#812,#813)
    ,(#814,#815,#816,#817,#818,#819,#820,#821,#822)
    ,(#823,#824,#825,#826,#827,#828,#829,#830,#831)
    ,(#832,#833,#834,#835,#836,#837,#838,#839,#840)
    ,(#841,#842,#843,#844,#845,#846,#847,#848,#849)
    ,(#850,#851,#852,#853,#854,#855,#856,#857,#858)
    ,(#859,#860,#861,#862,#863,#864,#865,#866,#867)
    ,(#868,#869,#870,#871,#872,#873,#874,#875,#876)
    ,(#877,#878,#879,#880,#881,#882,#883,#884,#885
  )),.UNSPECIFIED.,.F.,.F.,.F.,(9,9),(9,9),(0.,1.),(0.,1.),
  .PIECEWISE_BEZIER_KNOTS.);
#805 = CARTESIAN_POINT('',(-38.75,68.,20.));
#806 = CARTESIAN_POINT('',(-38.625,68.,21.374446785946));
#807 = CARTESIAN_POINT('',(-38.5,67.691574477272,22.748894004529));
#808 = CARTESIAN_POINT('',(-38.375,67.074726461101,24.042592640346));
#809 = CARTESIAN_POINT('',(-38.25,66.174811290458,25.174811290459));
#810 = CARTESIAN_POINT('',(-38.125,65.042592640346,26.0747264611));
#811 = CARTESIAN_POINT('',(-38.,63.748894004529,26.691574477271));
#812 = CARTESIAN_POINT('',(-37.875,62.374446785946,27.));
#813 = CARTESIAN_POINT('',(-37.75,61.,27.));
#814 = CARTESIAN_POINT('',(-39.92809720324,68.,20.));
#815 = CARTESIAN_POINT('',(-39.76521005283,68.012271845867,
    21.374446785946));
#816 = CARTESIAN_POINT('',(-39.56376971208,67.708868417955,
    22.797853156332));
#817 = CARTESIAN_POINT('',(-39.32377655966,67.054926861862,
    24.160124632456));
#818 = CARTESIAN_POINT('',(-39.04840001292,66.06922028139,
    25.314885305511));
#819 = CARTESIAN_POINT('',(-38.74398553125,64.895378996957,
    26.157722606616));
#820 = CARTESIAN_POINT('',(-38.41938605137,63.627712501381,
    26.719795679087));
#821 = CARTESIAN_POINT('',(-38.08469299864,62.312015937702,27.));
#822 = CARTESIAN_POINT('',(-37.75,61.,27.));
#823 = CARTESIAN_POINT('',(-41.1061949651,67.735635290967,20.));
#824 = CARTESIAN_POINT('',(-40.96206546707,67.784158018063,
    21.374446785945));
#825 = CARTESIAN_POINT('',(-40.89024606981,67.313478356816,
    22.832823979048));
#826 = CARTESIAN_POINT('',(-40.57076010941,66.621366875708,
    24.244076055392));
#827 = CARTESIAN_POINT('',(-40.11597775972,65.616400982267,
    25.414938173405));
#828 = CARTESIAN_POINT('',(-39.57422231743,64.481571117279,
    26.217005567698));
#829 = CARTESIAN_POINT('',(-38.98259110256,63.316513798611,
    26.739953680383));
#830 = CARTESIAN_POINT('',(-38.46908573791,62.032810448726,27.));
#831 = CARTESIAN_POINT('',(-37.75,61.,27.));
#832 = CARTESIAN_POINT('',(-42.21507926715,67.206908308799,20.));
#833 = CARTESIAN_POINT('',(-42.14376116452,67.269870740601,
    21.374446785946));
#834 = CARTESIAN_POINT('',(-41.98369927042,66.880109307355,
    22.853806472678));
#835 = CARTESIAN_POINT('',(-41.54197453885,66.235649271602,
    24.294446909154));
#836 = CARTESIAN_POINT('',(-40.8938632129,65.285324747441,
    25.474969894142));
#837 = CARTESIAN_POINT('',(-40.14125218706,64.215114778141,
    26.252575344348));
#838 = CARTESIAN_POINT('',(-39.34757529383,63.126211639854,
    26.752048481161));
#839 = CARTESIAN_POINT('',(-38.59851050833,61.966498028475,27.));
#840 = CARTESIAN_POINT('',(-37.75,61.,27.));
#841 = CARTESIAN_POINT('',(-43.18555266988,66.435552669881,
    19.999999999999));
#842 = CARTESIAN_POINT('',(-43.20459858395,66.454598583945,
    21.374446785945));
#843 = CARTESIAN_POINT('',(-42.93147052404,66.18147052404,22.86080063722
    ));
#844 = CARTESIAN_POINT('',(-42.37558867,65.625588669999,24.311237193741)
  );
#845 = CARTESIAN_POINT('',(-41.55041735167,64.800417351668,
    25.49498046772));
#846 = CARTESIAN_POINT('',(-40.610555176,63.860555175998,26.264431936564
    ));
#847 = CARTESIAN_POINT('',(-39.64420418044,62.894204180447,
    26.75608008142));
#848 = CARTESIAN_POINT('',(-38.66802299343,61.918022993436,27.));
#849 = CARTESIAN_POINT('',(-37.75,61.,27.));
#850 = CARTESIAN_POINT('',(-43.95690830879,65.465079267163,20.));
#851 = CARTESIAN_POINT('',(-44.01987074059,65.393761164532,
    21.374446785946));
#852 = CARTESIAN_POINT('',(-43.63010930735,65.233699270433,
    22.853806472678));
#853 = CARTESIAN_POINT('',(-42.9856492716,64.791974538855,
    24.294446909154));
#854 = CARTESIAN_POINT('',(-42.03532474743,64.143863212903,
    25.474969894142));
#855 = CARTESIAN_POINT('',(-40.96511477814,63.391252187069,
    26.252575344348));
#856 = CARTESIAN_POINT('',(-39.87621163985,62.597575293837,
    26.752048481161));
#857 = CARTESIAN_POINT('',(-38.71649802847,61.848510508339,27.));
#858 = CARTESIAN_POINT('',(-37.75,61.,27.));
#859 = CARTESIAN_POINT('',(-44.48563529096,64.356194965098,20.));
#860 = CARTESIAN_POINT('',(-44.53415801806,64.212065467071,
    21.374446785945));
#861 = CARTESIAN_POINT('',(-44.06347835681,64.140246069815,
    22.832823979047));
#862 = CARTESIAN_POINT('',(-43.3713668757,63.820760109413,
    24.244076055392));
#863 = CARTESIAN_POINT('',(-42.36640098226,63.365977759728,
    25.414938173405));
#864 = CARTESIAN_POINT('',(-41.23157111727,62.824222317432,
    26.217005567699));
#865 = CARTESIAN_POINT('',(-40.06651379861,62.232591102566,
    26.739953680383));
#866 = CARTESIAN_POINT('',(-38.78281044872,61.719085737915,27.));
#867 = CARTESIAN_POINT('',(-37.75,61.,27.));
#868 = CARTESIAN_POINT('',(-44.75,63.178097203242,20.));
#869 = CARTESIAN_POINT('',(-44.76227184586,63.015210052837,
    21.374446785946));
#870 = CARTESIAN_POINT('',(-44.45886841795,62.813769712091,
    22.797853156332));
#871 = CARTESIAN_POINT('',(-43.80492686186,62.573776559664,
    24.160124632457));
#872 = CARTESIAN_POINT('',(-42.81922028139,62.298400012929,
    25.314885305511));
#873 = CARTESIAN_POINT('',(-41.64537899695,61.993985531259,
    26.157722606616));
#874 = CARTESIAN_POINT('',(-40.37771250138,61.669386051377,
    26.719795679086));
#875 = CARTESIAN_POINT('',(-39.0620159377,61.334692998648,27.));
#876 = CARTESIAN_POINT('',(-37.75,61.,27.));
#877 = CARTESIAN_POINT('',(-44.75,62.,20.));
#878 = CARTESIAN_POINT('',(-44.75,61.875,21.374446785946));
#879 = CARTESIAN_POINT('',(-44.44157447727,61.75,22.748894004529));
#880 = CARTESIAN_POINT('',(-43.8247264611,61.625,24.042592640346));
#881 = CARTESIAN_POINT('',(-42.92481129045,61.5,25.174811290458));
#882 = CARTESIAN_POINT('',(-41.79259264034,61.375,26.074726461101));
#883 = CARTESIAN_POINT('',(-40.49889400452,61.25,26.691574477271));
#884 = CARTESIAN_POINT('',(-39.12444678594,61.125,27.));
#885 = CARTESIAN_POINT('',(-37.75,61.,27.));
#886 = ADVANCED_FACE('',(#887),#929,.T.);
#887 = FACE_BOUND('',#888,.T.);
#888 = EDGE_LOOP('',(#889,#899,#905,#906,#914,#923));
#889 = ORIENTED_EDGE('',*,*,#890,.T.);
#890 = EDGE_CURVE('',#891,#893,#895,.T.);
#891 = VERTEX_POINT('',#892);
#892 = CARTESIAN_POINT('',(-37.75,31.,27.));
#893 = VERTEX_POINT('',#894);
#894 = CARTESIAN_POINT('',(-34.,31.,27.));
#895 = LINE('',#896,#897);
#896 = CARTESIAN_POINT('',(-38.75,31.,27.));
#897 = VECTOR('',#898,1.);
#898 = DIRECTION('',(1.,0.,0.));
#899 = ORIENTED_EDGE('',*,*,#900,.T.);
#900 = EDGE_CURVE('',#893,#253,#901,.T.);
#901 = LINE('',#902,#903);
#902 = CARTESIAN_POINT('',(-34.,37.5,27.));
#903 = VECTOR('',#904,1.);
#904 = DIRECTION('',(0.,1.,1.1E-16));
#905 = ORIENTED_EDGE('',*,*,#261,.T.);
#906 = ORIENTED_EDGE('',*,*,#907,.T.);
#907 = EDGE_CURVE('',#262,#908,#910,.T.);
#908 = VERTEX_POINT('',#909);
#909 = CARTESIAN_POINT('',(-37.75,49.088689042296,27.));
#910 = LINE('',#911,#912);
#911 = CARTESIAN_POINT('',(-37.75,62.,27.));
#912 = VECTOR('',#913,1.);
#913 = DIRECTION('',(0.,-1.,0.));
#914 = ORIENTED_EDGE('',*,*,#915,.T.);
#915 = EDGE_CURVE('',#908,#916,#918,.T.);
#916 = VERTEX_POINT('',#917);
#917 = CARTESIAN_POINT('',(-37.75,42.911310957704,27.));
#918 = CIRCLE('',#919,3.55);
#919 = AXIS2_PLACEMENT_3D('',#920,#921,#922);
#920 = CARTESIAN_POINT('',(-36.,46.,27.));
#921 = DIRECTION('',(0.,0.,1.));
#922 = DIRECTION('',(1.,0.,0.));
#923 = ORIENTED_EDGE('',*,*,#924,.T.);
#924 = EDGE_CURVE('',#916,#891,#925,.T.);
#925 = LINE('',#926,#927);
#926 = CARTESIAN_POINT('',(-37.75,62.,27.));
#927 = VECTOR('',#928,1.);
#928 = DIRECTION('',(0.,-1.,0.));
#929 = PLANE('',#930);
#930 = AXIS2_PLACEMENT_3D('',#931,#932,#933);
#931 = CARTESIAN_POINT('',(-17.75,46.,27.));
#932 = DIRECTION('',(0.,0.,1.));
#933 = DIRECTION('',(1.,0.,0.));
#934 = ADVANCED_FACE('',(#935),#970,.T.);
#935 = FACE_BOUND('',#936,.T.);
#936 = EDGE_LOOP('',(#937,#947,#955,#961,#962,#963));
#937 = ORIENTED_EDGE('',*,*,#938,.F.);
#938 = EDGE_CURVE('',#939,#941,#943,.T.);
#939 = VERTEX_POINT('',#940);
#940 = CARTESIAN_POINT('',(-34.,29.,21.5));
#941 = VERTEX_POINT('',#942);
#942 = CARTESIAN_POINT('',(-34.,29.,26.708203932499));
#943 = LINE('',#944,#945);
#944 = CARTESIAN_POINT('',(-34.,29.,21.5));
#945 = VECTOR('',#946,1.);
#946 = DIRECTION('',(0.,0.,1.));
#947 = ORIENTED_EDGE('',*,*,#948,.T.);
#948 = EDGE_CURVE('',#939,#949,#951,.T.);
#949 = VERTEX_POINT('',#950);
#950 = CARTESIAN_POINT('',(-34.,62.,21.5));
#951 = LINE('',#952,#953);
#952 = CARTESIAN_POINT('',(-34.,29.,21.5));
#953 = VECTOR('',#954,1.);
#954 = DIRECTION('',(0.,1.,0.));
#955 = ORIENTED_EDGE('',*,*,#956,.T.);
#956 = EDGE_CURVE('',#949,#245,#957,.T.);
#957 = LINE('',#958,#959);
#958 = CARTESIAN_POINT('',(-34.,62.,21.5));
#959 = VECTOR('',#960,1.);
#960 = DIRECTION('',(0.,0.,1.));
#961 = ORIENTED_EDGE('',*,*,#252,.F.);
#962 = ORIENTED_EDGE('',*,*,#900,.F.);
#963 = ORIENTED_EDGE('',*,*,#964,.T.);
#964 = EDGE_CURVE('',#893,#941,#965,.T.);
#965 = CIRCLE('',#966,7.);
#966 = AXIS2_PLACEMENT_3D('',#967,#968,#969);
#967 = CARTESIAN_POINT('',(-34.,31.,20.));
#968 = DIRECTION('',(1.,0.,0.));
#969 = DIRECTION('',(0.,-1.,0.));
#970 = PLANE('',#971);
#971 = AXIS2_PLACEMENT_3D('',#972,#973,#974);
#972 = CARTESIAN_POINT('',(-34.,29.,21.5));
#973 = DIRECTION('',(1.,0.,0.));
#974 = DIRECTION('',(0.,0.,1.));
#975 = ADVANCED_FACE('',(#976,#1031),#1060,.T.);
#976 = FACE_BOUND('',#977,.T.);
#977 = EDGE_LOOP('',(#978,#986,#992,#993,#994,#995,#1003,#1012,#1021,
    #1027,#1028,#1029,#1030));
#978 = ORIENTED_EDGE('',*,*,#979,.T.);
#979 = EDGE_CURVE('',#949,#980,#982,.T.);
#980 = VERTEX_POINT('',#981);
#981 = CARTESIAN_POINT('',(-2.,62.,21.5));
#982 = LINE('',#983,#984);
#983 = CARTESIAN_POINT('',(-34.,62.,21.5));
#984 = VECTOR('',#985,1.);
#985 = DIRECTION('',(1.,0.,0.));
#986 = ORIENTED_EDGE('',*,*,#987,.T.);
#987 = EDGE_CURVE('',#980,#447,#988,.T.);
#988 = LINE('',#989,#990);
#989 = CARTESIAN_POINT('',(-2.,62.,21.5));
#990 = VECTOR('',#991,1.);
#991 = DIRECTION('',(0.,0.,1.));
#992 = ORIENTED_EDGE('',*,*,#455,.T.);
#993 = ORIENTED_EDGE('',*,*,#368,.T.);
#994 = ORIENTED_EDGE('',*,*,#345,.T.);
#995 = ORIENTED_EDGE('',*,*,#996,.T.);
#996 = EDGE_CURVE('',#338,#997,#999,.T.);
#997 = VERTEX_POINT('',#998);
#998 = CARTESIAN_POINT('',(-7.75,62.,31.866750419289));
#999 = LINE('',#1000,#1001);
#1000 = CARTESIAN_POINT('',(-7.75,62.,6.));
#1001 = VECTOR('',#1002,1.);
#1002 = DIRECTION('',(0.,-1.11E-15,1.));
#1003 = ORIENTED_EDGE('',*,*,#1004,.F.);
#1004 = EDGE_CURVE('',#1005,#997,#1007,.T.);
#1005 = VERTEX_POINT('',#1006);
#1006 = CARTESIAN_POINT('',(-5.75,62.,38.5));
#1007 = CIRCLE('',#1008,12.);
#1008 = AXIS2_PLACEMENT_3D('',#1009,#1010,#1011);
#1009 = CARTESIAN_POINT('',(-17.75,62.,38.5));
#1010 = DIRECTION('',(-0.,1.,0.));
#1011 = DIRECTION('',(1.,0.,0.));
#1012 = ORIENTED_EDGE('',*,*,#1013,.F.);
#1013 = EDGE_CURVE('',#1014,#1005,#1016,.T.);
#1014 = VERTEX_POINT('',#1015);
#1015 = CARTESIAN_POINT('',(-27.75,62.,31.866750419289));
#1016 = CIRCLE('',#1017,12.);
#1017 = AXIS2_PLACEMENT_3D('',#1018,#1019,#1020);
#1018 = CARTESIAN_POINT('',(-17.75,62.,38.5));
#1019 = DIRECTION('',(-0.,1.,0.));
#1020 = DIRECTION('',(1.,0.,0.));
#1021 = ORIENTED_EDGE('',*,*,#1022,.F.);
#1022 = EDGE_CURVE('',#314,#1014,#1023,.T.);
#1023 = LINE('',#1024,#1025);
#1024 = CARTESIAN_POINT('',(-27.75,62.,6.));
#1025 = VECTOR('',#1026,1.);
#1026 = DIRECTION('',(0.,-1.11E-15,1.));
#1027 = ORIENTED_EDGE('',*,*,#313,.T.);
#1028 = ORIENTED_EDGE('',*,*,#295,.F.);
#1029 = ORIENTED_EDGE('',*,*,#244,.T.);
#1030 = ORIENTED_EDGE('',*,*,#956,.F.);
#1031 = FACE_BOUND('',#1032,.T.);
#1032 = EDGE_LOOP('',(#1033,#1044,#1053));
#1033 = ORIENTED_EDGE('',*,*,#1034,.T.);
#1034 = EDGE_CURVE('',#1035,#1037,#1039,.T.);
#1035 = VERTEX_POINT('',#1036);
#1036 = CARTESIAN_POINT('',(-14.43488310915,62.,31.));
#1037 = VERTEX_POINT('',#1038);
#1038 = CARTESIAN_POINT('',(-21.06511689085,62.,31.));
#1039 = CIRCLE('',#1040,8.2);
#1040 = AXIS2_PLACEMENT_3D('',#1041,#1042,#1043);
#1041 = CARTESIAN_POINT('',(-17.75,62.,38.5));
#1042 = DIRECTION('',(-0.,1.,0.));
#1043 = DIRECTION('',(1.,0.,0.));
#1044 = ORIENTED_EDGE('',*,*,#1045,.T.);
#1045 = EDGE_CURVE('',#1037,#1046,#1048,.T.);
#1046 = VERTEX_POINT('',#1047);
#1047 = CARTESIAN_POINT('',(-9.55,62.,38.5));
#1048 = CIRCLE('',#1049,8.2);
#1049 = AXIS2_PLACEMENT_3D('',#1050,#1051,#1052);
#1050 = CARTESIAN_POINT('',(-17.75,62.,38.5));
#1051 = DIRECTION('',(-0.,1.,0.));
#1052 = DIRECTION('',(1.,0.,0.));
#1053 = ORIENTED_EDGE('',*,*,#1054,.T.);
#1054 = EDGE_CURVE('',#1046,#1035,#1055,.T.);
#1055 = CIRCLE('',#1056,8.2);
#1056 = AXIS2_PLACEMENT_3D('',#1057,#1058,#1059);
#1057 = CARTESIAN_POINT('',(-17.75,62.,38.5));
#1058 = DIRECTION('',(-0.,1.,0.));
#1059 = DIRECTION('',(1.,0.,0.));
#1060 = PLANE('',#1061);
#1061 = AXIS2_PLACEMENT_3D('',#1062,#1063,#1064);
#1062 = CARTESIAN_POINT('',(-17.78746116717,62.,32.022497165634));
#1063 = DIRECTION('',(-0.,-1.,-9.9E-16));
#1064 = DIRECTION('',(0.,9.9E-16,-1.));
#1065 = ADVANCED_FACE('',(#1066),#1084,.T.);
#1066 = FACE_BOUND('',#1067,.T.);
#1067 = EDGE_LOOP('',(#1068,#1069,#1070,#1078));
#1068 = ORIENTED_EDGE('',*,*,#996,.F.);
#1069 = ORIENTED_EDGE('',*,*,#337,.F.);
#1070 = ORIENTED_EDGE('',*,*,#1071,.T.);
#1071 = EDGE_CURVE('',#330,#1072,#1074,.T.);
#1072 = VERTEX_POINT('',#1073);
#1073 = CARTESIAN_POINT('',(-7.75,66.,31.866750419289));
#1074 = LINE('',#1075,#1076);
#1075 = CARTESIAN_POINT('',(-7.75,66.,6.));
#1076 = VECTOR('',#1077,1.);
#1077 = DIRECTION('',(0.,0.,1.));
#1078 = ORIENTED_EDGE('',*,*,#1079,.T.);
#1079 = EDGE_CURVE('',#1072,#997,#1080,.T.);
#1080 = LINE('',#1081,#1082);
#1081 = CARTESIAN_POINT('',(-7.75,62.,31.866750419289));
#1082 = VECTOR('',#1083,1.);
#1083 = DIRECTION('',(-0.,-1.,0.));
#1084 = PLANE('',#1085);
#1085 = AXIS2_PLACEMENT_3D('',#1086,#1087,#1088);
#1086 = CARTESIAN_POINT('',(-7.75,62.,6.));
#1087 = DIRECTION('',(1.,0.,0.));
#1088 = DIRECTION('',(0.,0.,1.));
#1089 = ADVANCED_FACE('',(#1090,#1118,#1129,#1140,#1151,#1162),#1173,.T.
  );
#1090 = FACE_BOUND('',#1091,.T.);
#1091 = EDGE_LOOP('',(#1092,#1093,#1101,#1110,#1117));
#1092 = ORIENTED_EDGE('',*,*,#329,.F.);
#1093 = ORIENTED_EDGE('',*,*,#1094,.T.);
#1094 = EDGE_CURVE('',#322,#1095,#1097,.T.);
#1095 = VERTEX_POINT('',#1096);
#1096 = CARTESIAN_POINT('',(-27.75,66.,31.866750419289));
#1097 = LINE('',#1098,#1099);
#1098 = CARTESIAN_POINT('',(-27.75,66.,6.));
#1099 = VECTOR('',#1100,1.);
#1100 = DIRECTION('',(0.,0.,1.));
#1101 = ORIENTED_EDGE('',*,*,#1102,.T.);
#1102 = EDGE_CURVE('',#1095,#1103,#1105,.T.);
#1103 = VERTEX_POINT('',#1104);
#1104 = CARTESIAN_POINT('',(-5.75,66.,38.5));
#1105 = CIRCLE('',#1106,12.);
#1106 = AXIS2_PLACEMENT_3D('',#1107,#1108,#1109);
#1107 = CARTESIAN_POINT('',(-17.75,66.,38.5));
#1108 = DIRECTION('',(-0.,1.,0.));
#1109 = DIRECTION('',(1.,0.,0.));
#1110 = ORIENTED_EDGE('',*,*,#1111,.T.);
#1111 = EDGE_CURVE('',#1103,#1072,#1112,.T.);
#1112 = CIRCLE('',#1113,12.);
#1113 = AXIS2_PLACEMENT_3D('',#1114,#1115,#1116);
#1114 = CARTESIAN_POINT('',(-17.75,66.,38.5));
#1115 = DIRECTION('',(-0.,1.,0.));
#1116 = DIRECTION('',(1.,0.,0.));
#1117 = ORIENTED_EDGE('',*,*,#1071,.F.);
#1118 = FACE_BOUND('',#1119,.T.);
#1119 = EDGE_LOOP('',(#1120));
#1120 = ORIENTED_EDGE('',*,*,#1121,.F.);
#1121 = EDGE_CURVE('',#1122,#1122,#1124,.T.);
#1122 = VERTEX_POINT('',#1123);
#1123 = CARTESIAN_POINT('',(-21.14264068711,66.,42.742640687119));
#1124 = CIRCLE('',#1125,0.85);
#1125 = AXIS2_PLACEMENT_3D('',#1126,#1127,#1128);
#1126 = CARTESIAN_POINT('',(-21.99264068711,66.,42.742640687119));
#1127 = DIRECTION('',(-0.,1.,0.));
#1128 = DIRECTION('',(1.,0.,0.));
#1129 = FACE_BOUND('',#1130,.T.);
#1130 = EDGE_LOOP('',(#1131));
#1131 = ORIENTED_EDGE('',*,*,#1132,.F.);
#1132 = EDGE_CURVE('',#1133,#1133,#1135,.T.);
#1133 = VERTEX_POINT('',#1134);
#1134 = CARTESIAN_POINT('',(-12.65735931288,66.,42.742640687119));
#1135 = CIRCLE('',#1136,0.85);
#1136 = AXIS2_PLACEMENT_3D('',#1137,#1138,#1139);
#1137 = CARTESIAN_POINT('',(-13.50735931288,66.,42.742640687119));
#1138 = DIRECTION('',(-0.,1.,0.));
#1139 = DIRECTION('',(1.,0.,0.));
#1140 = FACE_BOUND('',#1141,.T.);
#1141 = EDGE_LOOP('',(#1142));
#1142 = ORIENTED_EDGE('',*,*,#1143,.F.);
#1143 = EDGE_CURVE('',#1144,#1144,#1146,.T.);
#1144 = VERTEX_POINT('',#1145);
#1145 = CARTESIAN_POINT('',(-13.75,66.,38.5));
#1146 = CIRCLE('',#1147,4.);
#1147 = AXIS2_PLACEMENT_3D('',#1148,#1149,#1150);
#1148 = CARTESIAN_POINT('',(-17.75,66.,38.5));
#1149 = DIRECTION('',(-0.,1.,0.));
#1150 = DIRECTION('',(1.,0.,0.));
#1151 = FACE_BOUND('',#1152,.T.);
#1152 = EDGE_LOOP('',(#1153));
#1153 = ORIENTED_EDGE('',*,*,#1154,.F.);
#1154 = EDGE_CURVE('',#1155,#1155,#1157,.T.);
#1155 = VERTEX_POINT('',#1156);
#1156 = CARTESIAN_POINT('',(-21.14264068711,66.,34.257359312881));
#1157 = CIRCLE('',#1158,0.85);
#1158 = AXIS2_PLACEMENT_3D('',#1159,#1160,#1161);
#1159 = CARTESIAN_POINT('',(-21.99264068711,66.,34.257359312881));
#1160 = DIRECTION('',(-0.,1.,0.));
#1161 = DIRECTION('',(1.,0.,0.));
#1162 = FACE_BOUND('',#1163,.T.);
#1163 = EDGE_LOOP('',(#1164));
#1164 = ORIENTED_EDGE('',*,*,#1165,.F.);
#1165 = EDGE_CURVE('',#1166,#1166,#1168,.T.);
#1166 = VERTEX_POINT('',#1167);
#1167 = CARTESIAN_POINT('',(-12.65735931288,66.,34.257359312881));
#1168 = CIRCLE('',#1169,0.85);
#1169 = AXIS2_PLACEMENT_3D('',#1170,#1171,#1172);
#1170 = CARTESIAN_POINT('',(-13.50735931288,66.,34.257359312881));
#1171 = DIRECTION('',(-0.,1.,0.));
#1172 = DIRECTION('',(1.,0.,0.));
#1173 = PLANE('',#1174);
#1174 = AXIS2_PLACEMENT_3D('',#1175,#1176,#1177);
#1175 = CARTESIAN_POINT('',(-17.62988753819,66.,26.304533740174));
#1176 = DIRECTION('',(0.,1.,0.));
#1177 = DIRECTION('',(1.,0.,0.));
#1178 = ADVANCED_FACE('',(#1179),#1190,.F.);
#1179 = FACE_BOUND('',#1180,.F.);
#1180 = EDGE_LOOP('',(#1181,#1182,#1183,#1184));
#1181 = ORIENTED_EDGE('',*,*,#1022,.F.);
#1182 = ORIENTED_EDGE('',*,*,#321,.F.);
#1183 = ORIENTED_EDGE('',*,*,#1094,.T.);
#1184 = ORIENTED_EDGE('',*,*,#1185,.T.);
#1185 = EDGE_CURVE('',#1095,#1014,#1186,.T.);
#1186 = LINE('',#1187,#1188);
#1187 = CARTESIAN_POINT('',(-27.75,62.,31.866750419289));
#1188 = VECTOR('',#1189,1.);
#1189 = DIRECTION('',(-0.,-1.,0.));
#1190 = PLANE('',#1191);
#1191 = AXIS2_PLACEMENT_3D('',#1192,#1193,#1194);
#1192 = CARTESIAN_POINT('',(-27.75,62.,6.));
#1193 = DIRECTION('',(1.,0.,0.));
#1194 = DIRECTION('',(0.,0.,1.));
#1195 = ADVANCED_FACE('',(#1196),#1231,.F.);
#1196 = FACE_BOUND('',#1197,.F.);
#1197 = EDGE_LOOP('',(#1198,#1208,#1214,#1215,#1216,#1224));
#1198 = ORIENTED_EDGE('',*,*,#1199,.F.);
#1199 = EDGE_CURVE('',#1200,#1202,#1204,.T.);
#1200 = VERTEX_POINT('',#1201);
#1201 = CARTESIAN_POINT('',(-2.,29.,21.5));
#1202 = VERTEX_POINT('',#1203);
#1203 = CARTESIAN_POINT('',(-2.,29.,26.708203932499));
#1204 = LINE('',#1205,#1206);
#1205 = CARTESIAN_POINT('',(-2.,29.,21.5));
#1206 = VECTOR('',#1207,1.);
#1207 = DIRECTION('',(0.,0.,1.));
#1208 = ORIENTED_EDGE('',*,*,#1209,.T.);
#1209 = EDGE_CURVE('',#1200,#980,#1210,.T.);
#1210 = LINE('',#1211,#1212);
#1211 = CARTESIAN_POINT('',(-2.,29.,21.5));
#1212 = VECTOR('',#1213,1.);
#1213 = DIRECTION('',(0.,1.,0.));
#1214 = ORIENTED_EDGE('',*,*,#987,.T.);
#1215 = ORIENTED_EDGE('',*,*,#446,.F.);
#1216 = ORIENTED_EDGE('',*,*,#1217,.F.);
#1217 = EDGE_CURVE('',#1218,#439,#1220,.T.);
#1218 = VERTEX_POINT('',#1219);
#1219 = CARTESIAN_POINT('',(-2.,31.,27.));
#1220 = LINE('',#1221,#1222);
#1221 = CARTESIAN_POINT('',(-2.,37.5,27.));
#1222 = VECTOR('',#1223,1.);
#1223 = DIRECTION('',(0.,1.,1.1E-16));
#1224 = ORIENTED_EDGE('',*,*,#1225,.T.);
#1225 = EDGE_CURVE('',#1218,#1202,#1226,.T.);
#1226 = CIRCLE('',#1227,7.);
#1227 = AXIS2_PLACEMENT_3D('',#1228,#1229,#1230);
#1228 = CARTESIAN_POINT('',(-2.,31.,20.));
#1229 = DIRECTION('',(1.,0.,0.));
#1230 = DIRECTION('',(0.,-1.,0.));
#1231 = PLANE('',#1232);
#1232 = AXIS2_PLACEMENT_3D('',#1233,#1234,#1235);
#1233 = CARTESIAN_POINT('',(-2.,29.,21.5));
#1234 = DIRECTION('',(1.,0.,0.));
#1235 = DIRECTION('',(0.,0.,1.));
#1236 = ADVANCED_FACE('',(#1237,#1317,#1328),#1339,.T.);
#1237 = FACE_BOUND('',#1238,.T.);
#1238 = EDGE_LOOP('',(#1239,#1240,#1248,#1257,#1266,#1274,#1283,#1292,
    #1300,#1309,#1316));
#1239 = ORIENTED_EDGE('',*,*,#1217,.F.);
#1240 = ORIENTED_EDGE('',*,*,#1241,.T.);
#1241 = EDGE_CURVE('',#1218,#1242,#1244,.T.);
#1242 = VERTEX_POINT('',#1243);
#1243 = CARTESIAN_POINT('',(-0.231098884281,31.,27.));
#1244 = LINE('',#1245,#1246);
#1245 = CARTESIAN_POINT('',(-38.75,31.,27.));
#1246 = VECTOR('',#1247,1.);
#1247 = DIRECTION('',(1.,0.,0.));
#1248 = ORIENTED_EDGE('',*,*,#1249,.T.);
#1249 = EDGE_CURVE('',#1242,#1250,#1252,.T.);
#1250 = VERTEX_POINT('',#1251);
#1251 = CARTESIAN_POINT('',(6.8,33.,27.));
#1252 = CIRCLE('',#1253,3.8);
#1253 = AXIS2_PLACEMENT_3D('',#1254,#1255,#1256);
#1254 = CARTESIAN_POINT('',(3.,33.,27.));
#1255 = DIRECTION('',(0.,0.,1.));
#1256 = DIRECTION('',(1.,0.,0.));
#1257 = ORIENTED_EDGE('',*,*,#1258,.T.);
#1258 = EDGE_CURVE('',#1250,#1259,#1261,.T.);
#1259 = VERTEX_POINT('',#1260);
#1260 = CARTESIAN_POINT('',(2.25,36.725251669351,27.));
#1261 = CIRCLE('',#1262,3.8);
#1262 = AXIS2_PLACEMENT_3D('',#1263,#1264,#1265);
#1263 = CARTESIAN_POINT('',(3.,33.,27.));
#1264 = DIRECTION('',(0.,0.,1.));
#1265 = DIRECTION('',(1.,0.,0.));
#1266 = ORIENTED_EDGE('',*,*,#1267,.T.);
#1267 = EDGE_CURVE('',#1259,#1268,#1270,.T.);
#1268 = VERTEX_POINT('',#1269);
#1269 = CARTESIAN_POINT('',(2.25,42.677350454833,27.));
#1270 = LINE('',#1271,#1272);
#1271 = CARTESIAN_POINT('',(2.25,30.,27.));
#1272 = VECTOR('',#1273,1.);
#1273 = DIRECTION('',(0.,1.,0.));
#1274 = ORIENTED_EDGE('',*,*,#1275,.T.);
#1275 = EDGE_CURVE('',#1268,#1276,#1278,.T.);
#1276 = VERTEX_POINT('',#1277);
#1277 = CARTESIAN_POINT('',(4.55,46.,27.));
#1278 = CIRCLE('',#1279,3.55);
#1279 = AXIS2_PLACEMENT_3D('',#1280,#1281,#1282);
#1280 = CARTESIAN_POINT('',(1.,46.,27.));
#1281 = DIRECTION('',(0.,0.,1.));
#1282 = DIRECTION('',(1.,0.,0.));
#1283 = ORIENTED_EDGE('',*,*,#1284,.T.);
#1284 = EDGE_CURVE('',#1276,#1285,#1287,.T.);
#1285 = VERTEX_POINT('',#1286);
#1286 = CARTESIAN_POINT('',(2.25,49.322649545167,27.));
#1287 = CIRCLE('',#1288,3.55);
#1288 = AXIS2_PLACEMENT_3D('',#1289,#1290,#1291);
#1289 = CARTESIAN_POINT('',(1.,46.,27.));
#1290 = DIRECTION('',(0.,0.,1.));
#1291 = DIRECTION('',(1.,0.,0.));
#1292 = ORIENTED_EDGE('',*,*,#1293,.T.);
#1293 = EDGE_CURVE('',#1285,#1294,#1296,.T.);
#1294 = VERTEX_POINT('',#1295);
#1295 = CARTESIAN_POINT('',(2.25,55.274748330649,27.));
#1296 = LINE('',#1297,#1298);
#1297 = CARTESIAN_POINT('',(2.25,30.,27.));
#1298 = VECTOR('',#1299,1.);
#1299 = DIRECTION('',(0.,1.,0.));
#1300 = ORIENTED_EDGE('',*,*,#1301,.T.);
#1301 = EDGE_CURVE('',#1294,#1302,#1304,.T.);
#1302 = VERTEX_POINT('',#1303);
#1303 = CARTESIAN_POINT('',(6.8,59.,27.));
#1304 = CIRCLE('',#1305,3.8);
#1305 = AXIS2_PLACEMENT_3D('',#1306,#1307,#1308);
#1306 = CARTESIAN_POINT('',(3.,59.,27.));
#1307 = DIRECTION('',(0.,0.,1.));
#1308 = DIRECTION('',(1.,0.,0.));
#1309 = ORIENTED_EDGE('',*,*,#1310,.T.);
#1310 = EDGE_CURVE('',#1302,#408,#1311,.T.);
#1311 = CIRCLE('',#1312,3.8);
#1312 = AXIS2_PLACEMENT_3D('',#1313,#1314,#1315);
#1313 = CARTESIAN_POINT('',(3.,59.,27.));
#1314 = DIRECTION('',(0.,0.,1.));
#1315 = DIRECTION('',(1.,0.,0.));
#1316 = ORIENTED_EDGE('',*,*,#438,.T.);
#1317 = FACE_BOUND('',#1318,.T.);
#1318 = EDGE_LOOP('',(#1319));
#1319 = ORIENTED_EDGE('',*,*,#1320,.T.);
#1320 = EDGE_CURVE('',#1321,#1321,#1323,.T.);
#1321 = VERTEX_POINT('',#1322);
#1322 = CARTESIAN_POINT('',(5.3,33.,27.));
#1323 = CIRCLE('',#1324,2.3);
#1324 = AXIS2_PLACEMENT_3D('',#1325,#1326,#1327);
#1325 = CARTESIAN_POINT('',(3.,33.,27.));
#1326 = DIRECTION('',(0.,0.,-1.));
#1327 = DIRECTION('',(1.,0.,0.));
#1328 = FACE_BOUND('',#1329,.T.);
#1329 = EDGE_LOOP('',(#1330));
#1330 = ORIENTED_EDGE('',*,*,#1331,.T.);
#1331 = EDGE_CURVE('',#1332,#1332,#1334,.T.);
#1332 = VERTEX_POINT('',#1333);
#1333 = CARTESIAN_POINT('',(5.3,59.,27.));
#1334 = CIRCLE('',#1335,2.3);
#1335 = AXIS2_PLACEMENT_3D('',#1336,#1337,#1338);
#1336 = CARTESIAN_POINT('',(3.,59.,27.));
#1337 = DIRECTION('',(0.,0.,-1.));
#1338 = DIRECTION('',(1.,0.,0.));
#1339 = PLANE('',#1340);
#1340 = AXIS2_PLACEMENT_3D('',#1341,#1342,#1343);
#1341 = CARTESIAN_POINT('',(-17.75,46.,27.));
#1342 = DIRECTION('',(0.,0.,1.));
#1343 = DIRECTION('',(1.,0.,0.));
#1344 = ADVANCED_FACE('',(#1345),#1456,.T.);
#1345 = FACE_BOUND('',#1346,.F.);
#1346 = EDGE_LOOP('',(#1347,#1348,#1349,#1398,#1420,#1455));
#1347 = ORIENTED_EDGE('',*,*,#1310,.T.);
#1348 = ORIENTED_EDGE('',*,*,#407,.F.);
#1349 = ORIENTED_EDGE('',*,*,#1350,.T.);
#1350 = EDGE_CURVE('',#394,#1351,#1353,.T.);
#1351 = VERTEX_POINT('',#1352);
#1352 = CARTESIAN_POINT('',(5.980085843586,61.357771906877,
    25.923380333652));
#1353 = B_SPLINE_CURVE_WITH_KNOTS('',7,(#1354,#1355,#1356,#1357,#1358,
    #1359,#1360,#1361,#1362,#1363,#1364,#1365,#1366,#1367,#1368,#1369,
    #1370,#1371,#1372,#1373,#1374,#1375,#1376,#1377,#1378,#1379,#1380,
    #1381,#1382,#1383,#1384,#1385,#1386,#1387,#1388,#1389,#1390,#1391,
    #1392,#1393,#1394,#1395,#1396,#1397),.UNSPECIFIED.,.F.,.F.,(8,6,6,6,
    6,6,6,8),(0.,5.712909141455E-02,0.150861526368,0.271937201397,
    0.397576082815,0.541123842221,0.812520157584,1.),.UNSPECIFIED.);
#1354 = CARTESIAN_POINT('',(2.411247682655,62.754113838021,
    26.776657335247));
#1355 = CARTESIAN_POINT('',(2.443338435804,62.759146585054,26.7754183435
    ));
#1356 = CARTESIAN_POINT('',(2.475812601228,62.763911543006,
    26.773603404936));
#1357 = CARTESIAN_POINT('',(2.508527127294,62.768374106956,
    26.771476394457));
#1358 = CARTESIAN_POINT('',(2.541418910666,62.772520313111,
    26.769111545157));
#1359 = CARTESIAN_POINT('',(2.574438167068,62.776340124791,
    26.766588023173));
#1360 = CARTESIAN_POINT('',(2.607566828239,62.779829464413,
    26.763939562249));
#1361 = CARTESIAN_POINT('',(2.695332917932,62.788162923489,
    26.756694042804));
#1362 = CARTESIAN_POINT('',(2.750109003861,62.792438620996,
    26.751938988085));
#1363 = CARTESIAN_POINT('',(2.805050908818,62.795795185289,
    26.747054588166));
#1364 = CARTESIAN_POINT('',(2.860103042409,62.79822405803,
    26.742089395044));
#1365 = CARTESIAN_POINT('',(2.915220209139,62.799721085912,
    26.737063034956));
#1366 = CARTESIAN_POINT('',(2.970362293308,62.800284416034,
    26.731984074593));
#1367 = CARTESIAN_POINT('',(3.096716699276,62.79943657294,
    26.720193637754));
#1368 = CARTESIAN_POINT('',(3.167918765298,62.797401455872,
    26.713439459042));
#1369 = CARTESIAN_POINT('',(3.239028390184,62.793810133006,
    26.706552555903));
#1370 = CARTESIAN_POINT('',(3.309976849202,62.788669445969,
    26.699470092021));
#1371 = CARTESIAN_POINT('',(3.380703903516,62.781990632441,
    26.692095921415));
#1372 = CARTESIAN_POINT('',(3.451159697242,62.773787211181,
    26.684315728527));
#1373 = CARTESIAN_POINT('',(3.594097517758,62.753990978832,
    26.667415602243));
#1374 = CARTESIAN_POINT('',(3.66655751176,62.742281853354,
    26.658255975322));
#1375 = CARTESIAN_POINT('',(3.738636173888,62.728960285165,
    26.648424849386));
#1376 = CARTESIAN_POINT('',(3.810295456583,62.714042765716,
    26.637809702163));
#1377 = CARTESIAN_POINT('',(3.881503390806,62.697544391146,
    26.626344961933));
#1378 = CARTESIAN_POINT('',(3.952225340068,62.679480622139,
    26.614021623477));
#1379 = CARTESIAN_POINT('',(4.102605204495,62.637470883699,
    26.585833499765));
#1380 = CARTESIAN_POINT('',(4.182104799636,62.61305209631,
    26.569713472621));
#1381 = CARTESIAN_POINT('',(4.26084516895,62.586647547049,
    26.552542152256));
#1382 = CARTESIAN_POINT('',(4.338768061114,62.558288579478,
    26.534414127852));
#1383 = CARTESIAN_POINT('',(4.415814883625,62.528009652343,
    26.515437129294));
#1384 = CARTESIAN_POINT('',(4.491925889213,62.495848489354,
    26.495709636782));
#1385 = CARTESIAN_POINT('',(4.709074043575,62.397553646689,
    26.436772239654));
#1386 = CARTESIAN_POINT('',(4.847547607434,62.326680840758,
    26.395862853333));
#1387 = CARTESIAN_POINT('',(4.982183079864,62.249453876081,
    26.353170820499));
#1388 = CARTESIAN_POINT('',(5.112668245544,62.166120253622,
    26.309134346439));
#1389 = CARTESIAN_POINT('',(5.238703092544,62.076961957317,
    26.264007154714));
#1390 = CARTESIAN_POINT('',(5.359990229855,61.982263928721,
    26.217943956429));
#1391 = CARTESIAN_POINT('',(5.556400236883,61.813540324371,
    26.138075726605));
#1392 = CARTESIAN_POINT('',(5.634157960764,61.742213639762,
    26.104902610619));
#1393 = CARTESIAN_POINT('',(5.709342145831,61.668620207544,
    26.071091593873));
#1394 = CARTESIAN_POINT('',(5.781805348293,61.592942598026,
    26.036490244761));
#1395 = CARTESIAN_POINT('',(5.851316004436,61.515507561762,
    26.000776395502));
#1396 = CARTESIAN_POINT('',(5.917580075378,61.436775508266,
    25.963488363917));
#1397 = CARTESIAN_POINT('',(5.980085331882,61.35777255364,
    25.923382766227));
#1398 = ORIENTED_EDGE('',*,*,#1399,.F.);
#1399 = EDGE_CURVE('',#1400,#1351,#1402,.T.);
#1400 = VERTEX_POINT('',#1401);
#1401 = CARTESIAN_POINT('',(6.8,59.,25.31953945375));
#1402 = B_SPLINE_CURVE_WITH_KNOTS('',6,(#1403,#1404,#1405,#1406,#1407,
    #1408,#1409,#1410,#1411,#1412,#1413,#1414,#1415,#1416,#1417,#1418,
    #1419),.UNSPECIFIED.,.F.,.F.,(7,5,5,7),(0.,0.335723031161,
    0.686724784449,1.),.UNSPECIFIED.);
#1403 = CARTESIAN_POINT('',(6.8,59.,25.31953945375));
#1404 = CARTESIAN_POINT('',(6.8,59.191849911632,25.31953945375));
#1405 = CARTESIAN_POINT('',(6.788377035516,59.383434952339,
    25.329480987327));
#1406 = CARTESIAN_POINT('',(6.765190594659,59.573919424945,
    25.349313303479));
#1407 = CARTESIAN_POINT('',(6.730573789411,59.762442489591,
    25.378592331543));
#1408 = CARTESIAN_POINT('',(6.684748663939,59.948071106929,
    25.416480563526));
#1409 = CARTESIAN_POINT('',(6.569023551199,60.31971716592,
    25.509245174125));
#1410 = CARTESIAN_POINT('',(6.498098911828,60.505445068798,
    25.564835369704));
#1411 = CARTESIAN_POINT('',(6.415632336118,60.686621654323,
    25.627521618473));
#1412 = CARTESIAN_POINT('',(6.321727141108,60.862833682645,
    25.696141171726));
#1413 = CARTESIAN_POINT('',(6.21641961276,61.033557285679,
    25.769492549757));
#1414 = CARTESIAN_POINT('',(5.995535485743,61.345036570791,
    25.914940434565));
#1415 = CARTESIAN_POINT('',(5.882216945692,61.487128625185,
    25.986365216173));
#1416 = CARTESIAN_POINT('',(5.759556514793,61.624184305135,
    26.059866090532));
#1417 = CARTESIAN_POINT('',(5.627245837798,61.755817077826,
    26.134687304997));
#1418 = CARTESIAN_POINT('',(5.484910329497,61.881432482358,
    26.21001609612));
#1419 = CARTESIAN_POINT('',(5.332158264344,62.000172966689,
    26.284926446152));
#1420 = ORIENTED_EDGE('',*,*,#1421,.F.);
#1421 = EDGE_CURVE('',#1294,#1400,#1422,.T.);
#1422 = B_SPLINE_CURVE_WITH_KNOTS('',6,(#1423,#1424,#1425,#1426,#1427,
    #1428,#1429,#1430,#1431,#1432,#1433,#1434,#1435,#1436,#1437,#1438,
    #1439,#1440,#1441,#1442,#1443,#1444,#1445,#1446,#1447,#1448,#1449,
    #1450,#1451,#1452,#1453,#1454),.UNSPECIFIED.,.F.,.F.,(7,5,5,5,5,5,7)
  ,(0.,0.190325446695,0.36141533127,0.430209891017,0.6089794402,
    0.809645311996,1.),.UNSPECIFIED.);
#1423 = CARTESIAN_POINT('',(2.25,55.274748330649,27.));
#1424 = CARTESIAN_POINT('',(2.504724049138,55.223465074158,27.));
#1425 = CARTESIAN_POINT('',(2.766922271361,55.192425197067,
    26.988876970725));
#1426 = CARTESIAN_POINT('',(3.031710786821,55.183657649243,
    26.965406881676));
#1427 = CARTESIAN_POINT('',(3.293973923209,55.197279504788,
    26.929596425768));
#1428 = CARTESIAN_POINT('',(3.548695748766,55.231660096401,
    26.882962519182));
#1429 = CARTESIAN_POINT('',(4.00911895235,55.329667907632,
    26.779043202585));
#1430 = CARTESIAN_POINT('',(4.217678133834,55.390095532254,
    26.72319600784));
#1431 = CARTESIAN_POINT('',(4.416242709303,55.462737764575,
    26.661967015495));
#1432 = CARTESIAN_POINT('',(4.604429857078,55.545931012919,
    26.596651554156));
#1433 = CARTESIAN_POINT('',(4.782027479274,55.638127298209,
    26.528519479687));
#1434 = CARTESIAN_POINT('',(5.016073140102,55.777956819046,
    26.430717780253));
#1435 = CARTESIAN_POINT('',(5.081537262744,55.819316888739,
    26.402378797198));
#1436 = CARTESIAN_POINT('',(5.145367201111,55.861865633823,
    26.373811299147));
#1437 = CARTESIAN_POINT('',(5.207586296966,55.905539957265,
    26.345074338088));
#1438 = CARTESIAN_POINT('',(5.268219439475,55.950284458566,
    26.316223324673));
#1439 = CARTESIAN_POINT('',(5.480801794383,56.114981499628,
    26.212175933403));
#1440 = CARTESIAN_POINT('',(5.623819316644,56.240847447663,
    26.136601387211));
#1441 = CARTESIAN_POINT('',(5.756741691096,56.372779395017,
    26.061522872916));
#1442 = CARTESIAN_POINT('',(5.879948252516,56.510174686935,
    25.987761473774));
#1443 = CARTESIAN_POINT('',(5.993751629465,56.652641958338,
    25.916080036034));
#1444 = CARTESIAN_POINT('',(6.215755197288,56.965290650625,
    25.769968898989));
#1445 = CARTESIAN_POINT('',(6.32164190729,57.136841916561,
    25.696225495541));
#1446 = CARTESIAN_POINT('',(6.416012338414,57.313937469428,
    25.627258039053));
#1447 = CARTESIAN_POINT('',(6.498829622345,57.496045012808,
    25.564286327381));
#1448 = CARTESIAN_POINT('',(6.569988762119,57.682745076449,
    25.508490527095));
#1449 = CARTESIAN_POINT('',(6.685471002581,58.054864778843,
    25.41588311838));
#1450 = CARTESIAN_POINT('',(6.731011103512,58.23994119904,
    25.378222558199));
#1451 = CARTESIAN_POINT('',(6.76541246497,58.42789528443,25.349123523825
    ));
#1452 = CARTESIAN_POINT('',(6.788452535137,58.617793633089,
    25.329416412069));
#1453 = CARTESIAN_POINT('',(6.8,58.808774288534,25.31953945375));
#1454 = CARTESIAN_POINT('',(6.8,59.,25.31953945375));
#1455 = ORIENTED_EDGE('',*,*,#1301,.T.);
#1456 = CYLINDRICAL_SURFACE('',#1457,3.8);
#1457 = AXIS2_PLACEMENT_3D('',#1458,#1459,#1460);
#1458 = CARTESIAN_POINT('',(3.,59.,13.));
#1459 = DIRECTION('',(-0.,-0.,-1.));
#1460 = DIRECTION('',(1.,0.,0.));
#1461 = ADVANCED_FACE('',(#1462),#1477,.T.);
#1462 = FACE_BOUND('',#1463,.T.);
#1463 = EDGE_LOOP('',(#1464,#1474,#1475,#1476));
#1464 = ORIENTED_EDGE('',*,*,#1465,.F.);
#1465 = EDGE_CURVE('',#472,#1351,#1466,.T.);
#1466 = B_SPLINE_CURVE_WITH_KNOTS('',6,(#1467,#1468,#1469,#1470,#1471,
    #1472,#1473),.UNSPECIFIED.,.F.,.F.,(7,7),(0.,1.),
  .PIECEWISE_BEZIER_KNOTS.);
#1467 = CARTESIAN_POINT('',(9.25,62.,20.));
#1468 = CARTESIAN_POINT('',(9.25,61.833333333333,21.832595714594));
#1469 = CARTESIAN_POINT('',(8.674406197858,61.666666666666,
    23.665035504936));
#1470 = CARTESIAN_POINT('',(7.522331047481,61.5,25.272331047481));
#1471 = CARTESIAN_POINT('',(5.915035504936,61.333333333333,
    26.424406197858));
#1472 = CARTESIAN_POINT('',(4.082595714594,61.166666666667,27.));
#1473 = CARTESIAN_POINT('',(2.25,61.,27.));
#1474 = ORIENTED_EDGE('',*,*,#479,.T.);
#1475 = ORIENTED_EDGE('',*,*,#393,.T.);
#1476 = ORIENTED_EDGE('',*,*,#1350,.T.);
#1477 = B_SPLINE_SURFACE_WITH_KNOTS('',8,8,(
    (#1478,#1479,#1480,#1481,#1482,#1483,#1484,#1485,#1486)
    ,(#1487,#1488,#1489,#1490,#1491,#1492,#1493,#1494,#1495)
    ,(#1496,#1497,#1498,#1499,#1500,#1501,#1502,#1503,#1504)
    ,(#1505,#1506,#1507,#1508,#1509,#1510,#1511,#1512,#1513)
    ,(#1514,#1515,#1516,#1517,#1518,#1519,#1520,#1521,#1522)
    ,(#1523,#1524,#1525,#1526,#1527,#1528,#1529,#1530,#1531)
    ,(#1532,#1533,#1534,#1535,#1536,#1537,#1538,#1539,#1540)
    ,(#1541,#1542,#1543,#1544,#1545,#1546,#1547,#1548,#1549)
    ,(#1550,#1551,#1552,#1553,#1554,#1555,#1556,#1557,#1558
  )),.UNSPECIFIED.,.F.,.F.,.F.,(9,9),(9,9),(0.,1.),(0.,1.),
  .PIECEWISE_BEZIER_KNOTS.);
#1478 = CARTESIAN_POINT('',(9.25,62.,20.));
#1479 = CARTESIAN_POINT('',(9.25,61.875,21.374446785946));
#1480 = CARTESIAN_POINT('',(8.941574477272,61.75,22.748894004529));
#1481 = CARTESIAN_POINT('',(8.3247264611,61.625,24.042592640346));
#1482 = CARTESIAN_POINT('',(7.424811290459,61.5,25.174811290459));
#1483 = CARTESIAN_POINT('',(6.292592640346,61.375,26.0747264611));
#1484 = CARTESIAN_POINT('',(4.998894004529,61.25,26.691574477271));
#1485 = CARTESIAN_POINT('',(3.624446785946,61.125,27.));
#1486 = CARTESIAN_POINT('',(2.25,61.,27.));
#1487 = CARTESIAN_POINT('',(9.25,63.17809720324,20.));
#1488 = CARTESIAN_POINT('',(9.262271845867,63.015210052835,
    21.374446785946));
#1489 = CARTESIAN_POINT('',(8.958868417955,62.813769712089,
    22.797853156332));
#1490 = CARTESIAN_POINT('',(8.304926861861,62.573776559662,
    24.160124632456));
#1491 = CARTESIAN_POINT('',(7.319220281391,62.298400012928,
    25.314885305511));
#1492 = CARTESIAN_POINT('',(6.145378996956,61.993985531258,
    26.157722606616));
#1493 = CARTESIAN_POINT('',(4.877712501381,61.669386051376,
    26.719795679087));
#1494 = CARTESIAN_POINT('',(3.562015937702,61.334692998648,27.));
#1495 = CARTESIAN_POINT('',(2.25,61.,27.));
#1496 = CARTESIAN_POINT('',(8.985635290968,64.356194965103,20.));
#1497 = CARTESIAN_POINT('',(9.034158018064,64.212065467076,
    21.374446785945));
#1498 = CARTESIAN_POINT('',(8.563478356816,64.140246069818,
    22.832823979048));
#1499 = CARTESIAN_POINT('',(7.871366875708,63.820760109414,
    24.244076055392));
#1500 = CARTESIAN_POINT('',(6.866400982268,63.365977759729,
    25.414938173406));
#1501 = CARTESIAN_POINT('',(5.731571117279,62.824222317433,
    26.217005567698));
#1502 = CARTESIAN_POINT('',(4.566513798612,62.232591102567,
    26.739953680383));
#1503 = CARTESIAN_POINT('',(3.282810448726,61.719085737914,27.));
#1504 = CARTESIAN_POINT('',(2.25,61.,27.));
#1505 = CARTESIAN_POINT('',(8.456908308799,65.465079267155,20.));
#1506 = CARTESIAN_POINT('',(8.519870740601,65.393761164526,
    21.374446785946));
#1507 = CARTESIAN_POINT('',(8.130109307355,65.233699270428,
    22.853806472678));
#1508 = CARTESIAN_POINT('',(7.485649271601,64.791974538852,
    24.294446909154));
#1509 = CARTESIAN_POINT('',(6.535324747441,64.1438632129,25.474969894143
    ));
#1510 = CARTESIAN_POINT('',(5.46511477814,63.391252187067,
    26.252575344348));
#1511 = CARTESIAN_POINT('',(4.376211639854,62.597575293835,
    26.752048481161));
#1512 = CARTESIAN_POINT('',(3.216498028475,61.848510508339,27.));
#1513 = CARTESIAN_POINT('',(2.25,61.,27.));
#1514 = CARTESIAN_POINT('',(7.685552669882,66.435552669888,
    19.999999999999));
#1515 = CARTESIAN_POINT('',(7.704598583946,66.454598583951,
    21.374446785945));
#1516 = CARTESIAN_POINT('',(7.431470524041,66.181470524043,
    22.86080063722));
#1517 = CARTESIAN_POINT('',(6.875588669999,65.625588670001,
    24.31123719374));
#1518 = CARTESIAN_POINT('',(6.050417351669,64.80041735167,
    25.494980467721));
#1519 = CARTESIAN_POINT('',(5.110555175999,63.860555176,26.264431936564)
  );
#1520 = CARTESIAN_POINT('',(4.144204180447,62.894204180448,
    26.75608008142));
#1521 = CARTESIAN_POINT('',(3.168022993436,61.918022993436,27.));
#1522 = CARTESIAN_POINT('',(2.25,61.,27.));
#1523 = CARTESIAN_POINT('',(6.715079267162,67.206908308796,20.));
#1524 = CARTESIAN_POINT('',(6.643761164532,67.269870740598,
    21.374446785946));
#1525 = CARTESIAN_POINT('',(6.483699270432,66.880109307353,
    22.853806472678));
#1526 = CARTESIAN_POINT('',(6.041974538855,66.2356492716,24.294446909154
    ));
#1527 = CARTESIAN_POINT('',(5.393863212903,65.285324747439,
    25.474969894143));
#1528 = CARTESIAN_POINT('',(4.641252187069,64.21511477814,
    26.252575344348));
#1529 = CARTESIAN_POINT('',(3.847575293837,63.126211639854,
    26.752048481161));
#1530 = CARTESIAN_POINT('',(3.098510508339,61.966498028474,27.));
#1531 = CARTESIAN_POINT('',(2.25,61.,27.));
#1532 = CARTESIAN_POINT('',(5.606194965099,67.735635290969,20.));
#1533 = CARTESIAN_POINT('',(5.462065467072,67.784158018065,
    21.374446785945));
#1534 = CARTESIAN_POINT('',(5.390246069816,67.313478356816,
    22.832823979048));
#1535 = CARTESIAN_POINT('',(5.070760109413,66.621366875708,
    24.244076055392));
#1536 = CARTESIAN_POINT('',(4.615977759728,65.616400982267,
    25.414938173406));
#1537 = CARTESIAN_POINT('',(4.074222317432,64.481571117279,
    26.217005567698));
#1538 = CARTESIAN_POINT('',(3.482591102567,63.316513798612,
    26.739953680383));
#1539 = CARTESIAN_POINT('',(2.969085737915,62.032810448726,27.));
#1540 = CARTESIAN_POINT('',(2.25,61.,27.));
#1541 = CARTESIAN_POINT('',(4.428097203242,68.,20.));
#1542 = CARTESIAN_POINT('',(4.265210052837,68.012271845867,
    21.374446785946));
#1543 = CARTESIAN_POINT('',(4.063769712091,67.708868417955,
    22.797853156332));
#1544 = CARTESIAN_POINT('',(3.823776559664,67.054926861862,
    24.160124632456));
#1545 = CARTESIAN_POINT('',(3.548400012928,66.06922028139,
    25.314885305511));
#1546 = CARTESIAN_POINT('',(3.243985531259,64.895378996957,
    26.157722606616));
#1547 = CARTESIAN_POINT('',(2.919386051377,63.627712501381,
    26.719795679087));
#1548 = CARTESIAN_POINT('',(2.584692998649,62.312015937702,27.));
#1549 = CARTESIAN_POINT('',(2.25,61.,27.));
#1550 = CARTESIAN_POINT('',(3.25,68.,20.));
#1551 = CARTESIAN_POINT('',(3.125,68.,21.374446785946));
#1552 = CARTESIAN_POINT('',(3.,67.691574477271,22.74889400453));
#1553 = CARTESIAN_POINT('',(2.875,67.074726461101,24.042592640345));
#1554 = CARTESIAN_POINT('',(2.75,66.174811290458,25.174811290459));
#1555 = CARTESIAN_POINT('',(2.625,65.042592640346,26.0747264611));
#1556 = CARTESIAN_POINT('',(2.5,63.748894004529,26.691574477271));
#1557 = CARTESIAN_POINT('',(2.375,62.374446785946,27.));
#1558 = CARTESIAN_POINT('',(2.25,61.,27.));
#1559 = ADVANCED_FACE('',(#1560),#1621,.T.);
#1560 = FACE_BOUND('',#1561,.F.);
#1561 = EDGE_LOOP('',(#1562,#1571,#1577,#1578,#1579,#1610,#1620));
#1562 = ORIENTED_EDGE('',*,*,#1563,.F.);
#1563 = EDGE_CURVE('',#1564,#534,#1566,.T.);
#1564 = VERTEX_POINT('',#1565);
#1565 = CARTESIAN_POINT('',(-6.25,29.,26.708203932499));
#1566 = CIRCLE('',#1567,7.);
#1567 = AXIS2_PLACEMENT_3D('',#1568,#1569,#1570);
#1568 = CARTESIAN_POINT('',(-6.25,31.,20.));
#1569 = DIRECTION('',(1.,0.,0.));
#1570 = DIRECTION('',(0.,-1.,0.));
#1571 = ORIENTED_EDGE('',*,*,#1572,.T.);
#1572 = EDGE_CURVE('',#1564,#1202,#1573,.T.);
#1573 = LINE('',#1574,#1575);
#1574 = CARTESIAN_POINT('',(-38.75,29.,26.708203932499));
#1575 = VECTOR('',#1576,1.);
#1576 = DIRECTION('',(1.,0.,0.));
#1577 = ORIENTED_EDGE('',*,*,#1225,.F.);
#1578 = ORIENTED_EDGE('',*,*,#1241,.T.);
#1579 = ORIENTED_EDGE('',*,*,#1580,.T.);
#1580 = EDGE_CURVE('',#1242,#1581,#1583,.T.);
#1581 = VERTEX_POINT('',#1582);
#1582 = CARTESIAN_POINT('',(2.411248467389,29.24588603891,
    26.776662969769));
#1583 = B_SPLINE_CURVE_WITH_KNOTS('',7,(#1584,#1585,#1586,#1587,#1588,
    #1589,#1590,#1591,#1592,#1593,#1594,#1595,#1596,#1597,#1598,#1599,
    #1600,#1601,#1602,#1603,#1604,#1605,#1606,#1607,#1608,#1609),
  .UNSPECIFIED.,.F.,.F.,(8,6,6,6,8),(0.,0.181140584192,0.322522439849,
    0.935388449658,1.),.UNSPECIFIED.);
#1584 = CARTESIAN_POINT('',(-0.231098884281,31.,27.));
#1585 = CARTESIAN_POINT('',(-0.166449453886,30.895555648792,27.));
#1586 = CARTESIAN_POINT('',(-9.868512543803E-02,30.794880324191,
    26.998181913594));
#1587 = CARTESIAN_POINT('',(-2.806850240913E-02,30.697995022002,
    26.99478186237));
#1588 = CARTESIAN_POINT('',(4.514875837677E-02,30.604910047888,
    26.990022571987));
#1589 = CARTESIAN_POINT('',(0.120725777661,30.51562505221,
    26.984112951122));
#1590 = CARTESIAN_POINT('',(0.198432284663,30.430129064868,
    26.977247670427));
#1591 = CARTESIAN_POINT('',(0.340189579776,30.284610673487,
    26.963642927692));
#1592 = CARTESIAN_POINT('',(0.403512018892,30.223097518221,
    26.957204869598));
#1593 = CARTESIAN_POINT('',(0.467931349939,30.163834076205,
    26.950375836409));
#1594 = CARTESIAN_POINT('',(0.533369398987,30.106793008001,
    26.943232995364));
#1595 = CARTESIAN_POINT('',(0.599754261321,30.051946709611,
    26.935847744339));
#1596 = CARTESIAN_POINT('',(0.667020329186,29.999267399228,
    26.928286044463));
#1597 = CARTESIAN_POINT('',(1.030258038448,29.72964415649,
    26.887329014468));
#1598 = CARTESIAN_POINT('',(1.341272761132,29.550444181953,
    26.851829963939));
#1599 = CARTESIAN_POINT('',(1.663238228042,29.409199581163,
    26.819074392376));
#1600 = CARTESIAN_POINT('',(1.992675753514,29.304331264881,
    26.792376825362));
#1601 = CARTESIAN_POINT('',(2.326945345078,29.234731668133,
    26.773855844999));
#1602 = CARTESIAN_POINT('',(2.663836195473,29.199887821978,
    26.764583960604));
#1603 = CARTESIAN_POINT('',(3.036839265646,29.200012059399,
    26.764617019007));
#1604 = CARTESIAN_POINT('',(3.072412774208,29.200412432863,
    26.764723554534));
#1605 = CARTESIAN_POINT('',(3.10798317292,29.201201331722,
    26.764933469955));
#1606 = CARTESIAN_POINT('',(3.143547428066,29.202378808472,
    26.765246625644));
#1607 = CARTESIAN_POINT('',(3.179102504048,29.203944967546,
    26.76566274518));
#1608 = CARTESIAN_POINT('',(3.21464536338,29.205899965325,
    26.766181415345));
#1609 = CARTESIAN_POINT('',(3.250172966689,29.208244010127,
    26.766802086123));
#1610 = ORIENTED_EDGE('',*,*,#1611,.F.);
#1611 = EDGE_CURVE('',#542,#1581,#1612,.T.);
#1612 = B_SPLINE_CURVE_WITH_KNOTS('',6,(#1613,#1614,#1615,#1616,#1617,
    #1618,#1619),.UNSPECIFIED.,.F.,.F.,(7,7),(0.,1.),
  .PIECEWISE_BEZIER_KNOTS.);
#1613 = CARTESIAN_POINT('',(3.25,24.,20.));
#1614 = CARTESIAN_POINT('',(3.083333333333,24.,21.832595714594));
#1615 = CARTESIAN_POINT('',(2.916666666667,24.575593802142,
    23.665035504936));
#1616 = CARTESIAN_POINT('',(2.75,25.727668952519,25.272331047481));
#1617 = CARTESIAN_POINT('',(2.583333333333,27.334964495064,
    26.424406197858));
#1618 = CARTESIAN_POINT('',(2.416666666667,29.167404285406,27.));
#1619 = CARTESIAN_POINT('',(2.25,31.,27.));
#1620 = ORIENTED_EDGE('',*,*,#541,.F.);
#1621 = CYLINDRICAL_SURFACE('',#1622,7.);
#1622 = AXIS2_PLACEMENT_3D('',#1623,#1624,#1625);
#1623 = CARTESIAN_POINT('',(-38.75,31.,20.));
#1624 = DIRECTION('',(1.,0.,0.));
#1625 = DIRECTION('',(0.,-1.,0.));
#1626 = ADVANCED_FACE('',(#1627),#1645,.T.);
#1627 = FACE_BOUND('',#1628,.T.);
#1628 = EDGE_LOOP('',(#1629,#1630,#1631,#1639));
#1629 = ORIENTED_EDGE('',*,*,#533,.F.);
#1630 = ORIENTED_EDGE('',*,*,#1563,.F.);
#1631 = ORIENTED_EDGE('',*,*,#1632,.F.);
#1632 = EDGE_CURVE('',#1633,#1564,#1635,.T.);
#1633 = VERTEX_POINT('',#1634);
#1634 = CARTESIAN_POINT('',(-6.25,29.,27.));
#1635 = LINE('',#1636,#1637);
#1636 = CARTESIAN_POINT('',(-6.25,29.,17.25));
#1637 = VECTOR('',#1638,1.);
#1638 = DIRECTION('',(0.,0.,-1.));
#1639 = ORIENTED_EDGE('',*,*,#1640,.F.);
#1640 = EDGE_CURVE('',#526,#1633,#1641,.T.);
#1641 = LINE('',#1642,#1643);
#1642 = CARTESIAN_POINT('',(-6.25,35.,27.));
#1643 = VECTOR('',#1644,1.);
#1644 = DIRECTION('',(0.,1.,0.));
#1645 = PLANE('',#1646);
#1646 = AXIS2_PLACEMENT_3D('',#1647,#1648,#1649);
#1647 = CARTESIAN_POINT('',(-6.25,24.,13.));
#1648 = DIRECTION('',(1.,0.,0.));
#1649 = DIRECTION('',(0.,0.,1.));
#1650 = ADVANCED_FACE('',(#1651),#1701,.T.);
#1651 = FACE_BOUND('',#1652,.T.);
#1652 = EDGE_LOOP('',(#1653,#1661,#1662,#1663,#1671,#1679,#1687,#1695));
#1653 = ORIENTED_EDGE('',*,*,#1654,.F.);
#1654 = EDGE_CURVE('',#518,#1655,#1657,.T.);
#1655 = VERTEX_POINT('',#1656);
#1656 = CARTESIAN_POINT('',(-29.25,29.,27.));
#1657 = LINE('',#1658,#1659);
#1658 = CARTESIAN_POINT('',(-29.25,35.,27.));
#1659 = VECTOR('',#1660,1.);
#1660 = DIRECTION('',(0.,1.,0.));
#1661 = ORIENTED_EDGE('',*,*,#525,.T.);
#1662 = ORIENTED_EDGE('',*,*,#1640,.T.);
#1663 = ORIENTED_EDGE('',*,*,#1664,.T.);
#1664 = EDGE_CURVE('',#1633,#1665,#1667,.T.);
#1665 = VERTEX_POINT('',#1666);
#1666 = CARTESIAN_POINT('',(-7.75,29.,27.));
#1667 = LINE('',#1668,#1669);
#1668 = CARTESIAN_POINT('',(-25.875,29.,27.));
#1669 = VECTOR('',#1670,1.);
#1670 = DIRECTION('',(-1.,0.,0.));
#1671 = ORIENTED_EDGE('',*,*,#1672,.T.);
#1672 = EDGE_CURVE('',#1665,#1673,#1675,.T.);
#1673 = VERTEX_POINT('',#1674);
#1674 = CARTESIAN_POINT('',(-7.75,25.5,27.));
#1675 = LINE('',#1676,#1677);
#1676 = CARTESIAN_POINT('',(-7.75,35.75,27.));
#1677 = VECTOR('',#1678,1.);
#1678 = DIRECTION('',(0.,-1.,1.1E-16));
#1679 = ORIENTED_EDGE('',*,*,#1680,.T.);
#1680 = EDGE_CURVE('',#1673,#1681,#1683,.T.);
#1681 = VERTEX_POINT('',#1682);
#1682 = CARTESIAN_POINT('',(-27.75,25.5,27.));
#1683 = LINE('',#1684,#1685);
#1684 = CARTESIAN_POINT('',(-17.75,25.5,27.));
#1685 = VECTOR('',#1686,1.);
#1686 = DIRECTION('',(-1.,0.,0.));
#1687 = ORIENTED_EDGE('',*,*,#1688,.F.);
#1688 = EDGE_CURVE('',#1689,#1681,#1691,.T.);
#1689 = VERTEX_POINT('',#1690);
#1690 = CARTESIAN_POINT('',(-27.75,29.,27.));
#1691 = LINE('',#1692,#1693);
#1692 = CARTESIAN_POINT('',(-27.75,35.75,27.));
#1693 = VECTOR('',#1694,1.);
#1694 = DIRECTION('',(0.,-1.,1.1E-16));
#1695 = ORIENTED_EDGE('',*,*,#1696,.T.);
#1696 = EDGE_CURVE('',#1689,#1655,#1697,.T.);
#1697 = LINE('',#1698,#1699);
#1698 = CARTESIAN_POINT('',(-25.875,29.,27.));
#1699 = VECTOR('',#1700,1.);
#1700 = DIRECTION('',(-1.,0.,0.));
#1701 = PLANE('',#1702);
#1702 = AXIS2_PLACEMENT_3D('',#1703,#1704,#1705);
#1703 = CARTESIAN_POINT('',(-17.75,46.,27.));
#1704 = DIRECTION('',(0.,0.,1.));
#1705 = DIRECTION('',(1.,0.,0.));
#1706 = ADVANCED_FACE('',(#1707),#1726,.F.);
#1707 = FACE_BOUND('',#1708,.F.);
#1708 = EDGE_LOOP('',(#1709,#1710,#1719,#1725));
#1709 = ORIENTED_EDGE('',*,*,#517,.F.);
#1710 = ORIENTED_EDGE('',*,*,#1711,.F.);
#1711 = EDGE_CURVE('',#1712,#510,#1714,.T.);
#1712 = VERTEX_POINT('',#1713);
#1713 = CARTESIAN_POINT('',(-29.25,29.,26.708203932499));
#1714 = CIRCLE('',#1715,7.);
#1715 = AXIS2_PLACEMENT_3D('',#1716,#1717,#1718);
#1716 = CARTESIAN_POINT('',(-29.25,31.,20.));
#1717 = DIRECTION('',(1.,0.,0.));
#1718 = DIRECTION('',(0.,-1.,0.));
#1719 = ORIENTED_EDGE('',*,*,#1720,.F.);
#1720 = EDGE_CURVE('',#1655,#1712,#1721,.T.);
#1721 = LINE('',#1722,#1723);
#1722 = CARTESIAN_POINT('',(-29.25,29.,17.25));
#1723 = VECTOR('',#1724,1.);
#1724 = DIRECTION('',(0.,0.,-1.));
#1725 = ORIENTED_EDGE('',*,*,#1654,.F.);
#1726 = PLANE('',#1727);
#1727 = AXIS2_PLACEMENT_3D('',#1728,#1729,#1730);
#1728 = CARTESIAN_POINT('',(-29.25,24.,13.));
#1729 = DIRECTION('',(1.,0.,0.));
#1730 = DIRECTION('',(0.,0.,1.));
#1731 = ADVANCED_FACE('',(#1732),#1754,.T.);
#1732 = FACE_BOUND('',#1733,.F.);
#1733 = EDGE_LOOP('',(#1734,#1735,#1745,#1746,#1747,#1753));
#1734 = ORIENTED_EDGE('',*,*,#509,.F.);
#1735 = ORIENTED_EDGE('',*,*,#1736,.T.);
#1736 = EDGE_CURVE('',#502,#891,#1737,.T.);
#1737 = B_SPLINE_CURVE_WITH_KNOTS('',6,(#1738,#1739,#1740,#1741,#1742,
    #1743,#1744),.UNSPECIFIED.,.F.,.F.,(7,7),(0.,1.),
  .PIECEWISE_BEZIER_KNOTS.);
#1738 = CARTESIAN_POINT('',(-38.75,24.,20.));
#1739 = CARTESIAN_POINT('',(-38.58333333333,24.,21.832595714594));
#1740 = CARTESIAN_POINT('',(-38.41666666666,24.575593802142,
    23.665035504936));
#1741 = CARTESIAN_POINT('',(-38.25,25.727668952519,25.272331047481));
#1742 = CARTESIAN_POINT('',(-38.08333333333,27.334964495064,
    26.424406197858));
#1743 = CARTESIAN_POINT('',(-37.91666666666,29.167404285406,27.));
#1744 = CARTESIAN_POINT('',(-37.75,31.,27.));
#1745 = ORIENTED_EDGE('',*,*,#890,.T.);
#1746 = ORIENTED_EDGE('',*,*,#964,.T.);
#1747 = ORIENTED_EDGE('',*,*,#1748,.T.);
#1748 = EDGE_CURVE('',#941,#1712,#1749,.T.);
#1749 = LINE('',#1750,#1751);
#1750 = CARTESIAN_POINT('',(-38.75,29.,26.708203932499));
#1751 = VECTOR('',#1752,1.);
#1752 = DIRECTION('',(1.,0.,0.));
#1753 = ORIENTED_EDGE('',*,*,#1711,.T.);
#1754 = CYLINDRICAL_SURFACE('',#1755,7.);
#1755 = AXIS2_PLACEMENT_3D('',#1756,#1757,#1758);
#1756 = CARTESIAN_POINT('',(-38.75,31.,20.));
#1757 = DIRECTION('',(1.,0.,0.));
#1758 = DIRECTION('',(0.,-1.,0.));
#1759 = ADVANCED_FACE('',(#1760),#1785,.F.);
#1760 = FACE_BOUND('',#1761,.F.);
#1761 = EDGE_LOOP('',(#1762,#1770,#1771,#1779));
#1762 = ORIENTED_EDGE('',*,*,#1763,.F.);
#1763 = EDGE_CURVE('',#558,#1764,#1766,.T.);
#1764 = VERTEX_POINT('',#1765);
#1765 = CARTESIAN_POINT('',(-25.,27.5,20.));
#1766 = LINE('',#1767,#1768);
#1767 = CARTESIAN_POINT('',(-25.,23.9,20.));
#1768 = VECTOR('',#1769,1.);
#1769 = DIRECTION('',(0.,1.,0.));
#1770 = ORIENTED_EDGE('',*,*,#557,.T.);
#1771 = ORIENTED_EDGE('',*,*,#1772,.T.);
#1772 = EDGE_CURVE('',#560,#1773,#1775,.T.);
#1773 = VERTEX_POINT('',#1774);
#1774 = CARTESIAN_POINT('',(-15.,27.5,20.));
#1775 = LINE('',#1776,#1777);
#1776 = CARTESIAN_POINT('',(-15.,23.9,20.));
#1777 = VECTOR('',#1778,1.);
#1778 = DIRECTION('',(0.,1.,0.));
#1779 = ORIENTED_EDGE('',*,*,#1780,.F.);
#1780 = EDGE_CURVE('',#1764,#1773,#1781,.T.);
#1781 = LINE('',#1782,#1783);
#1782 = CARTESIAN_POINT('',(-25.,27.5,20.));
#1783 = VECTOR('',#1784,1.);
#1784 = DIRECTION('',(1.,0.,0.));
#1785 = PLANE('',#1786);
#1786 = AXIS2_PLACEMENT_3D('',#1787,#1788,#1789);
#1787 = CARTESIAN_POINT('',(-25.,23.9,20.));
#1788 = DIRECTION('',(0.,0.,1.));
#1789 = DIRECTION('',(1.,0.,0.));
#1790 = ADVANCED_FACE('',(#1791),#1809,.T.);
#1791 = FACE_BOUND('',#1792,.T.);
#1792 = EDGE_LOOP('',(#1793,#1794,#1795,#1803));
#1793 = ORIENTED_EDGE('',*,*,#1763,.F.);
#1794 = ORIENTED_EDGE('',*,*,#567,.T.);
#1795 = ORIENTED_EDGE('',*,*,#1796,.T.);
#1796 = EDGE_CURVE('',#568,#1797,#1799,.T.);
#1797 = VERTEX_POINT('',#1798);
#1798 = CARTESIAN_POINT('',(-25.,27.5,15.));
#1799 = LINE('',#1800,#1801);
#1800 = CARTESIAN_POINT('',(-25.,23.9,15.));
#1801 = VECTOR('',#1802,1.);
#1802 = DIRECTION('',(0.,1.,0.));
#1803 = ORIENTED_EDGE('',*,*,#1804,.T.);
#1804 = EDGE_CURVE('',#1797,#1764,#1805,.T.);
#1805 = LINE('',#1806,#1807);
#1806 = CARTESIAN_POINT('',(-25.,27.5,15.));
#1807 = VECTOR('',#1808,1.);
#1808 = DIRECTION('',(0.,0.,1.));
#1809 = PLANE('',#1810);
#1810 = AXIS2_PLACEMENT_3D('',#1811,#1812,#1813);
#1811 = CARTESIAN_POINT('',(-25.,23.9,15.));
#1812 = DIRECTION('',(1.,0.,0.));
#1813 = DIRECTION('',(0.,0.,1.));
#1814 = ADVANCED_FACE('',(#1815),#1833,.F.);
#1815 = FACE_BOUND('',#1816,.F.);
#1816 = EDGE_LOOP('',(#1817,#1818,#1819,#1827));
#1817 = ORIENTED_EDGE('',*,*,#1772,.F.);
#1818 = ORIENTED_EDGE('',*,*,#583,.T.);
#1819 = ORIENTED_EDGE('',*,*,#1820,.T.);
#1820 = EDGE_CURVE('',#576,#1821,#1823,.T.);
#1821 = VERTEX_POINT('',#1822);
#1822 = CARTESIAN_POINT('',(-15.,27.5,15.));
#1823 = LINE('',#1824,#1825);
#1824 = CARTESIAN_POINT('',(-15.,23.9,15.));
#1825 = VECTOR('',#1826,1.);
#1826 = DIRECTION('',(0.,1.,0.));
#1827 = ORIENTED_EDGE('',*,*,#1828,.T.);
#1828 = EDGE_CURVE('',#1821,#1773,#1829,.T.);
#1829 = LINE('',#1830,#1831);
#1830 = CARTESIAN_POINT('',(-15.,27.5,15.));
#1831 = VECTOR('',#1832,1.);
#1832 = DIRECTION('',(0.,0.,1.));
#1833 = PLANE('',#1834);
#1834 = AXIS2_PLACEMENT_3D('',#1835,#1836,#1837);
#1835 = CARTESIAN_POINT('',(-15.,23.9,15.));
#1836 = DIRECTION('',(1.,0.,0.));
#1837 = DIRECTION('',(0.,0.,1.));
#1838 = ADVANCED_FACE('',(#1839),#1850,.T.);
#1839 = FACE_BOUND('',#1840,.T.);
#1840 = EDGE_LOOP('',(#1841,#1842,#1843,#1844));
#1841 = ORIENTED_EDGE('',*,*,#1796,.F.);
#1842 = ORIENTED_EDGE('',*,*,#575,.T.);
#1843 = ORIENTED_EDGE('',*,*,#1820,.T.);
#1844 = ORIENTED_EDGE('',*,*,#1845,.F.);
#1845 = EDGE_CURVE('',#1797,#1821,#1846,.T.);
#1846 = LINE('',#1847,#1848);
#1847 = CARTESIAN_POINT('',(-25.,27.5,15.));
#1848 = VECTOR('',#1849,1.);
#1849 = DIRECTION('',(1.,0.,0.));
#1850 = PLANE('',#1851);
#1851 = AXIS2_PLACEMENT_3D('',#1852,#1853,#1854);
#1852 = CARTESIAN_POINT('',(-25.,23.9,15.));
#1853 = DIRECTION('',(0.,0.,1.));
#1854 = DIRECTION('',(1.,0.,0.));
#1855 = ADVANCED_FACE('',(#1856),#1870,.T.);
#1856 = FACE_BOUND('',#1857,.T.);
#1857 = EDGE_LOOP('',(#1858,#1868,#1869));
#1858 = ORIENTED_EDGE('',*,*,#1859,.F.);
#1859 = EDGE_CURVE('',#599,#891,#1860,.T.);
#1860 = B_SPLINE_CURVE_WITH_KNOTS('',6,(#1861,#1862,#1863,#1864,#1865,
    #1866,#1867),.UNSPECIFIED.,.F.,.F.,(7,7),(0.,1.),
  .PIECEWISE_BEZIER_KNOTS.);
#1861 = CARTESIAN_POINT('',(-44.75,30.,20.));
#1862 = CARTESIAN_POINT('',(-44.75,30.166666666667,21.832595714594));
#1863 = CARTESIAN_POINT('',(-44.17440619785,30.333333333333,
    23.665035504936));
#1864 = CARTESIAN_POINT('',(-43.02233104748,30.5,25.272331047481));
#1865 = CARTESIAN_POINT('',(-41.41503550493,30.666666666667,
    26.424406197858));
#1866 = CARTESIAN_POINT('',(-39.58259571459,30.833333333333,27.));
#1867 = CARTESIAN_POINT('',(-37.75,31.,27.));
#1868 = ORIENTED_EDGE('',*,*,#606,.T.);
#1869 = ORIENTED_EDGE('',*,*,#1736,.T.);
#1870 = B_SPLINE_SURFACE_WITH_KNOTS('',8,8,(
    (#1871,#1872,#1873,#1874,#1875,#1876,#1877,#1878,#1879)
    ,(#1880,#1881,#1882,#1883,#1884,#1885,#1886,#1887,#1888)
    ,(#1889,#1890,#1891,#1892,#1893,#1894,#1895,#1896,#1897)
    ,(#1898,#1899,#1900,#1901,#1902,#1903,#1904,#1905,#1906)
    ,(#1907,#1908,#1909,#1910,#1911,#1912,#1913,#1914,#1915)
    ,(#1916,#1917,#1918,#1919,#1920,#1921,#1922,#1923,#1924)
    ,(#1925,#1926,#1927,#1928,#1929,#1930,#1931,#1932,#1933)
    ,(#1934,#1935,#1936,#1937,#1938,#1939,#1940,#1941,#1942)
    ,(#1943,#1944,#1945,#1946,#1947,#1948,#1949,#1950,#1951
  )),.UNSPECIFIED.,.F.,.F.,.F.,(9,9),(9,9),(0.,1.),(0.,1.),
  .PIECEWISE_BEZIER_KNOTS.);
#1871 = CARTESIAN_POINT('',(-44.75,30.,20.));
#1872 = CARTESIAN_POINT('',(-44.75,30.125,21.374446785946));
#1873 = CARTESIAN_POINT('',(-44.44157447727,30.25,22.748894004529));
#1874 = CARTESIAN_POINT('',(-43.8247264611,30.375,24.042592640346));
#1875 = CARTESIAN_POINT('',(-42.92481129045,30.5,25.174811290458));
#1876 = CARTESIAN_POINT('',(-41.79259264034,30.625,26.074726461101));
#1877 = CARTESIAN_POINT('',(-40.49889400452,30.75,26.691574477271));
#1878 = CARTESIAN_POINT('',(-39.12444678594,30.875,27.));
#1879 = CARTESIAN_POINT('',(-37.75,31.,27.));
#1880 = CARTESIAN_POINT('',(-44.75,28.82190279676,20.));
#1881 = CARTESIAN_POINT('',(-44.76227184586,28.984789947165,
    21.374446785946));
#1882 = CARTESIAN_POINT('',(-44.45886841795,29.186230287911,
    22.797853156332));
#1883 = CARTESIAN_POINT('',(-43.80492686186,29.426223440338,
    24.160124632456));
#1884 = CARTESIAN_POINT('',(-42.81922028139,29.701599987072,
    25.314885305511));
#1885 = CARTESIAN_POINT('',(-41.64537899695,30.006014468742,
    26.157722606616));
#1886 = CARTESIAN_POINT('',(-40.37771250138,30.330613948624,
    26.719795679087));
#1887 = CARTESIAN_POINT('',(-39.0620159377,30.665307001352,27.));
#1888 = CARTESIAN_POINT('',(-37.75,31.,27.));
#1889 = CARTESIAN_POINT('',(-44.48563529096,27.643805034897,20.));
#1890 = CARTESIAN_POINT('',(-44.53415801806,27.787934532924,
    21.374446785945));
#1891 = CARTESIAN_POINT('',(-44.06347835681,27.859753930182,
    22.832823979048));
#1892 = CARTESIAN_POINT('',(-43.3713668757,28.179239890586,
    24.244076055392));
#1893 = CARTESIAN_POINT('',(-42.36640098226,28.634022240271,
    25.414938173406));
#1894 = CARTESIAN_POINT('',(-41.23157111727,29.175777682567,
    26.217005567698));
#1895 = CARTESIAN_POINT('',(-40.06651379861,29.767408897432,
    26.739953680383));
#1896 = CARTESIAN_POINT('',(-38.78281044872,30.280914262086,27.));
#1897 = CARTESIAN_POINT('',(-37.75,31.,27.));
#1898 = CARTESIAN_POINT('',(-43.95690830879,26.534920732844,20.));
#1899 = CARTESIAN_POINT('',(-44.0198707406,26.606238835473,
    21.374446785946));
#1900 = CARTESIAN_POINT('',(-43.63010930735,26.766300729572,
    22.853806472678));
#1901 = CARTESIAN_POINT('',(-42.9856492716,27.208025461148,
    24.294446909154));
#1902 = CARTESIAN_POINT('',(-42.03532474744,27.8561367871,
    25.474969894143));
#1903 = CARTESIAN_POINT('',(-40.96511477814,28.608747812933,
    26.252575344348));
#1904 = CARTESIAN_POINT('',(-39.87621163985,29.402424706164,
    26.752048481162));
#1905 = CARTESIAN_POINT('',(-38.71649802847,30.151489491661,27.));
#1906 = CARTESIAN_POINT('',(-37.75,31.,27.));
#1907 = CARTESIAN_POINT('',(-43.18555266988,25.564447330113,
    19.999999999999));
#1908 = CARTESIAN_POINT('',(-43.20459858394,25.54540141605,
    21.374446785945));
#1909 = CARTESIAN_POINT('',(-42.93147052404,25.818529475957,
    22.86080063722));
#1910 = CARTESIAN_POINT('',(-42.37558866999,26.37441133,24.31123719374)
  );
#1911 = CARTESIAN_POINT('',(-41.55041735166,27.19958264833,
    25.494980467721));
#1912 = CARTESIAN_POINT('',(-40.61055517599,28.139444824,26.264431936564
    ));
#1913 = CARTESIAN_POINT('',(-39.64420418044,29.105795819552,
    26.756080081421));
#1914 = CARTESIAN_POINT('',(-38.66802299343,30.081977006564,27.));
#1915 = CARTESIAN_POINT('',(-37.75,31.,27.));
#1916 = CARTESIAN_POINT('',(-42.21507926716,24.793091691204,20.));
#1917 = CARTESIAN_POINT('',(-42.14376116453,24.730129259401,
    21.374446785946));
#1918 = CARTESIAN_POINT('',(-41.98369927043,25.119890692647,
    22.853806472678));
#1919 = CARTESIAN_POINT('',(-41.54197453885,25.7643507284,
    24.294446909154));
#1920 = CARTESIAN_POINT('',(-40.8938632129,26.71467525256,
    25.474969894143));
#1921 = CARTESIAN_POINT('',(-40.14125218706,27.784885221861,
    26.252575344347));
#1922 = CARTESIAN_POINT('',(-39.34757529383,28.873788360146,
    26.752048481162));
#1923 = CARTESIAN_POINT('',(-38.59851050834,30.033501971526,27.));
#1924 = CARTESIAN_POINT('',(-37.75,31.,27.));
#1925 = CARTESIAN_POINT('',(-41.10619496509,24.264364709032,
    19.999999999999));
#1926 = CARTESIAN_POINT('',(-40.96206546707,24.215841981936,
    21.374446785945));
#1927 = CARTESIAN_POINT('',(-40.89024606981,24.686521643184,
    22.832823979048));
#1928 = CARTESIAN_POINT('',(-40.57076010941,25.378633124293,
    24.244076055391));
#1929 = CARTESIAN_POINT('',(-40.11597775972,26.383599017732,
    25.414938173406));
#1930 = CARTESIAN_POINT('',(-39.57422231743,27.518428882721,
    26.217005567697));
#1931 = CARTESIAN_POINT('',(-38.98259110256,28.683486201388,
    26.739953680384));
#1932 = CARTESIAN_POINT('',(-38.46908573791,29.967189551274,27.));
#1933 = CARTESIAN_POINT('',(-37.75,31.,27.));
#1934 = CARTESIAN_POINT('',(-39.92809720324,24.,20.));
#1935 = CARTESIAN_POINT('',(-39.76521005283,23.987728154133,
    21.374446785946));
#1936 = CARTESIAN_POINT('',(-39.56376971209,24.291131582045,
    22.797853156332));
#1937 = CARTESIAN_POINT('',(-39.32377655966,24.945073138139,
    24.160124632455));
#1938 = CARTESIAN_POINT('',(-39.04840001292,25.930779718609,
    25.314885305512));
#1939 = CARTESIAN_POINT('',(-38.74398553125,27.104621003044,
    26.157722606615));
#1940 = CARTESIAN_POINT('',(-38.41938605137,28.372287498619,
    26.719795679087));
#1941 = CARTESIAN_POINT('',(-38.08469299864,29.687984062298,27.));
#1942 = CARTESIAN_POINT('',(-37.75,31.,27.));
#1943 = CARTESIAN_POINT('',(-38.75,24.,20.));
#1944 = CARTESIAN_POINT('',(-38.625,24.,21.374446785946));
#1945 = CARTESIAN_POINT('',(-38.5,24.308425522728,22.74889400453));
#1946 = CARTESIAN_POINT('',(-38.375,24.9252735389,24.042592640345));
#1947 = CARTESIAN_POINT('',(-38.25,25.825188709541,25.17481129046));
#1948 = CARTESIAN_POINT('',(-38.125,26.957407359654,26.074726461099));
#1949 = CARTESIAN_POINT('',(-38.,28.251105995471,26.691574477272));
#1950 = CARTESIAN_POINT('',(-37.875,29.625553214054,27.));
#1951 = CARTESIAN_POINT('',(-37.75,31.,27.));
#1952 = ADVANCED_FACE('',(#1953),#2015,.T.);
#1953 = FACE_BOUND('',#1954,.F.);
#1954 = EDGE_LOOP('',(#1955,#1956,#1957,#1958,#2013,#2014));
#1955 = ORIENTED_EDGE('',*,*,#629,.F.);
#1956 = ORIENTED_EDGE('',*,*,#793,.T.);
#1957 = ORIENTED_EDGE('',*,*,#907,.T.);
#1958 = ORIENTED_EDGE('',*,*,#1959,.T.);
#1959 = EDGE_CURVE('',#908,#916,#1960,.T.);
#1960 = B_SPLINE_CURVE_WITH_KNOTS('',6,(#1961,#1962,#1963,#1964,#1965,
    #1966,#1967,#1968,#1969,#1970,#1971,#1972,#1973,#1974,#1975,#1976,
    #1977,#1978,#1979,#1980,#1981,#1982,#1983,#1984,#1985,#1986,#1987,
    #1988,#1989,#1990,#1991,#1992,#1993,#1994,#1995,#1996,#1997,#1998,
    #1999,#2000,#2001,#2002,#2003,#2004,#2005,#2006,#2007,#2008,#2009,
    #2010,#2011,#2012),.UNSPECIFIED.,.F.,.F.,(7,5,5,5,5,5,5,5,5,5,7),(0.
    ,9.88289114242E-02,0.174789082334,0.239267393494,0.294037086032,
    0.499999306298,0.706137664063,0.760601596638,0.826010420195,
    0.902674278964,1.),.UNSPECIFIED.);
#1961 = CARTESIAN_POINT('',(-37.75,49.088689042296,27.));
#1962 = CARTESIAN_POINT('',(-37.87429404208,49.018266098884,27.));
#1963 = CARTESIAN_POINT('',(-37.99319057667,48.942972473773,
    26.997351614394));
#1964 = CARTESIAN_POINT('',(-38.10661368797,48.863328187042,
    26.992486037271));
#1965 = CARTESIAN_POINT('',(-38.21451888975,48.779828500538,
    26.985806804777));
#1966 = CARTESIAN_POINT('',(-38.31689355367,48.692945224643,
    26.977685821143));
#1967 = CARTESIAN_POINT('',(-38.48820710631,48.534094280411,
    26.961367920538));
#1968 = CARTESIAN_POINT('',(-38.55943432667,48.463296682706,
    26.953620266585));
#1969 = CARTESIAN_POINT('',(-38.62748501344,48.39089657855,
    26.945363932863));
#1970 = CARTESIAN_POINT('',(-38.69240667656,48.317039456711,
    26.936732017579));
#1971 = CARTESIAN_POINT('',(-38.75424799978,48.241854890491,
    26.927844273884));
#1972 = CARTESIAN_POINT('',(-38.86297945714,48.100606172142,
    26.911137942517));
#1973 = CARTESIAN_POINT('',(-38.91071754362,48.034880063562,
    26.903360772098));
#1974 = CARTESIAN_POINT('',(-38.95630410157,47.96834557619,
    26.895541862195));
#1975 = CARTESIAN_POINT('',(-38.99976857437,47.901064431383,
    26.887740867792));
#1976 = CARTESIAN_POINT('',(-39.04113852593,47.833092650036,
    26.880011902003));
#1977 = CARTESIAN_POINT('',(-39.11382311376,47.706199505601,
    26.865940775882));
#1978 = CARTESIAN_POINT('',(-39.14571366288,47.647456932534,
    26.859565179024));
#1979 = CARTESIAN_POINT('',(-39.17612680587,47.588283984579,
    26.853306635453));
#1980 = CARTESIAN_POINT('',(-39.20507671761,47.528710144798,
    26.847192665753));
#1981 = CARTESIAN_POINT('',(-39.23257622998,47.468763228119,
    26.841248421139));
#1982 = CARTESIAN_POINT('',(-39.35663810174,47.181733499181,
    26.813867190802));
#1983 = CARTESIAN_POINT('',(-39.43432872688,46.950005934582,
    26.794952236255));
#1984 = CARTESIAN_POINT('',(-39.49224218558,46.714793453069,
    26.779982739133));
#1985 = CARTESIAN_POINT('',(-39.53073875465,46.477329819106,
    26.769739008052));
#1986 = CARTESIAN_POINT('',(-39.55,46.238706685682,26.764613810115));
#1987 = CARTESIAN_POINT('',(-39.55,45.761089173974,26.764613810115));
#1988 = CARTESIAN_POINT('',(-39.53070579577,45.522262231433,
    26.769747777791));
#1989 = CARTESIAN_POINT('',(-39.4921434358,45.284597775507,
    26.78000901648));
#1990 = CARTESIAN_POINT('',(-39.43413070227,45.049190145771,
    26.795003418726));
#1991 = CARTESIAN_POINT('',(-39.35630602559,44.817276402295,
    26.813948036022));
#1992 = CARTESIAN_POINT('',(-39.23219591145,44.530416190311,
    26.841330339464));
#1993 = CARTESIAN_POINT('',(-39.20483479143,44.470807948919,
    26.847243109093));
#1994 = CARTESIAN_POINT('',(-39.1760393283,44.41156883433,
    26.853323527021));
#1995 = CARTESIAN_POINT('',(-39.14579689867,44.352726204101,
    26.85954685185));
#1996 = CARTESIAN_POINT('',(-39.11409356584,44.294309047265,
    26.865886025185));
#1997 = CARTESIAN_POINT('',(-39.04106695462,44.166739258708,
    26.880028594633));
#1998 = CARTESIAN_POINT('',(-38.99909107461,44.097789060031,
    26.887870021754));
#1999 = CARTESIAN_POINT('',(-38.95495962709,44.029549859527,
    26.895785292023));
#2000 = CARTESIAN_POINT('',(-38.90864381888,43.962080183998,
    26.903717868144));
#2001 = CARTESIAN_POINT('',(-38.86011287638,43.895444615821,
    26.911605336499));
#2002 = CARTESIAN_POINT('',(-38.74981759342,43.752672527754,
    26.928491178628));
#2003 = CARTESIAN_POINT('',(-38.68721164066,43.676872349285,
    26.93744723937));
#2004 = CARTESIAN_POINT('',(-38.62146530361,43.602430670134,
    26.946136689355));
#2005 = CARTESIAN_POINT('',(-38.5525286814,43.529481511397,
    26.954435855524));
#2006 = CARTESIAN_POINT('',(-38.48035319977,43.458175441169,
    26.962207184843));
#2007 = CARTESIAN_POINT('',(-38.30909296692,43.300453568955,
    26.978300189685));
#2008 = CARTESIAN_POINT('',(-38.20794579709,43.215096438239,
    26.986210650092));
#2009 = CARTESIAN_POINT('',(-38.10143384351,43.133040166913,
    26.992706563452));
#2010 = CARTESIAN_POINT('',(-37.98957113616,43.054737247302,
    26.99743163456));
#2011 = CARTESIAN_POINT('',(-37.87240188033,42.980661833642,27.));
#2012 = CARTESIAN_POINT('',(-37.75,42.911310957704,27.));
#2013 = ORIENTED_EDGE('',*,*,#924,.T.);
#2014 = ORIENTED_EDGE('',*,*,#1859,.F.);
#2015 = CYLINDRICAL_SURFACE('',#2016,7.);
#2016 = AXIS2_PLACEMENT_3D('',#2017,#2018,#2019);
#2017 = CARTESIAN_POINT('',(-37.75,62.,20.));
#2018 = DIRECTION('',(0.,-1.,0.));
#2019 = DIRECTION('',(-1.,0.,0.));
#2020 = ADVANCED_FACE('',(#2021),#2167,.T.);
#2021 = FACE_BOUND('',#2022,.F.);
#2022 = EDGE_LOOP('',(#2023,#2024,#2038,#2060,#2090,#2091,#2140,#2163,
    #2164,#2165,#2166));
#2023 = ORIENTED_EDGE('',*,*,#653,.F.);
#2024 = ORIENTED_EDGE('',*,*,#2025,.T.);
#2025 = EDGE_CURVE('',#646,#2026,#2028,.T.);
#2026 = VERTEX_POINT('',#2027);
#2027 = CARTESIAN_POINT('',(5.980085331882,30.64222744636,
    25.923382766227));
#2028 = B_SPLINE_CURVE_WITH_KNOTS('',8,(#2029,#2030,#2031,#2032,#2033,
    #2034,#2035,#2036,#2037),.UNSPECIFIED.,.F.,.F.,(9,9),(0.,1.),
  .PIECEWISE_BEZIER_KNOTS.);
#2029 = CARTESIAN_POINT('',(9.25,30.,20.));
#2030 = CARTESIAN_POINT('',(9.25,30.125,21.374446785946));
#2031 = CARTESIAN_POINT('',(8.941574477272,30.25,22.748894004529));
#2032 = CARTESIAN_POINT('',(8.3247264611,30.375,24.042592640346));
#2033 = CARTESIAN_POINT('',(7.424811290459,30.5,25.174811290458));
#2034 = CARTESIAN_POINT('',(6.292592640346,30.625,26.074726461101));
#2035 = CARTESIAN_POINT('',(4.998894004529,30.75,26.691574477271));
#2036 = CARTESIAN_POINT('',(3.624446785946,30.875,27.));
#2037 = CARTESIAN_POINT('',(2.25,31.,27.));
#2038 = ORIENTED_EDGE('',*,*,#2039,.T.);
#2039 = EDGE_CURVE('',#2026,#2040,#2042,.T.);
#2040 = VERTEX_POINT('',#2041);
#2041 = CARTESIAN_POINT('',(6.8,33.,25.31953945375));
#2042 = B_SPLINE_CURVE_WITH_KNOTS('',6,(#2043,#2044,#2045,#2046,#2047,
    #2048,#2049,#2050,#2051,#2052,#2053,#2054,#2055,#2056,#2057,#2058,
    #2059),.UNSPECIFIED.,.F.,.F.,(7,5,5,7),(0.,0.312616406641,
    0.66273111049,1.),.UNSPECIFIED.);
#2043 = CARTESIAN_POINT('',(5.332158264344,29.999827033311,
    26.284926446152));
#2044 = CARTESIAN_POINT('',(5.484588757236,30.118317546252,
    26.210173796708));
#2045 = CARTESIAN_POINT('',(5.626646535038,30.243654087812,
    26.135004450604));
#2046 = CARTESIAN_POINT('',(5.75872071981,30.374984413204,
    26.060338656579));
#2047 = CARTESIAN_POINT('',(5.881183648706,30.51171725535,
    25.986984268031));
#2048 = CARTESIAN_POINT('',(5.994342177726,30.653467815063,
    25.915692419121));
#2049 = CARTESIAN_POINT('',(6.21491619425,30.964115593819,
    25.770519909326));
#2050 = CARTESIAN_POINT('',(6.320091540092,31.134337598479,
    25.697304134397));
#2051 = CARTESIAN_POINT('',(6.413922037121,31.310024412791,
    25.628784608175));
#2052 = CARTESIAN_POINT('',(6.496373299153,31.490657047097,
    25.56615296335));
#2053 = CARTESIAN_POINT('',(6.567343979066,31.67582624292,
    25.510563184627));
#2054 = CARTESIAN_POINT('',(6.683690381879,32.047651473459,
    25.417355435822));
#2055 = CARTESIAN_POINT('',(6.729934090865,32.234082174272,
    25.379133342178));
#2056 = CARTESIAN_POINT('',(6.764868924433,32.423445641945,
    25.349588444397));
#2057 = CARTESIAN_POINT('',(6.788269351035,32.614796601215,
    25.329573092456));
#2058 = CARTESIAN_POINT('',(6.8,32.807263376946,25.31953945375));
#2059 = CARTESIAN_POINT('',(6.8,33.,25.31953945375));
#2060 = ORIENTED_EDGE('',*,*,#2061,.T.);
#2061 = EDGE_CURVE('',#2040,#1259,#2062,.T.);
#2062 = B_SPLINE_CURVE_WITH_KNOTS('',6,(#2063,#2064,#2065,#2066,#2067,
    #2068,#2069,#2070,#2071,#2072,#2073,#2074,#2075,#2076,#2077,#2078,
    #2079,#2080,#2081,#2082,#2083,#2084,#2085,#2086,#2087,#2088,#2089),
  .UNSPECIFIED.,.F.,.F.,(7,5,5,5,5,7),(0.,0.192424241439,0.392290331932,
    0.635931319814,0.804717634823,1.),.UNSPECIFIED.);
#2063 = CARTESIAN_POINT('',(6.8,33.,25.31953945375));
#2064 = CARTESIAN_POINT('',(6.8,33.193335337611,25.31953945375));
#2065 = CARTESIAN_POINT('',(6.788196348919,33.386412109743,
    25.329635535969));
#2066 = CARTESIAN_POINT('',(6.764647561937,33.578370041604,
    25.349777780091));
#2067 = CARTESIAN_POINT('',(6.729490086941,33.768322841862,
    25.379508922767));
#2068 = CARTESIAN_POINT('',(6.682954089862,33.955309179704,
    25.417963854764));
#2069 = CARTESIAN_POINT('',(6.565861863194,34.328267460134,
    25.511730903905));
#2070 = CARTESIAN_POINT('',(6.494413152825,34.514026464851,
    25.567663950177));
#2071 = CARTESIAN_POINT('',(6.411404033943,34.695207357661,
    25.630671189621));
#2072 = CARTESIAN_POINT('',(6.316934932088,34.871398074478,
    25.699586009571));
#2073 = CARTESIAN_POINT('',(6.211037544199,35.042074821794,
    25.773204718358));
#2074 = CARTESIAN_POINT('',(5.950663786475,35.407126838966,
    25.944272751998));
#2075 = CARTESIAN_POINT('',(5.790580275227,35.598571314525,
    26.04344135565));
#2076 = CARTESIAN_POINT('',(5.61290748971,35.780427244664,
    26.145905330967));
#2077 = CARTESIAN_POINT('',(5.416686497364,35.951593820908,
    26.249782734628));
#2078 = CARTESIAN_POINT('',(5.200783797193,36.110130503842,
    26.35285252715));
#2079 = CARTESIAN_POINT('',(4.800351258968,36.351922279058,
    26.521297145832));
#2080 = CARTESIAN_POINT('',(4.626145745315,36.443593152829,
    26.588699005176));
#2081 = CARTESIAN_POINT('',(4.441656808301,36.526609896171,
    26.653443272204));
#2082 = CARTESIAN_POINT('',(4.247046707933,36.599512634798,
    26.714329474527));
#2083 = CARTESIAN_POINT('',(4.04263601665,36.660717941389,26.77012319979
    ));
#2084 = CARTESIAN_POINT('',(3.581707327364,36.763747710171,
    26.876842187346));
#2085 = CARTESIAN_POINT('',(3.321158242653,36.801220014612,
    26.925834803751));
#2086 = CARTESIAN_POINT('',(3.052319950797,36.816975040849,
    26.963552944295));
#2087 = CARTESIAN_POINT('',(2.780561028541,36.809170321021,
    26.988288629145));
#2088 = CARTESIAN_POINT('',(2.5113738596,36.777873723402,27.));
#2089 = CARTESIAN_POINT('',(2.25,36.725251669351,27.));
#2090 = ORIENTED_EDGE('',*,*,#1267,.T.);
#2091 = ORIENTED_EDGE('',*,*,#2092,.T.);
#2092 = EDGE_CURVE('',#1268,#2093,#2095,.T.);
#2093 = VERTEX_POINT('',#2094);
#2094 = CARTESIAN_POINT('',(4.55,46.,26.611353870426));
#2095 = B_SPLINE_CURVE_WITH_KNOTS('',7,(#2096,#2097,#2098,#2099,#2100,
    #2101,#2102,#2103,#2104,#2105,#2106,#2107,#2108,#2109,#2110,#2111,
    #2112,#2113,#2114,#2115,#2116,#2117,#2118,#2119,#2120,#2121,#2122,
    #2123,#2124,#2125,#2126,#2127,#2128,#2129,#2130,#2131,#2132,#2133,
    #2134,#2135,#2136,#2137,#2138,#2139),.UNSPECIFIED.,.F.,.F.,(8,6,6,6,
    6,6,6,8),(0.,0.195957563082,0.334152292977,0.991013729587,
    0.992989022547,0.995034874146,0.997080734756,1.),.UNSPECIFIED.);
#2096 = CARTESIAN_POINT('',(2.25,42.677350454833,27.));
#2097 = CARTESIAN_POINT('',(2.384175395351,42.727828015559,27.));
#2098 = CARTESIAN_POINT('',(2.514064672269,42.783909026324,
    26.996999533487));
#2099 = CARTESIAN_POINT('',(2.639447453626,42.845141464858,
    26.991343502757));
#2100 = CARTESIAN_POINT('',(2.76013205649,42.911067374472,
    26.983382091215));
#2101 = CARTESIAN_POINT('',(2.875957073226,42.981220603501,
    26.973464225075));
#2102 = CARTESIAN_POINT('',(2.986792952614,43.055124544737,
    26.96193103505));
#2103 = CARTESIAN_POINT('',(3.167121868673,43.186709014329,26.9400670862
    ));
#2104 = CARTESIAN_POINT('',(3.239233438636,43.242795716791,
    26.930376433048));
#2105 = CARTESIAN_POINT('',(3.308898963409,43.30042871023,26.92014247808
    ));
#2106 = CARTESIAN_POINT('',(3.376141378258,43.359495126084,
    26.909463613753));
#2107 = CARTESIAN_POINT('',(3.440985777577,43.419890496012,
    26.898431661442));
#2108 = CARTESIAN_POINT('',(3.503459311294,43.481518748641,
    26.887132027391));
#2109 = CARTESIAN_POINT('',(3.849406906957,43.842664391914,
    26.821038773348));
#2110 = CARTESIAN_POINT('',(4.083171939347,44.167803347561,
    26.762011083155));
#2111 = CARTESIAN_POINT('',(4.267581882414,44.510742556267,
    26.706982884919));
#2112 = CARTESIAN_POINT('',(4.405184571197,44.865694496381,
    26.661602036563));
#2113 = CARTESIAN_POINT('',(4.49776371316,45.228429576399,
    26.629522358255));
#2114 = CARTESIAN_POINT('',(4.546152626985,45.595758558354,
    26.612692207052));
#2115 = CARTESIAN_POINT('',(4.549835238878,45.965780010699,
    26.611411186286));
#2116 = CARTESIAN_POINT('',(4.549845875412,45.966889394028,
    26.611407486274));
#2117 = CARTESIAN_POINT('',(4.549856107448,45.967998779845,
    26.611403926948));
#2118 = CARTESIAN_POINT('',(4.549865934988,45.969108168036,
    26.61140050831));
#2119 = CARTESIAN_POINT('',(4.549875358033,45.970217558486,
    26.611397230364));
#2120 = CARTESIAN_POINT('',(4.549884376581,45.97132695108,
    26.611394093112));
#2121 = CARTESIAN_POINT('',(4.549901912388,45.973585368567,
    26.611387992962));
#2122 = CARTESIAN_POINT('',(4.549910400233,45.974734393606,
    26.611385040295));
#2123 = CARTESIAN_POINT('',(4.54991845417,45.975883420696,
    26.611382238557));
#2124 = CARTESIAN_POINT('',(4.5499260742,45.97703244971,26.611379587752)
  );
#2125 = CARTESIAN_POINT('',(4.549933260322,45.97818148052,26.61137708788
    ));
#2126 = CARTESIAN_POINT('',(4.549940012539,45.979330513001,
    26.611374738945));
#2127 = CARTESIAN_POINT('',(4.549952649189,45.981628586107,
    26.611370342942));
#2128 = CARTESIAN_POINT('',(4.549958533618,45.982777626733,
    26.611368295875));
#2129 = CARTESIAN_POINT('',(4.549963984138,45.983926668774,
    26.611366399749));
#2130 = CARTESIAN_POINT('',(4.549969000749,45.985075712104,
    26.611364654566));
#2131 = CARTESIAN_POINT('',(4.549973583452,45.986224756594,
    26.611363060327));
#2132 = CARTESIAN_POINT('',(4.549977732247,45.987373802119,
    26.611361617034));
#2133 = CARTESIAN_POINT('',(4.549986747955,45.990162437922,
    26.61135848062));
#2134 = CARTESIAN_POINT('',(4.549991165304,45.99180202914,
    26.611356943892));
#2135 = CARTESIAN_POINT('',(4.549994699183,45.993441621834,
    26.611355714508));
#2136 = CARTESIAN_POINT('',(4.549997349592,45.995081215637,
    26.611354792467));
#2137 = CARTESIAN_POINT('',(4.549999116531,45.996720810179,
    26.611354177773));
#2138 = CARTESIAN_POINT('',(4.55,45.998360405089,26.611353870426));
#2139 = CARTESIAN_POINT('',(4.55,46.,26.611353870426));
#2140 = ORIENTED_EDGE('',*,*,#2141,.T.);
#2141 = EDGE_CURVE('',#2093,#1285,#2142,.T.);
#2142 = B_SPLINE_CURVE_WITH_KNOTS('',7,(#2143,#2144,#2145,#2146,#2147,
    #2148,#2149,#2150,#2151,#2152,#2153,#2154,#2155,#2156,#2157,#2158,
    #2159,#2160,#2161,#2162),.UNSPECIFIED.,.F.,.F.,(8,6,6,8),(0.,
    0.664960660444,0.803541337055,1.),.UNSPECIFIED.);
#2143 = CARTESIAN_POINT('',(4.55,46.,26.611353870426));
#2144 = CARTESIAN_POINT('',(4.55,46.373505956741,26.611353870426));
#2145 = CARTESIAN_POINT('',(4.50415268456,46.745640177808,
    26.627304017968));
#2146 = CARTESIAN_POINT('',(4.413064780658,47.113253953908,
    26.658989555242));
#2147 = CARTESIAN_POINT('',(4.275924428843,47.473068710132,
    26.704461460243));
#2148 = CARTESIAN_POINT('',(4.090913229563,47.820753580582,
    26.75998743523));
#2149 = CARTESIAN_POINT('',(3.855379824718,48.150389244591,
    26.819771905121));
#2150 = CARTESIAN_POINT('',(3.506252105803,48.515709702209,
    26.886623918059));
#2151 = CARTESIAN_POINT('',(3.44368638032,48.577564667108,
    26.897966422308));
#2152 = CARTESIAN_POINT('',(3.378736898335,48.638182405632,
    26.909042312471));
#2153 = CARTESIAN_POINT('',(3.31137617311,48.697466276232,26.91976560239
    ));
#2154 = CARTESIAN_POINT('',(3.241578775599,48.755311137162,
    26.930043817948));
#2155 = CARTESIAN_POINT('',(3.169321439598,48.811603343576,
    26.939777836296));
#2156 = CARTESIAN_POINT('',(2.988630580355,48.943649011338,
    26.961739484716));
#2157 = CARTESIAN_POINT('',(2.877557646147,49.017809509452,
    26.973327012097));
#2158 = CARTESIAN_POINT('',(2.761463086312,49.088205731033,
    26.983294336391));
#2159 = CARTESIAN_POINT('',(2.640479645708,49.154354907406,
    26.991297106626));
#2160 = CARTESIAN_POINT('',(2.514772481049,49.215785674768,
    26.996983311635));
#2161 = CARTESIAN_POINT('',(2.384537549955,49.272035739782,27.));
#2162 = CARTESIAN_POINT('',(2.25,49.322649545167,27.));
#2163 = ORIENTED_EDGE('',*,*,#1293,.T.);
#2164 = ORIENTED_EDGE('',*,*,#1421,.T.);
#2165 = ORIENTED_EDGE('',*,*,#1399,.T.);
#2166 = ORIENTED_EDGE('',*,*,#1465,.F.);
#2167 = CYLINDRICAL_SURFACE('',#2168,7.);
#2168 = AXIS2_PLACEMENT_3D('',#2169,#2170,#2171);
#2169 = CARTESIAN_POINT('',(2.25,30.,20.));
#2170 = DIRECTION('',(0.,1.,0.));
#2171 = DIRECTION('',(1.,0.,0.));
#2172 = ADVANCED_FACE('',(#2173),#2231,.T.);
#2173 = FACE_BOUND('',#2174,.T.);
#2174 = EDGE_LOOP('',(#2175,#2176,#2177,#2178));
#2175 = ORIENTED_EDGE('',*,*,#1611,.F.);
#2176 = ORIENTED_EDGE('',*,*,#670,.T.);
#2177 = ORIENTED_EDGE('',*,*,#2025,.T.);
#2178 = ORIENTED_EDGE('',*,*,#2179,.T.);
#2179 = EDGE_CURVE('',#2026,#1581,#2180,.T.);
#2180 = B_SPLINE_CURVE_WITH_KNOTS('',7,(#2181,#2182,#2183,#2184,#2185,
    #2186,#2187,#2188,#2189,#2190,#2191,#2192,#2193,#2194,#2195,#2196,
    #2197,#2198,#2199,#2200,#2201,#2202,#2203,#2204,#2205,#2206,#2207,
    #2208,#2209,#2210,#2211,#2212,#2213,#2214,#2215,#2216,#2217,#2218,
    #2219,#2220,#2221,#2222,#2223,#2224,#2225,#2226,#2227,#2228,#2229,
    #2230),.UNSPECIFIED.,.F.,.F.,(8,6,6,6,6,6,6,6,8),(0.,0.187450578628,
    0.458870131797,0.602433188908,0.727310440206,0.849153349148,
    0.918798057548,0.982034075671,1.),.UNSPECIFIED.);
#2181 = CARTESIAN_POINT('',(5.980085331882,30.64222744636,
    25.923382766227));
#2182 = CARTESIAN_POINT('',(5.917590327051,30.563237449243,
    25.963481786079));
#2183 = CARTESIAN_POINT('',(5.851337732274,30.484518253616,
    26.00076416866));
#2184 = CARTESIAN_POINT('',(5.781839536015,30.407095488434,
    26.03647268085));
#2185 = CARTESIAN_POINT('',(5.709389671746,30.331429427797,
    26.071068896312));
#2186 = CARTESIAN_POINT('',(5.6342196116,30.2578467092,26.10487488703));
#2187 = CARTESIAN_POINT('',(5.556476750909,30.186529861594,
    26.138043083265));
#2188 = CARTESIAN_POINT('',(5.360076793249,30.017803984465,
    26.217910968976));
#2189 = CARTESIAN_POINT('',(5.238783104801,29.92309527827,
    26.263978317926));
#2190 = CARTESIAN_POINT('',(5.112740818373,29.833927021025,
    26.309109577585));
#2191 = CARTESIAN_POINT('',(4.982247402325,29.750584228516,
    26.353150045044));
#2192 = CARTESIAN_POINT('',(4.847602939456,29.673348961095,
    26.395845986888));
#2193 = CARTESIAN_POINT('',(4.709119713223,29.602468776062,
    26.436759133816));
#2194 = CARTESIAN_POINT('',(4.491954269436,29.50416343211,
    26.495702309557));
#2195 = CARTESIAN_POINT('',(4.415836040172,29.47199852111,
    26.515431979737));
#2196 = CARTESIAN_POINT('',(4.338781795588,29.44171620858,
    26.534411031618));
#2197 = CARTESIAN_POINT('',(4.260851300948,29.413354229951,
    26.552540957283));
#2198 = CARTESIAN_POINT('',(4.182103165755,29.386947054238,
    26.569713992688));
#2199 = CARTESIAN_POINT('',(4.102595657594,29.362526033881,
    26.585835518284));
#2200 = CARTESIAN_POINT('',(3.952633674224,29.320633810494,
    26.613944883588));
#2201 = CARTESIAN_POINT('',(3.882344136066,29.302670711024,
    26.626198258354));
#2202 = CARTESIAN_POINT('',(3.811574174023,29.286253924302,
    26.637603596329));
#2203 = CARTESIAN_POINT('',(3.740357908195,29.271398674383,
    26.648169515775));
#2204 = CARTESIAN_POINT('',(3.66872677844,29.258119795474,
    26.657959736667));
#2205 = CARTESIAN_POINT('',(3.596718041828,29.24643345766,
    26.667083932104));
#2206 = CARTESIAN_POINT('',(3.453801862325,29.226521233561,
    26.684023742085));
#2207 = CARTESIAN_POINT('',(3.382908685857,29.218217962554,
    26.691865986322));
#2208 = CARTESIAN_POINT('',(3.311739547184,29.211458317885,
    26.699294144137));
#2209 = CARTESIAN_POINT('',(3.240345055485,29.206256120081,
    26.706425076608));
#2210 = CARTESIAN_POINT('',(3.168786496394,29.202622875557,
    26.713357192459));
#2211 = CARTESIAN_POINT('',(3.097133879151,29.200565593101,
    26.720154754519));
#2212 = CARTESIAN_POINT('',(2.984497901615,29.199810796658,
    26.730665020969));
#2213 = CARTESIAN_POINT('',(2.943526760307,29.200051532378,
    26.734451808533));
#2214 = CARTESIAN_POINT('',(2.902565102258,29.200807643668,
    26.738206572326));
#2215 = CARTESIAN_POINT('',(2.861628541866,29.202078712892,
    26.741929805798));
#2216 = CARTESIAN_POINT('',(2.820734521823,29.203863481593,
    26.74561616856));
#2217 = CARTESIAN_POINT('',(2.779903057175,29.206159545066,26.749251968)
  );
#2218 = CARTESIAN_POINT('',(2.70216130042,29.211508571214,
    26.756045661479));
#2219 = CARTESIAN_POINT('',(2.665242088611,29.214472012882,
    26.759216117733));
#2220 = CARTESIAN_POINT('',(2.62841074302,29.217850607103,
    26.762304702468));
#2221 = CARTESIAN_POINT('',(2.591686635289,29.22164072835,
    26.765285761022));
#2222 = CARTESIAN_POINT('',(2.555103155267,29.225835846349,
    26.768110436006));
#2223 = CARTESIAN_POINT('',(2.518703443599,29.230426524254,
    26.770721318846));
#2224 = CARTESIAN_POINT('',(2.472299400295,29.236804618747,
    26.773604204166));
#2225 = CARTESIAN_POINT('',(2.462054300707,29.238246061001,
    26.774212483022));
#2226 = CARTESIAN_POINT('',(2.451832929822,29.239717321785,
    26.774787606754));
#2227 = CARTESIAN_POINT('',(2.441637820172,29.241217818378,
    26.775325454372));
#2228 = CARTESIAN_POINT('',(2.431472260144,29.242746805882,
    26.775820955047));
#2229 = CARTESIAN_POINT('',(2.421340454126,29.244303327028,
    26.776267663478));
#2230 = CARTESIAN_POINT('',(2.411247682655,29.245886161979,
    26.776657335247));
#2231 = B_SPLINE_SURFACE_WITH_KNOTS('',8,8,(
    (#2232,#2233,#2234,#2235,#2236,#2237,#2238,#2239,#2240)
    ,(#2241,#2242,#2243,#2244,#2245,#2246,#2247,#2248,#2249)
    ,(#2250,#2251,#2252,#2253,#2254,#2255,#2256,#2257,#2258)
    ,(#2259,#2260,#2261,#2262,#2263,#2264,#2265,#2266,#2267)
    ,(#2268,#2269,#2270,#2271,#2272,#2273,#2274,#2275,#2276)
    ,(#2277,#2278,#2279,#2280,#2281,#2282,#2283,#2284,#2285)
    ,(#2286,#2287,#2288,#2289,#2290,#2291,#2292,#2293,#2294)
    ,(#2295,#2296,#2297,#2298,#2299,#2300,#2301,#2302,#2303)
    ,(#2304,#2305,#2306,#2307,#2308,#2309,#2310,#2311,#2312
  )),.UNSPECIFIED.,.F.,.F.,.F.,(9,9),(9,9),(0.,1.),(0.,1.),
  .PIECEWISE_BEZIER_KNOTS.);
#2232 = CARTESIAN_POINT('',(3.25,24.,20.));
#2233 = CARTESIAN_POINT('',(3.125,24.,21.374446785946));
#2234 = CARTESIAN_POINT('',(3.,24.308425522728,22.74889400453));
#2235 = CARTESIAN_POINT('',(2.875,24.9252735389,24.042592640345));
#2236 = CARTESIAN_POINT('',(2.75,25.825188709541,25.17481129046));
#2237 = CARTESIAN_POINT('',(2.625,26.957407359654,26.074726461099));
#2238 = CARTESIAN_POINT('',(2.5,28.251105995471,26.691574477272));
#2239 = CARTESIAN_POINT('',(2.375,29.625553214054,27.));
#2240 = CARTESIAN_POINT('',(2.25,31.,27.));
#2241 = CARTESIAN_POINT('',(4.42809720324,24.,20.));
#2242 = CARTESIAN_POINT('',(4.265210052835,23.987728154133,
    21.374446785946));
#2243 = CARTESIAN_POINT('',(4.063769712089,24.291131582045,
    22.797853156332));
#2244 = CARTESIAN_POINT('',(3.823776559663,24.945073138139,
    24.160124632455));
#2245 = CARTESIAN_POINT('',(3.548400012927,25.930779718609,
    25.314885305513));
#2246 = CARTESIAN_POINT('',(3.243985531258,27.104621003044,
    26.157722606615));
#2247 = CARTESIAN_POINT('',(2.919386051376,28.372287498619,
    26.719795679087));
#2248 = CARTESIAN_POINT('',(2.584692998648,29.687984062298,27.));
#2249 = CARTESIAN_POINT('',(2.25,31.,27.));
#2250 = CARTESIAN_POINT('',(5.606194965103,24.264364709031,20.));
#2251 = CARTESIAN_POINT('',(5.462065467076,24.215841981935,
    21.374446785945));
#2252 = CARTESIAN_POINT('',(5.390246069818,24.686521643184,
    22.832823979048));
#2253 = CARTESIAN_POINT('',(5.070760109415,25.378633124292,
    24.244076055391));
#2254 = CARTESIAN_POINT('',(4.615977759729,26.383599017732,
    25.414938173406));
#2255 = CARTESIAN_POINT('',(4.074222317433,27.518428882721,
    26.217005567697));
#2256 = CARTESIAN_POINT('',(3.482591102567,28.683486201388,
    26.739953680384));
#2257 = CARTESIAN_POINT('',(2.969085737914,29.967189551274,27.));
#2258 = CARTESIAN_POINT('',(2.25,31.,27.));
#2259 = CARTESIAN_POINT('',(6.715079267155,24.793091691205,20.));
#2260 = CARTESIAN_POINT('',(6.643761164526,24.730129259403,
    21.374446785946));
#2261 = CARTESIAN_POINT('',(6.483699270428,25.119890692648,
    22.853806472678));
#2262 = CARTESIAN_POINT('',(6.041974538851,25.764350728401,
    24.294446909154));
#2263 = CARTESIAN_POINT('',(5.3938632129,26.71467525256,25.474969894143)
  );
#2264 = CARTESIAN_POINT('',(4.641252187067,27.784885221861,
    26.252575344347));
#2265 = CARTESIAN_POINT('',(3.847575293835,28.873788360147,
    26.752048481162));
#2266 = CARTESIAN_POINT('',(3.098510508339,30.033501971526,27.));
#2267 = CARTESIAN_POINT('',(2.25,31.,27.));
#2268 = CARTESIAN_POINT('',(7.685552669888,25.564447330111,
    19.999999999999));
#2269 = CARTESIAN_POINT('',(7.704598583951,25.545401416048,
    21.374446785945));
#2270 = CARTESIAN_POINT('',(7.431470524044,25.818529475955,
    22.86080063722));
#2271 = CARTESIAN_POINT('',(6.875588670002,26.374411329998,
    24.31123719374));
#2272 = CARTESIAN_POINT('',(6.05041735167,27.199582648329,
    25.494980467721));
#2273 = CARTESIAN_POINT('',(5.110555176,28.139444824,26.264431936564));
#2274 = CARTESIAN_POINT('',(4.144204180449,29.105795819551,
    26.756080081421));
#2275 = CARTESIAN_POINT('',(3.168022993436,30.081977006564,27.));
#2276 = CARTESIAN_POINT('',(2.25,31.,27.));
#2277 = CARTESIAN_POINT('',(8.456908308795,26.534920732846,20.));
#2278 = CARTESIAN_POINT('',(8.519870740598,26.606238835476,
    21.374446785946));
#2279 = CARTESIAN_POINT('',(8.130109307353,26.766300729573,
    22.853806472678));
#2280 = CARTESIAN_POINT('',(7.485649271599,27.20802546115,
    24.294446909154));
#2281 = CARTESIAN_POINT('',(6.53532474744,27.856136787101,
    25.474969894143));
#2282 = CARTESIAN_POINT('',(5.465114778139,28.608747812934,
    26.252575344348));
#2283 = CARTESIAN_POINT('',(4.376211639854,29.402424706165,
    26.752048481162));
#2284 = CARTESIAN_POINT('',(3.216498028474,30.151489491661,27.));
#2285 = CARTESIAN_POINT('',(2.25,31.,27.));
#2286 = CARTESIAN_POINT('',(8.985635290969,27.643805034896,20.));
#2287 = CARTESIAN_POINT('',(9.034158018065,27.787934532923,
    21.374446785945));
#2288 = CARTESIAN_POINT('',(8.563478356816,27.859753930181,
    22.832823979048));
#2289 = CARTESIAN_POINT('',(7.871366875708,28.179239890585,
    24.244076055392));
#2290 = CARTESIAN_POINT('',(6.866400982268,28.63402224027,
    25.414938173405));
#2291 = CARTESIAN_POINT('',(5.731571117279,29.175777682567,
    26.217005567698));
#2292 = CARTESIAN_POINT('',(4.566513798612,29.767408897432,
    26.739953680383));
#2293 = CARTESIAN_POINT('',(3.282810448726,30.280914262086,27.));
#2294 = CARTESIAN_POINT('',(2.25,31.,27.));
#2295 = CARTESIAN_POINT('',(9.25,28.82190279676,20.));
#2296 = CARTESIAN_POINT('',(9.262271845867,28.984789947165,
    21.374446785946));
#2297 = CARTESIAN_POINT('',(8.958868417955,29.186230287911,
    22.797853156332));
#2298 = CARTESIAN_POINT('',(8.304926861861,29.426223440338,
    24.160124632456));
#2299 = CARTESIAN_POINT('',(7.319220281391,29.701599987072,
    25.314885305511));
#2300 = CARTESIAN_POINT('',(6.145378996956,30.006014468742,
    26.157722606616));
#2301 = CARTESIAN_POINT('',(4.877712501381,30.330613948624,
    26.719795679086));
#2302 = CARTESIAN_POINT('',(3.562015937702,30.665307001352,27.));
#2303 = CARTESIAN_POINT('',(2.25,31.,27.));
#2304 = CARTESIAN_POINT('',(9.25,30.,20.));
#2305 = CARTESIAN_POINT('',(9.25,30.125,21.374446785946));
#2306 = CARTESIAN_POINT('',(8.941574477272,30.25,22.748894004529));
#2307 = CARTESIAN_POINT('',(8.3247264611,30.375,24.042592640346));
#2308 = CARTESIAN_POINT('',(7.424811290459,30.5,25.174811290458));
#2309 = CARTESIAN_POINT('',(6.292592640346,30.625,26.074726461101));
#2310 = CARTESIAN_POINT('',(4.998894004529,30.75,26.691574477271));
#2311 = CARTESIAN_POINT('',(3.624446785946,30.875,27.));
#2312 = CARTESIAN_POINT('',(2.25,31.,27.));
#2313 = ADVANCED_FACE('',(#2314),#2317,.F.);
#2314 = FACE_BOUND('',#2315,.T.);
#2315 = EDGE_LOOP('',(#2316));
#2316 = ORIENTED_EDGE('',*,*,#700,.F.);
#2317 = PLANE('',#2318);
#2318 = AXIS2_PLACEMENT_3D('',#2319,#2320,#2321);
#2319 = CARTESIAN_POINT('',(1.,46.,20.9));
#2320 = DIRECTION('',(0.,0.,1.));
#2321 = DIRECTION('',(1.,0.,0.));
#2322 = ADVANCED_FACE('',(#2323),#2326,.F.);
#2323 = FACE_BOUND('',#2324,.T.);
#2324 = EDGE_LOOP('',(#2325));
#2325 = ORIENTED_EDGE('',*,*,#725,.F.);
#2326 = PLANE('',#2327);
#2327 = AXIS2_PLACEMENT_3D('',#2328,#2329,#2330);
#2328 = CARTESIAN_POINT('',(-36.,46.,20.9));
#2329 = DIRECTION('',(0.,0.,1.));
#2330 = DIRECTION('',(1.,0.,0.));
#2331 = ADVANCED_FACE('',(#2332,#2343),#2346,.T.);
#2332 = FACE_BOUND('',#2333,.T.);
#2333 = EDGE_LOOP('',(#2334));
#2334 = ORIENTED_EDGE('',*,*,#2335,.T.);
#2335 = EDGE_CURVE('',#2336,#2336,#2338,.T.);
#2336 = VERTEX_POINT('',#2337);
#2337 = CARTESIAN_POINT('',(5.3,33.,17.));
#2338 = CIRCLE('',#2339,2.3);
#2339 = AXIS2_PLACEMENT_3D('',#2340,#2341,#2342);
#2340 = CARTESIAN_POINT('',(3.,33.,17.));
#2341 = DIRECTION('',(0.,0.,1.));
#2342 = DIRECTION('',(1.,0.,0.));
#2343 = FACE_BOUND('',#2344,.T.);
#2344 = EDGE_LOOP('',(#2345));
#2345 = ORIENTED_EDGE('',*,*,#751,.T.);
#2346 = PLANE('',#2347);
#2347 = AXIS2_PLACEMENT_3D('',#2348,#2349,#2350);
#2348 = CARTESIAN_POINT('',(3.,33.,17.));
#2349 = DIRECTION('',(0.,0.,1.));
#2350 = DIRECTION('',(1.,0.,0.));
#2351 = ADVANCED_FACE('',(#2352,#2363),#2366,.T.);
#2352 = FACE_BOUND('',#2353,.T.);
#2353 = EDGE_LOOP('',(#2354));
#2354 = ORIENTED_EDGE('',*,*,#2355,.T.);
#2355 = EDGE_CURVE('',#2356,#2356,#2358,.T.);
#2356 = VERTEX_POINT('',#2357);
#2357 = CARTESIAN_POINT('',(5.3,59.,17.));
#2358 = CIRCLE('',#2359,2.3);
#2359 = AXIS2_PLACEMENT_3D('',#2360,#2361,#2362);
#2360 = CARTESIAN_POINT('',(3.,59.,17.));
#2361 = DIRECTION('',(0.,0.,1.));
#2362 = DIRECTION('',(1.,0.,0.));
#2363 = FACE_BOUND('',#2364,.T.);
#2364 = EDGE_LOOP('',(#2365));
#2365 = ORIENTED_EDGE('',*,*,#776,.T.);
#2366 = PLANE('',#2367);
#2367 = AXIS2_PLACEMENT_3D('',#2368,#2369,#2370);
#2368 = CARTESIAN_POINT('',(3.,59.,17.));
#2369 = DIRECTION('',(0.,0.,1.));
#2370 = DIRECTION('',(1.,0.,0.));
#2371 = ADVANCED_FACE('',(#2372),#2376,.T.);
#2372 = FACE_BOUND('',#2373,.F.);
#2373 = EDGE_LOOP('',(#2374,#2375));
#2374 = ORIENTED_EDGE('',*,*,#1959,.F.);
#2375 = ORIENTED_EDGE('',*,*,#915,.T.);
#2376 = CYLINDRICAL_SURFACE('',#2377,3.55);
#2377 = AXIS2_PLACEMENT_3D('',#2378,#2379,#2380);
#2378 = CARTESIAN_POINT('',(-36.,46.,13.));
#2379 = DIRECTION('',(-0.,-0.,-1.));
#2380 = DIRECTION('',(1.,0.,0.));
#2381 = ADVANCED_FACE('',(#2382),#2420,.T.);
#2382 = FACE_BOUND('',#2383,.T.);
#2383 = EDGE_LOOP('',(#2384,#2385,#2391,#2392,#2393,#2394,#2395,#2403,
    #2411,#2417,#2418,#2419));
#2384 = ORIENTED_EDGE('',*,*,#1199,.F.);
#2385 = ORIENTED_EDGE('',*,*,#2386,.F.);
#2386 = EDGE_CURVE('',#939,#1200,#2387,.T.);
#2387 = LINE('',#2388,#2389);
#2388 = CARTESIAN_POINT('',(-34.,29.,21.5));
#2389 = VECTOR('',#2390,1.);
#2390 = DIRECTION('',(1.,0.,0.));
#2391 = ORIENTED_EDGE('',*,*,#938,.T.);
#2392 = ORIENTED_EDGE('',*,*,#1748,.T.);
#2393 = ORIENTED_EDGE('',*,*,#1720,.F.);
#2394 = ORIENTED_EDGE('',*,*,#1696,.F.);
#2395 = ORIENTED_EDGE('',*,*,#2396,.T.);
#2396 = EDGE_CURVE('',#1689,#2397,#2399,.T.);
#2397 = VERTEX_POINT('',#2398);
#2398 = CARTESIAN_POINT('',(-27.75,29.,31.));
#2399 = LINE('',#2400,#2401);
#2400 = CARTESIAN_POINT('',(-27.75,29.,13.75));
#2401 = VECTOR('',#2402,1.);
#2402 = DIRECTION('',(0.,0.,1.));
#2403 = ORIENTED_EDGE('',*,*,#2404,.T.);
#2404 = EDGE_CURVE('',#2397,#2405,#2407,.T.);
#2405 = VERTEX_POINT('',#2406);
#2406 = CARTESIAN_POINT('',(-7.75,29.,31.));
#2407 = LINE('',#2408,#2409);
#2408 = CARTESIAN_POINT('',(-34.,29.,31.));
#2409 = VECTOR('',#2410,1.);
#2410 = DIRECTION('',(1.,0.,0.));
#2411 = ORIENTED_EDGE('',*,*,#2412,.F.);
#2412 = EDGE_CURVE('',#1665,#2405,#2413,.T.);
#2413 = LINE('',#2414,#2415);
#2414 = CARTESIAN_POINT('',(-7.75,29.,13.75));
#2415 = VECTOR('',#2416,1.);
#2416 = DIRECTION('',(0.,0.,1.));
#2417 = ORIENTED_EDGE('',*,*,#1664,.F.);
#2418 = ORIENTED_EDGE('',*,*,#1632,.T.);
#2419 = ORIENTED_EDGE('',*,*,#1572,.T.);
#2420 = PLANE('',#2421);
#2421 = AXIS2_PLACEMENT_3D('',#2422,#2423,#2424);
#2422 = CARTESIAN_POINT('',(-34.,29.,21.5));
#2423 = DIRECTION('',(0.,1.,0.));
#2424 = DIRECTION('',(0.,0.,1.));
#2425 = ADVANCED_FACE('',(#2426),#2432,.T.);
#2426 = FACE_BOUND('',#2427,.T.);
#2427 = EDGE_LOOP('',(#2428,#2429,#2430,#2431));
#2428 = ORIENTED_EDGE('',*,*,#948,.F.);
#2429 = ORIENTED_EDGE('',*,*,#2386,.T.);
#2430 = ORIENTED_EDGE('',*,*,#1209,.T.);
#2431 = ORIENTED_EDGE('',*,*,#979,.F.);
#2432 = PLANE('',#2433);
#2433 = AXIS2_PLACEMENT_3D('',#2434,#2435,#2436);
#2434 = CARTESIAN_POINT('',(-34.,29.,21.5));
#2435 = DIRECTION('',(0.,0.,1.));
#2436 = DIRECTION('',(1.,0.,0.));
#2437 = ADVANCED_FACE('',(#2438),#2446,.T.);
#2438 = FACE_BOUND('',#2439,.F.);
#2439 = EDGE_LOOP('',(#2440,#2441,#2442,#2443,#2444,#2445));
#2440 = ORIENTED_EDGE('',*,*,#1185,.F.);
#2441 = ORIENTED_EDGE('',*,*,#1102,.T.);
#2442 = ORIENTED_EDGE('',*,*,#1111,.T.);
#2443 = ORIENTED_EDGE('',*,*,#1079,.T.);
#2444 = ORIENTED_EDGE('',*,*,#1004,.F.);
#2445 = ORIENTED_EDGE('',*,*,#1013,.F.);
#2446 = CYLINDRICAL_SURFACE('',#2447,12.);
#2447 = AXIS2_PLACEMENT_3D('',#2448,#2449,#2450);
#2448 = CARTESIAN_POINT('',(-17.75,62.,38.5));
#2449 = DIRECTION('',(-0.,-1.,0.));
#2450 = DIRECTION('',(1.,0.,0.));
#2451 = ADVANCED_FACE('',(#2452),#2473,.F.);
#2452 = FACE_BOUND('',#2453,.T.);
#2453 = EDGE_LOOP('',(#2454,#2455,#2463,#2470,#2471,#2472));
#2454 = ORIENTED_EDGE('',*,*,#1054,.F.);
#2455 = ORIENTED_EDGE('',*,*,#2456,.T.);
#2456 = EDGE_CURVE('',#1046,#2457,#2459,.T.);
#2457 = VERTEX_POINT('',#2458);
#2458 = CARTESIAN_POINT('',(-9.55,62.6,38.5));
#2459 = LINE('',#2460,#2461);
#2460 = CARTESIAN_POINT('',(-9.55,62.,38.5));
#2461 = VECTOR('',#2462,1.);
#2462 = DIRECTION('',(0.,1.,0.));
#2463 = ORIENTED_EDGE('',*,*,#2464,.T.);
#2464 = EDGE_CURVE('',#2457,#2457,#2465,.T.);
#2465 = CIRCLE('',#2466,8.2);
#2466 = AXIS2_PLACEMENT_3D('',#2467,#2468,#2469);
#2467 = CARTESIAN_POINT('',(-17.75,62.6,38.5));
#2468 = DIRECTION('',(-0.,1.,0.));
#2469 = DIRECTION('',(1.,0.,0.));
#2470 = ORIENTED_EDGE('',*,*,#2456,.F.);
#2471 = ORIENTED_EDGE('',*,*,#1045,.F.);
#2472 = ORIENTED_EDGE('',*,*,#1034,.F.);
#2473 = CYLINDRICAL_SURFACE('',#2474,8.2);
#2474 = AXIS2_PLACEMENT_3D('',#2475,#2476,#2477);
#2475 = CARTESIAN_POINT('',(-17.75,62.,38.5));
#2476 = DIRECTION('',(-0.,-1.,0.));
#2477 = DIRECTION('',(1.,0.,0.));
#2478 = ADVANCED_FACE('',(#2479),#2498,.F.);
#2479 = FACE_BOUND('',#2480,.T.);
#2480 = EDGE_LOOP('',(#2481,#2490,#2496,#2497));
#2481 = ORIENTED_EDGE('',*,*,#2482,.T.);
#2482 = EDGE_CURVE('',#2483,#2483,#2485,.T.);
#2483 = VERTEX_POINT('',#2484);
#2484 = CARTESIAN_POINT('',(-21.14264068711,62.6,42.742640687119));
#2485 = CIRCLE('',#2486,0.85);
#2486 = AXIS2_PLACEMENT_3D('',#2487,#2488,#2489);
#2487 = CARTESIAN_POINT('',(-21.99264068711,62.6,42.742640687119));
#2488 = DIRECTION('',(0.,-1.,0.));
#2489 = DIRECTION('',(1.,0.,0.));
#2490 = ORIENTED_EDGE('',*,*,#2491,.T.);
#2491 = EDGE_CURVE('',#2483,#1122,#2492,.T.);
#2492 = LINE('',#2493,#2494);
#2493 = CARTESIAN_POINT('',(-21.14264068711,62.,42.742640687119));
#2494 = VECTOR('',#2495,1.);
#2495 = DIRECTION('',(0.,1.,0.));
#2496 = ORIENTED_EDGE('',*,*,#1121,.T.);
#2497 = ORIENTED_EDGE('',*,*,#2491,.F.);
#2498 = CYLINDRICAL_SURFACE('',#2499,0.85);
#2499 = AXIS2_PLACEMENT_3D('',#2500,#2501,#2502);
#2500 = CARTESIAN_POINT('',(-21.99264068711,62.,42.742640687119));
#2501 = DIRECTION('',(-0.,-1.,0.));
#2502 = DIRECTION('',(1.,0.,0.));
#2503 = ADVANCED_FACE('',(#2504),#2523,.F.);
#2504 = FACE_BOUND('',#2505,.T.);
#2505 = EDGE_LOOP('',(#2506,#2515,#2521,#2522));
#2506 = ORIENTED_EDGE('',*,*,#2507,.T.);
#2507 = EDGE_CURVE('',#2508,#2508,#2510,.T.);
#2508 = VERTEX_POINT('',#2509);
#2509 = CARTESIAN_POINT('',(-12.65735931288,62.6,42.742640687119));
#2510 = CIRCLE('',#2511,0.85);
#2511 = AXIS2_PLACEMENT_3D('',#2512,#2513,#2514);
#2512 = CARTESIAN_POINT('',(-13.50735931288,62.6,42.742640687119));
#2513 = DIRECTION('',(0.,-1.,0.));
#2514 = DIRECTION('',(1.,0.,0.));
#2515 = ORIENTED_EDGE('',*,*,#2516,.T.);
#2516 = EDGE_CURVE('',#2508,#1133,#2517,.T.);
#2517 = LINE('',#2518,#2519);
#2518 = CARTESIAN_POINT('',(-12.65735931288,62.,42.742640687119));
#2519 = VECTOR('',#2520,1.);
#2520 = DIRECTION('',(0.,1.,0.));
#2521 = ORIENTED_EDGE('',*,*,#1132,.T.);
#2522 = ORIENTED_EDGE('',*,*,#2516,.F.);
#2523 = CYLINDRICAL_SURFACE('',#2524,0.85);
#2524 = AXIS2_PLACEMENT_3D('',#2525,#2526,#2527);
#2525 = CARTESIAN_POINT('',(-13.50735931288,62.,42.742640687119));
#2526 = DIRECTION('',(-0.,-1.,0.));
#2527 = DIRECTION('',(1.,0.,0.));
#2528 = ADVANCED_FACE('',(#2529),#2548,.F.);
#2529 = FACE_BOUND('',#2530,.T.);
#2530 = EDGE_LOOP('',(#2531,#2540,#2546,#2547));
#2531 = ORIENTED_EDGE('',*,*,#2532,.T.);
#2532 = EDGE_CURVE('',#2533,#2533,#2535,.T.);
#2533 = VERTEX_POINT('',#2534);
#2534 = CARTESIAN_POINT('',(-13.75,62.6,38.5));
#2535 = CIRCLE('',#2536,4.);
#2536 = AXIS2_PLACEMENT_3D('',#2537,#2538,#2539);
#2537 = CARTESIAN_POINT('',(-17.75,62.6,38.5));
#2538 = DIRECTION('',(0.,-1.,0.));
#2539 = DIRECTION('',(1.,0.,0.));
#2540 = ORIENTED_EDGE('',*,*,#2541,.T.);
#2541 = EDGE_CURVE('',#2533,#1144,#2542,.T.);
#2542 = LINE('',#2543,#2544);
#2543 = CARTESIAN_POINT('',(-13.75,62.,38.5));
#2544 = VECTOR('',#2545,1.);
#2545 = DIRECTION('',(0.,1.,0.));
#2546 = ORIENTED_EDGE('',*,*,#1143,.T.);
#2547 = ORIENTED_EDGE('',*,*,#2541,.F.);
#2548 = CYLINDRICAL_SURFACE('',#2549,4.);
#2549 = AXIS2_PLACEMENT_3D('',#2550,#2551,#2552);
#2550 = CARTESIAN_POINT('',(-17.75,62.,38.5));
#2551 = DIRECTION('',(-0.,-1.,0.));
#2552 = DIRECTION('',(1.,0.,0.));
#2553 = ADVANCED_FACE('',(#2554),#2573,.F.);
#2554 = FACE_BOUND('',#2555,.T.);
#2555 = EDGE_LOOP('',(#2556,#2565,#2571,#2572));
#2556 = ORIENTED_EDGE('',*,*,#2557,.T.);
#2557 = EDGE_CURVE('',#2558,#2558,#2560,.T.);
#2558 = VERTEX_POINT('',#2559);
#2559 = CARTESIAN_POINT('',(-21.14264068711,62.6,34.257359312881));
#2560 = CIRCLE('',#2561,0.85);
#2561 = AXIS2_PLACEMENT_3D('',#2562,#2563,#2564);
#2562 = CARTESIAN_POINT('',(-21.99264068711,62.6,34.257359312881));
#2563 = DIRECTION('',(0.,-1.,0.));
#2564 = DIRECTION('',(1.,0.,0.));
#2565 = ORIENTED_EDGE('',*,*,#2566,.T.);
#2566 = EDGE_CURVE('',#2558,#1155,#2567,.T.);
#2567 = LINE('',#2568,#2569);
#2568 = CARTESIAN_POINT('',(-21.14264068711,62.,34.257359312881));
#2569 = VECTOR('',#2570,1.);
#2570 = DIRECTION('',(0.,1.,0.));
#2571 = ORIENTED_EDGE('',*,*,#1154,.T.);
#2572 = ORIENTED_EDGE('',*,*,#2566,.F.);
#2573 = CYLINDRICAL_SURFACE('',#2574,0.85);
#2574 = AXIS2_PLACEMENT_3D('',#2575,#2576,#2577);
#2575 = CARTESIAN_POINT('',(-21.99264068711,62.,34.257359312881));
#2576 = DIRECTION('',(-0.,-1.,0.));
#2577 = DIRECTION('',(1.,0.,0.));
#2578 = ADVANCED_FACE('',(#2579),#2598,.F.);
#2579 = FACE_BOUND('',#2580,.T.);
#2580 = EDGE_LOOP('',(#2581,#2590,#2596,#2597));
#2581 = ORIENTED_EDGE('',*,*,#2582,.T.);
#2582 = EDGE_CURVE('',#2583,#2583,#2585,.T.);
#2583 = VERTEX_POINT('',#2584);
#2584 = CARTESIAN_POINT('',(-12.65735931288,62.6,34.257359312881));
#2585 = CIRCLE('',#2586,0.85);
#2586 = AXIS2_PLACEMENT_3D('',#2587,#2588,#2589);
#2587 = CARTESIAN_POINT('',(-13.50735931288,62.6,34.257359312881));
#2588 = DIRECTION('',(0.,-1.,0.));
#2589 = DIRECTION('',(1.,0.,0.));
#2590 = ORIENTED_EDGE('',*,*,#2591,.T.);
#2591 = EDGE_CURVE('',#2583,#1166,#2592,.T.);
#2592 = LINE('',#2593,#2594);
#2593 = CARTESIAN_POINT('',(-12.65735931288,62.,34.257359312881));
#2594 = VECTOR('',#2595,1.);
#2595 = DIRECTION('',(0.,1.,0.));
#2596 = ORIENTED_EDGE('',*,*,#1165,.T.);
#2597 = ORIENTED_EDGE('',*,*,#2591,.F.);
#2598 = CYLINDRICAL_SURFACE('',#2599,0.85);
#2599 = AXIS2_PLACEMENT_3D('',#2600,#2601,#2602);
#2600 = CARTESIAN_POINT('',(-13.50735931288,62.,34.257359312881));
#2601 = DIRECTION('',(-0.,-1.,0.));
#2602 = DIRECTION('',(1.,0.,0.));
#2603 = ADVANCED_FACE('',(#2604),#2610,.T.);
#2604 = FACE_BOUND('',#2605,.F.);
#2605 = EDGE_LOOP('',(#2606,#2607,#2608,#2609));
#2606 = ORIENTED_EDGE('',*,*,#1284,.T.);
#2607 = ORIENTED_EDGE('',*,*,#2141,.F.);
#2608 = ORIENTED_EDGE('',*,*,#2092,.F.);
#2609 = ORIENTED_EDGE('',*,*,#1275,.T.);
#2610 = CYLINDRICAL_SURFACE('',#2611,3.55);
#2611 = AXIS2_PLACEMENT_3D('',#2612,#2613,#2614);
#2612 = CARTESIAN_POINT('',(1.,46.,13.));
#2613 = DIRECTION('',(-0.,-0.,-1.));
#2614 = DIRECTION('',(1.,0.,0.));
#2615 = ADVANCED_FACE('',(#2616),#2624,.T.);
#2616 = FACE_BOUND('',#2617,.F.);
#2617 = EDGE_LOOP('',(#2618,#2619,#2620,#2621,#2622,#2623));
#2618 = ORIENTED_EDGE('',*,*,#1258,.T.);
#2619 = ORIENTED_EDGE('',*,*,#2061,.F.);
#2620 = ORIENTED_EDGE('',*,*,#2039,.F.);
#2621 = ORIENTED_EDGE('',*,*,#2179,.T.);
#2622 = ORIENTED_EDGE('',*,*,#1580,.F.);
#2623 = ORIENTED_EDGE('',*,*,#1249,.T.);
#2624 = CYLINDRICAL_SURFACE('',#2625,3.8);
#2625 = AXIS2_PLACEMENT_3D('',#2626,#2627,#2628);
#2626 = CARTESIAN_POINT('',(3.,33.,13.));
#2627 = DIRECTION('',(-0.,-0.,-1.));
#2628 = DIRECTION('',(1.,0.,0.));
#2629 = ADVANCED_FACE('',(#2630),#2641,.F.);
#2630 = FACE_BOUND('',#2631,.T.);
#2631 = EDGE_LOOP('',(#2632,#2633,#2639,#2640));
#2632 = ORIENTED_EDGE('',*,*,#2335,.F.);
#2633 = ORIENTED_EDGE('',*,*,#2634,.T.);
#2634 = EDGE_CURVE('',#2336,#1321,#2635,.T.);
#2635 = LINE('',#2636,#2637);
#2636 = CARTESIAN_POINT('',(5.3,33.,17.));
#2637 = VECTOR('',#2638,1.);
#2638 = DIRECTION('',(0.,0.,1.));
#2639 = ORIENTED_EDGE('',*,*,#1320,.F.);
#2640 = ORIENTED_EDGE('',*,*,#2634,.F.);
#2641 = CYLINDRICAL_SURFACE('',#2642,2.3);
#2642 = AXIS2_PLACEMENT_3D('',#2643,#2644,#2645);
#2643 = CARTESIAN_POINT('',(3.,33.,17.));
#2644 = DIRECTION('',(-0.,-0.,-1.));
#2645 = DIRECTION('',(1.,0.,0.));
#2646 = ADVANCED_FACE('',(#2647),#2658,.F.);
#2647 = FACE_BOUND('',#2648,.T.);
#2648 = EDGE_LOOP('',(#2649,#2650,#2656,#2657));
#2649 = ORIENTED_EDGE('',*,*,#2355,.F.);
#2650 = ORIENTED_EDGE('',*,*,#2651,.T.);
#2651 = EDGE_CURVE('',#2356,#1332,#2652,.T.);
#2652 = LINE('',#2653,#2654);
#2653 = CARTESIAN_POINT('',(5.3,59.,17.));
#2654 = VECTOR('',#2655,1.);
#2655 = DIRECTION('',(0.,0.,1.));
#2656 = ORIENTED_EDGE('',*,*,#1331,.F.);
#2657 = ORIENTED_EDGE('',*,*,#2651,.F.);
#2658 = CYLINDRICAL_SURFACE('',#2659,2.3);
#2659 = AXIS2_PLACEMENT_3D('',#2660,#2661,#2662);
#2660 = CARTESIAN_POINT('',(3.,59.,17.));
#2661 = DIRECTION('',(-0.,-0.,-1.));
#2662 = DIRECTION('',(1.,0.,0.));
#2663 = ADVANCED_FACE('',(#2664),#2698,.F.);
#2664 = FACE_BOUND('',#2665,.F.);
#2665 = EDGE_LOOP('',(#2666,#2674,#2675,#2676,#2684,#2692));
#2666 = ORIENTED_EDGE('',*,*,#2667,.F.);
#2667 = EDGE_CURVE('',#1681,#2668,#2670,.T.);
#2668 = VERTEX_POINT('',#2669);
#2669 = CARTESIAN_POINT('',(-27.75,25.5,38.5));
#2670 = LINE('',#2671,#2672);
#2671 = CARTESIAN_POINT('',(-27.75,25.5,6.));
#2672 = VECTOR('',#2673,1.);
#2673 = DIRECTION('',(0.,0.,1.));
#2674 = ORIENTED_EDGE('',*,*,#1688,.F.);
#2675 = ORIENTED_EDGE('',*,*,#2396,.T.);
#2676 = ORIENTED_EDGE('',*,*,#2677,.F.);
#2677 = EDGE_CURVE('',#2678,#2397,#2680,.T.);
#2678 = VERTEX_POINT('',#2679);
#2679 = CARTESIAN_POINT('',(-27.75,29.5,31.));
#2680 = LINE('',#2681,#2682);
#2681 = CARTESIAN_POINT('',(-27.75,27.25,31.));
#2682 = VECTOR('',#2683,1.);
#2683 = DIRECTION('',(0.,-1.,0.));
#2684 = ORIENTED_EDGE('',*,*,#2685,.T.);
#2685 = EDGE_CURVE('',#2678,#2686,#2688,.T.);
#2686 = VERTEX_POINT('',#2687);
#2687 = CARTESIAN_POINT('',(-27.75,29.5,38.5));
#2688 = LINE('',#2689,#2690);
#2689 = CARTESIAN_POINT('',(-27.75,29.5,6.));
#2690 = VECTOR('',#2691,1.);
#2691 = DIRECTION('',(0.,0.,1.));
#2692 = ORIENTED_EDGE('',*,*,#2693,.F.);
#2693 = EDGE_CURVE('',#2668,#2686,#2694,.T.);
#2694 = LINE('',#2695,#2696);
#2695 = CARTESIAN_POINT('',(-27.75,25.5,38.5));
#2696 = VECTOR('',#2697,1.);
#2697 = DIRECTION('',(0.,1.,0.));
#2698 = PLANE('',#2699);
#2699 = AXIS2_PLACEMENT_3D('',#2700,#2701,#2702);
#2700 = CARTESIAN_POINT('',(-27.75,25.5,6.));
#2701 = DIRECTION('',(1.,0.,0.));
#2702 = DIRECTION('',(0.,0.,1.));
#2703 = ADVANCED_FACE('',(#2704),#2723,.T.);
#2704 = FACE_BOUND('',#2705,.T.);
#2705 = EDGE_LOOP('',(#2706,#2707,#2708,#2716));
#2706 = ORIENTED_EDGE('',*,*,#2667,.F.);
#2707 = ORIENTED_EDGE('',*,*,#1680,.F.);
#2708 = ORIENTED_EDGE('',*,*,#2709,.T.);
#2709 = EDGE_CURVE('',#1673,#2710,#2712,.T.);
#2710 = VERTEX_POINT('',#2711);
#2711 = CARTESIAN_POINT('',(-7.75,25.5,38.5));
#2712 = LINE('',#2713,#2714);
#2713 = CARTESIAN_POINT('',(-7.75,25.5,6.));
#2714 = VECTOR('',#2715,1.);
#2715 = DIRECTION('',(0.,0.,1.));
#2716 = ORIENTED_EDGE('',*,*,#2717,.F.);
#2717 = EDGE_CURVE('',#2668,#2710,#2718,.T.);
#2718 = CIRCLE('',#2719,10.);
#2719 = AXIS2_PLACEMENT_3D('',#2720,#2721,#2722);
#2720 = CARTESIAN_POINT('',(-17.75,25.5,38.5));
#2721 = DIRECTION('',(-0.,1.,0.));
#2722 = DIRECTION('',(1.,0.,0.));
#2723 = PLANE('',#2724);
#2724 = AXIS2_PLACEMENT_3D('',#2725,#2726,#2727);
#2725 = CARTESIAN_POINT('',(-17.75,25.5,25.169174615277));
#2726 = DIRECTION('',(-0.,-1.,0.));
#2727 = DIRECTION('',(-1.,0.,0.));
#2728 = ADVANCED_FACE('',(#2729),#2756,.T.);
#2729 = FACE_BOUND('',#2730,.T.);
#2730 = EDGE_LOOP('',(#2731,#2732,#2733,#2734,#2742,#2750));
#2731 = ORIENTED_EDGE('',*,*,#2709,.F.);
#2732 = ORIENTED_EDGE('',*,*,#1672,.F.);
#2733 = ORIENTED_EDGE('',*,*,#2412,.T.);
#2734 = ORIENTED_EDGE('',*,*,#2735,.F.);
#2735 = EDGE_CURVE('',#2736,#2405,#2738,.T.);
#2736 = VERTEX_POINT('',#2737);
#2737 = CARTESIAN_POINT('',(-7.75,29.5,31.));
#2738 = LINE('',#2739,#2740);
#2739 = CARTESIAN_POINT('',(-7.75,27.25,31.));
#2740 = VECTOR('',#2741,1.);
#2741 = DIRECTION('',(0.,-1.,0.));
#2742 = ORIENTED_EDGE('',*,*,#2743,.T.);
#2743 = EDGE_CURVE('',#2736,#2744,#2746,.T.);
#2744 = VERTEX_POINT('',#2745);
#2745 = CARTESIAN_POINT('',(-7.75,29.5,38.5));
#2746 = LINE('',#2747,#2748);
#2747 = CARTESIAN_POINT('',(-7.75,29.5,6.));
#2748 = VECTOR('',#2749,1.);
#2749 = DIRECTION('',(0.,0.,1.));
#2750 = ORIENTED_EDGE('',*,*,#2751,.F.);
#2751 = EDGE_CURVE('',#2710,#2744,#2752,.T.);
#2752 = LINE('',#2753,#2754);
#2753 = CARTESIAN_POINT('',(-7.75,25.5,38.5));
#2754 = VECTOR('',#2755,1.);
#2755 = DIRECTION('',(0.,1.,0.));
#2756 = PLANE('',#2757);
#2757 = AXIS2_PLACEMENT_3D('',#2758,#2759,#2760);
#2758 = CARTESIAN_POINT('',(-7.75,25.5,6.));
#2759 = DIRECTION('',(1.,0.,0.));
#2760 = DIRECTION('',(0.,0.,1.));
#2761 = ADVANCED_FACE('',(#2762),#2768,.F.);
#2762 = FACE_BOUND('',#2763,.F.);
#2763 = EDGE_LOOP('',(#2764,#2765,#2766,#2767));
#2764 = ORIENTED_EDGE('',*,*,#1845,.F.);
#2765 = ORIENTED_EDGE('',*,*,#1804,.T.);
#2766 = ORIENTED_EDGE('',*,*,#1780,.T.);
#2767 = ORIENTED_EDGE('',*,*,#1828,.F.);
#2768 = PLANE('',#2769);
#2769 = AXIS2_PLACEMENT_3D('',#2770,#2771,#2772);
#2770 = CARTESIAN_POINT('',(-25.,27.5,15.));
#2771 = DIRECTION('',(0.,1.,0.));
#2772 = DIRECTION('',(0.,0.,1.));
#2773 = ADVANCED_FACE('',(#2774),#2785,.F.);
#2774 = FACE_BOUND('',#2775,.F.);
#2775 = EDGE_LOOP('',(#2776,#2777,#2778,#2779));
#2776 = ORIENTED_EDGE('',*,*,#2677,.T.);
#2777 = ORIENTED_EDGE('',*,*,#2404,.T.);
#2778 = ORIENTED_EDGE('',*,*,#2735,.F.);
#2779 = ORIENTED_EDGE('',*,*,#2780,.F.);
#2780 = EDGE_CURVE('',#2678,#2736,#2781,.T.);
#2781 = LINE('',#2782,#2783);
#2782 = CARTESIAN_POINT('',(-25.875,29.5,31.));
#2783 = VECTOR('',#2784,1.);
#2784 = DIRECTION('',(1.,0.,0.));
#2785 = PLANE('',#2786);
#2786 = AXIS2_PLACEMENT_3D('',#2787,#2788,#2789);
#2787 = CARTESIAN_POINT('',(-34.,29.,31.));
#2788 = DIRECTION('',(0.,0.,1.));
#2789 = DIRECTION('',(1.,0.,0.));
#2790 = ADVANCED_FACE('',(#2791,#2794,#2797,#2800,#2803,#2806),#2809,.F.
  );
#2791 = FACE_BOUND('',#2792,.F.);
#2792 = EDGE_LOOP('',(#2793));
#2793 = ORIENTED_EDGE('',*,*,#2464,.T.);
#2794 = FACE_BOUND('',#2795,.F.);
#2795 = EDGE_LOOP('',(#2796));
#2796 = ORIENTED_EDGE('',*,*,#2482,.T.);
#2797 = FACE_BOUND('',#2798,.F.);
#2798 = EDGE_LOOP('',(#2799));
#2799 = ORIENTED_EDGE('',*,*,#2507,.T.);
#2800 = FACE_BOUND('',#2801,.F.);
#2801 = EDGE_LOOP('',(#2802));
#2802 = ORIENTED_EDGE('',*,*,#2532,.T.);
#2803 = FACE_BOUND('',#2804,.F.);
#2804 = EDGE_LOOP('',(#2805));
#2805 = ORIENTED_EDGE('',*,*,#2557,.T.);
#2806 = FACE_BOUND('',#2807,.F.);
#2807 = EDGE_LOOP('',(#2808));
#2808 = ORIENTED_EDGE('',*,*,#2582,.T.);
#2809 = PLANE('',#2810);
#2810 = AXIS2_PLACEMENT_3D('',#2811,#2812,#2813);
#2811 = CARTESIAN_POINT('',(-17.75,62.6,38.5));
#2812 = DIRECTION('',(0.,1.,0.));
#2813 = DIRECTION('',(1.,0.,0.));
#2814 = ADVANCED_FACE('',(#2815),#2827,.T.);
#2815 = FACE_BOUND('',#2816,.F.);
#2816 = EDGE_LOOP('',(#2817,#2818,#2819,#2820));
#2817 = ORIENTED_EDGE('',*,*,#2751,.F.);
#2818 = ORIENTED_EDGE('',*,*,#2717,.F.);
#2819 = ORIENTED_EDGE('',*,*,#2693,.T.);
#2820 = ORIENTED_EDGE('',*,*,#2821,.T.);
#2821 = EDGE_CURVE('',#2686,#2744,#2822,.T.);
#2822 = CIRCLE('',#2823,10.);
#2823 = AXIS2_PLACEMENT_3D('',#2824,#2825,#2826);
#2824 = CARTESIAN_POINT('',(-17.75,29.5,38.5));
#2825 = DIRECTION('',(-0.,1.,0.));
#2826 = DIRECTION('',(1.,0.,0.));
#2827 = CYLINDRICAL_SURFACE('',#2828,10.);
#2828 = AXIS2_PLACEMENT_3D('',#2829,#2830,#2831);
#2829 = CARTESIAN_POINT('',(-17.75,25.5,38.5));
#2830 = DIRECTION('',(-0.,-1.,0.));
#2831 = DIRECTION('',(1.,0.,0.));
#2832 = ADVANCED_FACE('',(#2833,#2839),#2850,.T.);
#2833 = FACE_BOUND('',#2834,.T.);
#2834 = EDGE_LOOP('',(#2835,#2836,#2837,#2838));
#2835 = ORIENTED_EDGE('',*,*,#2780,.F.);
#2836 = ORIENTED_EDGE('',*,*,#2685,.T.);
#2837 = ORIENTED_EDGE('',*,*,#2821,.T.);
#2838 = ORIENTED_EDGE('',*,*,#2743,.F.);
#2839 = FACE_BOUND('',#2840,.T.);
#2840 = EDGE_LOOP('',(#2841));
#2841 = ORIENTED_EDGE('',*,*,#2842,.F.);
#2842 = EDGE_CURVE('',#2843,#2843,#2845,.T.);
#2843 = VERTEX_POINT('',#2844);
#2844 = CARTESIAN_POINT('',(-12.8,29.5,38.5));
#2845 = CIRCLE('',#2846,4.95);
#2846 = AXIS2_PLACEMENT_3D('',#2847,#2848,#2849);
#2847 = CARTESIAN_POINT('',(-17.75,29.5,38.5));
#2848 = DIRECTION('',(-0.,1.,0.));
#2849 = DIRECTION('',(1.,0.,0.));
#2850 = PLANE('',#2851);
#2851 = AXIS2_PLACEMENT_3D('',#2852,#2853,#2854);
#2852 = CARTESIAN_POINT('',(-17.75,29.5,25.169174615277));
#2853 = DIRECTION('',(0.,1.,0.));
#2854 = DIRECTION('',(1.,0.,0.));
#2855 = ADVANCED_FACE('',(#2856),#2875,.T.);
#2856 = FACE_BOUND('',#2857,.F.);
#2857 = EDGE_LOOP('',(#2858,#2866,#2873,#2874));
#2858 = ORIENTED_EDGE('',*,*,#2859,.T.);
#2859 = EDGE_CURVE('',#2843,#2860,#2862,.T.);
#2860 = VERTEX_POINT('',#2861);
#2861 = CARTESIAN_POINT('',(-12.8,32.5,38.5));
#2862 = LINE('',#2863,#2864);
#2863 = CARTESIAN_POINT('',(-12.8,29.5,38.5));
#2864 = VECTOR('',#2865,1.);
#2865 = DIRECTION('',(0.,1.,0.));
#2866 = ORIENTED_EDGE('',*,*,#2867,.T.);
#2867 = EDGE_CURVE('',#2860,#2860,#2868,.T.);
#2868 = CIRCLE('',#2869,4.95);
#2869 = AXIS2_PLACEMENT_3D('',#2870,#2871,#2872);
#2870 = CARTESIAN_POINT('',(-17.75,32.5,38.5));
#2871 = DIRECTION('',(-0.,1.,0.));
#2872 = DIRECTION('',(1.,0.,0.));
#2873 = ORIENTED_EDGE('',*,*,#2859,.F.);
#2874 = ORIENTED_EDGE('',*,*,#2842,.F.);
#2875 = CYLINDRICAL_SURFACE('',#2876,4.95);
#2876 = AXIS2_PLACEMENT_3D('',#2877,#2878,#2879);
#2877 = CARTESIAN_POINT('',(-17.75,29.5,38.5));
#2878 = DIRECTION('',(-0.,-1.,0.));
#2879 = DIRECTION('',(1.,0.,0.));
#2880 = ADVANCED_FACE('',(#2881),#2884,.T.);
#2881 = FACE_BOUND('',#2882,.F.);
#2882 = EDGE_LOOP('',(#2883));
#2883 = ORIENTED_EDGE('',*,*,#2867,.F.);
#2884 = PLANE('',#2885);
#2885 = AXIS2_PLACEMENT_3D('',#2886,#2887,#2888);
#2886 = CARTESIAN_POINT('',(-17.75,32.5,38.5));
#2887 = DIRECTION('',(0.,1.,0.));
#2888 = DIRECTION('',(1.,0.,0.));
#2889 = ( GEOMETRIC_REPRESENTATION_CONTEXT(3) 
GLOBAL_UNCERTAINTY_ASSIGNED_CONTEXT((#2893)) 
GLOBAL_UNIT_ASSIGNED_CONTEXT((#2890,#2891,#2892)) REPRESENTATION_CONTEXT
('Context #1','3D Context with UNIT and UNCERTAINTY') );
#2890 = ( LENGTH_UNIT() NAMED_UNIT(*) SI_UNIT(.MILLI.,.METRE.) );
#2891 = ( NAMED_UNIT(*) PLANE_ANGLE_UNIT() SI_UNIT($,.RADIAN.) );
#2892 = ( NAMED_UNIT(*) SI_UNIT($,.STERADIAN.) SOLID_ANGLE_UNIT() );
#2893 = UNCERTAINTY_MEASURE_WITH_UNIT(LENGTH_MEASURE(2.E-05),#2890,
  'distance_accuracy_value','confusion accuracy');
#2894 = PRODUCT_RELATED_PRODUCT_CATEGORY('part',$,(#7));
ENDSEC;
END-ISO-10303-21;
