ISO-10303-21;
HEADER;
FILE_DESCRIPTION(('FreeCAD Model'),'2;1');
FILE_NAME('Open CASCADE Shape Model','2026-10-09T09:09:14',('FreeCAD'),(
    'FreeCAD'),'Open CASCADE STEP processor 7.8','FreeCAD','Unknown');
FILE_SCHEMA(('AUTOMOTIVE_DESIGN { 1 0 10303 214 1 1 1 1 }'));
ENDSEC;
DATA;
#1 = APPLICATION_PROTOCOL_DEFINITION('international standard',
  'automotive_design',2000,#2);
#2 = APPLICATION_CONTEXT(
  'core data for automotive mechanical design processes');
#3 = SHAPE_DEFINITION_REPRESENTATION(#4,#10);
#4 = PRODUCT_DEFINITION_SHAPE('','',#5);
#5 = PRODUCT_DEFINITION('design','',#6,#9);
#6 = PRODUCT_DEFINITION_FORMATION('','',#7);
#7 = PRODUCT('Open CASCADE STEP translator 7.8 29',
  'Open CASCADE STEP translator 7.8 29','',(#8));
#8 = PRODUCT_CONTEXT('',#2,'mechanical');
#9 = PRODUCT_DEFINITION_CONTEXT('part definition',#2,'design');
#10 = ADVANCED_BREP_SHAPE_REPRESENTATION('',(#11,#15),#3723);
#11 = AXIS2_PLACEMENT_3D('',#12,#13,#14);
#12 = CARTESIAN_POINT('',(0.,0.,0.));
#13 = DIRECTION('',(0.,0.,1.));
#14 = DIRECTION('',(1.,0.,-0.));
#15 = MANIFOLD_SOLID_BREP('',#16);
#16 = CLOSED_SHELL('',(#17,#57,#88,#165,#205,#236,#322,#362,#601,#625,
    #911,#928,#984,#1001,#1025,#1042,#1066,#1083,#1108,#1149,#1228,#1245
    ,#1270,#1287,#1370,#1387,#1419,#1482,#1499,#1516,#1528,#1604,#1636,
    #1653,#1665,#1683,#1717,#1741,#1765,#1783,#1807,#1832,#1856,#1896,
    #1914,#1981,#1998,#2023,#2063,#2130,#2147,#2181,#2215,#2249,#2283,
    #2301,#2332,#2356,#2407,#2424,#2436,#2470,#2501,#2518,#2536,#2553,
    #2570,#2616,#2650,#2684,#2718,#2749,#2780,#2811,#2842,#2873,#2904,
    #2935,#2966,#2988,#3019,#3050,#3081,#3112,#3134,#3181,#3212,#3236,
    #3298,#3329,#3353,#3379,#3388,#3414,#3423,#3440,#3457,#3483,#3509,
    #3538,#3567,#3579,#3591,#3603,#3615,#3629,#3643,#3663,#3683,#3703));
#17 = ADVANCED_FACE('',(#18),#52,.T.);
#18 = FACE_BOUND('',#19,.T.);
#19 = EDGE_LOOP('',(#20,#30,#38,#46));
#20 = ORIENTED_EDGE('',*,*,#21,.T.);
#21 = EDGE_CURVE('',#22,#24,#26,.T.);
#22 = VERTEX_POINT('',#23);
#23 = CARTESIAN_POINT('',(88.3,26.575128869404,238.));
#24 = VERTEX_POINT('',#25);
#25 = CARTESIAN_POINT('',(90.1,26.575128869404,238.));
#26 = LINE('',#27,#28);
#27 = CARTESIAN_POINT('',(88.3,26.575128869404,238.));
#28 = VECTOR('',#29,1.);
#29 = DIRECTION('',(1.,0.,0.));
#30 = ORIENTED_EDGE('',*,*,#31,.T.);
#31 = EDGE_CURVE('',#24,#32,#34,.T.);
#32 = VERTEX_POINT('',#33);
#33 = CARTESIAN_POINT('',(90.1,27.787564434702,235.9));
#34 = LINE('',#35,#36);
#35 = CARTESIAN_POINT('',(90.1,26.575128869404,238.));
#36 = VECTOR('',#37,1.);
#37 = DIRECTION('',(0.,0.5,-0.866025403784));
#38 = ORIENTED_EDGE('',*,*,#39,.F.);
#39 = EDGE_CURVE('',#40,#32,#42,.T.);
#40 = VERTEX_POINT('',#41);
#41 = CARTESIAN_POINT('',(88.3,27.787564434702,235.9));
#42 = LINE('',#43,#44);
#43 = CARTESIAN_POINT('',(88.3,27.787564434702,235.9));
#44 = VECTOR('',#45,1.);
#45 = DIRECTION('',(1.,0.,0.));
#46 = ORIENTED_EDGE('',*,*,#47,.F.);
#47 = EDGE_CURVE('',#22,#40,#48,.T.);
#48 = LINE('',#49,#50);
#49 = CARTESIAN_POINT('',(88.3,26.575128869404,238.));
#50 = VECTOR('',#51,1.);
#51 = DIRECTION('',(0.,0.5,-0.866025403784));
#52 = PLANE('',#53);
#53 = AXIS2_PLACEMENT_3D('',#54,#55,#56);
#54 = CARTESIAN_POINT('',(88.3,26.575128869404,238.));
#55 = DIRECTION('',(0.,0.866025403784,0.5));
#56 = DIRECTION('',(1.E-16,0.5,-0.866025403784));
#57 = ADVANCED_FACE('',(#58),#83,.T.);
#58 = FACE_BOUND('',#59,.T.);
#59 = EDGE_LOOP('',(#60,#70,#76,#77));
#60 = ORIENTED_EDGE('',*,*,#61,.T.);
#61 = EDGE_CURVE('',#62,#64,#66,.T.);
#62 = VERTEX_POINT('',#63);
#63 = CARTESIAN_POINT('',(88.3,27.787564434702,240.1));
#64 = VERTEX_POINT('',#65);
#65 = CARTESIAN_POINT('',(90.1,27.787564434702,240.1));
#66 = LINE('',#67,#68);
#67 = CARTESIAN_POINT('',(88.3,27.787564434702,240.1));
#68 = VECTOR('',#69,1.);
#69 = DIRECTION('',(1.,0.,0.));
#70 = ORIENTED_EDGE('',*,*,#71,.T.);
#71 = EDGE_CURVE('',#64,#24,#72,.T.);
#72 = LINE('',#73,#74);
#73 = CARTESIAN_POINT('',(90.1,27.787564434702,240.1));
#74 = VECTOR('',#75,1.);
#75 = DIRECTION('',(0.,-0.5,-0.866025403784));
#76 = ORIENTED_EDGE('',*,*,#21,.F.);
#77 = ORIENTED_EDGE('',*,*,#78,.F.);
#78 = EDGE_CURVE('',#62,#22,#79,.T.);
#79 = LINE('',#80,#81);
#80 = CARTESIAN_POINT('',(88.3,27.787564434702,240.1));
#81 = VECTOR('',#82,1.);
#82 = DIRECTION('',(0.,-0.5,-0.866025403784));
#83 = PLANE('',#84);
#84 = AXIS2_PLACEMENT_3D('',#85,#86,#87);
#85 = CARTESIAN_POINT('',(88.3,27.787564434702,240.1));
#86 = DIRECTION('',(0.,0.866025403784,-0.5));
#87 = DIRECTION('',(1.E-16,-0.5,-0.866025403784));
#88 = ADVANCED_FACE('',(#89,#140),#160,.T.);
#89 = FACE_BOUND('',#90,.T.);
#90 = EDGE_LOOP('',(#91,#99,#100,#101,#109,#117,#125,#134));
#91 = ORIENTED_EDGE('',*,*,#92,.F.);
#92 = EDGE_CURVE('',#62,#93,#95,.T.);
#93 = VERTEX_POINT('',#94);
#94 = CARTESIAN_POINT('',(88.3,32.,240.1));
#95 = LINE('',#96,#97);
#96 = CARTESIAN_POINT('',(88.3,29.,240.1));
#97 = VECTOR('',#98,1.);
#98 = DIRECTION('',(0.,1.,0.));
#99 = ORIENTED_EDGE('',*,*,#78,.T.);
#100 = ORIENTED_EDGE('',*,*,#47,.T.);
#101 = ORIENTED_EDGE('',*,*,#102,.T.);
#102 = EDGE_CURVE('',#40,#103,#105,.T.);
#103 = VERTEX_POINT('',#104);
#104 = CARTESIAN_POINT('',(88.3,32.6,235.9));
#105 = LINE('',#106,#107);
#106 = CARTESIAN_POINT('',(88.3,27.787564434702,235.9));
#107 = VECTOR('',#108,1.);
#108 = DIRECTION('',(0.,1.,-2.9E-16));
#109 = ORIENTED_EDGE('',*,*,#110,.T.);
#110 = EDGE_CURVE('',#103,#111,#113,.T.);
#111 = VERTEX_POINT('',#112);
#112 = CARTESIAN_POINT('',(88.3,32.6,239.45008544921));
#113 = LINE('',#114,#115);
#114 = CARTESIAN_POINT('',(88.3,32.6,235.9));
#115 = VECTOR('',#116,1.);
#116 = DIRECTION('',(0.,0.,1.));
#117 = ORIENTED_EDGE('',*,*,#118,.F.);
#118 = EDGE_CURVE('',#119,#111,#121,.T.);
#119 = VERTEX_POINT('',#120);
#120 = CARTESIAN_POINT('',(88.3,32.185475190606,239.45008544921));
#121 = LINE('',#122,#123);
#122 = CARTESIAN_POINT('',(88.3,26.95,239.45008544921));
#123 = VECTOR('',#124,1.);
#124 = DIRECTION('',(0.,1.,0.));
#125 = ORIENTED_EDGE('',*,*,#126,.F.);
#126 = EDGE_CURVE('',#127,#119,#129,.T.);
#127 = VERTEX_POINT('',#128);
#128 = CARTESIAN_POINT('',(88.3,32.,239.80277563773));
#129 = CIRCLE('',#130,3.5);
#130 = AXIS2_PLACEMENT_3D('',#131,#132,#133);
#131 = CARTESIAN_POINT('',(88.3,29.,238.));
#132 = DIRECTION('',(-1.,-0.,-2.2E-16));
#133 = DIRECTION('',(2.2E-16,0.,-1.));
#134 = ORIENTED_EDGE('',*,*,#135,.F.);
#135 = EDGE_CURVE('',#93,#127,#136,.T.);
#136 = LINE('',#137,#138);
#137 = CARTESIAN_POINT('',(88.3,32.,234.6750427246));
#138 = VECTOR('',#139,1.);
#139 = DIRECTION('',(0.,0.,-1.));
#140 = FACE_BOUND('',#141,.T.);
#141 = EDGE_LOOP('',(#142,#153));
#142 = ORIENTED_EDGE('',*,*,#143,.T.);
#143 = EDGE_CURVE('',#144,#146,#148,.T.);
#144 = VERTEX_POINT('',#145);
#145 = CARTESIAN_POINT('',(88.3,29.,239.1));
#146 = VERTEX_POINT('',#147);
#147 = CARTESIAN_POINT('',(88.3,29.,236.9));
#148 = CIRCLE('',#149,1.1);
#149 = AXIS2_PLACEMENT_3D('',#150,#151,#152);
#150 = CARTESIAN_POINT('',(88.3,29.,238.));
#151 = DIRECTION('',(-1.,-0.,-2.2E-16));
#152 = DIRECTION('',(2.2E-16,0.,-1.));
#153 = ORIENTED_EDGE('',*,*,#154,.T.);
#154 = EDGE_CURVE('',#146,#144,#155,.T.);
#155 = CIRCLE('',#156,1.1);
#156 = AXIS2_PLACEMENT_3D('',#157,#158,#159);
#157 = CARTESIAN_POINT('',(88.3,29.,238.));
#158 = DIRECTION('',(-1.,-0.,-2.2E-16));
#159 = DIRECTION('',(2.2E-16,0.,-1.));
#160 = PLANE('',#161);
#161 = AXIS2_PLACEMENT_3D('',#162,#163,#164);
#162 = CARTESIAN_POINT('',(88.3,29.91731492902,237.96852012073));
#163 = DIRECTION('',(1.,0.,0.));
#164 = DIRECTION('',(0.,0.,1.));
#165 = ADVANCED_FACE('',(#166),#200,.T.);
#166 = FACE_BOUND('',#167,.T.);
#167 = EDGE_LOOP('',(#168,#178,#186,#194));
#168 = ORIENTED_EDGE('',*,*,#169,.T.);
#169 = EDGE_CURVE('',#170,#172,#174,.T.);
#170 = VERTEX_POINT('',#171);
#171 = CARTESIAN_POINT('',(88.3,26.575128869404,260.));
#172 = VERTEX_POINT('',#173);
#173 = CARTESIAN_POINT('',(90.1,26.575128869404,260.));
#174 = LINE('',#175,#176);
#175 = CARTESIAN_POINT('',(88.3,26.575128869404,260.));
#176 = VECTOR('',#177,1.);
#177 = DIRECTION('',(1.,0.,0.));
#178 = ORIENTED_EDGE('',*,*,#179,.T.);
#179 = EDGE_CURVE('',#172,#180,#182,.T.);
#180 = VERTEX_POINT('',#181);
#181 = CARTESIAN_POINT('',(90.1,27.787564434702,257.9));
#182 = LINE('',#183,#184);
#183 = CARTESIAN_POINT('',(90.1,26.575128869404,260.));
#184 = VECTOR('',#185,1.);
#185 = DIRECTION('',(0.,0.5,-0.866025403784));
#186 = ORIENTED_EDGE('',*,*,#187,.F.);
#187 = EDGE_CURVE('',#188,#180,#190,.T.);
#188 = VERTEX_POINT('',#189);
#189 = CARTESIAN_POINT('',(88.3,27.787564434702,257.9));
#190 = LINE('',#191,#192);
#191 = CARTESIAN_POINT('',(88.3,27.787564434702,257.9));
#192 = VECTOR('',#193,1.);
#193 = DIRECTION('',(1.,0.,0.));
#194 = ORIENTED_EDGE('',*,*,#195,.F.);
#195 = EDGE_CURVE('',#170,#188,#196,.T.);
#196 = LINE('',#197,#198);
#197 = CARTESIAN_POINT('',(88.3,26.575128869404,260.));
#198 = VECTOR('',#199,1.);
#199 = DIRECTION('',(0.,0.5,-0.866025403784));
#200 = PLANE('',#201);
#201 = AXIS2_PLACEMENT_3D('',#202,#203,#204);
#202 = CARTESIAN_POINT('',(88.3,26.575128869404,260.));
#203 = DIRECTION('',(0.,0.866025403784,0.5));
#204 = DIRECTION('',(1.E-16,0.5,-0.866025403784));
#205 = ADVANCED_FACE('',(#206),#231,.T.);
#206 = FACE_BOUND('',#207,.T.);
#207 = EDGE_LOOP('',(#208,#218,#224,#225));
#208 = ORIENTED_EDGE('',*,*,#209,.T.);
#209 = EDGE_CURVE('',#210,#212,#214,.T.);
#210 = VERTEX_POINT('',#211);
#211 = CARTESIAN_POINT('',(88.3,27.787564434702,262.1));
#212 = VERTEX_POINT('',#213);
#213 = CARTESIAN_POINT('',(90.1,27.787564434702,262.1));
#214 = LINE('',#215,#216);
#215 = CARTESIAN_POINT('',(88.3,27.787564434702,262.1));
#216 = VECTOR('',#217,1.);
#217 = DIRECTION('',(1.,0.,0.));
#218 = ORIENTED_EDGE('',*,*,#219,.T.);
#219 = EDGE_CURVE('',#212,#172,#220,.T.);
#220 = LINE('',#221,#222);
#221 = CARTESIAN_POINT('',(90.1,27.787564434702,262.1));
#222 = VECTOR('',#223,1.);
#223 = DIRECTION('',(0.,-0.5,-0.866025403784));
#224 = ORIENTED_EDGE('',*,*,#169,.F.);
#225 = ORIENTED_EDGE('',*,*,#226,.F.);
#226 = EDGE_CURVE('',#210,#170,#227,.T.);
#227 = LINE('',#228,#229);
#228 = CARTESIAN_POINT('',(88.3,27.787564434702,262.1));
#229 = VECTOR('',#230,1.);
#230 = DIRECTION('',(0.,-0.5,-0.866025403784));
#231 = PLANE('',#232);
#232 = AXIS2_PLACEMENT_3D('',#233,#234,#235);
#233 = CARTESIAN_POINT('',(88.3,27.787564434702,262.1));
#234 = DIRECTION('',(0.,0.866025403784,-0.5));
#235 = DIRECTION('',(1.E-16,-0.5,-0.866025403784));
#236 = ADVANCED_FACE('',(#237,#297),#317,.T.);
#237 = FACE_BOUND('',#238,.T.);
#238 = EDGE_LOOP('',(#239,#247,#248,#249,#257,#265,#274,#282,#290));
#239 = ORIENTED_EDGE('',*,*,#240,.F.);
#240 = EDGE_CURVE('',#210,#241,#243,.T.);
#241 = VERTEX_POINT('',#242);
#242 = CARTESIAN_POINT('',(88.3,31.799999999999,262.1));
#243 = LINE('',#244,#245);
#244 = CARTESIAN_POINT('',(88.3,29.,262.1));
#245 = VECTOR('',#246,1.);
#246 = DIRECTION('',(0.,1.,0.));
#247 = ORIENTED_EDGE('',*,*,#226,.T.);
#248 = ORIENTED_EDGE('',*,*,#195,.T.);
#249 = ORIENTED_EDGE('',*,*,#250,.T.);
#250 = EDGE_CURVE('',#188,#251,#253,.T.);
#251 = VERTEX_POINT('',#252);
#252 = CARTESIAN_POINT('',(88.3,32.,257.9));
#253 = LINE('',#254,#255);
#254 = CARTESIAN_POINT('',(88.3,27.787564434702,257.9));
#255 = VECTOR('',#256,1.);
#256 = DIRECTION('',(0.,1.,-2.9E-16));
#257 = ORIENTED_EDGE('',*,*,#258,.F.);
#258 = EDGE_CURVE('',#259,#251,#261,.T.);
#259 = VERTEX_POINT('',#260);
#260 = CARTESIAN_POINT('',(88.3,32.,258.19722436226));
#261 = LINE('',#262,#263);
#262 = CARTESIAN_POINT('',(88.3,32.,245.6750427246));
#263 = VECTOR('',#264,1.);
#264 = DIRECTION('',(0.,0.,-1.));
#265 = ORIENTED_EDGE('',*,*,#266,.F.);
#266 = EDGE_CURVE('',#267,#259,#269,.T.);
#267 = VERTEX_POINT('',#268);
#268 = CARTESIAN_POINT('',(88.3,32.,261.80277563773));
#269 = CIRCLE('',#270,3.5);
#270 = AXIS2_PLACEMENT_3D('',#271,#272,#273);
#271 = CARTESIAN_POINT('',(88.3,29.,260.));
#272 = DIRECTION('',(-1.,-0.,-2.2E-16));
#273 = DIRECTION('',(2.2E-16,0.,-1.));
#274 = ORIENTED_EDGE('',*,*,#275,.F.);
#275 = EDGE_CURVE('',#276,#267,#278,.T.);
#276 = VERTEX_POINT('',#277);
#277 = CARTESIAN_POINT('',(88.3,32.,262.));
#278 = LINE('',#279,#280);
#279 = CARTESIAN_POINT('',(88.3,32.,245.6750427246));
#280 = VECTOR('',#281,1.);
#281 = DIRECTION('',(0.,0.,-1.));
#282 = ORIENTED_EDGE('',*,*,#283,.F.);
#283 = EDGE_CURVE('',#284,#276,#286,.T.);
#284 = VERTEX_POINT('',#285);
#285 = CARTESIAN_POINT('',(88.3,31.872281323269,262.));
#286 = LINE('',#287,#288);
#287 = CARTESIAN_POINT('',(88.3,27.5,262.));
#288 = VECTOR('',#289,1.);
#289 = DIRECTION('',(0.,1.,0.));
#290 = ORIENTED_EDGE('',*,*,#291,.F.);
#291 = EDGE_CURVE('',#241,#284,#292,.T.);
#292 = CIRCLE('',#293,3.5);
#293 = AXIS2_PLACEMENT_3D('',#294,#295,#296);
#294 = CARTESIAN_POINT('',(88.3,29.,260.));
#295 = DIRECTION('',(-1.,-0.,-2.2E-16));
#296 = DIRECTION('',(2.2E-16,0.,-1.));
#297 = FACE_BOUND('',#298,.T.);
#298 = EDGE_LOOP('',(#299,#310));
#299 = ORIENTED_EDGE('',*,*,#300,.T.);
#300 = EDGE_CURVE('',#301,#303,#305,.T.);
#301 = VERTEX_POINT('',#302);
#302 = CARTESIAN_POINT('',(88.3,29.,261.1));
#303 = VERTEX_POINT('',#304);
#304 = CARTESIAN_POINT('',(88.3,29.,258.9));
#305 = CIRCLE('',#306,1.1);
#306 = AXIS2_PLACEMENT_3D('',#307,#308,#309);
#307 = CARTESIAN_POINT('',(88.3,29.,260.));
#308 = DIRECTION('',(-1.,-0.,-2.2E-16));
#309 = DIRECTION('',(2.2E-16,0.,-1.));
#310 = ORIENTED_EDGE('',*,*,#311,.T.);
#311 = EDGE_CURVE('',#303,#301,#312,.T.);
#312 = CIRCLE('',#313,1.1);
#313 = AXIS2_PLACEMENT_3D('',#314,#315,#316);
#314 = CARTESIAN_POINT('',(88.3,29.,260.));
#315 = DIRECTION('',(-1.,-0.,-2.2E-16));
#316 = DIRECTION('',(2.2E-16,0.,-1.));
#317 = PLANE('',#318);
#318 = AXIS2_PLACEMENT_3D('',#319,#320,#321);
#319 = CARTESIAN_POINT('',(88.3,29.725125991991,259.99337124319));
#320 = DIRECTION('',(1.,0.,0.));
#321 = DIRECTION('',(0.,0.,1.));
#322 = ADVANCED_FACE('',(#323),#357,.F.);
#323 = FACE_BOUND('',#324,.F.);
#324 = EDGE_LOOP('',(#325,#335,#343,#351));
#325 = ORIENTED_EDGE('',*,*,#326,.F.);
#326 = EDGE_CURVE('',#327,#329,#331,.T.);
#327 = VERTEX_POINT('',#328);
#328 = CARTESIAN_POINT('',(87.8,-26.,262.));
#329 = VERTEX_POINT('',#330);
#330 = CARTESIAN_POINT('',(87.8,26.,262.));
#331 = LINE('',#332,#333);
#332 = CARTESIAN_POINT('',(87.8,-29.,262.));
#333 = VECTOR('',#334,1.);
#334 = DIRECTION('',(0.,1.,0.));
#335 = ORIENTED_EDGE('',*,*,#336,.T.);
#336 = EDGE_CURVE('',#327,#337,#339,.T.);
#337 = VERTEX_POINT('',#338);
#338 = CARTESIAN_POINT('',(92.8,-26.,262.));
#339 = LINE('',#340,#341);
#340 = CARTESIAN_POINT('',(87.8,-26.,262.));
#341 = VECTOR('',#342,1.);
#342 = DIRECTION('',(1.,0.,0.));
#343 = ORIENTED_EDGE('',*,*,#344,.T.);
#344 = EDGE_CURVE('',#337,#345,#347,.T.);
#345 = VERTEX_POINT('',#346);
#346 = CARTESIAN_POINT('',(92.8,26.,262.));
#347 = LINE('',#348,#349);
#348 = CARTESIAN_POINT('',(92.8,-29.,262.));
#349 = VECTOR('',#350,1.);
#350 = DIRECTION('',(0.,1.,0.));
#351 = ORIENTED_EDGE('',*,*,#352,.F.);
#352 = EDGE_CURVE('',#329,#345,#353,.T.);
#353 = LINE('',#354,#355);
#354 = CARTESIAN_POINT('',(87.8,26.,262.));
#355 = VECTOR('',#356,1.);
#356 = DIRECTION('',(1.,0.,0.));
#357 = PLANE('',#358);
#358 = AXIS2_PLACEMENT_3D('',#359,#360,#361);
#359 = CARTESIAN_POINT('',(87.8,-29.,262.));
#360 = DIRECTION('',(0.,0.,1.));
#361 = DIRECTION('',(1.,0.,0.));
#362 = ADVANCED_FACE('',(#363,#574,#585),#596,.T.);
#363 = FACE_BOUND('',#364,.T.);
#364 = EDGE_LOOP('',(#365,#376,#384,#392,#400,#409,#417,#425,#434,#442,
    #451,#459,#468,#476,#485,#491,#492,#500,#509,#517,#526,#534,#543,
    #551,#560,#568));
#365 = ORIENTED_EDGE('',*,*,#366,.F.);
#366 = EDGE_CURVE('',#367,#369,#371,.T.);
#367 = VERTEX_POINT('',#368);
#368 = CARTESIAN_POINT('',(87.8,-29.,263.5));
#369 = VERTEX_POINT('',#370);
#370 = CARTESIAN_POINT('',(87.8,-31.87228132326,262.));
#371 = CIRCLE('',#372,3.5);
#372 = AXIS2_PLACEMENT_3D('',#373,#374,#375);
#373 = CARTESIAN_POINT('',(87.8,-29.,260.));
#374 = DIRECTION('',(1.,-0.,0.));
#375 = DIRECTION('',(0.,0.,-1.));
#376 = ORIENTED_EDGE('',*,*,#377,.T.);
#377 = EDGE_CURVE('',#367,#378,#380,.T.);
#378 = VERTEX_POINT('',#379);
#379 = CARTESIAN_POINT('',(87.8,-29.,264.5));
#380 = LINE('',#381,#382);
#381 = CARTESIAN_POINT('',(87.8,-29.,262.));
#382 = VECTOR('',#383,1.);
#383 = DIRECTION('',(0.,0.,1.));
#384 = ORIENTED_EDGE('',*,*,#385,.T.);
#385 = EDGE_CURVE('',#378,#386,#388,.T.);
#386 = VERTEX_POINT('',#387);
#387 = CARTESIAN_POINT('',(87.8,29.,264.5));
#388 = LINE('',#389,#390);
#389 = CARTESIAN_POINT('',(87.8,-29.,264.5));
#390 = VECTOR('',#391,1.);
#391 = DIRECTION('',(0.,1.,0.));
#392 = ORIENTED_EDGE('',*,*,#393,.F.);
#393 = EDGE_CURVE('',#394,#386,#396,.T.);
#394 = VERTEX_POINT('',#395);
#395 = CARTESIAN_POINT('',(87.8,29.,263.5));
#396 = LINE('',#397,#398);
#397 = CARTESIAN_POINT('',(87.8,29.,262.));
#398 = VECTOR('',#399,1.);
#399 = DIRECTION('',(0.,0.,1.));
#400 = ORIENTED_EDGE('',*,*,#401,.F.);
#401 = EDGE_CURVE('',#402,#394,#404,.T.);
#402 = VERTEX_POINT('',#403);
#403 = CARTESIAN_POINT('',(87.8,31.872281323269,262.));
#404 = CIRCLE('',#405,3.5);
#405 = AXIS2_PLACEMENT_3D('',#406,#407,#408);
#406 = CARTESIAN_POINT('',(87.8,29.,260.));
#407 = DIRECTION('',(1.,-0.,0.));
#408 = DIRECTION('',(0.,0.,-1.));
#409 = ORIENTED_EDGE('',*,*,#410,.T.);
#410 = EDGE_CURVE('',#402,#411,#413,.T.);
#411 = VERTEX_POINT('',#412);
#412 = CARTESIAN_POINT('',(87.8,32.,262.));
#413 = LINE('',#414,#415);
#414 = CARTESIAN_POINT('',(87.8,26.,262.));
#415 = VECTOR('',#416,1.);
#416 = DIRECTION('',(0.,1.,0.));
#417 = ORIENTED_EDGE('',*,*,#418,.F.);
#418 = EDGE_CURVE('',#419,#411,#421,.T.);
#419 = VERTEX_POINT('',#420);
#420 = CARTESIAN_POINT('',(87.8,32.,261.80277563773));
#421 = LINE('',#422,#423);
#422 = CARTESIAN_POINT('',(87.8,32.,233.45008544921));
#423 = VECTOR('',#424,1.);
#424 = DIRECTION('',(0.,0.,1.));
#425 = ORIENTED_EDGE('',*,*,#426,.F.);
#426 = EDGE_CURVE('',#427,#419,#429,.T.);
#427 = VERTEX_POINT('',#428);
#428 = CARTESIAN_POINT('',(87.8,32.,258.19722436226));
#429 = CIRCLE('',#430,3.5);
#430 = AXIS2_PLACEMENT_3D('',#431,#432,#433);
#431 = CARTESIAN_POINT('',(87.8,29.,260.));
#432 = DIRECTION('',(1.,-0.,0.));
#433 = DIRECTION('',(0.,0.,-1.));
#434 = ORIENTED_EDGE('',*,*,#435,.F.);
#435 = EDGE_CURVE('',#436,#427,#438,.T.);
#436 = VERTEX_POINT('',#437);
#437 = CARTESIAN_POINT('',(87.8,32.,239.80277563773));
#438 = LINE('',#439,#440);
#439 = CARTESIAN_POINT('',(87.8,32.,233.45008544921));
#440 = VECTOR('',#441,1.);
#441 = DIRECTION('',(0.,0.,1.));
#442 = ORIENTED_EDGE('',*,*,#443,.F.);
#443 = EDGE_CURVE('',#444,#436,#446,.T.);
#444 = VERTEX_POINT('',#445);
#445 = CARTESIAN_POINT('',(87.8,32.185475190606,239.45008544921));
#446 = CIRCLE('',#447,3.5);
#447 = AXIS2_PLACEMENT_3D('',#448,#449,#450);
#448 = CARTESIAN_POINT('',(87.8,29.,238.));
#449 = DIRECTION('',(1.,-0.,0.));
#450 = DIRECTION('',(0.,0.,-1.));
#451 = ORIENTED_EDGE('',*,*,#452,.F.);
#452 = EDGE_CURVE('',#453,#444,#455,.T.);
#453 = VERTEX_POINT('',#454);
#454 = CARTESIAN_POINT('',(87.8,25.814524809394,239.45008544921));
#455 = LINE('',#456,#457);
#456 = CARTESIAN_POINT('',(87.8,26.95,239.45008544921));
#457 = VECTOR('',#458,1.);
#458 = DIRECTION('',(0.,1.,0.));
#459 = ORIENTED_EDGE('',*,*,#460,.F.);
#460 = EDGE_CURVE('',#461,#453,#463,.T.);
#461 = VERTEX_POINT('',#462);
#462 = CARTESIAN_POINT('',(87.8,26.,239.80277563773));
#463 = CIRCLE('',#464,3.5);
#464 = AXIS2_PLACEMENT_3D('',#465,#466,#467);
#465 = CARTESIAN_POINT('',(87.8,29.,238.));
#466 = DIRECTION('',(1.,-0.,0.));
#467 = DIRECTION('',(0.,0.,-1.));
#468 = ORIENTED_EDGE('',*,*,#469,.T.);
#469 = EDGE_CURVE('',#461,#470,#472,.T.);
#470 = VERTEX_POINT('',#471);
#471 = CARTESIAN_POINT('',(87.8,26.,258.19722436226));
#472 = LINE('',#473,#474);
#473 = CARTESIAN_POINT('',(87.8,26.,233.45008544921));
#474 = VECTOR('',#475,1.);
#475 = DIRECTION('',(0.,0.,1.));
#476 = ORIENTED_EDGE('',*,*,#477,.F.);
#477 = EDGE_CURVE('',#478,#470,#480,.T.);
#478 = VERTEX_POINT('',#479);
#479 = CARTESIAN_POINT('',(87.8,26.,261.80277563773));
#480 = CIRCLE('',#481,3.5);
#481 = AXIS2_PLACEMENT_3D('',#482,#483,#484);
#482 = CARTESIAN_POINT('',(87.8,29.,260.));
#483 = DIRECTION('',(1.,-0.,0.));
#484 = DIRECTION('',(0.,0.,-1.));
#485 = ORIENTED_EDGE('',*,*,#486,.T.);
#486 = EDGE_CURVE('',#478,#329,#487,.T.);
#487 = LINE('',#488,#489);
#488 = CARTESIAN_POINT('',(87.8,26.,233.45008544921));
#489 = VECTOR('',#490,1.);
#490 = DIRECTION('',(0.,0.,1.));
#491 = ORIENTED_EDGE('',*,*,#326,.F.);
#492 = ORIENTED_EDGE('',*,*,#493,.F.);
#493 = EDGE_CURVE('',#494,#327,#496,.T.);
#494 = VERTEX_POINT('',#495);
#495 = CARTESIAN_POINT('',(87.8,-26.,261.80277563773));
#496 = LINE('',#497,#498);
#497 = CARTESIAN_POINT('',(87.8,-26.,233.45008544921));
#498 = VECTOR('',#499,1.);
#499 = DIRECTION('',(0.,0.,1.));
#500 = ORIENTED_EDGE('',*,*,#501,.F.);
#501 = EDGE_CURVE('',#502,#494,#504,.T.);
#502 = VERTEX_POINT('',#503);
#503 = CARTESIAN_POINT('',(87.8,-26.,258.19722436226));
#504 = CIRCLE('',#505,3.5);
#505 = AXIS2_PLACEMENT_3D('',#506,#507,#508);
#506 = CARTESIAN_POINT('',(87.8,-29.,260.));
#507 = DIRECTION('',(1.,-0.,0.));
#508 = DIRECTION('',(0.,0.,-1.));
#509 = ORIENTED_EDGE('',*,*,#510,.F.);
#510 = EDGE_CURVE('',#511,#502,#513,.T.);
#511 = VERTEX_POINT('',#512);
#512 = CARTESIAN_POINT('',(87.8,-26.,239.80277563773));
#513 = LINE('',#514,#515);
#514 = CARTESIAN_POINT('',(87.8,-26.,233.45008544921));
#515 = VECTOR('',#516,1.);
#516 = DIRECTION('',(0.,0.,1.));
#517 = ORIENTED_EDGE('',*,*,#518,.F.);
#518 = EDGE_CURVE('',#519,#511,#521,.T.);
#519 = VERTEX_POINT('',#520);
#520 = CARTESIAN_POINT('',(87.8,-25.81452480939,239.45008544921));
#521 = CIRCLE('',#522,3.5);
#522 = AXIS2_PLACEMENT_3D('',#523,#524,#525);
#523 = CARTESIAN_POINT('',(87.8,-29.,238.));
#524 = DIRECTION('',(1.,-0.,0.));
#525 = DIRECTION('',(0.,0.,-1.));
#526 = ORIENTED_EDGE('',*,*,#527,.F.);
#527 = EDGE_CURVE('',#528,#519,#530,.T.);
#528 = VERTEX_POINT('',#529);
#529 = CARTESIAN_POINT('',(87.8,-32.1854751906,239.45008544921));
#530 = LINE('',#531,#532);
#531 = CARTESIAN_POINT('',(87.8,-31.05,239.45008544921));
#532 = VECTOR('',#533,1.);
#533 = DIRECTION('',(0.,1.,0.));
#534 = ORIENTED_EDGE('',*,*,#535,.F.);
#535 = EDGE_CURVE('',#536,#528,#538,.T.);
#536 = VERTEX_POINT('',#537);
#537 = CARTESIAN_POINT('',(87.8,-32.,239.80277563773));
#538 = CIRCLE('',#539,3.5);
#539 = AXIS2_PLACEMENT_3D('',#540,#541,#542);
#540 = CARTESIAN_POINT('',(87.8,-29.,238.));
#541 = DIRECTION('',(1.,-0.,0.));
#542 = DIRECTION('',(0.,0.,-1.));
#543 = ORIENTED_EDGE('',*,*,#544,.T.);
#544 = EDGE_CURVE('',#536,#545,#547,.T.);
#545 = VERTEX_POINT('',#546);
#546 = CARTESIAN_POINT('',(87.8,-32.,258.19722436226));
#547 = LINE('',#548,#549);
#548 = CARTESIAN_POINT('',(87.8,-32.,233.45008544921));
#549 = VECTOR('',#550,1.);
#550 = DIRECTION('',(0.,0.,1.));
#551 = ORIENTED_EDGE('',*,*,#552,.F.);
#552 = EDGE_CURVE('',#553,#545,#555,.T.);
#553 = VERTEX_POINT('',#554);
#554 = CARTESIAN_POINT('',(87.8,-32.,261.80277563773));
#555 = CIRCLE('',#556,3.5);
#556 = AXIS2_PLACEMENT_3D('',#557,#558,#559);
#557 = CARTESIAN_POINT('',(87.8,-29.,260.));
#558 = DIRECTION('',(1.,-0.,0.));
#559 = DIRECTION('',(0.,0.,-1.));
#560 = ORIENTED_EDGE('',*,*,#561,.T.);
#561 = EDGE_CURVE('',#553,#562,#564,.T.);
#562 = VERTEX_POINT('',#563);
#563 = CARTESIAN_POINT('',(87.8,-32.,262.));
#564 = LINE('',#565,#566);
#565 = CARTESIAN_POINT('',(87.8,-32.,233.45008544921));
#566 = VECTOR('',#567,1.);
#567 = DIRECTION('',(0.,0.,1.));
#568 = ORIENTED_EDGE('',*,*,#569,.T.);
#569 = EDGE_CURVE('',#562,#369,#570,.T.);
#570 = LINE('',#571,#572);
#571 = CARTESIAN_POINT('',(87.8,-32.,262.));
#572 = VECTOR('',#573,1.);
#573 = DIRECTION('',(0.,1.,0.));
#574 = FACE_BOUND('',#575,.T.);
#575 = EDGE_LOOP('',(#576));
#576 = ORIENTED_EDGE('',*,*,#577,.F.);
#577 = EDGE_CURVE('',#578,#578,#580,.T.);
#578 = VERTEX_POINT('',#579);
#579 = CARTESIAN_POINT('',(87.8,29.,258.9));
#580 = CIRCLE('',#581,1.1);
#581 = AXIS2_PLACEMENT_3D('',#582,#583,#584);
#582 = CARTESIAN_POINT('',(87.8,29.,260.));
#583 = DIRECTION('',(-1.,-0.,-2.2E-16));
#584 = DIRECTION('',(2.2E-16,0.,-1.));
#585 = FACE_BOUND('',#586,.T.);
#586 = EDGE_LOOP('',(#587));
#587 = ORIENTED_EDGE('',*,*,#588,.F.);
#588 = EDGE_CURVE('',#589,#589,#591,.T.);
#589 = VERTEX_POINT('',#590);
#590 = CARTESIAN_POINT('',(87.8,-29.,258.9));
#591 = CIRCLE('',#592,1.1);
#592 = AXIS2_PLACEMENT_3D('',#593,#594,#595);
#593 = CARTESIAN_POINT('',(87.8,-29.,260.));
#594 = DIRECTION('',(-1.,-0.,-2.2E-16));
#595 = DIRECTION('',(2.2E-16,0.,-1.));
#596 = PLANE('',#597);
#597 = AXIS2_PLACEMENT_3D('',#598,#599,#600);
#598 = CARTESIAN_POINT('',(87.8,-9.98E-15,256.8176320348));
#599 = DIRECTION('',(-1.,-0.,-0.));
#600 = DIRECTION('',(0.,0.,-1.));
#601 = ADVANCED_FACE('',(#602),#620,.F.);
#602 = FACE_BOUND('',#603,.F.);
#603 = EDGE_LOOP('',(#604,#612,#613,#614));
#604 = ORIENTED_EDGE('',*,*,#605,.T.);
#605 = EDGE_CURVE('',#606,#478,#608,.T.);
#606 = VERTEX_POINT('',#607);
#607 = CARTESIAN_POINT('',(92.8,26.,261.80277563773));
#608 = LINE('',#609,#610);
#609 = CARTESIAN_POINT('',(87.8,26.,261.80277563773));
#610 = VECTOR('',#611,1.);
#611 = DIRECTION('',(-1.,-0.,-2.2E-16));
#612 = ORIENTED_EDGE('',*,*,#486,.T.);
#613 = ORIENTED_EDGE('',*,*,#352,.T.);
#614 = ORIENTED_EDGE('',*,*,#615,.F.);
#615 = EDGE_CURVE('',#606,#345,#616,.T.);
#616 = LINE('',#617,#618);
#617 = CARTESIAN_POINT('',(92.8,26.,233.45008544921));
#618 = VECTOR('',#619,1.);
#619 = DIRECTION('',(0.,0.,1.));
#620 = PLANE('',#621);
#621 = AXIS2_PLACEMENT_3D('',#622,#623,#624);
#622 = CARTESIAN_POINT('',(87.8,26.,233.45008544921));
#623 = DIRECTION('',(0.,1.,0.));
#624 = DIRECTION('',(0.,0.,1.));
#625 = ADVANCED_FACE('',(#626,#862,#873,#884,#895),#906,.T.);
#626 = FACE_BOUND('',#627,.T.);
#627 = EDGE_LOOP('',(#628,#639,#647,#655,#664,#672,#681,#689,#697,#705,
    #714,#722,#731,#737,#738,#739,#748,#756,#765,#773,#781,#789,#798,
    #806,#815,#823,#831,#840,#848,#856));
#628 = ORIENTED_EDGE('',*,*,#629,.T.);
#629 = EDGE_CURVE('',#630,#632,#634,.T.);
#630 = VERTEX_POINT('',#631);
#631 = CARTESIAN_POINT('',(92.8,-29.,263.5));
#632 = VERTEX_POINT('',#633);
#633 = CARTESIAN_POINT('',(92.8,-31.87228132326,262.));
#634 = CIRCLE('',#635,3.5);
#635 = AXIS2_PLACEMENT_3D('',#636,#637,#638);
#636 = CARTESIAN_POINT('',(92.8,-29.,260.));
#637 = DIRECTION('',(1.,-0.,0.));
#638 = DIRECTION('',(0.,0.,-1.));
#639 = ORIENTED_EDGE('',*,*,#640,.F.);
#640 = EDGE_CURVE('',#641,#632,#643,.T.);
#641 = VERTEX_POINT('',#642);
#642 = CARTESIAN_POINT('',(92.8,-32.,262.));
#643 = LINE('',#644,#645);
#644 = CARTESIAN_POINT('',(92.8,-32.,262.));
#645 = VECTOR('',#646,1.);
#646 = DIRECTION('',(0.,1.,0.));
#647 = ORIENTED_EDGE('',*,*,#648,.F.);
#648 = EDGE_CURVE('',#649,#641,#651,.T.);
#649 = VERTEX_POINT('',#650);
#650 = CARTESIAN_POINT('',(92.8,-32.,261.80277563773));
#651 = LINE('',#652,#653);
#652 = CARTESIAN_POINT('',(92.8,-32.,233.45008544921));
#653 = VECTOR('',#654,1.);
#654 = DIRECTION('',(0.,0.,1.));
#655 = ORIENTED_EDGE('',*,*,#656,.T.);
#656 = EDGE_CURVE('',#649,#657,#659,.T.);
#657 = VERTEX_POINT('',#658);
#658 = CARTESIAN_POINT('',(92.8,-32.,258.19722436226));
#659 = CIRCLE('',#660,3.5);
#660 = AXIS2_PLACEMENT_3D('',#661,#662,#663);
#661 = CARTESIAN_POINT('',(92.8,-29.,260.));
#662 = DIRECTION('',(1.,-0.,0.));
#663 = DIRECTION('',(0.,0.,-1.));
#664 = ORIENTED_EDGE('',*,*,#665,.F.);
#665 = EDGE_CURVE('',#666,#657,#668,.T.);
#666 = VERTEX_POINT('',#667);
#667 = CARTESIAN_POINT('',(92.8,-32.,239.80277563773));
#668 = LINE('',#669,#670);
#669 = CARTESIAN_POINT('',(92.8,-32.,233.45008544921));
#670 = VECTOR('',#671,1.);
#671 = DIRECTION('',(0.,0.,1.));
#672 = ORIENTED_EDGE('',*,*,#673,.T.);
#673 = EDGE_CURVE('',#666,#674,#676,.T.);
#674 = VERTEX_POINT('',#675);
#675 = CARTESIAN_POINT('',(92.8,-32.,236.19722436226));
#676 = CIRCLE('',#677,3.5);
#677 = AXIS2_PLACEMENT_3D('',#678,#679,#680);
#678 = CARTESIAN_POINT('',(92.8,-29.,238.));
#679 = DIRECTION('',(1.,-0.,0.));
#680 = DIRECTION('',(0.,0.,-1.));
#681 = ORIENTED_EDGE('',*,*,#682,.F.);
#682 = EDGE_CURVE('',#683,#674,#685,.T.);
#683 = VERTEX_POINT('',#684);
#684 = CARTESIAN_POINT('',(92.8,-32.,233.45008544921));
#685 = LINE('',#686,#687);
#686 = CARTESIAN_POINT('',(92.8,-32.,233.45008544921));
#687 = VECTOR('',#688,1.);
#688 = DIRECTION('',(0.,0.,1.));
#689 = ORIENTED_EDGE('',*,*,#690,.T.);
#690 = EDGE_CURVE('',#683,#691,#693,.T.);
#691 = VERTEX_POINT('',#692);
#692 = CARTESIAN_POINT('',(92.8,-26.,233.45008544921));
#693 = LINE('',#694,#695);
#694 = CARTESIAN_POINT('',(92.8,-32.,233.45008544921));
#695 = VECTOR('',#696,1.);
#696 = DIRECTION('',(0.,1.,0.));
#697 = ORIENTED_EDGE('',*,*,#698,.T.);
#698 = EDGE_CURVE('',#691,#699,#701,.T.);
#699 = VERTEX_POINT('',#700);
#700 = CARTESIAN_POINT('',(92.8,-26.,236.19722436226));
#701 = LINE('',#702,#703);
#702 = CARTESIAN_POINT('',(92.8,-26.,233.45008544921));
#703 = VECTOR('',#704,1.);
#704 = DIRECTION('',(0.,0.,1.));
#705 = ORIENTED_EDGE('',*,*,#706,.T.);
#706 = EDGE_CURVE('',#699,#707,#709,.T.);
#707 = VERTEX_POINT('',#708);
#708 = CARTESIAN_POINT('',(92.8,-26.,239.80277563773));
#709 = CIRCLE('',#710,3.5);
#710 = AXIS2_PLACEMENT_3D('',#711,#712,#713);
#711 = CARTESIAN_POINT('',(92.8,-29.,238.));
#712 = DIRECTION('',(1.,-0.,0.));
#713 = DIRECTION('',(0.,0.,-1.));
#714 = ORIENTED_EDGE('',*,*,#715,.T.);
#715 = EDGE_CURVE('',#707,#716,#718,.T.);
#716 = VERTEX_POINT('',#717);
#717 = CARTESIAN_POINT('',(92.8,-26.,258.19722436226));
#718 = LINE('',#719,#720);
#719 = CARTESIAN_POINT('',(92.8,-26.,233.45008544921));
#720 = VECTOR('',#721,1.);
#721 = DIRECTION('',(0.,0.,1.));
#722 = ORIENTED_EDGE('',*,*,#723,.T.);
#723 = EDGE_CURVE('',#716,#724,#726,.T.);
#724 = VERTEX_POINT('',#725);
#725 = CARTESIAN_POINT('',(92.8,-26.,261.80277563773));
#726 = CIRCLE('',#727,3.5);
#727 = AXIS2_PLACEMENT_3D('',#728,#729,#730);
#728 = CARTESIAN_POINT('',(92.8,-29.,260.));
#729 = DIRECTION('',(1.,-0.,0.));
#730 = DIRECTION('',(0.,0.,-1.));
#731 = ORIENTED_EDGE('',*,*,#732,.T.);
#732 = EDGE_CURVE('',#724,#337,#733,.T.);
#733 = LINE('',#734,#735);
#734 = CARTESIAN_POINT('',(92.8,-26.,233.45008544921));
#735 = VECTOR('',#736,1.);
#736 = DIRECTION('',(0.,0.,1.));
#737 = ORIENTED_EDGE('',*,*,#344,.T.);
#738 = ORIENTED_EDGE('',*,*,#615,.F.);
#739 = ORIENTED_EDGE('',*,*,#740,.T.);
#740 = EDGE_CURVE('',#606,#741,#743,.T.);
#741 = VERTEX_POINT('',#742);
#742 = CARTESIAN_POINT('',(92.8,26.,258.19722436226));
#743 = CIRCLE('',#744,3.5);
#744 = AXIS2_PLACEMENT_3D('',#745,#746,#747);
#745 = CARTESIAN_POINT('',(92.8,29.,260.));
#746 = DIRECTION('',(1.,-0.,0.));
#747 = DIRECTION('',(0.,0.,-1.));
#748 = ORIENTED_EDGE('',*,*,#749,.F.);
#749 = EDGE_CURVE('',#750,#741,#752,.T.);
#750 = VERTEX_POINT('',#751);
#751 = CARTESIAN_POINT('',(92.8,26.,239.80277563773));
#752 = LINE('',#753,#754);
#753 = CARTESIAN_POINT('',(92.8,26.,233.45008544921));
#754 = VECTOR('',#755,1.);
#755 = DIRECTION('',(0.,0.,1.));
#756 = ORIENTED_EDGE('',*,*,#757,.T.);
#757 = EDGE_CURVE('',#750,#758,#760,.T.);
#758 = VERTEX_POINT('',#759);
#759 = CARTESIAN_POINT('',(92.8,26.,236.19722436226));
#760 = CIRCLE('',#761,3.5);
#761 = AXIS2_PLACEMENT_3D('',#762,#763,#764);
#762 = CARTESIAN_POINT('',(92.8,29.,238.));
#763 = DIRECTION('',(1.,-0.,0.));
#764 = DIRECTION('',(0.,0.,-1.));
#765 = ORIENTED_EDGE('',*,*,#766,.F.);
#766 = EDGE_CURVE('',#767,#758,#769,.T.);
#767 = VERTEX_POINT('',#768);
#768 = CARTESIAN_POINT('',(92.8,26.,233.45008544921));
#769 = LINE('',#770,#771);
#770 = CARTESIAN_POINT('',(92.8,26.,233.45008544921));
#771 = VECTOR('',#772,1.);
#772 = DIRECTION('',(0.,0.,1.));
#773 = ORIENTED_EDGE('',*,*,#774,.T.);
#774 = EDGE_CURVE('',#767,#775,#777,.T.);
#775 = VERTEX_POINT('',#776);
#776 = CARTESIAN_POINT('',(92.8,32.,233.45008544921));
#777 = LINE('',#778,#779);
#778 = CARTESIAN_POINT('',(92.8,26.,233.45008544921));
#779 = VECTOR('',#780,1.);
#780 = DIRECTION('',(0.,1.,0.));
#781 = ORIENTED_EDGE('',*,*,#782,.T.);
#782 = EDGE_CURVE('',#775,#783,#785,.T.);
#783 = VERTEX_POINT('',#784);
#784 = CARTESIAN_POINT('',(92.8,32.,236.19722436226));
#785 = LINE('',#786,#787);
#786 = CARTESIAN_POINT('',(92.8,32.,233.45008544921));
#787 = VECTOR('',#788,1.);
#788 = DIRECTION('',(0.,0.,1.));
#789 = ORIENTED_EDGE('',*,*,#790,.T.);
#790 = EDGE_CURVE('',#783,#791,#793,.T.);
#791 = VERTEX_POINT('',#792);
#792 = CARTESIAN_POINT('',(92.8,32.,239.80277563773));
#793 = CIRCLE('',#794,3.5);
#794 = AXIS2_PLACEMENT_3D('',#795,#796,#797);
#795 = CARTESIAN_POINT('',(92.8,29.,238.));
#796 = DIRECTION('',(1.,-0.,0.));
#797 = DIRECTION('',(0.,0.,-1.));
#798 = ORIENTED_EDGE('',*,*,#799,.T.);
#799 = EDGE_CURVE('',#791,#800,#802,.T.);
#800 = VERTEX_POINT('',#801);
#801 = CARTESIAN_POINT('',(92.8,32.,258.19722436226));
#802 = LINE('',#803,#804);
#803 = CARTESIAN_POINT('',(92.8,32.,233.45008544921));
#804 = VECTOR('',#805,1.);
#805 = DIRECTION('',(0.,0.,1.));
#806 = ORIENTED_EDGE('',*,*,#807,.T.);
#807 = EDGE_CURVE('',#800,#808,#810,.T.);
#808 = VERTEX_POINT('',#809);
#809 = CARTESIAN_POINT('',(92.8,32.,261.80277563773));
#810 = CIRCLE('',#811,3.5);
#811 = AXIS2_PLACEMENT_3D('',#812,#813,#814);
#812 = CARTESIAN_POINT('',(92.8,29.,260.));
#813 = DIRECTION('',(1.,-0.,0.));
#814 = DIRECTION('',(0.,0.,-1.));
#815 = ORIENTED_EDGE('',*,*,#816,.T.);
#816 = EDGE_CURVE('',#808,#817,#819,.T.);
#817 = VERTEX_POINT('',#818);
#818 = CARTESIAN_POINT('',(92.8,32.,262.));
#819 = LINE('',#820,#821);
#820 = CARTESIAN_POINT('',(92.8,32.,233.45008544921));
#821 = VECTOR('',#822,1.);
#822 = DIRECTION('',(0.,0.,1.));
#823 = ORIENTED_EDGE('',*,*,#824,.F.);
#824 = EDGE_CURVE('',#825,#817,#827,.T.);
#825 = VERTEX_POINT('',#826);
#826 = CARTESIAN_POINT('',(92.8,31.872281323269,262.));
#827 = LINE('',#828,#829);
#828 = CARTESIAN_POINT('',(92.8,26.,262.));
#829 = VECTOR('',#830,1.);
#830 = DIRECTION('',(0.,1.,0.));
#831 = ORIENTED_EDGE('',*,*,#832,.T.);
#832 = EDGE_CURVE('',#825,#833,#835,.T.);
#833 = VERTEX_POINT('',#834);
#834 = CARTESIAN_POINT('',(92.8,29.,263.5));
#835 = CIRCLE('',#836,3.5);
#836 = AXIS2_PLACEMENT_3D('',#837,#838,#839);
#837 = CARTESIAN_POINT('',(92.8,29.,260.));
#838 = DIRECTION('',(1.,-0.,0.));
#839 = DIRECTION('',(0.,0.,-1.));
#840 = ORIENTED_EDGE('',*,*,#841,.T.);
#841 = EDGE_CURVE('',#833,#842,#844,.T.);
#842 = VERTEX_POINT('',#843);
#843 = CARTESIAN_POINT('',(92.8,29.,264.5));
#844 = LINE('',#845,#846);
#845 = CARTESIAN_POINT('',(92.8,29.,262.));
#846 = VECTOR('',#847,1.);
#847 = DIRECTION('',(0.,0.,1.));
#848 = ORIENTED_EDGE('',*,*,#849,.F.);
#849 = EDGE_CURVE('',#850,#842,#852,.T.);
#850 = VERTEX_POINT('',#851);
#851 = CARTESIAN_POINT('',(92.8,-29.,264.5));
#852 = LINE('',#853,#854);
#853 = CARTESIAN_POINT('',(92.8,-29.,264.5));
#854 = VECTOR('',#855,1.);
#855 = DIRECTION('',(0.,1.,0.));
#856 = ORIENTED_EDGE('',*,*,#857,.F.);
#857 = EDGE_CURVE('',#630,#850,#858,.T.);
#858 = LINE('',#859,#860);
#859 = CARTESIAN_POINT('',(92.8,-29.,262.));
#860 = VECTOR('',#861,1.);
#861 = DIRECTION('',(0.,0.,1.));
#862 = FACE_BOUND('',#863,.T.);
#863 = EDGE_LOOP('',(#864));
#864 = ORIENTED_EDGE('',*,*,#865,.T.);
#865 = EDGE_CURVE('',#866,#866,#868,.T.);
#866 = VERTEX_POINT('',#867);
#867 = CARTESIAN_POINT('',(92.8,29.,236.9));
#868 = CIRCLE('',#869,1.1);
#869 = AXIS2_PLACEMENT_3D('',#870,#871,#872);
#870 = CARTESIAN_POINT('',(92.8,29.,238.));
#871 = DIRECTION('',(-1.,-0.,-2.2E-16));
#872 = DIRECTION('',(2.2E-16,0.,-1.));
#873 = FACE_BOUND('',#874,.T.);
#874 = EDGE_LOOP('',(#875));
#875 = ORIENTED_EDGE('',*,*,#876,.T.);
#876 = EDGE_CURVE('',#877,#877,#879,.T.);
#877 = VERTEX_POINT('',#878);
#878 = CARTESIAN_POINT('',(92.8,29.,258.9));
#879 = CIRCLE('',#880,1.1);
#880 = AXIS2_PLACEMENT_3D('',#881,#882,#883);
#881 = CARTESIAN_POINT('',(92.8,29.,260.));
#882 = DIRECTION('',(-1.,-0.,-2.2E-16));
#883 = DIRECTION('',(2.2E-16,0.,-1.));
#884 = FACE_BOUND('',#885,.T.);
#885 = EDGE_LOOP('',(#886));
#886 = ORIENTED_EDGE('',*,*,#887,.T.);
#887 = EDGE_CURVE('',#888,#888,#890,.T.);
#888 = VERTEX_POINT('',#889);
#889 = CARTESIAN_POINT('',(92.8,-29.,236.9));
#890 = CIRCLE('',#891,1.1);
#891 = AXIS2_PLACEMENT_3D('',#892,#893,#894);
#892 = CARTESIAN_POINT('',(92.8,-29.,238.));
#893 = DIRECTION('',(-1.,-0.,-2.2E-16));
#894 = DIRECTION('',(2.2E-16,0.,-1.));
#895 = FACE_BOUND('',#896,.T.);
#896 = EDGE_LOOP('',(#897));
#897 = ORIENTED_EDGE('',*,*,#898,.T.);
#898 = EDGE_CURVE('',#899,#899,#901,.T.);
#899 = VERTEX_POINT('',#900);
#900 = CARTESIAN_POINT('',(92.8,-29.,258.9));
#901 = CIRCLE('',#902,1.1);
#902 = AXIS2_PLACEMENT_3D('',#903,#904,#905);
#903 = CARTESIAN_POINT('',(92.8,-29.,260.));
#904 = DIRECTION('',(-1.,-0.,-2.2E-16));
#905 = DIRECTION('',(2.2E-16,0.,-1.));
#906 = PLANE('',#907);
#907 = AXIS2_PLACEMENT_3D('',#908,#909,#910);
#908 = CARTESIAN_POINT('',(92.8,-1.107E-14,254.55783563071));
#909 = DIRECTION('',(1.,0.,0.));
#910 = DIRECTION('',(0.,0.,1.));
#911 = ADVANCED_FACE('',(#912),#923,.T.);
#912 = FACE_BOUND('',#913,.T.);
#913 = EDGE_LOOP('',(#914,#920,#921,#922));
#914 = ORIENTED_EDGE('',*,*,#915,.T.);
#915 = EDGE_CURVE('',#724,#494,#916,.T.);
#916 = LINE('',#917,#918);
#917 = CARTESIAN_POINT('',(87.8,-26.,261.80277563773));
#918 = VECTOR('',#919,1.);
#919 = DIRECTION('',(-1.,-0.,-2.2E-16));
#920 = ORIENTED_EDGE('',*,*,#493,.T.);
#921 = ORIENTED_EDGE('',*,*,#336,.T.);
#922 = ORIENTED_EDGE('',*,*,#732,.F.);
#923 = PLANE('',#924);
#924 = AXIS2_PLACEMENT_3D('',#925,#926,#927);
#925 = CARTESIAN_POINT('',(87.8,-26.,233.45008544921));
#926 = DIRECTION('',(0.,1.,0.));
#927 = DIRECTION('',(0.,0.,1.));
#928 = ADVANCED_FACE('',(#929),#979,.T.);
#929 = FACE_BOUND('',#930,.F.);
#930 = EDGE_LOOP('',(#931,#932,#940,#949,#957,#966,#972,#973));
#931 = ORIENTED_EDGE('',*,*,#629,.T.);
#932 = ORIENTED_EDGE('',*,*,#933,.T.);
#933 = EDGE_CURVE('',#632,#934,#936,.T.);
#934 = VERTEX_POINT('',#935);
#935 = CARTESIAN_POINT('',(90.1,-31.87228132326,262.));
#936 = LINE('',#937,#938);
#937 = CARTESIAN_POINT('',(87.8,-31.87228132326,262.));
#938 = VECTOR('',#939,1.);
#939 = DIRECTION('',(-1.,-0.,-2.2E-16));
#940 = ORIENTED_EDGE('',*,*,#941,.T.);
#941 = EDGE_CURVE('',#934,#942,#944,.T.);
#942 = VERTEX_POINT('',#943);
#943 = CARTESIAN_POINT('',(90.1,-31.8,262.1));
#944 = CIRCLE('',#945,3.5);
#945 = AXIS2_PLACEMENT_3D('',#946,#947,#948);
#946 = CARTESIAN_POINT('',(90.1,-29.,260.));
#947 = DIRECTION('',(-1.,-0.,-2.2E-16));
#948 = DIRECTION('',(2.2E-16,0.,-1.));
#949 = ORIENTED_EDGE('',*,*,#950,.T.);
#950 = EDGE_CURVE('',#942,#951,#953,.T.);
#951 = VERTEX_POINT('',#952);
#952 = CARTESIAN_POINT('',(88.3,-31.8,262.1));
#953 = LINE('',#954,#955);
#954 = CARTESIAN_POINT('',(87.8,-31.8,262.1));
#955 = VECTOR('',#956,1.);
#956 = DIRECTION('',(-1.,-0.,-2.2E-16));
#957 = ORIENTED_EDGE('',*,*,#958,.F.);
#958 = EDGE_CURVE('',#959,#951,#961,.T.);
#959 = VERTEX_POINT('',#960);
#960 = CARTESIAN_POINT('',(88.3,-31.87228132326,262.));
#961 = CIRCLE('',#962,3.5);
#962 = AXIS2_PLACEMENT_3D('',#963,#964,#965);
#963 = CARTESIAN_POINT('',(88.3,-29.,260.));
#964 = DIRECTION('',(-1.,-0.,-2.2E-16));
#965 = DIRECTION('',(2.2E-16,0.,-1.));
#966 = ORIENTED_EDGE('',*,*,#967,.T.);
#967 = EDGE_CURVE('',#959,#369,#968,.T.);
#968 = LINE('',#969,#970);
#969 = CARTESIAN_POINT('',(87.8,-31.87228132326,262.));
#970 = VECTOR('',#971,1.);
#971 = DIRECTION('',(-1.,-0.,-2.2E-16));
#972 = ORIENTED_EDGE('',*,*,#366,.F.);
#973 = ORIENTED_EDGE('',*,*,#974,.F.);
#974 = EDGE_CURVE('',#630,#367,#975,.T.);
#975 = LINE('',#976,#977);
#976 = CARTESIAN_POINT('',(87.8,-29.,263.5));
#977 = VECTOR('',#978,1.);
#978 = DIRECTION('',(-1.,-0.,-2.2E-16));
#979 = CYLINDRICAL_SURFACE('',#980,3.5);
#980 = AXIS2_PLACEMENT_3D('',#981,#982,#983);
#981 = CARTESIAN_POINT('',(87.8,-29.,260.));
#982 = DIRECTION('',(-1.,-0.,0.));
#983 = DIRECTION('',(0.,0.,-1.));
#984 = ADVANCED_FACE('',(#985),#996,.F.);
#985 = FACE_BOUND('',#986,.F.);
#986 = EDGE_LOOP('',(#987,#988,#989,#995));
#987 = ORIENTED_EDGE('',*,*,#974,.T.);
#988 = ORIENTED_EDGE('',*,*,#377,.T.);
#989 = ORIENTED_EDGE('',*,*,#990,.T.);
#990 = EDGE_CURVE('',#378,#850,#991,.T.);
#991 = LINE('',#992,#993);
#992 = CARTESIAN_POINT('',(87.8,-29.,264.5));
#993 = VECTOR('',#994,1.);
#994 = DIRECTION('',(1.,0.,0.));
#995 = ORIENTED_EDGE('',*,*,#857,.F.);
#996 = PLANE('',#997);
#997 = AXIS2_PLACEMENT_3D('',#998,#999,#1000);
#998 = CARTESIAN_POINT('',(87.8,-29.,262.));
#999 = DIRECTION('',(0.,1.,0.));
#1000 = DIRECTION('',(0.,0.,1.));
#1001 = ADVANCED_FACE('',(#1002),#1020,.T.);
#1002 = FACE_BOUND('',#1003,.T.);
#1003 = EDGE_LOOP('',(#1004,#1005,#1013,#1019));
#1004 = ORIENTED_EDGE('',*,*,#569,.F.);
#1005 = ORIENTED_EDGE('',*,*,#1006,.T.);
#1006 = EDGE_CURVE('',#562,#1007,#1009,.T.);
#1007 = VERTEX_POINT('',#1008);
#1008 = CARTESIAN_POINT('',(88.3,-32.,262.));
#1009 = LINE('',#1010,#1011);
#1010 = CARTESIAN_POINT('',(87.8,-32.,262.));
#1011 = VECTOR('',#1012,1.);
#1012 = DIRECTION('',(1.,0.,0.));
#1013 = ORIENTED_EDGE('',*,*,#1014,.T.);
#1014 = EDGE_CURVE('',#1007,#959,#1015,.T.);
#1015 = LINE('',#1016,#1017);
#1016 = CARTESIAN_POINT('',(88.3,-32.3,262.));
#1017 = VECTOR('',#1018,1.);
#1018 = DIRECTION('',(0.,1.,0.));
#1019 = ORIENTED_EDGE('',*,*,#967,.T.);
#1020 = PLANE('',#1021);
#1021 = AXIS2_PLACEMENT_3D('',#1022,#1023,#1024);
#1022 = CARTESIAN_POINT('',(87.8,-32.,262.));
#1023 = DIRECTION('',(0.,0.,1.));
#1024 = DIRECTION('',(1.,0.,0.));
#1025 = ADVANCED_FACE('',(#1026),#1037,.T.);
#1026 = FACE_BOUND('',#1027,.T.);
#1027 = EDGE_LOOP('',(#1028,#1029,#1030,#1031));
#1028 = ORIENTED_EDGE('',*,*,#385,.F.);
#1029 = ORIENTED_EDGE('',*,*,#990,.T.);
#1030 = ORIENTED_EDGE('',*,*,#849,.T.);
#1031 = ORIENTED_EDGE('',*,*,#1032,.F.);
#1032 = EDGE_CURVE('',#386,#842,#1033,.T.);
#1033 = LINE('',#1034,#1035);
#1034 = CARTESIAN_POINT('',(87.8,29.,264.5));
#1035 = VECTOR('',#1036,1.);
#1036 = DIRECTION('',(1.,0.,0.));
#1037 = PLANE('',#1038);
#1038 = AXIS2_PLACEMENT_3D('',#1039,#1040,#1041);
#1039 = CARTESIAN_POINT('',(87.8,-29.,264.5));
#1040 = DIRECTION('',(0.,0.,1.));
#1041 = DIRECTION('',(1.,0.,0.));
#1042 = ADVANCED_FACE('',(#1043),#1061,.F.);
#1043 = FACE_BOUND('',#1044,.F.);
#1044 = EDGE_LOOP('',(#1045,#1053,#1059,#1060));
#1045 = ORIENTED_EDGE('',*,*,#1046,.T.);
#1046 = EDGE_CURVE('',#1007,#1047,#1049,.T.);
#1047 = VERTEX_POINT('',#1048);
#1048 = CARTESIAN_POINT('',(88.3,-32.,261.80277563773));
#1049 = LINE('',#1050,#1051);
#1050 = CARTESIAN_POINT('',(88.3,-32.,245.6750427246));
#1051 = VECTOR('',#1052,1.);
#1052 = DIRECTION('',(0.,0.,-1.));
#1053 = ORIENTED_EDGE('',*,*,#1054,.T.);
#1054 = EDGE_CURVE('',#1047,#553,#1055,.T.);
#1055 = LINE('',#1056,#1057);
#1056 = CARTESIAN_POINT('',(87.8,-32.,261.80277563773));
#1057 = VECTOR('',#1058,1.);
#1058 = DIRECTION('',(-1.,-0.,-2.2E-16));
#1059 = ORIENTED_EDGE('',*,*,#561,.T.);
#1060 = ORIENTED_EDGE('',*,*,#1006,.T.);
#1061 = PLANE('',#1062);
#1062 = AXIS2_PLACEMENT_3D('',#1063,#1064,#1065);
#1063 = CARTESIAN_POINT('',(87.8,-32.,233.45008544921));
#1064 = DIRECTION('',(0.,1.,0.));
#1065 = DIRECTION('',(0.,0.,1.));
#1066 = ADVANCED_FACE('',(#1067),#1078,.T.);
#1067 = FACE_BOUND('',#1068,.T.);
#1068 = EDGE_LOOP('',(#1069,#1075,#1076,#1077));
#1069 = ORIENTED_EDGE('',*,*,#1070,.T.);
#1070 = EDGE_CURVE('',#833,#394,#1071,.T.);
#1071 = LINE('',#1072,#1073);
#1072 = CARTESIAN_POINT('',(87.8,29.,263.5));
#1073 = VECTOR('',#1074,1.);
#1074 = DIRECTION('',(-1.,-0.,-2.2E-16));
#1075 = ORIENTED_EDGE('',*,*,#393,.T.);
#1076 = ORIENTED_EDGE('',*,*,#1032,.T.);
#1077 = ORIENTED_EDGE('',*,*,#841,.F.);
#1078 = PLANE('',#1079);
#1079 = AXIS2_PLACEMENT_3D('',#1080,#1081,#1082);
#1080 = CARTESIAN_POINT('',(87.8,29.,262.));
#1081 = DIRECTION('',(0.,1.,0.));
#1082 = DIRECTION('',(0.,0.,1.));
#1083 = ADVANCED_FACE('',(#1084),#1103,.T.);
#1084 = FACE_BOUND('',#1085,.F.);
#1085 = EDGE_LOOP('',(#1086,#1095,#1101,#1102));
#1086 = ORIENTED_EDGE('',*,*,#1087,.F.);
#1087 = EDGE_CURVE('',#1088,#1047,#1090,.T.);
#1088 = VERTEX_POINT('',#1089);
#1089 = CARTESIAN_POINT('',(88.3,-32.,258.19722436226));
#1090 = CIRCLE('',#1091,3.5);
#1091 = AXIS2_PLACEMENT_3D('',#1092,#1093,#1094);
#1092 = CARTESIAN_POINT('',(88.3,-29.,260.));
#1093 = DIRECTION('',(-1.,-0.,-2.2E-16));
#1094 = DIRECTION('',(2.2E-16,0.,-1.));
#1095 = ORIENTED_EDGE('',*,*,#1096,.T.);
#1096 = EDGE_CURVE('',#1088,#545,#1097,.T.);
#1097 = LINE('',#1098,#1099);
#1098 = CARTESIAN_POINT('',(87.8,-32.,258.19722436226));
#1099 = VECTOR('',#1100,1.);
#1100 = DIRECTION('',(-1.,-0.,-2.2E-16));
#1101 = ORIENTED_EDGE('',*,*,#552,.F.);
#1102 = ORIENTED_EDGE('',*,*,#1054,.F.);
#1103 = CYLINDRICAL_SURFACE('',#1104,3.5);
#1104 = AXIS2_PLACEMENT_3D('',#1105,#1106,#1107);
#1105 = CARTESIAN_POINT('',(87.8,-29.,260.));
#1106 = DIRECTION('',(-1.,-0.,0.));
#1107 = DIRECTION('',(0.,0.,-1.));
#1108 = ADVANCED_FACE('',(#1109),#1144,.T.);
#1109 = FACE_BOUND('',#1110,.F.);
#1110 = EDGE_LOOP('',(#1111,#1112,#1118,#1119,#1127,#1136,#1142,#1143));
#1111 = ORIENTED_EDGE('',*,*,#401,.F.);
#1112 = ORIENTED_EDGE('',*,*,#1113,.F.);
#1113 = EDGE_CURVE('',#284,#402,#1114,.T.);
#1114 = LINE('',#1115,#1116);
#1115 = CARTESIAN_POINT('',(87.8,31.872281323269,262.));
#1116 = VECTOR('',#1117,1.);
#1117 = DIRECTION('',(-1.,-0.,-2.2E-16));
#1118 = ORIENTED_EDGE('',*,*,#291,.F.);
#1119 = ORIENTED_EDGE('',*,*,#1120,.F.);
#1120 = EDGE_CURVE('',#1121,#241,#1123,.T.);
#1121 = VERTEX_POINT('',#1122);
#1122 = CARTESIAN_POINT('',(90.1,31.799999999999,262.1));
#1123 = LINE('',#1124,#1125);
#1124 = CARTESIAN_POINT('',(87.8,31.8,262.1));
#1125 = VECTOR('',#1126,1.);
#1126 = DIRECTION('',(-1.,-0.,-2.2E-16));
#1127 = ORIENTED_EDGE('',*,*,#1128,.T.);
#1128 = EDGE_CURVE('',#1121,#1129,#1131,.T.);
#1129 = VERTEX_POINT('',#1130);
#1130 = CARTESIAN_POINT('',(90.1,31.872281323269,262.));
#1131 = CIRCLE('',#1132,3.5);
#1132 = AXIS2_PLACEMENT_3D('',#1133,#1134,#1135);
#1133 = CARTESIAN_POINT('',(90.1,29.,260.));
#1134 = DIRECTION('',(-1.,-0.,-2.2E-16));
#1135 = DIRECTION('',(2.2E-16,0.,-1.));
#1136 = ORIENTED_EDGE('',*,*,#1137,.F.);
#1137 = EDGE_CURVE('',#825,#1129,#1138,.T.);
#1138 = LINE('',#1139,#1140);
#1139 = CARTESIAN_POINT('',(87.8,31.872281323269,262.));
#1140 = VECTOR('',#1141,1.);
#1141 = DIRECTION('',(-1.,-0.,-2.2E-16));
#1142 = ORIENTED_EDGE('',*,*,#832,.T.);
#1143 = ORIENTED_EDGE('',*,*,#1070,.T.);
#1144 = CYLINDRICAL_SURFACE('',#1145,3.5);
#1145 = AXIS2_PLACEMENT_3D('',#1146,#1147,#1148);
#1146 = CARTESIAN_POINT('',(87.8,29.,260.));
#1147 = DIRECTION('',(-1.,-0.,0.));
#1148 = DIRECTION('',(0.,0.,-1.));
#1149 = ADVANCED_FACE('',(#1150),#1223,.F.);
#1150 = FACE_BOUND('',#1151,.F.);
#1151 = EDGE_LOOP('',(#1152,#1153,#1161,#1169,#1177,#1185,#1191,#1192,
    #1193,#1201,#1209,#1217));
#1152 = ORIENTED_EDGE('',*,*,#665,.F.);
#1153 = ORIENTED_EDGE('',*,*,#1154,.T.);
#1154 = EDGE_CURVE('',#666,#1155,#1157,.T.);
#1155 = VERTEX_POINT('',#1156);
#1156 = CARTESIAN_POINT('',(90.1,-32.,239.80277563773));
#1157 = LINE('',#1158,#1159);
#1158 = CARTESIAN_POINT('',(87.8,-32.,239.80277563773));
#1159 = VECTOR('',#1160,1.);
#1160 = DIRECTION('',(-1.,-0.,-2.2E-16));
#1161 = ORIENTED_EDGE('',*,*,#1162,.F.);
#1162 = EDGE_CURVE('',#1163,#1155,#1165,.T.);
#1163 = VERTEX_POINT('',#1164);
#1164 = CARTESIAN_POINT('',(90.1,-32.,240.1));
#1165 = LINE('',#1166,#1167);
#1166 = CARTESIAN_POINT('',(90.1,-32.,234.6750427246));
#1167 = VECTOR('',#1168,1.);
#1168 = DIRECTION('',(0.,0.,-1.));
#1169 = ORIENTED_EDGE('',*,*,#1170,.F.);
#1170 = EDGE_CURVE('',#1171,#1163,#1173,.T.);
#1171 = VERTEX_POINT('',#1172);
#1172 = CARTESIAN_POINT('',(88.3,-32.,240.1));
#1173 = LINE('',#1174,#1175);
#1174 = CARTESIAN_POINT('',(88.05,-32.,240.1));
#1175 = VECTOR('',#1176,1.);
#1176 = DIRECTION('',(1.,0.,0.));
#1177 = ORIENTED_EDGE('',*,*,#1178,.T.);
#1178 = EDGE_CURVE('',#1171,#1179,#1181,.T.);
#1179 = VERTEX_POINT('',#1180);
#1180 = CARTESIAN_POINT('',(88.3,-32.,239.80277563773));
#1181 = LINE('',#1182,#1183);
#1182 = CARTESIAN_POINT('',(88.3,-32.,234.6750427246));
#1183 = VECTOR('',#1184,1.);
#1184 = DIRECTION('',(0.,0.,-1.));
#1185 = ORIENTED_EDGE('',*,*,#1186,.T.);
#1186 = EDGE_CURVE('',#1179,#536,#1187,.T.);
#1187 = LINE('',#1188,#1189);
#1188 = CARTESIAN_POINT('',(87.8,-32.,239.80277563773));
#1189 = VECTOR('',#1190,1.);
#1190 = DIRECTION('',(-1.,-0.,-2.2E-16));
#1191 = ORIENTED_EDGE('',*,*,#544,.T.);
#1192 = ORIENTED_EDGE('',*,*,#1096,.F.);
#1193 = ORIENTED_EDGE('',*,*,#1194,.T.);
#1194 = EDGE_CURVE('',#1088,#1195,#1197,.T.);
#1195 = VERTEX_POINT('',#1196);
#1196 = CARTESIAN_POINT('',(88.3,-32.,257.9));
#1197 = LINE('',#1198,#1199);
#1198 = CARTESIAN_POINT('',(88.3,-32.,245.6750427246));
#1199 = VECTOR('',#1200,1.);
#1200 = DIRECTION('',(0.,0.,-1.));
#1201 = ORIENTED_EDGE('',*,*,#1202,.T.);
#1202 = EDGE_CURVE('',#1195,#1203,#1205,.T.);
#1203 = VERTEX_POINT('',#1204);
#1204 = CARTESIAN_POINT('',(90.1,-32.,257.9));
#1205 = LINE('',#1206,#1207);
#1206 = CARTESIAN_POINT('',(88.05,-32.,257.9));
#1207 = VECTOR('',#1208,1.);
#1208 = DIRECTION('',(1.,0.,0.));
#1209 = ORIENTED_EDGE('',*,*,#1210,.F.);
#1210 = EDGE_CURVE('',#1211,#1203,#1213,.T.);
#1211 = VERTEX_POINT('',#1212);
#1212 = CARTESIAN_POINT('',(90.1,-32.,258.19722436226));
#1213 = LINE('',#1214,#1215);
#1214 = CARTESIAN_POINT('',(90.1,-32.,245.6750427246));
#1215 = VECTOR('',#1216,1.);
#1216 = DIRECTION('',(0.,0.,-1.));
#1217 = ORIENTED_EDGE('',*,*,#1218,.F.);
#1218 = EDGE_CURVE('',#657,#1211,#1219,.T.);
#1219 = LINE('',#1220,#1221);
#1220 = CARTESIAN_POINT('',(87.8,-32.,258.19722436226));
#1221 = VECTOR('',#1222,1.);
#1222 = DIRECTION('',(-1.,-0.,-2.2E-16));
#1223 = PLANE('',#1224);
#1224 = AXIS2_PLACEMENT_3D('',#1225,#1226,#1227);
#1225 = CARTESIAN_POINT('',(87.8,-32.,233.45008544921));
#1226 = DIRECTION('',(0.,1.,0.));
#1227 = DIRECTION('',(0.,0.,1.));
#1228 = ADVANCED_FACE('',(#1229),#1240,.T.);
#1229 = FACE_BOUND('',#1230,.T.);
#1230 = EDGE_LOOP('',(#1231,#1232,#1233,#1234));
#1231 = ORIENTED_EDGE('',*,*,#410,.F.);
#1232 = ORIENTED_EDGE('',*,*,#1113,.F.);
#1233 = ORIENTED_EDGE('',*,*,#283,.T.);
#1234 = ORIENTED_EDGE('',*,*,#1235,.F.);
#1235 = EDGE_CURVE('',#411,#276,#1236,.T.);
#1236 = LINE('',#1237,#1238);
#1237 = CARTESIAN_POINT('',(87.8,32.,262.));
#1238 = VECTOR('',#1239,1.);
#1239 = DIRECTION('',(1.,0.,0.));
#1240 = PLANE('',#1241);
#1241 = AXIS2_PLACEMENT_3D('',#1242,#1243,#1244);
#1242 = CARTESIAN_POINT('',(87.8,26.,262.));
#1243 = DIRECTION('',(0.,0.,1.));
#1244 = DIRECTION('',(1.,0.,0.));
#1245 = ADVANCED_FACE('',(#1246),#1265,.T.);
#1246 = FACE_BOUND('',#1247,.F.);
#1247 = EDGE_LOOP('',(#1248,#1249,#1258,#1264));
#1248 = ORIENTED_EDGE('',*,*,#1186,.F.);
#1249 = ORIENTED_EDGE('',*,*,#1250,.F.);
#1250 = EDGE_CURVE('',#1251,#1179,#1253,.T.);
#1251 = VERTEX_POINT('',#1252);
#1252 = CARTESIAN_POINT('',(88.3,-32.1854751906,239.45008544921));
#1253 = CIRCLE('',#1254,3.5);
#1254 = AXIS2_PLACEMENT_3D('',#1255,#1256,#1257);
#1255 = CARTESIAN_POINT('',(88.3,-29.,238.));
#1256 = DIRECTION('',(-1.,-0.,-2.2E-16));
#1257 = DIRECTION('',(2.2E-16,0.,-1.));
#1258 = ORIENTED_EDGE('',*,*,#1259,.T.);
#1259 = EDGE_CURVE('',#1251,#528,#1260,.T.);
#1260 = LINE('',#1261,#1262);
#1261 = CARTESIAN_POINT('',(87.8,-32.1854751906,239.45008544921));
#1262 = VECTOR('',#1263,1.);
#1263 = DIRECTION('',(-1.,-0.,-2.2E-16));
#1264 = ORIENTED_EDGE('',*,*,#535,.F.);
#1265 = CYLINDRICAL_SURFACE('',#1266,3.5);
#1266 = AXIS2_PLACEMENT_3D('',#1267,#1268,#1269);
#1267 = CARTESIAN_POINT('',(87.8,-29.,238.));
#1268 = DIRECTION('',(-1.,-0.,0.));
#1269 = DIRECTION('',(0.,0.,-1.));
#1270 = ADVANCED_FACE('',(#1271),#1282,.T.);
#1271 = FACE_BOUND('',#1272,.T.);
#1272 = EDGE_LOOP('',(#1273,#1274,#1280,#1281));
#1273 = ORIENTED_EDGE('',*,*,#275,.T.);
#1274 = ORIENTED_EDGE('',*,*,#1275,.T.);
#1275 = EDGE_CURVE('',#267,#419,#1276,.T.);
#1276 = LINE('',#1277,#1278);
#1277 = CARTESIAN_POINT('',(87.8,32.,261.80277563773));
#1278 = VECTOR('',#1279,1.);
#1279 = DIRECTION('',(-1.,-0.,-2.2E-16));
#1280 = ORIENTED_EDGE('',*,*,#418,.T.);
#1281 = ORIENTED_EDGE('',*,*,#1235,.T.);
#1282 = PLANE('',#1283);
#1283 = AXIS2_PLACEMENT_3D('',#1284,#1285,#1286);
#1284 = CARTESIAN_POINT('',(87.8,32.,233.45008544921));
#1285 = DIRECTION('',(0.,1.,0.));
#1286 = DIRECTION('',(0.,0.,1.));
#1287 = ADVANCED_FACE('',(#1288,#1354),#1365,.T.);
#1288 = FACE_BOUND('',#1289,.T.);
#1289 = EDGE_LOOP('',(#1290,#1300,#1308,#1316,#1324,#1332,#1340,#1346,
    #1347,#1348));
#1290 = ORIENTED_EDGE('',*,*,#1291,.T.);
#1291 = EDGE_CURVE('',#1292,#1294,#1296,.T.);
#1292 = VERTEX_POINT('',#1293);
#1293 = CARTESIAN_POINT('',(89.2,-25.81452480939,239.45008544921));
#1294 = VERTEX_POINT('',#1295);
#1295 = CARTESIAN_POINT('',(89.2,-24.9,239.45008544921));
#1296 = LINE('',#1297,#1298);
#1297 = CARTESIAN_POINT('',(89.2,-33.1,239.45008544921));
#1298 = VECTOR('',#1299,1.);
#1299 = DIRECTION('',(0.,1.,0.));
#1300 = ORIENTED_EDGE('',*,*,#1301,.F.);
#1301 = EDGE_CURVE('',#1302,#1294,#1304,.T.);
#1302 = VERTEX_POINT('',#1303);
#1303 = CARTESIAN_POINT('',(79.4,-24.9,239.45008544921));
#1304 = LINE('',#1305,#1306);
#1305 = CARTESIAN_POINT('',(79.4,-24.9,239.45008544921));
#1306 = VECTOR('',#1307,1.);
#1307 = DIRECTION('',(1.,0.,0.));
#1308 = ORIENTED_EDGE('',*,*,#1309,.F.);
#1309 = EDGE_CURVE('',#1310,#1302,#1312,.T.);
#1310 = VERTEX_POINT('',#1311);
#1311 = CARTESIAN_POINT('',(79.4,-33.1,239.45008544921));
#1312 = LINE('',#1313,#1314);
#1313 = CARTESIAN_POINT('',(79.4,-33.1,239.45008544921));
#1314 = VECTOR('',#1315,1.);
#1315 = DIRECTION('',(0.,1.,0.));
#1316 = ORIENTED_EDGE('',*,*,#1317,.T.);
#1317 = EDGE_CURVE('',#1310,#1318,#1320,.T.);
#1318 = VERTEX_POINT('',#1319);
#1319 = CARTESIAN_POINT('',(89.2,-33.1,239.45008544921));
#1320 = LINE('',#1321,#1322);
#1321 = CARTESIAN_POINT('',(79.4,-33.1,239.45008544921));
#1322 = VECTOR('',#1323,1.);
#1323 = DIRECTION('',(1.,0.,0.));
#1324 = ORIENTED_EDGE('',*,*,#1325,.T.);
#1325 = EDGE_CURVE('',#1318,#1326,#1328,.T.);
#1326 = VERTEX_POINT('',#1327);
#1327 = CARTESIAN_POINT('',(89.2,-32.6,239.45008544921));
#1328 = LINE('',#1329,#1330);
#1329 = CARTESIAN_POINT('',(89.2,-33.1,239.45008544921));
#1330 = VECTOR('',#1331,1.);
#1331 = DIRECTION('',(0.,1.,0.));
#1332 = ORIENTED_EDGE('',*,*,#1333,.T.);
#1333 = EDGE_CURVE('',#1326,#1334,#1336,.T.);
#1334 = VERTEX_POINT('',#1335);
#1335 = CARTESIAN_POINT('',(88.3,-32.6,239.45008544921));
#1336 = LINE('',#1337,#1338);
#1337 = CARTESIAN_POINT('',(83.85,-32.6,239.45008544921));
#1338 = VECTOR('',#1339,1.);
#1339 = DIRECTION('',(-1.,0.,0.));
#1340 = ORIENTED_EDGE('',*,*,#1341,.T.);
#1341 = EDGE_CURVE('',#1334,#1251,#1342,.T.);
#1342 = LINE('',#1343,#1344);
#1343 = CARTESIAN_POINT('',(88.3,-32.85,239.45008544921));
#1344 = VECTOR('',#1345,1.);
#1345 = DIRECTION('',(0.,1.,0.));
#1346 = ORIENTED_EDGE('',*,*,#1259,.T.);
#1347 = ORIENTED_EDGE('',*,*,#527,.T.);
#1348 = ORIENTED_EDGE('',*,*,#1349,.F.);
#1349 = EDGE_CURVE('',#1292,#519,#1350,.T.);
#1350 = LINE('',#1351,#1352);
#1351 = CARTESIAN_POINT('',(87.8,-25.81452480939,239.45008544921));
#1352 = VECTOR('',#1353,1.);
#1353 = DIRECTION('',(-1.,-0.,-2.2E-16));
#1354 = FACE_BOUND('',#1355,.T.);
#1355 = EDGE_LOOP('',(#1356));
#1356 = ORIENTED_EDGE('',*,*,#1357,.T.);
#1357 = EDGE_CURVE('',#1358,#1358,#1360,.T.);
#1358 = VERTEX_POINT('',#1359);
#1359 = CARTESIAN_POINT('',(84.7,-29.,239.45008544921));
#1360 = CIRCLE('',#1361,1.2);
#1361 = AXIS2_PLACEMENT_3D('',#1362,#1363,#1364);
#1362 = CARTESIAN_POINT('',(83.5,-29.,239.45008544921));
#1363 = DIRECTION('',(0.,0.,-1.));
#1364 = DIRECTION('',(1.,0.,0.));
#1365 = PLANE('',#1366);
#1366 = AXIS2_PLACEMENT_3D('',#1367,#1368,#1369);
#1367 = CARTESIAN_POINT('',(79.4,-33.1,239.45008544921));
#1368 = DIRECTION('',(0.,0.,1.));
#1369 = DIRECTION('',(1.,0.,0.));
#1370 = ADVANCED_FACE('',(#1371),#1382,.T.);
#1371 = FACE_BOUND('',#1372,.F.);
#1372 = EDGE_LOOP('',(#1373,#1374,#1380,#1381));
#1373 = ORIENTED_EDGE('',*,*,#426,.F.);
#1374 = ORIENTED_EDGE('',*,*,#1375,.F.);
#1375 = EDGE_CURVE('',#259,#427,#1376,.T.);
#1376 = LINE('',#1377,#1378);
#1377 = CARTESIAN_POINT('',(87.8,32.,258.19722436226));
#1378 = VECTOR('',#1379,1.);
#1379 = DIRECTION('',(-1.,-0.,-2.2E-16));
#1380 = ORIENTED_EDGE('',*,*,#266,.F.);
#1381 = ORIENTED_EDGE('',*,*,#1275,.T.);
#1382 = CYLINDRICAL_SURFACE('',#1383,3.5);
#1383 = AXIS2_PLACEMENT_3D('',#1384,#1385,#1386);
#1384 = CARTESIAN_POINT('',(87.8,29.,260.));
#1385 = DIRECTION('',(-1.,-0.,0.));
#1386 = DIRECTION('',(0.,0.,-1.));
#1387 = ADVANCED_FACE('',(#1388),#1414,.T.);
#1388 = FACE_BOUND('',#1389,.F.);
#1389 = EDGE_LOOP('',(#1390,#1399,#1405,#1406,#1412,#1413));
#1390 = ORIENTED_EDGE('',*,*,#1391,.T.);
#1391 = EDGE_CURVE('',#1292,#1392,#1394,.T.);
#1392 = VERTEX_POINT('',#1393);
#1393 = CARTESIAN_POINT('',(89.2,-26.,236.19722436226));
#1394 = CIRCLE('',#1395,3.5);
#1395 = AXIS2_PLACEMENT_3D('',#1396,#1397,#1398);
#1396 = CARTESIAN_POINT('',(89.2,-29.,238.));
#1397 = DIRECTION('',(-1.,-0.,-2.2E-16));
#1398 = DIRECTION('',(2.2E-16,0.,-1.));
#1399 = ORIENTED_EDGE('',*,*,#1400,.F.);
#1400 = EDGE_CURVE('',#699,#1392,#1401,.T.);
#1401 = LINE('',#1402,#1403);
#1402 = CARTESIAN_POINT('',(87.8,-26.,236.19722436226));
#1403 = VECTOR('',#1404,1.);
#1404 = DIRECTION('',(-1.,-0.,-2.2E-16));
#1405 = ORIENTED_EDGE('',*,*,#706,.T.);
#1406 = ORIENTED_EDGE('',*,*,#1407,.T.);
#1407 = EDGE_CURVE('',#707,#511,#1408,.T.);
#1408 = LINE('',#1409,#1410);
#1409 = CARTESIAN_POINT('',(87.8,-26.,239.80277563773));
#1410 = VECTOR('',#1411,1.);
#1411 = DIRECTION('',(-1.,-0.,-2.2E-16));
#1412 = ORIENTED_EDGE('',*,*,#518,.F.);
#1413 = ORIENTED_EDGE('',*,*,#1349,.F.);
#1414 = CYLINDRICAL_SURFACE('',#1415,3.5);
#1415 = AXIS2_PLACEMENT_3D('',#1416,#1417,#1418);
#1416 = CARTESIAN_POINT('',(87.8,-29.,238.));
#1417 = DIRECTION('',(-1.,-0.,0.));
#1418 = DIRECTION('',(0.,0.,-1.));
#1419 = ADVANCED_FACE('',(#1420),#1477,.T.);
#1420 = FACE_BOUND('',#1421,.T.);
#1421 = EDGE_LOOP('',(#1422,#1423,#1431,#1439,#1445,#1446,#1452,#1453,
    #1454,#1455,#1463,#1471));
#1422 = ORIENTED_EDGE('',*,*,#799,.F.);
#1423 = ORIENTED_EDGE('',*,*,#1424,.T.);
#1424 = EDGE_CURVE('',#791,#1425,#1427,.T.);
#1425 = VERTEX_POINT('',#1426);
#1426 = CARTESIAN_POINT('',(90.1,32.,239.80277563773));
#1427 = LINE('',#1428,#1429);
#1428 = CARTESIAN_POINT('',(87.8,32.,239.80277563773));
#1429 = VECTOR('',#1430,1.);
#1430 = DIRECTION('',(-1.,-0.,-2.2E-16));
#1431 = ORIENTED_EDGE('',*,*,#1432,.F.);
#1432 = EDGE_CURVE('',#1433,#1425,#1435,.T.);
#1433 = VERTEX_POINT('',#1434);
#1434 = CARTESIAN_POINT('',(90.1,32.,240.1));
#1435 = LINE('',#1436,#1437);
#1436 = CARTESIAN_POINT('',(90.1,32.,234.6750427246));
#1437 = VECTOR('',#1438,1.);
#1438 = DIRECTION('',(0.,0.,-1.));
#1439 = ORIENTED_EDGE('',*,*,#1440,.F.);
#1440 = EDGE_CURVE('',#93,#1433,#1441,.T.);
#1441 = LINE('',#1442,#1443);
#1442 = CARTESIAN_POINT('',(88.05,32.,240.1));
#1443 = VECTOR('',#1444,1.);
#1444 = DIRECTION('',(1.,0.,0.));
#1445 = ORIENTED_EDGE('',*,*,#135,.T.);
#1446 = ORIENTED_EDGE('',*,*,#1447,.T.);
#1447 = EDGE_CURVE('',#127,#436,#1448,.T.);
#1448 = LINE('',#1449,#1450);
#1449 = CARTESIAN_POINT('',(87.8,32.,239.80277563773));
#1450 = VECTOR('',#1451,1.);
#1451 = DIRECTION('',(-1.,-0.,-2.2E-16));
#1452 = ORIENTED_EDGE('',*,*,#435,.T.);
#1453 = ORIENTED_EDGE('',*,*,#1375,.F.);
#1454 = ORIENTED_EDGE('',*,*,#258,.T.);
#1455 = ORIENTED_EDGE('',*,*,#1456,.T.);
#1456 = EDGE_CURVE('',#251,#1457,#1459,.T.);
#1457 = VERTEX_POINT('',#1458);
#1458 = CARTESIAN_POINT('',(90.1,32.,257.9));
#1459 = LINE('',#1460,#1461);
#1460 = CARTESIAN_POINT('',(88.05,32.,257.9));
#1461 = VECTOR('',#1462,1.);
#1462 = DIRECTION('',(1.,0.,0.));
#1463 = ORIENTED_EDGE('',*,*,#1464,.F.);
#1464 = EDGE_CURVE('',#1465,#1457,#1467,.T.);
#1465 = VERTEX_POINT('',#1466);
#1466 = CARTESIAN_POINT('',(90.1,32.,258.19722436226));
#1467 = LINE('',#1468,#1469);
#1468 = CARTESIAN_POINT('',(90.1,32.,245.6750427246));
#1469 = VECTOR('',#1470,1.);
#1470 = DIRECTION('',(0.,0.,-1.));
#1471 = ORIENTED_EDGE('',*,*,#1472,.F.);
#1472 = EDGE_CURVE('',#800,#1465,#1473,.T.);
#1473 = LINE('',#1474,#1475);
#1474 = CARTESIAN_POINT('',(87.8,32.,258.19722436226));
#1475 = VECTOR('',#1476,1.);
#1476 = DIRECTION('',(-1.,-0.,-2.2E-16));
#1477 = PLANE('',#1478);
#1478 = AXIS2_PLACEMENT_3D('',#1479,#1480,#1481);
#1479 = CARTESIAN_POINT('',(87.8,32.,233.45008544921));
#1480 = DIRECTION('',(0.,1.,0.));
#1481 = DIRECTION('',(0.,0.,1.));
#1482 = ADVANCED_FACE('',(#1483),#1494,.T.);
#1483 = FACE_BOUND('',#1484,.T.);
#1484 = EDGE_LOOP('',(#1485,#1486,#1487,#1493));
#1485 = ORIENTED_EDGE('',*,*,#1407,.T.);
#1486 = ORIENTED_EDGE('',*,*,#510,.T.);
#1487 = ORIENTED_EDGE('',*,*,#1488,.F.);
#1488 = EDGE_CURVE('',#716,#502,#1489,.T.);
#1489 = LINE('',#1490,#1491);
#1490 = CARTESIAN_POINT('',(87.8,-26.,258.19722436226));
#1491 = VECTOR('',#1492,1.);
#1492 = DIRECTION('',(-1.,-0.,-2.2E-16));
#1493 = ORIENTED_EDGE('',*,*,#715,.F.);
#1494 = PLANE('',#1495);
#1495 = AXIS2_PLACEMENT_3D('',#1496,#1497,#1498);
#1496 = CARTESIAN_POINT('',(87.8,-26.,233.45008544921));
#1497 = DIRECTION('',(0.,1.,0.));
#1498 = DIRECTION('',(0.,0.,1.));
#1499 = ADVANCED_FACE('',(#1500),#1511,.T.);
#1500 = FACE_BOUND('',#1501,.F.);
#1501 = EDGE_LOOP('',(#1502,#1508,#1509,#1510));
#1502 = ORIENTED_EDGE('',*,*,#1503,.F.);
#1503 = EDGE_CURVE('',#119,#444,#1504,.T.);
#1504 = LINE('',#1505,#1506);
#1505 = CARTESIAN_POINT('',(87.8,32.185475190606,239.45008544921));
#1506 = VECTOR('',#1507,1.);
#1507 = DIRECTION('',(-1.,-0.,-2.2E-16));
#1508 = ORIENTED_EDGE('',*,*,#126,.F.);
#1509 = ORIENTED_EDGE('',*,*,#1447,.T.);
#1510 = ORIENTED_EDGE('',*,*,#443,.F.);
#1511 = CYLINDRICAL_SURFACE('',#1512,3.5);
#1512 = AXIS2_PLACEMENT_3D('',#1513,#1514,#1515);
#1513 = CARTESIAN_POINT('',(87.8,29.,238.));
#1514 = DIRECTION('',(-1.,-0.,0.));
#1515 = DIRECTION('',(0.,0.,-1.));
#1516 = ADVANCED_FACE('',(#1517),#1523,.T.);
#1517 = FACE_BOUND('',#1518,.F.);
#1518 = EDGE_LOOP('',(#1519,#1520,#1521,#1522));
#1519 = ORIENTED_EDGE('',*,*,#501,.F.);
#1520 = ORIENTED_EDGE('',*,*,#1488,.F.);
#1521 = ORIENTED_EDGE('',*,*,#723,.T.);
#1522 = ORIENTED_EDGE('',*,*,#915,.T.);
#1523 = CYLINDRICAL_SURFACE('',#1524,3.5);
#1524 = AXIS2_PLACEMENT_3D('',#1525,#1526,#1527);
#1525 = CARTESIAN_POINT('',(87.8,-29.,260.));
#1526 = DIRECTION('',(-1.,-0.,0.));
#1527 = DIRECTION('',(0.,0.,-1.));
#1528 = ADVANCED_FACE('',(#1529,#1588),#1599,.T.);
#1529 = FACE_BOUND('',#1530,.T.);
#1530 = EDGE_LOOP('',(#1531,#1541,#1549,#1557,#1565,#1573,#1579,#1580,
    #1581,#1582));
#1531 = ORIENTED_EDGE('',*,*,#1532,.T.);
#1532 = EDGE_CURVE('',#1533,#1535,#1537,.T.);
#1533 = VERTEX_POINT('',#1534);
#1534 = CARTESIAN_POINT('',(89.2,32.6,239.45008544921));
#1535 = VERTEX_POINT('',#1536);
#1536 = CARTESIAN_POINT('',(89.2,33.1,239.45008544921));
#1537 = LINE('',#1538,#1539);
#1538 = CARTESIAN_POINT('',(89.2,24.9,239.45008544921));
#1539 = VECTOR('',#1540,1.);
#1540 = DIRECTION('',(0.,1.,0.));
#1541 = ORIENTED_EDGE('',*,*,#1542,.F.);
#1542 = EDGE_CURVE('',#1543,#1535,#1545,.T.);
#1543 = VERTEX_POINT('',#1544);
#1544 = CARTESIAN_POINT('',(79.4,33.1,239.45008544921));
#1545 = LINE('',#1546,#1547);
#1546 = CARTESIAN_POINT('',(79.4,33.1,239.45008544921));
#1547 = VECTOR('',#1548,1.);
#1548 = DIRECTION('',(1.,0.,0.));
#1549 = ORIENTED_EDGE('',*,*,#1550,.F.);
#1550 = EDGE_CURVE('',#1551,#1543,#1553,.T.);
#1551 = VERTEX_POINT('',#1552);
#1552 = CARTESIAN_POINT('',(79.4,24.9,239.45008544921));
#1553 = LINE('',#1554,#1555);
#1554 = CARTESIAN_POINT('',(79.4,24.9,239.45008544921));
#1555 = VECTOR('',#1556,1.);
#1556 = DIRECTION('',(0.,1.,0.));
#1557 = ORIENTED_EDGE('',*,*,#1558,.T.);
#1558 = EDGE_CURVE('',#1551,#1559,#1561,.T.);
#1559 = VERTEX_POINT('',#1560);
#1560 = CARTESIAN_POINT('',(89.2,24.9,239.45008544921));
#1561 = LINE('',#1562,#1563);
#1562 = CARTESIAN_POINT('',(79.4,24.9,239.45008544921));
#1563 = VECTOR('',#1564,1.);
#1564 = DIRECTION('',(1.,0.,0.));
#1565 = ORIENTED_EDGE('',*,*,#1566,.T.);
#1566 = EDGE_CURVE('',#1559,#1567,#1569,.T.);
#1567 = VERTEX_POINT('',#1568);
#1568 = CARTESIAN_POINT('',(89.2,25.814524809395,239.45008544921));
#1569 = LINE('',#1570,#1571);
#1570 = CARTESIAN_POINT('',(89.2,24.9,239.45008544921));
#1571 = VECTOR('',#1572,1.);
#1572 = DIRECTION('',(0.,1.,0.));
#1573 = ORIENTED_EDGE('',*,*,#1574,.T.);
#1574 = EDGE_CURVE('',#1567,#453,#1575,.T.);
#1575 = LINE('',#1576,#1577);
#1576 = CARTESIAN_POINT('',(87.8,25.814524809394,239.45008544921));
#1577 = VECTOR('',#1578,1.);
#1578 = DIRECTION('',(-1.,-0.,-2.2E-16));
#1579 = ORIENTED_EDGE('',*,*,#452,.T.);
#1580 = ORIENTED_EDGE('',*,*,#1503,.F.);
#1581 = ORIENTED_EDGE('',*,*,#118,.T.);
#1582 = ORIENTED_EDGE('',*,*,#1583,.F.);
#1583 = EDGE_CURVE('',#1533,#111,#1584,.T.);
#1584 = LINE('',#1585,#1586);
#1585 = CARTESIAN_POINT('',(83.85,32.6,239.45008544921));
#1586 = VECTOR('',#1587,1.);
#1587 = DIRECTION('',(-1.,0.,0.));
#1588 = FACE_BOUND('',#1589,.T.);
#1589 = EDGE_LOOP('',(#1590));
#1590 = ORIENTED_EDGE('',*,*,#1591,.T.);
#1591 = EDGE_CURVE('',#1592,#1592,#1594,.T.);
#1592 = VERTEX_POINT('',#1593);
#1593 = CARTESIAN_POINT('',(84.7,29.,239.45008544921));
#1594 = CIRCLE('',#1595,1.2);
#1595 = AXIS2_PLACEMENT_3D('',#1596,#1597,#1598);
#1596 = CARTESIAN_POINT('',(83.5,29.,239.45008544921));
#1597 = DIRECTION('',(0.,0.,-1.));
#1598 = DIRECTION('',(1.,0.,0.));
#1599 = PLANE('',#1600);
#1600 = AXIS2_PLACEMENT_3D('',#1601,#1602,#1603);
#1601 = CARTESIAN_POINT('',(79.4,24.9,239.45008544921));
#1602 = DIRECTION('',(0.,0.,1.));
#1603 = DIRECTION('',(1.,0.,0.));
#1604 = ADVANCED_FACE('',(#1605),#1631,.T.);
#1605 = FACE_BOUND('',#1606,.F.);
#1606 = EDGE_LOOP('',(#1607,#1615,#1622,#1623,#1624,#1630));
#1607 = ORIENTED_EDGE('',*,*,#1608,.T.);
#1608 = EDGE_CURVE('',#758,#1609,#1611,.T.);
#1609 = VERTEX_POINT('',#1610);
#1610 = CARTESIAN_POINT('',(89.2,26.,236.19722436226));
#1611 = LINE('',#1612,#1613);
#1612 = CARTESIAN_POINT('',(87.8,26.,236.19722436226));
#1613 = VECTOR('',#1614,1.);
#1614 = DIRECTION('',(-1.,-0.,-2.2E-16));
#1615 = ORIENTED_EDGE('',*,*,#1616,.T.);
#1616 = EDGE_CURVE('',#1609,#1567,#1617,.T.);
#1617 = CIRCLE('',#1618,3.5);
#1618 = AXIS2_PLACEMENT_3D('',#1619,#1620,#1621);
#1619 = CARTESIAN_POINT('',(89.2,29.,238.));
#1620 = DIRECTION('',(-1.,-0.,-2.2E-16));
#1621 = DIRECTION('',(2.2E-16,0.,-1.));
#1622 = ORIENTED_EDGE('',*,*,#1574,.T.);
#1623 = ORIENTED_EDGE('',*,*,#460,.F.);
#1624 = ORIENTED_EDGE('',*,*,#1625,.F.);
#1625 = EDGE_CURVE('',#750,#461,#1626,.T.);
#1626 = LINE('',#1627,#1628);
#1627 = CARTESIAN_POINT('',(87.8,26.,239.80277563773));
#1628 = VECTOR('',#1629,1.);
#1629 = DIRECTION('',(-1.,-0.,-2.2E-16));
#1630 = ORIENTED_EDGE('',*,*,#757,.T.);
#1631 = CYLINDRICAL_SURFACE('',#1632,3.5);
#1632 = AXIS2_PLACEMENT_3D('',#1633,#1634,#1635);
#1633 = CARTESIAN_POINT('',(87.8,29.,238.));
#1634 = DIRECTION('',(-1.,-0.,0.));
#1635 = DIRECTION('',(0.,0.,-1.));
#1636 = ADVANCED_FACE('',(#1637),#1648,.F.);
#1637 = FACE_BOUND('',#1638,.F.);
#1638 = EDGE_LOOP('',(#1639,#1640,#1641,#1647));
#1639 = ORIENTED_EDGE('',*,*,#1625,.T.);
#1640 = ORIENTED_EDGE('',*,*,#469,.T.);
#1641 = ORIENTED_EDGE('',*,*,#1642,.F.);
#1642 = EDGE_CURVE('',#741,#470,#1643,.T.);
#1643 = LINE('',#1644,#1645);
#1644 = CARTESIAN_POINT('',(87.8,26.,258.19722436226));
#1645 = VECTOR('',#1646,1.);
#1646 = DIRECTION('',(-1.,-0.,-2.2E-16));
#1647 = ORIENTED_EDGE('',*,*,#749,.F.);
#1648 = PLANE('',#1649);
#1649 = AXIS2_PLACEMENT_3D('',#1650,#1651,#1652);
#1650 = CARTESIAN_POINT('',(87.8,26.,233.45008544921));
#1651 = DIRECTION('',(0.,1.,0.));
#1652 = DIRECTION('',(0.,0.,1.));
#1653 = ADVANCED_FACE('',(#1654),#1660,.T.);
#1654 = FACE_BOUND('',#1655,.F.);
#1655 = EDGE_LOOP('',(#1656,#1657,#1658,#1659));
#1656 = ORIENTED_EDGE('',*,*,#1642,.T.);
#1657 = ORIENTED_EDGE('',*,*,#477,.F.);
#1658 = ORIENTED_EDGE('',*,*,#605,.F.);
#1659 = ORIENTED_EDGE('',*,*,#740,.T.);
#1660 = CYLINDRICAL_SURFACE('',#1661,3.5);
#1661 = AXIS2_PLACEMENT_3D('',#1662,#1663,#1664);
#1662 = CARTESIAN_POINT('',(87.8,29.,260.));
#1663 = DIRECTION('',(-1.,-0.,0.));
#1664 = DIRECTION('',(0.,0.,-1.));
#1665 = ADVANCED_FACE('',(#1666),#1678,.F.);
#1666 = FACE_BOUND('',#1667,.T.);
#1667 = EDGE_LOOP('',(#1668,#1669,#1675,#1676,#1677));
#1668 = ORIENTED_EDGE('',*,*,#577,.T.);
#1669 = ORIENTED_EDGE('',*,*,#1670,.T.);
#1670 = EDGE_CURVE('',#578,#303,#1671,.T.);
#1671 = LINE('',#1672,#1673);
#1672 = CARTESIAN_POINT('',(86.3,29.,258.9));
#1673 = VECTOR('',#1674,1.);
#1674 = DIRECTION('',(1.,0.,0.));
#1675 = ORIENTED_EDGE('',*,*,#300,.F.);
#1676 = ORIENTED_EDGE('',*,*,#311,.F.);
#1677 = ORIENTED_EDGE('',*,*,#1670,.F.);
#1678 = CYLINDRICAL_SURFACE('',#1679,1.1);
#1679 = AXIS2_PLACEMENT_3D('',#1680,#1681,#1682);
#1680 = CARTESIAN_POINT('',(86.3,29.,260.));
#1681 = DIRECTION('',(-1.,-0.,0.));
#1682 = DIRECTION('',(0.,0.,-1.));
#1683 = ADVANCED_FACE('',(#1684),#1712,.F.);
#1684 = FACE_BOUND('',#1685,.T.);
#1685 = EDGE_LOOP('',(#1686,#1687,#1695,#1704,#1711));
#1686 = ORIENTED_EDGE('',*,*,#588,.T.);
#1687 = ORIENTED_EDGE('',*,*,#1688,.T.);
#1688 = EDGE_CURVE('',#589,#1689,#1691,.T.);
#1689 = VERTEX_POINT('',#1690);
#1690 = CARTESIAN_POINT('',(88.3,-29.,258.9));
#1691 = LINE('',#1692,#1693);
#1692 = CARTESIAN_POINT('',(86.3,-29.,258.9));
#1693 = VECTOR('',#1694,1.);
#1694 = DIRECTION('',(1.,0.,0.));
#1695 = ORIENTED_EDGE('',*,*,#1696,.F.);
#1696 = EDGE_CURVE('',#1697,#1689,#1699,.T.);
#1697 = VERTEX_POINT('',#1698);
#1698 = CARTESIAN_POINT('',(88.3,-29.,261.1));
#1699 = CIRCLE('',#1700,1.1);
#1700 = AXIS2_PLACEMENT_3D('',#1701,#1702,#1703);
#1701 = CARTESIAN_POINT('',(88.3,-29.,260.));
#1702 = DIRECTION('',(-1.,-0.,-2.2E-16));
#1703 = DIRECTION('',(2.2E-16,0.,-1.));
#1704 = ORIENTED_EDGE('',*,*,#1705,.F.);
#1705 = EDGE_CURVE('',#1689,#1697,#1706,.T.);
#1706 = CIRCLE('',#1707,1.1);
#1707 = AXIS2_PLACEMENT_3D('',#1708,#1709,#1710);
#1708 = CARTESIAN_POINT('',(88.3,-29.,260.));
#1709 = DIRECTION('',(-1.,-0.,-2.2E-16));
#1710 = DIRECTION('',(2.2E-16,0.,-1.));
#1711 = ORIENTED_EDGE('',*,*,#1688,.F.);
#1712 = CYLINDRICAL_SURFACE('',#1713,1.1);
#1713 = AXIS2_PLACEMENT_3D('',#1714,#1715,#1716);
#1714 = CARTESIAN_POINT('',(86.3,-29.,260.));
#1715 = DIRECTION('',(-1.,-0.,0.));
#1716 = DIRECTION('',(0.,0.,-1.));
#1717 = ADVANCED_FACE('',(#1718),#1736,.T.);
#1718 = FACE_BOUND('',#1719,.T.);
#1719 = EDGE_LOOP('',(#1720,#1728,#1734,#1735));
#1720 = ORIENTED_EDGE('',*,*,#1721,.F.);
#1721 = EDGE_CURVE('',#1722,#934,#1724,.T.);
#1722 = VERTEX_POINT('',#1723);
#1723 = CARTESIAN_POINT('',(90.1,-32.,262.));
#1724 = LINE('',#1725,#1726);
#1725 = CARTESIAN_POINT('',(90.1,-32.3,262.));
#1726 = VECTOR('',#1727,1.);
#1727 = DIRECTION('',(0.,1.,0.));
#1728 = ORIENTED_EDGE('',*,*,#1729,.T.);
#1729 = EDGE_CURVE('',#1722,#641,#1730,.T.);
#1730 = LINE('',#1731,#1732);
#1731 = CARTESIAN_POINT('',(87.8,-32.,262.));
#1732 = VECTOR('',#1733,1.);
#1733 = DIRECTION('',(1.,0.,0.));
#1734 = ORIENTED_EDGE('',*,*,#640,.T.);
#1735 = ORIENTED_EDGE('',*,*,#933,.T.);
#1736 = PLANE('',#1737);
#1737 = AXIS2_PLACEMENT_3D('',#1738,#1739,#1740);
#1738 = CARTESIAN_POINT('',(87.8,-32.,262.));
#1739 = DIRECTION('',(0.,0.,1.));
#1740 = DIRECTION('',(1.,0.,0.));
#1741 = ADVANCED_FACE('',(#1742),#1760,.F.);
#1742 = FACE_BOUND('',#1743,.F.);
#1743 = EDGE_LOOP('',(#1744,#1745,#1753,#1759));
#1744 = ORIENTED_EDGE('',*,*,#648,.F.);
#1745 = ORIENTED_EDGE('',*,*,#1746,.T.);
#1746 = EDGE_CURVE('',#649,#1747,#1749,.T.);
#1747 = VERTEX_POINT('',#1748);
#1748 = CARTESIAN_POINT('',(90.1,-32.,261.80277563773));
#1749 = LINE('',#1750,#1751);
#1750 = CARTESIAN_POINT('',(87.8,-32.,261.80277563773));
#1751 = VECTOR('',#1752,1.);
#1752 = DIRECTION('',(-1.,-0.,-2.2E-16));
#1753 = ORIENTED_EDGE('',*,*,#1754,.F.);
#1754 = EDGE_CURVE('',#1722,#1747,#1755,.T.);
#1755 = LINE('',#1756,#1757);
#1756 = CARTESIAN_POINT('',(90.1,-32.,245.6750427246));
#1757 = VECTOR('',#1758,1.);
#1758 = DIRECTION('',(0.,0.,-1.));
#1759 = ORIENTED_EDGE('',*,*,#1729,.T.);
#1760 = PLANE('',#1761);
#1761 = AXIS2_PLACEMENT_3D('',#1762,#1763,#1764);
#1762 = CARTESIAN_POINT('',(87.8,-32.,233.45008544921));
#1763 = DIRECTION('',(0.,1.,0.));
#1764 = DIRECTION('',(0.,0.,1.));
#1765 = ADVANCED_FACE('',(#1766),#1778,.T.);
#1766 = FACE_BOUND('',#1767,.F.);
#1767 = EDGE_LOOP('',(#1768,#1769,#1770,#1777));
#1768 = ORIENTED_EDGE('',*,*,#656,.T.);
#1769 = ORIENTED_EDGE('',*,*,#1218,.T.);
#1770 = ORIENTED_EDGE('',*,*,#1771,.T.);
#1771 = EDGE_CURVE('',#1211,#1747,#1772,.T.);
#1772 = CIRCLE('',#1773,3.5);
#1773 = AXIS2_PLACEMENT_3D('',#1774,#1775,#1776);
#1774 = CARTESIAN_POINT('',(90.1,-29.,260.));
#1775 = DIRECTION('',(-1.,-0.,-2.2E-16));
#1776 = DIRECTION('',(2.2E-16,0.,-1.));
#1777 = ORIENTED_EDGE('',*,*,#1746,.F.);
#1778 = CYLINDRICAL_SURFACE('',#1779,3.5);
#1779 = AXIS2_PLACEMENT_3D('',#1780,#1781,#1782);
#1780 = CARTESIAN_POINT('',(87.8,-29.,260.));
#1781 = DIRECTION('',(-1.,-0.,0.));
#1782 = DIRECTION('',(0.,0.,-1.));
#1783 = ADVANCED_FACE('',(#1784),#1802,.T.);
#1784 = FACE_BOUND('',#1785,.T.);
#1785 = EDGE_LOOP('',(#1786,#1794,#1795,#1796));
#1786 = ORIENTED_EDGE('',*,*,#1787,.F.);
#1787 = EDGE_CURVE('',#1129,#1788,#1790,.T.);
#1788 = VERTEX_POINT('',#1789);
#1789 = CARTESIAN_POINT('',(90.1,32.,262.));
#1790 = LINE('',#1791,#1792);
#1791 = CARTESIAN_POINT('',(90.1,27.5,262.));
#1792 = VECTOR('',#1793,1.);
#1793 = DIRECTION('',(0.,1.,0.));
#1794 = ORIENTED_EDGE('',*,*,#1137,.F.);
#1795 = ORIENTED_EDGE('',*,*,#824,.T.);
#1796 = ORIENTED_EDGE('',*,*,#1797,.F.);
#1797 = EDGE_CURVE('',#1788,#817,#1798,.T.);
#1798 = LINE('',#1799,#1800);
#1799 = CARTESIAN_POINT('',(87.8,32.,262.));
#1800 = VECTOR('',#1801,1.);
#1801 = DIRECTION('',(1.,0.,0.));
#1802 = PLANE('',#1803);
#1803 = AXIS2_PLACEMENT_3D('',#1804,#1805,#1806);
#1804 = CARTESIAN_POINT('',(87.8,26.,262.));
#1805 = DIRECTION('',(0.,0.,1.));
#1806 = DIRECTION('',(1.,0.,0.));
#1807 = ADVANCED_FACE('',(#1808),#1827,.T.);
#1808 = FACE_BOUND('',#1809,.F.);
#1809 = EDGE_LOOP('',(#1810,#1811,#1819,#1826));
#1810 = ORIENTED_EDGE('',*,*,#673,.T.);
#1811 = ORIENTED_EDGE('',*,*,#1812,.T.);
#1812 = EDGE_CURVE('',#674,#1813,#1815,.T.);
#1813 = VERTEX_POINT('',#1814);
#1814 = CARTESIAN_POINT('',(90.1,-32.,236.19722436226));
#1815 = LINE('',#1816,#1817);
#1816 = CARTESIAN_POINT('',(87.8,-32.,236.19722436226));
#1817 = VECTOR('',#1818,1.);
#1818 = DIRECTION('',(-1.,-0.,-2.2E-16));
#1819 = ORIENTED_EDGE('',*,*,#1820,.T.);
#1820 = EDGE_CURVE('',#1813,#1155,#1821,.T.);
#1821 = CIRCLE('',#1822,3.5);
#1822 = AXIS2_PLACEMENT_3D('',#1823,#1824,#1825);
#1823 = CARTESIAN_POINT('',(90.1,-29.,238.));
#1824 = DIRECTION('',(-1.,-0.,-2.2E-16));
#1825 = DIRECTION('',(2.2E-16,0.,-1.));
#1826 = ORIENTED_EDGE('',*,*,#1154,.F.);
#1827 = CYLINDRICAL_SURFACE('',#1828,3.5);
#1828 = AXIS2_PLACEMENT_3D('',#1829,#1830,#1831);
#1829 = CARTESIAN_POINT('',(87.8,-29.,238.));
#1830 = DIRECTION('',(-1.,-0.,0.));
#1831 = DIRECTION('',(0.,0.,-1.));
#1832 = ADVANCED_FACE('',(#1833),#1851,.T.);
#1833 = FACE_BOUND('',#1834,.T.);
#1834 = EDGE_LOOP('',(#1835,#1836,#1844,#1850));
#1835 = ORIENTED_EDGE('',*,*,#816,.F.);
#1836 = ORIENTED_EDGE('',*,*,#1837,.T.);
#1837 = EDGE_CURVE('',#808,#1838,#1840,.T.);
#1838 = VERTEX_POINT('',#1839);
#1839 = CARTESIAN_POINT('',(90.1,32.,261.80277563773));
#1840 = LINE('',#1841,#1842);
#1841 = CARTESIAN_POINT('',(87.8,32.,261.80277563773));
#1842 = VECTOR('',#1843,1.);
#1843 = DIRECTION('',(-1.,-0.,-2.2E-16));
#1844 = ORIENTED_EDGE('',*,*,#1845,.F.);
#1845 = EDGE_CURVE('',#1788,#1838,#1846,.T.);
#1846 = LINE('',#1847,#1848);
#1847 = CARTESIAN_POINT('',(90.1,32.,245.6750427246));
#1848 = VECTOR('',#1849,1.);
#1849 = DIRECTION('',(0.,0.,-1.));
#1850 = ORIENTED_EDGE('',*,*,#1797,.T.);
#1851 = PLANE('',#1852);
#1852 = AXIS2_PLACEMENT_3D('',#1853,#1854,#1855);
#1853 = CARTESIAN_POINT('',(87.8,32.,233.45008544921));
#1854 = DIRECTION('',(0.,1.,0.));
#1855 = DIRECTION('',(0.,0.,1.));
#1856 = ADVANCED_FACE('',(#1857),#1891,.F.);
#1857 = FACE_BOUND('',#1858,.F.);
#1858 = EDGE_LOOP('',(#1859,#1867,#1875,#1883,#1889,#1890));
#1859 = ORIENTED_EDGE('',*,*,#1860,.F.);
#1860 = EDGE_CURVE('',#1861,#683,#1863,.T.);
#1861 = VERTEX_POINT('',#1862);
#1862 = CARTESIAN_POINT('',(89.2,-32.,233.45008544921));
#1863 = LINE('',#1864,#1865);
#1864 = CARTESIAN_POINT('',(87.8,-32.,233.45008544921));
#1865 = VECTOR('',#1866,1.);
#1866 = DIRECTION('',(1.,0.,0.));
#1867 = ORIENTED_EDGE('',*,*,#1868,.F.);
#1868 = EDGE_CURVE('',#1869,#1861,#1871,.T.);
#1869 = VERTEX_POINT('',#1870);
#1870 = CARTESIAN_POINT('',(89.2,-32.,235.9));
#1871 = LINE('',#1872,#1873);
#1872 = CARTESIAN_POINT('',(89.2,-32.,233.45008544921));
#1873 = VECTOR('',#1874,1.);
#1874 = DIRECTION('',(0.,0.,-1.));
#1875 = ORIENTED_EDGE('',*,*,#1876,.T.);
#1876 = EDGE_CURVE('',#1869,#1877,#1879,.T.);
#1877 = VERTEX_POINT('',#1878);
#1878 = CARTESIAN_POINT('',(90.1,-32.,235.9));
#1879 = LINE('',#1880,#1881);
#1880 = CARTESIAN_POINT('',(88.05,-32.,235.9));
#1881 = VECTOR('',#1882,1.);
#1882 = DIRECTION('',(1.,0.,0.));
#1883 = ORIENTED_EDGE('',*,*,#1884,.F.);
#1884 = EDGE_CURVE('',#1813,#1877,#1885,.T.);
#1885 = LINE('',#1886,#1887);
#1886 = CARTESIAN_POINT('',(90.1,-32.,234.6750427246));
#1887 = VECTOR('',#1888,1.);
#1888 = DIRECTION('',(0.,0.,-1.));
#1889 = ORIENTED_EDGE('',*,*,#1812,.F.);
#1890 = ORIENTED_EDGE('',*,*,#682,.F.);
#1891 = PLANE('',#1892);
#1892 = AXIS2_PLACEMENT_3D('',#1893,#1894,#1895);
#1893 = CARTESIAN_POINT('',(87.8,-32.,233.45008544921));
#1894 = DIRECTION('',(0.,1.,0.));
#1895 = DIRECTION('',(0.,0.,1.));
#1896 = ADVANCED_FACE('',(#1897),#1909,.T.);
#1897 = FACE_BOUND('',#1898,.F.);
#1898 = EDGE_LOOP('',(#1899,#1906,#1907,#1908));
#1899 = ORIENTED_EDGE('',*,*,#1900,.T.);
#1900 = EDGE_CURVE('',#1838,#1465,#1901,.T.);
#1901 = CIRCLE('',#1902,3.5);
#1902 = AXIS2_PLACEMENT_3D('',#1903,#1904,#1905);
#1903 = CARTESIAN_POINT('',(90.1,29.,260.));
#1904 = DIRECTION('',(-1.,-0.,-2.2E-16));
#1905 = DIRECTION('',(2.2E-16,0.,-1.));
#1906 = ORIENTED_EDGE('',*,*,#1472,.F.);
#1907 = ORIENTED_EDGE('',*,*,#807,.T.);
#1908 = ORIENTED_EDGE('',*,*,#1837,.T.);
#1909 = CYLINDRICAL_SURFACE('',#1910,3.5);
#1910 = AXIS2_PLACEMENT_3D('',#1911,#1912,#1913);
#1911 = CARTESIAN_POINT('',(87.8,29.,260.));
#1912 = DIRECTION('',(-1.,-0.,0.));
#1913 = DIRECTION('',(0.,0.,-1.));
#1914 = ADVANCED_FACE('',(#1915,#1965),#1976,.T.);
#1915 = FACE_BOUND('',#1916,.T.);
#1916 = EDGE_LOOP('',(#1917,#1925,#1926,#1927,#1935,#1943,#1951,#1959));
#1917 = ORIENTED_EDGE('',*,*,#1918,.T.);
#1918 = EDGE_CURVE('',#1919,#691,#1921,.T.);
#1919 = VERTEX_POINT('',#1920);
#1920 = CARTESIAN_POINT('',(89.2,-26.,233.45008544921));
#1921 = LINE('',#1922,#1923);
#1922 = CARTESIAN_POINT('',(87.8,-26.,233.45008544921));
#1923 = VECTOR('',#1924,1.);
#1924 = DIRECTION('',(1.,0.,0.));
#1925 = ORIENTED_EDGE('',*,*,#690,.F.);
#1926 = ORIENTED_EDGE('',*,*,#1860,.F.);
#1927 = ORIENTED_EDGE('',*,*,#1928,.F.);
#1928 = EDGE_CURVE('',#1929,#1861,#1931,.T.);
#1929 = VERTEX_POINT('',#1930);
#1930 = CARTESIAN_POINT('',(89.2,-33.1,233.45008544921));
#1931 = LINE('',#1932,#1933);
#1932 = CARTESIAN_POINT('',(89.2,-33.1,233.45008544921));
#1933 = VECTOR('',#1934,1.);
#1934 = DIRECTION('',(0.,1.,0.));
#1935 = ORIENTED_EDGE('',*,*,#1936,.F.);
#1936 = EDGE_CURVE('',#1937,#1929,#1939,.T.);
#1937 = VERTEX_POINT('',#1938);
#1938 = CARTESIAN_POINT('',(79.4,-33.1,233.45008544921));
#1939 = LINE('',#1940,#1941);
#1940 = CARTESIAN_POINT('',(79.4,-33.1,233.45008544921));
#1941 = VECTOR('',#1942,1.);
#1942 = DIRECTION('',(1.,0.,0.));
#1943 = ORIENTED_EDGE('',*,*,#1944,.T.);
#1944 = EDGE_CURVE('',#1937,#1945,#1947,.T.);
#1945 = VERTEX_POINT('',#1946);
#1946 = CARTESIAN_POINT('',(79.4,-24.9,233.45008544921));
#1947 = LINE('',#1948,#1949);
#1948 = CARTESIAN_POINT('',(79.4,-33.1,233.45008544921));
#1949 = VECTOR('',#1950,1.);
#1950 = DIRECTION('',(0.,1.,0.));
#1951 = ORIENTED_EDGE('',*,*,#1952,.T.);
#1952 = EDGE_CURVE('',#1945,#1953,#1955,.T.);
#1953 = VERTEX_POINT('',#1954);
#1954 = CARTESIAN_POINT('',(89.2,-24.9,233.45008544921));
#1955 = LINE('',#1956,#1957);
#1956 = CARTESIAN_POINT('',(79.4,-24.9,233.45008544921));
#1957 = VECTOR('',#1958,1.);
#1958 = DIRECTION('',(1.,0.,0.));
#1959 = ORIENTED_EDGE('',*,*,#1960,.F.);
#1960 = EDGE_CURVE('',#1919,#1953,#1961,.T.);
#1961 = LINE('',#1962,#1963);
#1962 = CARTESIAN_POINT('',(89.2,-33.1,233.45008544921));
#1963 = VECTOR('',#1964,1.);
#1964 = DIRECTION('',(0.,1.,0.));
#1965 = FACE_BOUND('',#1966,.T.);
#1966 = EDGE_LOOP('',(#1967));
#1967 = ORIENTED_EDGE('',*,*,#1968,.F.);
#1968 = EDGE_CURVE('',#1969,#1969,#1971,.T.);
#1969 = VERTEX_POINT('',#1970);
#1970 = CARTESIAN_POINT('',(84.7,-29.,233.45008544921));
#1971 = CIRCLE('',#1972,1.2);
#1972 = AXIS2_PLACEMENT_3D('',#1973,#1974,#1975);
#1973 = CARTESIAN_POINT('',(83.5,-29.,233.45008544921));
#1974 = DIRECTION('',(0.,0.,-1.));
#1975 = DIRECTION('',(1.,0.,0.));
#1976 = PLANE('',#1977);
#1977 = AXIS2_PLACEMENT_3D('',#1978,#1979,#1980);
#1978 = CARTESIAN_POINT('',(85.916666666667,-29.,233.45008544921));
#1979 = DIRECTION('',(-0.,-0.,-1.));
#1980 = DIRECTION('',(-1.,0.,0.));
#1981 = ADVANCED_FACE('',(#1982),#1993,.T.);
#1982 = FACE_BOUND('',#1983,.T.);
#1983 = EDGE_LOOP('',(#1984,#1985,#1991,#1992));
#1984 = ORIENTED_EDGE('',*,*,#1918,.F.);
#1985 = ORIENTED_EDGE('',*,*,#1986,.F.);
#1986 = EDGE_CURVE('',#1392,#1919,#1987,.T.);
#1987 = LINE('',#1988,#1989);
#1988 = CARTESIAN_POINT('',(89.2,-26.,233.45008544921));
#1989 = VECTOR('',#1990,1.);
#1990 = DIRECTION('',(0.,0.,-1.));
#1991 = ORIENTED_EDGE('',*,*,#1400,.F.);
#1992 = ORIENTED_EDGE('',*,*,#698,.F.);
#1993 = PLANE('',#1994);
#1994 = AXIS2_PLACEMENT_3D('',#1995,#1996,#1997);
#1995 = CARTESIAN_POINT('',(87.8,-26.,233.45008544921));
#1996 = DIRECTION('',(0.,1.,0.));
#1997 = DIRECTION('',(0.,0.,1.));
#1998 = ADVANCED_FACE('',(#1999),#2018,.T.);
#1999 = FACE_BOUND('',#2000,.F.);
#2000 = EDGE_LOOP('',(#2001,#2010,#2016,#2017));
#2001 = ORIENTED_EDGE('',*,*,#2002,.T.);
#2002 = EDGE_CURVE('',#1425,#2003,#2005,.T.);
#2003 = VERTEX_POINT('',#2004);
#2004 = CARTESIAN_POINT('',(90.1,32.,236.19722436226));
#2005 = CIRCLE('',#2006,3.5);
#2006 = AXIS2_PLACEMENT_3D('',#2007,#2008,#2009);
#2007 = CARTESIAN_POINT('',(90.1,29.,238.));
#2008 = DIRECTION('',(-1.,-0.,-2.2E-16));
#2009 = DIRECTION('',(2.2E-16,0.,-1.));
#2010 = ORIENTED_EDGE('',*,*,#2011,.F.);
#2011 = EDGE_CURVE('',#783,#2003,#2012,.T.);
#2012 = LINE('',#2013,#2014);
#2013 = CARTESIAN_POINT('',(87.8,32.,236.19722436226));
#2014 = VECTOR('',#2015,1.);
#2015 = DIRECTION('',(-1.,-0.,-2.2E-16));
#2016 = ORIENTED_EDGE('',*,*,#790,.T.);
#2017 = ORIENTED_EDGE('',*,*,#1424,.T.);
#2018 = CYLINDRICAL_SURFACE('',#2019,3.5);
#2019 = AXIS2_PLACEMENT_3D('',#2020,#2021,#2022);
#2020 = CARTESIAN_POINT('',(87.8,29.,238.));
#2021 = DIRECTION('',(-1.,-0.,0.));
#2022 = DIRECTION('',(0.,0.,-1.));
#2023 = ADVANCED_FACE('',(#2024),#2058,.T.);
#2024 = FACE_BOUND('',#2025,.T.);
#2025 = EDGE_LOOP('',(#2026,#2034,#2042,#2050,#2056,#2057));
#2026 = ORIENTED_EDGE('',*,*,#2027,.F.);
#2027 = EDGE_CURVE('',#2028,#775,#2030,.T.);
#2028 = VERTEX_POINT('',#2029);
#2029 = CARTESIAN_POINT('',(89.2,32.,233.45008544921));
#2030 = LINE('',#2031,#2032);
#2031 = CARTESIAN_POINT('',(87.8,32.,233.45008544921));
#2032 = VECTOR('',#2033,1.);
#2033 = DIRECTION('',(1.,0.,0.));
#2034 = ORIENTED_EDGE('',*,*,#2035,.F.);
#2035 = EDGE_CURVE('',#2036,#2028,#2038,.T.);
#2036 = VERTEX_POINT('',#2037);
#2037 = CARTESIAN_POINT('',(89.2,32.,235.9));
#2038 = LINE('',#2039,#2040);
#2039 = CARTESIAN_POINT('',(89.2,32.,233.45008544921));
#2040 = VECTOR('',#2041,1.);
#2041 = DIRECTION('',(0.,0.,-1.));
#2042 = ORIENTED_EDGE('',*,*,#2043,.T.);
#2043 = EDGE_CURVE('',#2036,#2044,#2046,.T.);
#2044 = VERTEX_POINT('',#2045);
#2045 = CARTESIAN_POINT('',(90.1,32.,235.9));
#2046 = LINE('',#2047,#2048);
#2047 = CARTESIAN_POINT('',(88.05,32.,235.9));
#2048 = VECTOR('',#2049,1.);
#2049 = DIRECTION('',(1.,0.,0.));
#2050 = ORIENTED_EDGE('',*,*,#2051,.F.);
#2051 = EDGE_CURVE('',#2003,#2044,#2052,.T.);
#2052 = LINE('',#2053,#2054);
#2053 = CARTESIAN_POINT('',(90.1,32.,234.6750427246));
#2054 = VECTOR('',#2055,1.);
#2055 = DIRECTION('',(0.,0.,-1.));
#2056 = ORIENTED_EDGE('',*,*,#2011,.F.);
#2057 = ORIENTED_EDGE('',*,*,#782,.F.);
#2058 = PLANE('',#2059);
#2059 = AXIS2_PLACEMENT_3D('',#2060,#2061,#2062);
#2060 = CARTESIAN_POINT('',(87.8,32.,233.45008544921));
#2061 = DIRECTION('',(0.,1.,0.));
#2062 = DIRECTION('',(0.,0.,1.));
#2063 = ADVANCED_FACE('',(#2064,#2114),#2125,.T.);
#2064 = FACE_BOUND('',#2065,.T.);
#2065 = EDGE_LOOP('',(#2066,#2067,#2068,#2076,#2084,#2092,#2100,#2108));
#2066 = ORIENTED_EDGE('',*,*,#2027,.T.);
#2067 = ORIENTED_EDGE('',*,*,#774,.F.);
#2068 = ORIENTED_EDGE('',*,*,#2069,.F.);
#2069 = EDGE_CURVE('',#2070,#767,#2072,.T.);
#2070 = VERTEX_POINT('',#2071);
#2071 = CARTESIAN_POINT('',(89.2,26.,233.45008544921));
#2072 = LINE('',#2073,#2074);
#2073 = CARTESIAN_POINT('',(87.8,26.,233.45008544921));
#2074 = VECTOR('',#2075,1.);
#2075 = DIRECTION('',(1.,0.,0.));
#2076 = ORIENTED_EDGE('',*,*,#2077,.F.);
#2077 = EDGE_CURVE('',#2078,#2070,#2080,.T.);
#2078 = VERTEX_POINT('',#2079);
#2079 = CARTESIAN_POINT('',(89.2,24.9,233.45008544921));
#2080 = LINE('',#2081,#2082);
#2081 = CARTESIAN_POINT('',(89.2,24.9,233.45008544921));
#2082 = VECTOR('',#2083,1.);
#2083 = DIRECTION('',(0.,1.,0.));
#2084 = ORIENTED_EDGE('',*,*,#2085,.F.);
#2085 = EDGE_CURVE('',#2086,#2078,#2088,.T.);
#2086 = VERTEX_POINT('',#2087);
#2087 = CARTESIAN_POINT('',(79.4,24.9,233.45008544921));
#2088 = LINE('',#2089,#2090);
#2089 = CARTESIAN_POINT('',(79.4,24.9,233.45008544921));
#2090 = VECTOR('',#2091,1.);
#2091 = DIRECTION('',(1.,0.,0.));
#2092 = ORIENTED_EDGE('',*,*,#2093,.T.);
#2093 = EDGE_CURVE('',#2086,#2094,#2096,.T.);
#2094 = VERTEX_POINT('',#2095);
#2095 = CARTESIAN_POINT('',(79.4,33.1,233.45008544921));
#2096 = LINE('',#2097,#2098);
#2097 = CARTESIAN_POINT('',(79.4,24.9,233.45008544921));
#2098 = VECTOR('',#2099,1.);
#2099 = DIRECTION('',(0.,1.,0.));
#2100 = ORIENTED_EDGE('',*,*,#2101,.T.);
#2101 = EDGE_CURVE('',#2094,#2102,#2104,.T.);
#2102 = VERTEX_POINT('',#2103);
#2103 = CARTESIAN_POINT('',(89.2,33.1,233.45008544921));
#2104 = LINE('',#2105,#2106);
#2105 = CARTESIAN_POINT('',(79.4,33.1,233.45008544921));
#2106 = VECTOR('',#2107,1.);
#2107 = DIRECTION('',(1.,0.,0.));
#2108 = ORIENTED_EDGE('',*,*,#2109,.F.);
#2109 = EDGE_CURVE('',#2028,#2102,#2110,.T.);
#2110 = LINE('',#2111,#2112);
#2111 = CARTESIAN_POINT('',(89.2,24.9,233.45008544921));
#2112 = VECTOR('',#2113,1.);
#2113 = DIRECTION('',(0.,1.,0.));
#2114 = FACE_BOUND('',#2115,.T.);
#2115 = EDGE_LOOP('',(#2116));
#2116 = ORIENTED_EDGE('',*,*,#2117,.F.);
#2117 = EDGE_CURVE('',#2118,#2118,#2120,.T.);
#2118 = VERTEX_POINT('',#2119);
#2119 = CARTESIAN_POINT('',(84.7,29.,233.45008544921));
#2120 = CIRCLE('',#2121,1.2);
#2121 = AXIS2_PLACEMENT_3D('',#2122,#2123,#2124);
#2122 = CARTESIAN_POINT('',(83.5,29.,233.45008544921));
#2123 = DIRECTION('',(0.,0.,-1.));
#2124 = DIRECTION('',(1.,0.,0.));
#2125 = PLANE('',#2126);
#2126 = AXIS2_PLACEMENT_3D('',#2127,#2128,#2129);
#2127 = CARTESIAN_POINT('',(85.916666666667,29.,233.45008544921));
#2128 = DIRECTION('',(-0.,-0.,-1.));
#2129 = DIRECTION('',(-1.,0.,0.));
#2130 = ADVANCED_FACE('',(#2131),#2142,.F.);
#2131 = FACE_BOUND('',#2132,.F.);
#2132 = EDGE_LOOP('',(#2133,#2134,#2140,#2141));
#2133 = ORIENTED_EDGE('',*,*,#2069,.F.);
#2134 = ORIENTED_EDGE('',*,*,#2135,.F.);
#2135 = EDGE_CURVE('',#1609,#2070,#2136,.T.);
#2136 = LINE('',#2137,#2138);
#2137 = CARTESIAN_POINT('',(89.2,26.,233.45008544921));
#2138 = VECTOR('',#2139,1.);
#2139 = DIRECTION('',(0.,0.,-1.));
#2140 = ORIENTED_EDGE('',*,*,#1608,.F.);
#2141 = ORIENTED_EDGE('',*,*,#766,.F.);
#2142 = PLANE('',#2143);
#2143 = AXIS2_PLACEMENT_3D('',#2144,#2145,#2146);
#2144 = CARTESIAN_POINT('',(87.8,26.,233.45008544921));
#2145 = DIRECTION('',(0.,1.,0.));
#2146 = DIRECTION('',(0.,0.,1.));
#2147 = ADVANCED_FACE('',(#2148),#2176,.F.);
#2148 = FACE_BOUND('',#2149,.T.);
#2149 = EDGE_LOOP('',(#2150,#2161,#2168,#2174,#2175));
#2150 = ORIENTED_EDGE('',*,*,#2151,.T.);
#2151 = EDGE_CURVE('',#2152,#2154,#2156,.T.);
#2152 = VERTEX_POINT('',#2153);
#2153 = CARTESIAN_POINT('',(90.1,29.,236.9));
#2154 = VERTEX_POINT('',#2155);
#2155 = CARTESIAN_POINT('',(90.1,29.,239.1));
#2156 = CIRCLE('',#2157,1.1);
#2157 = AXIS2_PLACEMENT_3D('',#2158,#2159,#2160);
#2158 = CARTESIAN_POINT('',(90.1,29.,238.));
#2159 = DIRECTION('',(-1.,-0.,-2.2E-16));
#2160 = DIRECTION('',(2.2E-16,0.,-1.));
#2161 = ORIENTED_EDGE('',*,*,#2162,.T.);
#2162 = EDGE_CURVE('',#2154,#2152,#2163,.T.);
#2163 = CIRCLE('',#2164,1.1);
#2164 = AXIS2_PLACEMENT_3D('',#2165,#2166,#2167);
#2165 = CARTESIAN_POINT('',(90.1,29.,238.));
#2166 = DIRECTION('',(-1.,-0.,-2.2E-16));
#2167 = DIRECTION('',(2.2E-16,0.,-1.));
#2168 = ORIENTED_EDGE('',*,*,#2169,.T.);
#2169 = EDGE_CURVE('',#2152,#866,#2170,.T.);
#2170 = LINE('',#2171,#2172);
#2171 = CARTESIAN_POINT('',(86.3,29.,236.9));
#2172 = VECTOR('',#2173,1.);
#2173 = DIRECTION('',(1.,0.,0.));
#2174 = ORIENTED_EDGE('',*,*,#865,.F.);
#2175 = ORIENTED_EDGE('',*,*,#2169,.F.);
#2176 = CYLINDRICAL_SURFACE('',#2177,1.1);
#2177 = AXIS2_PLACEMENT_3D('',#2178,#2179,#2180);
#2178 = CARTESIAN_POINT('',(86.3,29.,238.));
#2179 = DIRECTION('',(-1.,-0.,0.));
#2180 = DIRECTION('',(0.,0.,-1.));
#2181 = ADVANCED_FACE('',(#2182),#2210,.F.);
#2182 = FACE_BOUND('',#2183,.T.);
#2183 = EDGE_LOOP('',(#2184,#2195,#2202,#2208,#2209));
#2184 = ORIENTED_EDGE('',*,*,#2185,.T.);
#2185 = EDGE_CURVE('',#2186,#2188,#2190,.T.);
#2186 = VERTEX_POINT('',#2187);
#2187 = CARTESIAN_POINT('',(90.1,29.,258.9));
#2188 = VERTEX_POINT('',#2189);
#2189 = CARTESIAN_POINT('',(90.1,29.,261.1));
#2190 = CIRCLE('',#2191,1.1);
#2191 = AXIS2_PLACEMENT_3D('',#2192,#2193,#2194);
#2192 = CARTESIAN_POINT('',(90.1,29.,260.));
#2193 = DIRECTION('',(-1.,-0.,-2.2E-16));
#2194 = DIRECTION('',(2.2E-16,0.,-1.));
#2195 = ORIENTED_EDGE('',*,*,#2196,.T.);
#2196 = EDGE_CURVE('',#2188,#2186,#2197,.T.);
#2197 = CIRCLE('',#2198,1.1);
#2198 = AXIS2_PLACEMENT_3D('',#2199,#2200,#2201);
#2199 = CARTESIAN_POINT('',(90.1,29.,260.));
#2200 = DIRECTION('',(-1.,-0.,-2.2E-16));
#2201 = DIRECTION('',(2.2E-16,0.,-1.));
#2202 = ORIENTED_EDGE('',*,*,#2203,.T.);
#2203 = EDGE_CURVE('',#2186,#877,#2204,.T.);
#2204 = LINE('',#2205,#2206);
#2205 = CARTESIAN_POINT('',(86.3,29.,258.9));
#2206 = VECTOR('',#2207,1.);
#2207 = DIRECTION('',(1.,0.,0.));
#2208 = ORIENTED_EDGE('',*,*,#876,.F.);
#2209 = ORIENTED_EDGE('',*,*,#2203,.F.);
#2210 = CYLINDRICAL_SURFACE('',#2211,1.1);
#2211 = AXIS2_PLACEMENT_3D('',#2212,#2213,#2214);
#2212 = CARTESIAN_POINT('',(86.3,29.,260.));
#2213 = DIRECTION('',(-1.,-0.,0.));
#2214 = DIRECTION('',(0.,0.,-1.));
#2215 = ADVANCED_FACE('',(#2216),#2244,.F.);
#2216 = FACE_BOUND('',#2217,.T.);
#2217 = EDGE_LOOP('',(#2218,#2229,#2236,#2242,#2243));
#2218 = ORIENTED_EDGE('',*,*,#2219,.T.);
#2219 = EDGE_CURVE('',#2220,#2222,#2224,.T.);
#2220 = VERTEX_POINT('',#2221);
#2221 = CARTESIAN_POINT('',(90.1,-29.,236.9));
#2222 = VERTEX_POINT('',#2223);
#2223 = CARTESIAN_POINT('',(90.1,-29.,239.1));
#2224 = CIRCLE('',#2225,1.1);
#2225 = AXIS2_PLACEMENT_3D('',#2226,#2227,#2228);
#2226 = CARTESIAN_POINT('',(90.1,-29.,238.));
#2227 = DIRECTION('',(-1.,-0.,-2.2E-16));
#2228 = DIRECTION('',(2.2E-16,0.,-1.));
#2229 = ORIENTED_EDGE('',*,*,#2230,.T.);
#2230 = EDGE_CURVE('',#2222,#2220,#2231,.T.);
#2231 = CIRCLE('',#2232,1.1);
#2232 = AXIS2_PLACEMENT_3D('',#2233,#2234,#2235);
#2233 = CARTESIAN_POINT('',(90.1,-29.,238.));
#2234 = DIRECTION('',(-1.,-0.,-2.2E-16));
#2235 = DIRECTION('',(2.2E-16,0.,-1.));
#2236 = ORIENTED_EDGE('',*,*,#2237,.T.);
#2237 = EDGE_CURVE('',#2220,#888,#2238,.T.);
#2238 = LINE('',#2239,#2240);
#2239 = CARTESIAN_POINT('',(86.3,-29.,236.9));
#2240 = VECTOR('',#2241,1.);
#2241 = DIRECTION('',(1.,0.,0.));
#2242 = ORIENTED_EDGE('',*,*,#887,.F.);
#2243 = ORIENTED_EDGE('',*,*,#2237,.F.);
#2244 = CYLINDRICAL_SURFACE('',#2245,1.1);
#2245 = AXIS2_PLACEMENT_3D('',#2246,#2247,#2248);
#2246 = CARTESIAN_POINT('',(86.3,-29.,238.));
#2247 = DIRECTION('',(-1.,-0.,0.));
#2248 = DIRECTION('',(0.,0.,-1.));
#2249 = ADVANCED_FACE('',(#2250),#2278,.F.);
#2250 = FACE_BOUND('',#2251,.T.);
#2251 = EDGE_LOOP('',(#2252,#2263,#2270,#2276,#2277));
#2252 = ORIENTED_EDGE('',*,*,#2253,.T.);
#2253 = EDGE_CURVE('',#2254,#2256,#2258,.T.);
#2254 = VERTEX_POINT('',#2255);
#2255 = CARTESIAN_POINT('',(90.1,-29.,258.9));
#2256 = VERTEX_POINT('',#2257);
#2257 = CARTESIAN_POINT('',(90.1,-29.,261.1));
#2258 = CIRCLE('',#2259,1.1);
#2259 = AXIS2_PLACEMENT_3D('',#2260,#2261,#2262);
#2260 = CARTESIAN_POINT('',(90.1,-29.,260.));
#2261 = DIRECTION('',(-1.,-0.,-2.2E-16));
#2262 = DIRECTION('',(2.2E-16,0.,-1.));
#2263 = ORIENTED_EDGE('',*,*,#2264,.T.);
#2264 = EDGE_CURVE('',#2256,#2254,#2265,.T.);
#2265 = CIRCLE('',#2266,1.1);
#2266 = AXIS2_PLACEMENT_3D('',#2267,#2268,#2269);
#2267 = CARTESIAN_POINT('',(90.1,-29.,260.));
#2268 = DIRECTION('',(-1.,-0.,-2.2E-16));
#2269 = DIRECTION('',(2.2E-16,0.,-1.));
#2270 = ORIENTED_EDGE('',*,*,#2271,.T.);
#2271 = EDGE_CURVE('',#2254,#899,#2272,.T.);
#2272 = LINE('',#2273,#2274);
#2273 = CARTESIAN_POINT('',(86.3,-29.,258.9));
#2274 = VECTOR('',#2275,1.);
#2275 = DIRECTION('',(1.,0.,0.));
#2276 = ORIENTED_EDGE('',*,*,#898,.F.);
#2277 = ORIENTED_EDGE('',*,*,#2271,.F.);
#2278 = CYLINDRICAL_SURFACE('',#2279,1.1);
#2279 = AXIS2_PLACEMENT_3D('',#2280,#2281,#2282);
#2280 = CARTESIAN_POINT('',(86.3,-29.,260.));
#2281 = DIRECTION('',(-1.,-0.,0.));
#2282 = DIRECTION('',(0.,0.,-1.));
#2283 = ADVANCED_FACE('',(#2284),#2296,.T.);
#2284 = FACE_BOUND('',#2285,.T.);
#2285 = EDGE_LOOP('',(#2286,#2287,#2288,#2294,#2295));
#2286 = ORIENTED_EDGE('',*,*,#1986,.T.);
#2287 = ORIENTED_EDGE('',*,*,#1960,.T.);
#2288 = ORIENTED_EDGE('',*,*,#2289,.T.);
#2289 = EDGE_CURVE('',#1953,#1294,#2290,.T.);
#2290 = LINE('',#2291,#2292);
#2291 = CARTESIAN_POINT('',(89.2,-24.9,233.45008544921));
#2292 = VECTOR('',#2293,1.);
#2293 = DIRECTION('',(0.,0.,1.));
#2294 = ORIENTED_EDGE('',*,*,#1291,.F.);
#2295 = ORIENTED_EDGE('',*,*,#1391,.T.);
#2296 = PLANE('',#2297);
#2297 = AXIS2_PLACEMENT_3D('',#2298,#2299,#2300);
#2298 = CARTESIAN_POINT('',(89.2,-33.1,233.45008544921));
#2299 = DIRECTION('',(1.,0.,0.));
#2300 = DIRECTION('',(0.,0.,1.));
#2301 = ADVANCED_FACE('',(#2302),#2327,.T.);
#2302 = FACE_BOUND('',#2303,.T.);
#2303 = EDGE_LOOP('',(#2304,#2314,#2320,#2321));
#2304 = ORIENTED_EDGE('',*,*,#2305,.F.);
#2305 = EDGE_CURVE('',#2306,#2308,#2310,.T.);
#2306 = VERTEX_POINT('',#2307);
#2307 = CARTESIAN_POINT('',(88.3,-32.6,235.9));
#2308 = VERTEX_POINT('',#2309);
#2309 = CARTESIAN_POINT('',(89.2,-32.6,235.9));
#2310 = LINE('',#2311,#2312);
#2311 = CARTESIAN_POINT('',(88.3,-32.6,235.9));
#2312 = VECTOR('',#2313,1.);
#2313 = DIRECTION('',(1.,0.,0.));
#2314 = ORIENTED_EDGE('',*,*,#2315,.T.);
#2315 = EDGE_CURVE('',#2306,#1334,#2316,.T.);
#2316 = LINE('',#2317,#2318);
#2317 = CARTESIAN_POINT('',(88.3,-32.6,235.9));
#2318 = VECTOR('',#2319,1.);
#2319 = DIRECTION('',(0.,0.,1.));
#2320 = ORIENTED_EDGE('',*,*,#1333,.F.);
#2321 = ORIENTED_EDGE('',*,*,#2322,.F.);
#2322 = EDGE_CURVE('',#2308,#1326,#2323,.T.);
#2323 = LINE('',#2324,#2325);
#2324 = CARTESIAN_POINT('',(89.2,-32.6,234.6750427246));
#2325 = VECTOR('',#2326,1.);
#2326 = DIRECTION('',(0.,0.,1.));
#2327 = PLANE('',#2328);
#2328 = AXIS2_PLACEMENT_3D('',#2329,#2330,#2331);
#2329 = CARTESIAN_POINT('',(88.3,-32.6,235.9));
#2330 = DIRECTION('',(0.,1.,0.));
#2331 = DIRECTION('',(0.,0.,1.));
#2332 = ADVANCED_FACE('',(#2333),#2351,.T.);
#2333 = FACE_BOUND('',#2334,.T.);
#2334 = EDGE_LOOP('',(#2335,#2336,#2342,#2343,#2344,#2350));
#2335 = ORIENTED_EDGE('',*,*,#1325,.F.);
#2336 = ORIENTED_EDGE('',*,*,#2337,.F.);
#2337 = EDGE_CURVE('',#1929,#1318,#2338,.T.);
#2338 = LINE('',#2339,#2340);
#2339 = CARTESIAN_POINT('',(89.2,-33.1,233.45008544921));
#2340 = VECTOR('',#2341,1.);
#2341 = DIRECTION('',(0.,0.,1.));
#2342 = ORIENTED_EDGE('',*,*,#1928,.T.);
#2343 = ORIENTED_EDGE('',*,*,#1868,.F.);
#2344 = ORIENTED_EDGE('',*,*,#2345,.T.);
#2345 = EDGE_CURVE('',#1869,#2308,#2346,.T.);
#2346 = LINE('',#2347,#2348);
#2347 = CARTESIAN_POINT('',(89.2,-32.85,235.9));
#2348 = VECTOR('',#2349,1.);
#2349 = DIRECTION('',(0.,-1.,0.));
#2350 = ORIENTED_EDGE('',*,*,#2322,.T.);
#2351 = PLANE('',#2352);
#2352 = AXIS2_PLACEMENT_3D('',#2353,#2354,#2355);
#2353 = CARTESIAN_POINT('',(89.2,-33.1,233.45008544921));
#2354 = DIRECTION('',(1.,0.,0.));
#2355 = DIRECTION('',(0.,0.,1.));
#2356 = ADVANCED_FACE('',(#2357,#2368),#2402,.F.);
#2357 = FACE_BOUND('',#2358,.F.);
#2358 = EDGE_LOOP('',(#2359,#2360,#2366,#2367));
#2359 = ORIENTED_EDGE('',*,*,#1936,.F.);
#2360 = ORIENTED_EDGE('',*,*,#2361,.T.);
#2361 = EDGE_CURVE('',#1937,#1310,#2362,.T.);
#2362 = LINE('',#2363,#2364);
#2363 = CARTESIAN_POINT('',(79.4,-33.1,233.45008544921));
#2364 = VECTOR('',#2365,1.);
#2365 = DIRECTION('',(0.,0.,1.));
#2366 = ORIENTED_EDGE('',*,*,#1317,.T.);
#2367 = ORIENTED_EDGE('',*,*,#2337,.F.);
#2368 = FACE_BOUND('',#2369,.F.);
#2369 = EDGE_LOOP('',(#2370,#2380,#2388,#2396));
#2370 = ORIENTED_EDGE('',*,*,#2371,.T.);
#2371 = EDGE_CURVE('',#2372,#2374,#2376,.T.);
#2372 = VERTEX_POINT('',#2373);
#2373 = CARTESIAN_POINT('',(81.,-33.1,237.25008544921));
#2374 = VERTEX_POINT('',#2375);
#2375 = CARTESIAN_POINT('',(81.,-33.1,235.45008544921));
#2376 = LINE('',#2377,#2378);
#2377 = CARTESIAN_POINT('',(81.,-33.1,234.45008544921));
#2378 = VECTOR('',#2379,1.);
#2379 = DIRECTION('',(0.,0.,-1.));
#2380 = ORIENTED_EDGE('',*,*,#2381,.T.);
#2381 = EDGE_CURVE('',#2374,#2382,#2384,.T.);
#2382 = VERTEX_POINT('',#2383);
#2383 = CARTESIAN_POINT('',(86.,-33.1,235.45008544921));
#2384 = LINE('',#2385,#2386);
#2385 = CARTESIAN_POINT('',(80.2,-33.1,235.45008544921));
#2386 = VECTOR('',#2387,1.);
#2387 = DIRECTION('',(1.,0.,0.));
#2388 = ORIENTED_EDGE('',*,*,#2389,.F.);
#2389 = EDGE_CURVE('',#2390,#2382,#2392,.T.);
#2390 = VERTEX_POINT('',#2391);
#2391 = CARTESIAN_POINT('',(86.,-33.1,237.25008544921));
#2392 = LINE('',#2393,#2394);
#2393 = CARTESIAN_POINT('',(86.,-33.1,234.45008544921));
#2394 = VECTOR('',#2395,1.);
#2395 = DIRECTION('',(0.,0.,-1.));
#2396 = ORIENTED_EDGE('',*,*,#2397,.F.);
#2397 = EDGE_CURVE('',#2372,#2390,#2398,.T.);
#2398 = LINE('',#2399,#2400);
#2399 = CARTESIAN_POINT('',(80.2,-33.1,237.25008544921));
#2400 = VECTOR('',#2401,1.);
#2401 = DIRECTION('',(1.,0.,0.));
#2402 = PLANE('',#2403);
#2403 = AXIS2_PLACEMENT_3D('',#2404,#2405,#2406);
#2404 = CARTESIAN_POINT('',(79.4,-33.1,233.45008544921));
#2405 = DIRECTION('',(0.,1.,0.));
#2406 = DIRECTION('',(0.,0.,1.));
#2407 = ADVANCED_FACE('',(#2408),#2419,.F.);
#2408 = FACE_BOUND('',#2409,.F.);
#2409 = EDGE_LOOP('',(#2410,#2411,#2412,#2418));
#2410 = ORIENTED_EDGE('',*,*,#2361,.F.);
#2411 = ORIENTED_EDGE('',*,*,#1944,.T.);
#2412 = ORIENTED_EDGE('',*,*,#2413,.T.);
#2413 = EDGE_CURVE('',#1945,#1302,#2414,.T.);
#2414 = LINE('',#2415,#2416);
#2415 = CARTESIAN_POINT('',(79.4,-24.9,233.45008544921));
#2416 = VECTOR('',#2417,1.);
#2417 = DIRECTION('',(0.,0.,1.));
#2418 = ORIENTED_EDGE('',*,*,#1309,.F.);
#2419 = PLANE('',#2420);
#2420 = AXIS2_PLACEMENT_3D('',#2421,#2422,#2423);
#2421 = CARTESIAN_POINT('',(79.4,-33.1,233.45008544921));
#2422 = DIRECTION('',(1.,0.,0.));
#2423 = DIRECTION('',(0.,0.,1.));
#2424 = ADVANCED_FACE('',(#2425),#2431,.T.);
#2425 = FACE_BOUND('',#2426,.T.);
#2426 = EDGE_LOOP('',(#2427,#2428,#2429,#2430));
#2427 = ORIENTED_EDGE('',*,*,#1952,.F.);
#2428 = ORIENTED_EDGE('',*,*,#2413,.T.);
#2429 = ORIENTED_EDGE('',*,*,#1301,.T.);
#2430 = ORIENTED_EDGE('',*,*,#2289,.F.);
#2431 = PLANE('',#2432);
#2432 = AXIS2_PLACEMENT_3D('',#2433,#2434,#2435);
#2433 = CARTESIAN_POINT('',(79.4,-24.9,233.45008544921));
#2434 = DIRECTION('',(0.,1.,0.));
#2435 = DIRECTION('',(0.,0.,1.));
#2436 = ADVANCED_FACE('',(#2437),#2465,.F.);
#2437 = FACE_BOUND('',#2438,.T.);
#2438 = EDGE_LOOP('',(#2439,#2450,#2457,#2463,#2464));
#2439 = ORIENTED_EDGE('',*,*,#2440,.T.);
#2440 = EDGE_CURVE('',#2441,#2443,#2445,.T.);
#2441 = VERTEX_POINT('',#2442);
#2442 = CARTESIAN_POINT('',(84.7,-29.,237.25008544921));
#2443 = VERTEX_POINT('',#2444);
#2444 = CARTESIAN_POINT('',(82.300000000001,-29.,237.25008544921));
#2445 = CIRCLE('',#2446,1.2);
#2446 = AXIS2_PLACEMENT_3D('',#2447,#2448,#2449);
#2447 = CARTESIAN_POINT('',(83.5,-29.,237.25008544921));
#2448 = DIRECTION('',(0.,0.,-1.));
#2449 = DIRECTION('',(1.,0.,0.));
#2450 = ORIENTED_EDGE('',*,*,#2451,.T.);
#2451 = EDGE_CURVE('',#2443,#2441,#2452,.T.);
#2452 = CIRCLE('',#2453,1.2);
#2453 = AXIS2_PLACEMENT_3D('',#2454,#2455,#2456);
#2454 = CARTESIAN_POINT('',(83.5,-29.,237.25008544921));
#2455 = DIRECTION('',(0.,0.,-1.));
#2456 = DIRECTION('',(1.,0.,0.));
#2457 = ORIENTED_EDGE('',*,*,#2458,.T.);
#2458 = EDGE_CURVE('',#2441,#1358,#2459,.T.);
#2459 = LINE('',#2460,#2461);
#2460 = CARTESIAN_POINT('',(84.7,-29.,230.));
#2461 = VECTOR('',#2462,1.);
#2462 = DIRECTION('',(0.,0.,1.));
#2463 = ORIENTED_EDGE('',*,*,#1357,.F.);
#2464 = ORIENTED_EDGE('',*,*,#2458,.F.);
#2465 = CYLINDRICAL_SURFACE('',#2466,1.2);
#2466 = AXIS2_PLACEMENT_3D('',#2467,#2468,#2469);
#2467 = CARTESIAN_POINT('',(83.5,-29.,230.));
#2468 = DIRECTION('',(-0.,-0.,-1.));
#2469 = DIRECTION('',(1.,0.,0.));
#2470 = ADVANCED_FACE('',(#2471),#2496,.T.);
#2471 = FACE_BOUND('',#2472,.T.);
#2472 = EDGE_LOOP('',(#2473,#2481,#2482,#2483,#2489,#2490));
#2473 = ORIENTED_EDGE('',*,*,#2474,.T.);
#2474 = EDGE_CURVE('',#2475,#2036,#2477,.T.);
#2475 = VERTEX_POINT('',#2476);
#2476 = CARTESIAN_POINT('',(89.2,32.6,235.9));
#2477 = LINE('',#2478,#2479);
#2478 = CARTESIAN_POINT('',(89.2,26.95,235.9));
#2479 = VECTOR('',#2480,1.);
#2480 = DIRECTION('',(0.,-1.,0.));
#2481 = ORIENTED_EDGE('',*,*,#2035,.T.);
#2482 = ORIENTED_EDGE('',*,*,#2109,.T.);
#2483 = ORIENTED_EDGE('',*,*,#2484,.T.);
#2484 = EDGE_CURVE('',#2102,#1535,#2485,.T.);
#2485 = LINE('',#2486,#2487);
#2486 = CARTESIAN_POINT('',(89.2,33.1,233.45008544921));
#2487 = VECTOR('',#2488,1.);
#2488 = DIRECTION('',(0.,0.,1.));
#2489 = ORIENTED_EDGE('',*,*,#1532,.F.);
#2490 = ORIENTED_EDGE('',*,*,#2491,.F.);
#2491 = EDGE_CURVE('',#2475,#1533,#2492,.T.);
#2492 = LINE('',#2493,#2494);
#2493 = CARTESIAN_POINT('',(89.2,32.6,234.6750427246));
#2494 = VECTOR('',#2495,1.);
#2495 = DIRECTION('',(0.,0.,1.));
#2496 = PLANE('',#2497);
#2497 = AXIS2_PLACEMENT_3D('',#2498,#2499,#2500);
#2498 = CARTESIAN_POINT('',(89.2,24.9,233.45008544921));
#2499 = DIRECTION('',(1.,0.,0.));
#2500 = DIRECTION('',(0.,0.,1.));
#2501 = ADVANCED_FACE('',(#2502),#2513,.F.);
#2502 = FACE_BOUND('',#2503,.F.);
#2503 = EDGE_LOOP('',(#2504,#2510,#2511,#2512));
#2504 = ORIENTED_EDGE('',*,*,#2505,.F.);
#2505 = EDGE_CURVE('',#103,#2475,#2506,.T.);
#2506 = LINE('',#2507,#2508);
#2507 = CARTESIAN_POINT('',(88.3,32.6,235.9));
#2508 = VECTOR('',#2509,1.);
#2509 = DIRECTION('',(1.,0.,0.));
#2510 = ORIENTED_EDGE('',*,*,#110,.T.);
#2511 = ORIENTED_EDGE('',*,*,#1583,.F.);
#2512 = ORIENTED_EDGE('',*,*,#2491,.F.);
#2513 = PLANE('',#2514);
#2514 = AXIS2_PLACEMENT_3D('',#2515,#2516,#2517);
#2515 = CARTESIAN_POINT('',(88.3,32.6,235.9));
#2516 = DIRECTION('',(0.,1.,0.));
#2517 = DIRECTION('',(0.,0.,1.));
#2518 = ADVANCED_FACE('',(#2519),#2531,.T.);
#2519 = FACE_BOUND('',#2520,.T.);
#2520 = EDGE_LOOP('',(#2521,#2522,#2528,#2529,#2530));
#2521 = ORIENTED_EDGE('',*,*,#1566,.F.);
#2522 = ORIENTED_EDGE('',*,*,#2523,.F.);
#2523 = EDGE_CURVE('',#2078,#1559,#2524,.T.);
#2524 = LINE('',#2525,#2526);
#2525 = CARTESIAN_POINT('',(89.2,24.9,233.45008544921));
#2526 = VECTOR('',#2527,1.);
#2527 = DIRECTION('',(0.,0.,1.));
#2528 = ORIENTED_EDGE('',*,*,#2077,.T.);
#2529 = ORIENTED_EDGE('',*,*,#2135,.F.);
#2530 = ORIENTED_EDGE('',*,*,#1616,.T.);
#2531 = PLANE('',#2532);
#2532 = AXIS2_PLACEMENT_3D('',#2533,#2534,#2535);
#2533 = CARTESIAN_POINT('',(89.2,24.9,233.45008544921));
#2534 = DIRECTION('',(1.,0.,0.));
#2535 = DIRECTION('',(0.,0.,1.));
#2536 = ADVANCED_FACE('',(#2537),#2548,.F.);
#2537 = FACE_BOUND('',#2538,.F.);
#2538 = EDGE_LOOP('',(#2539,#2540,#2546,#2547));
#2539 = ORIENTED_EDGE('',*,*,#2085,.F.);
#2540 = ORIENTED_EDGE('',*,*,#2541,.T.);
#2541 = EDGE_CURVE('',#2086,#1551,#2542,.T.);
#2542 = LINE('',#2543,#2544);
#2543 = CARTESIAN_POINT('',(79.4,24.9,233.45008544921));
#2544 = VECTOR('',#2545,1.);
#2545 = DIRECTION('',(0.,0.,1.));
#2546 = ORIENTED_EDGE('',*,*,#1558,.T.);
#2547 = ORIENTED_EDGE('',*,*,#2523,.F.);
#2548 = PLANE('',#2549);
#2549 = AXIS2_PLACEMENT_3D('',#2550,#2551,#2552);
#2550 = CARTESIAN_POINT('',(79.4,24.9,233.45008544921));
#2551 = DIRECTION('',(0.,1.,0.));
#2552 = DIRECTION('',(0.,0.,1.));
#2553 = ADVANCED_FACE('',(#2554),#2565,.F.);
#2554 = FACE_BOUND('',#2555,.F.);
#2555 = EDGE_LOOP('',(#2556,#2557,#2558,#2564));
#2556 = ORIENTED_EDGE('',*,*,#2541,.F.);
#2557 = ORIENTED_EDGE('',*,*,#2093,.T.);
#2558 = ORIENTED_EDGE('',*,*,#2559,.T.);
#2559 = EDGE_CURVE('',#2094,#1543,#2560,.T.);
#2560 = LINE('',#2561,#2562);
#2561 = CARTESIAN_POINT('',(79.4,33.1,233.45008544921));
#2562 = VECTOR('',#2563,1.);
#2563 = DIRECTION('',(0.,0.,1.));
#2564 = ORIENTED_EDGE('',*,*,#1550,.F.);
#2565 = PLANE('',#2566);
#2566 = AXIS2_PLACEMENT_3D('',#2567,#2568,#2569);
#2567 = CARTESIAN_POINT('',(79.4,24.9,233.45008544921));
#2568 = DIRECTION('',(1.,0.,0.));
#2569 = DIRECTION('',(0.,0.,1.));
#2570 = ADVANCED_FACE('',(#2571,#2577),#2611,.T.);
#2571 = FACE_BOUND('',#2572,.T.);
#2572 = EDGE_LOOP('',(#2573,#2574,#2575,#2576));
#2573 = ORIENTED_EDGE('',*,*,#2101,.F.);
#2574 = ORIENTED_EDGE('',*,*,#2559,.T.);
#2575 = ORIENTED_EDGE('',*,*,#1542,.T.);
#2576 = ORIENTED_EDGE('',*,*,#2484,.F.);
#2577 = FACE_BOUND('',#2578,.T.);
#2578 = EDGE_LOOP('',(#2579,#2589,#2597,#2605));
#2579 = ORIENTED_EDGE('',*,*,#2580,.T.);
#2580 = EDGE_CURVE('',#2581,#2583,#2585,.T.);
#2581 = VERTEX_POINT('',#2582);
#2582 = CARTESIAN_POINT('',(81.,33.1,237.25008544921));
#2583 = VERTEX_POINT('',#2584);
#2584 = CARTESIAN_POINT('',(81.,33.1,235.45008544921));
#2585 = LINE('',#2586,#2587);
#2586 = CARTESIAN_POINT('',(81.,33.1,234.45008544921));
#2587 = VECTOR('',#2588,1.);
#2588 = DIRECTION('',(0.,0.,-1.));
#2589 = ORIENTED_EDGE('',*,*,#2590,.T.);
#2590 = EDGE_CURVE('',#2583,#2591,#2593,.T.);
#2591 = VERTEX_POINT('',#2592);
#2592 = CARTESIAN_POINT('',(86.,33.1,235.45008544921));
#2593 = LINE('',#2594,#2595);
#2594 = CARTESIAN_POINT('',(80.2,33.1,235.45008544921));
#2595 = VECTOR('',#2596,1.);
#2596 = DIRECTION('',(1.,0.,0.));
#2597 = ORIENTED_EDGE('',*,*,#2598,.F.);
#2598 = EDGE_CURVE('',#2599,#2591,#2601,.T.);
#2599 = VERTEX_POINT('',#2600);
#2600 = CARTESIAN_POINT('',(86.,33.1,237.25008544921));
#2601 = LINE('',#2602,#2603);
#2602 = CARTESIAN_POINT('',(86.,33.1,234.45008544921));
#2603 = VECTOR('',#2604,1.);
#2604 = DIRECTION('',(0.,0.,-1.));
#2605 = ORIENTED_EDGE('',*,*,#2606,.F.);
#2606 = EDGE_CURVE('',#2581,#2599,#2607,.T.);
#2607 = LINE('',#2608,#2609);
#2608 = CARTESIAN_POINT('',(80.2,33.1,237.25008544921));
#2609 = VECTOR('',#2610,1.);
#2610 = DIRECTION('',(1.,0.,0.));
#2611 = PLANE('',#2612);
#2612 = AXIS2_PLACEMENT_3D('',#2613,#2614,#2615);
#2613 = CARTESIAN_POINT('',(79.4,33.1,233.45008544921));
#2614 = DIRECTION('',(0.,1.,0.));
#2615 = DIRECTION('',(0.,0.,1.));
#2616 = ADVANCED_FACE('',(#2617),#2645,.F.);
#2617 = FACE_BOUND('',#2618,.T.);
#2618 = EDGE_LOOP('',(#2619,#2630,#2637,#2643,#2644));
#2619 = ORIENTED_EDGE('',*,*,#2620,.T.);
#2620 = EDGE_CURVE('',#2621,#2623,#2625,.T.);
#2621 = VERTEX_POINT('',#2622);
#2622 = CARTESIAN_POINT('',(84.7,29.,237.25008544921));
#2623 = VERTEX_POINT('',#2624);
#2624 = CARTESIAN_POINT('',(82.300000000001,29.,237.25008544921));
#2625 = CIRCLE('',#2626,1.2);
#2626 = AXIS2_PLACEMENT_3D('',#2627,#2628,#2629);
#2627 = CARTESIAN_POINT('',(83.5,29.,237.25008544921));
#2628 = DIRECTION('',(0.,0.,-1.));
#2629 = DIRECTION('',(1.,0.,0.));
#2630 = ORIENTED_EDGE('',*,*,#2631,.T.);
#2631 = EDGE_CURVE('',#2623,#2621,#2632,.T.);
#2632 = CIRCLE('',#2633,1.2);
#2633 = AXIS2_PLACEMENT_3D('',#2634,#2635,#2636);
#2634 = CARTESIAN_POINT('',(83.5,29.,237.25008544921));
#2635 = DIRECTION('',(0.,0.,-1.));
#2636 = DIRECTION('',(1.,0.,0.));
#2637 = ORIENTED_EDGE('',*,*,#2638,.T.);
#2638 = EDGE_CURVE('',#2621,#1592,#2639,.T.);
#2639 = LINE('',#2640,#2641);
#2640 = CARTESIAN_POINT('',(84.7,29.,230.));
#2641 = VECTOR('',#2642,1.);
#2642 = DIRECTION('',(0.,0.,1.));
#2643 = ORIENTED_EDGE('',*,*,#1591,.F.);
#2644 = ORIENTED_EDGE('',*,*,#2638,.F.);
#2645 = CYLINDRICAL_SURFACE('',#2646,1.2);
#2646 = AXIS2_PLACEMENT_3D('',#2647,#2648,#2649);
#2647 = CARTESIAN_POINT('',(83.5,29.,230.));
#2648 = DIRECTION('',(-0.,-0.,-1.));
#2649 = DIRECTION('',(1.,0.,0.));
#2650 = ADVANCED_FACE('',(#2651),#2679,.F.);
#2651 = FACE_BOUND('',#2652,.T.);
#2652 = EDGE_LOOP('',(#2653,#2654,#2662,#2671,#2678));
#2653 = ORIENTED_EDGE('',*,*,#1968,.T.);
#2654 = ORIENTED_EDGE('',*,*,#2655,.T.);
#2655 = EDGE_CURVE('',#1969,#2656,#2658,.T.);
#2656 = VERTEX_POINT('',#2657);
#2657 = CARTESIAN_POINT('',(84.7,-29.,235.45008544921));
#2658 = LINE('',#2659,#2660);
#2659 = CARTESIAN_POINT('',(84.7,-29.,230.));
#2660 = VECTOR('',#2661,1.);
#2661 = DIRECTION('',(0.,0.,1.));
#2662 = ORIENTED_EDGE('',*,*,#2663,.F.);
#2663 = EDGE_CURVE('',#2664,#2656,#2666,.T.);
#2664 = VERTEX_POINT('',#2665);
#2665 = CARTESIAN_POINT('',(82.300000000001,-29.,235.45008544921));
#2666 = CIRCLE('',#2667,1.2);
#2667 = AXIS2_PLACEMENT_3D('',#2668,#2669,#2670);
#2668 = CARTESIAN_POINT('',(83.5,-29.,235.45008544921));
#2669 = DIRECTION('',(0.,0.,-1.));
#2670 = DIRECTION('',(1.,0.,0.));
#2671 = ORIENTED_EDGE('',*,*,#2672,.F.);
#2672 = EDGE_CURVE('',#2656,#2664,#2673,.T.);
#2673 = CIRCLE('',#2674,1.2);
#2674 = AXIS2_PLACEMENT_3D('',#2675,#2676,#2677);
#2675 = CARTESIAN_POINT('',(83.5,-29.,235.45008544921));
#2676 = DIRECTION('',(0.,0.,-1.));
#2677 = DIRECTION('',(1.,0.,0.));
#2678 = ORIENTED_EDGE('',*,*,#2655,.F.);
#2679 = CYLINDRICAL_SURFACE('',#2680,1.2);
#2680 = AXIS2_PLACEMENT_3D('',#2681,#2682,#2683);
#2681 = CARTESIAN_POINT('',(83.5,-29.,230.));
#2682 = DIRECTION('',(-0.,-0.,-1.));
#2683 = DIRECTION('',(1.,0.,0.));
#2684 = ADVANCED_FACE('',(#2685),#2713,.F.);
#2685 = FACE_BOUND('',#2686,.T.);
#2686 = EDGE_LOOP('',(#2687,#2688,#2696,#2705,#2712));
#2687 = ORIENTED_EDGE('',*,*,#2117,.T.);
#2688 = ORIENTED_EDGE('',*,*,#2689,.T.);
#2689 = EDGE_CURVE('',#2118,#2690,#2692,.T.);
#2690 = VERTEX_POINT('',#2691);
#2691 = CARTESIAN_POINT('',(84.7,29.,235.45008544921));
#2692 = LINE('',#2693,#2694);
#2693 = CARTESIAN_POINT('',(84.7,29.,230.));
#2694 = VECTOR('',#2695,1.);
#2695 = DIRECTION('',(0.,0.,1.));
#2696 = ORIENTED_EDGE('',*,*,#2697,.F.);
#2697 = EDGE_CURVE('',#2698,#2690,#2700,.T.);
#2698 = VERTEX_POINT('',#2699);
#2699 = CARTESIAN_POINT('',(82.300000000001,29.,235.45008544921));
#2700 = CIRCLE('',#2701,1.2);
#2701 = AXIS2_PLACEMENT_3D('',#2702,#2703,#2704);
#2702 = CARTESIAN_POINT('',(83.5,29.,235.45008544921));
#2703 = DIRECTION('',(0.,0.,-1.));
#2704 = DIRECTION('',(1.,0.,0.));
#2705 = ORIENTED_EDGE('',*,*,#2706,.F.);
#2706 = EDGE_CURVE('',#2690,#2698,#2707,.T.);
#2707 = CIRCLE('',#2708,1.2);
#2708 = AXIS2_PLACEMENT_3D('',#2709,#2710,#2711);
#2709 = CARTESIAN_POINT('',(83.5,29.,235.45008544921));
#2710 = DIRECTION('',(0.,0.,-1.));
#2711 = DIRECTION('',(1.,0.,0.));
#2712 = ORIENTED_EDGE('',*,*,#2689,.F.);
#2713 = CYLINDRICAL_SURFACE('',#2714,1.2);
#2714 = AXIS2_PLACEMENT_3D('',#2715,#2716,#2717);
#2715 = CARTESIAN_POINT('',(83.5,29.,230.));
#2716 = DIRECTION('',(-0.,-0.,-1.));
#2717 = DIRECTION('',(1.,0.,0.));
#2718 = ADVANCED_FACE('',(#2719),#2744,.T.);
#2719 = FACE_BOUND('',#2720,.T.);
#2720 = EDGE_LOOP('',(#2721,#2729,#2730,#2738));
#2721 = ORIENTED_EDGE('',*,*,#2722,.F.);
#2722 = EDGE_CURVE('',#2372,#2723,#2725,.T.);
#2723 = VERTEX_POINT('',#2724);
#2724 = CARTESIAN_POINT('',(81.,-29.,237.25008544921));
#2725 = LINE('',#2726,#2727);
#2726 = CARTESIAN_POINT('',(81.,-33.2,237.25008544921));
#2727 = VECTOR('',#2728,1.);
#2728 = DIRECTION('',(0.,1.,0.));
#2729 = ORIENTED_EDGE('',*,*,#2371,.T.);
#2730 = ORIENTED_EDGE('',*,*,#2731,.T.);
#2731 = EDGE_CURVE('',#2374,#2732,#2734,.T.);
#2732 = VERTEX_POINT('',#2733);
#2733 = CARTESIAN_POINT('',(81.,-29.,235.45008544921));
#2734 = LINE('',#2735,#2736);
#2735 = CARTESIAN_POINT('',(81.,-33.2,235.45008544921));
#2736 = VECTOR('',#2737,1.);
#2737 = DIRECTION('',(0.,1.,0.));
#2738 = ORIENTED_EDGE('',*,*,#2739,.T.);
#2739 = EDGE_CURVE('',#2732,#2723,#2740,.T.);
#2740 = LINE('',#2741,#2742);
#2741 = CARTESIAN_POINT('',(81.,-29.,235.45008544921));
#2742 = VECTOR('',#2743,1.);
#2743 = DIRECTION('',(0.,0.,1.));
#2744 = PLANE('',#2745);
#2745 = AXIS2_PLACEMENT_3D('',#2746,#2747,#2748);
#2746 = CARTESIAN_POINT('',(81.,-33.2,235.45008544921));
#2747 = DIRECTION('',(1.,0.,0.));
#2748 = DIRECTION('',(0.,0.,1.));
#2749 = ADVANCED_FACE('',(#2750),#2775,.F.);
#2750 = FACE_BOUND('',#2751,.F.);
#2751 = EDGE_LOOP('',(#2752,#2760,#2761,#2769));
#2752 = ORIENTED_EDGE('',*,*,#2753,.F.);
#2753 = EDGE_CURVE('',#2390,#2754,#2756,.T.);
#2754 = VERTEX_POINT('',#2755);
#2755 = CARTESIAN_POINT('',(86.,-29.,237.25008544921));
#2756 = LINE('',#2757,#2758);
#2757 = CARTESIAN_POINT('',(86.,-33.2,237.25008544921));
#2758 = VECTOR('',#2759,1.);
#2759 = DIRECTION('',(0.,1.,0.));
#2760 = ORIENTED_EDGE('',*,*,#2389,.T.);
#2761 = ORIENTED_EDGE('',*,*,#2762,.T.);
#2762 = EDGE_CURVE('',#2382,#2763,#2765,.T.);
#2763 = VERTEX_POINT('',#2764);
#2764 = CARTESIAN_POINT('',(86.,-29.,235.45008544921));
#2765 = LINE('',#2766,#2767);
#2766 = CARTESIAN_POINT('',(86.,-33.2,235.45008544921));
#2767 = VECTOR('',#2768,1.);
#2768 = DIRECTION('',(0.,1.,0.));
#2769 = ORIENTED_EDGE('',*,*,#2770,.T.);
#2770 = EDGE_CURVE('',#2763,#2754,#2771,.T.);
#2771 = LINE('',#2772,#2773);
#2772 = CARTESIAN_POINT('',(86.,-29.,235.45008544921));
#2773 = VECTOR('',#2774,1.);
#2774 = DIRECTION('',(0.,0.,1.));
#2775 = PLANE('',#2776);
#2776 = AXIS2_PLACEMENT_3D('',#2777,#2778,#2779);
#2777 = CARTESIAN_POINT('',(86.,-33.2,235.45008544921));
#2778 = DIRECTION('',(1.,0.,0.));
#2779 = DIRECTION('',(0.,0.,1.));
#2780 = ADVANCED_FACE('',(#2781),#2806,.T.);
#2781 = FACE_BOUND('',#2782,.T.);
#2782 = EDGE_LOOP('',(#2783,#2791,#2799,#2805));
#2783 = ORIENTED_EDGE('',*,*,#2784,.F.);
#2784 = EDGE_CURVE('',#2785,#2581,#2787,.T.);
#2785 = VERTEX_POINT('',#2786);
#2786 = CARTESIAN_POINT('',(81.,29.,237.25008544921));
#2787 = LINE('',#2788,#2789);
#2788 = CARTESIAN_POINT('',(81.,29.,237.25008544921));
#2789 = VECTOR('',#2790,1.);
#2790 = DIRECTION('',(0.,1.,0.));
#2791 = ORIENTED_EDGE('',*,*,#2792,.F.);
#2792 = EDGE_CURVE('',#2793,#2785,#2795,.T.);
#2793 = VERTEX_POINT('',#2794);
#2794 = CARTESIAN_POINT('',(81.,29.,235.45008544921));
#2795 = LINE('',#2796,#2797);
#2796 = CARTESIAN_POINT('',(81.,29.,235.45008544921));
#2797 = VECTOR('',#2798,1.);
#2798 = DIRECTION('',(0.,0.,1.));
#2799 = ORIENTED_EDGE('',*,*,#2800,.T.);
#2800 = EDGE_CURVE('',#2793,#2583,#2801,.T.);
#2801 = LINE('',#2802,#2803);
#2802 = CARTESIAN_POINT('',(81.,29.,235.45008544921));
#2803 = VECTOR('',#2804,1.);
#2804 = DIRECTION('',(0.,1.,0.));
#2805 = ORIENTED_EDGE('',*,*,#2580,.F.);
#2806 = PLANE('',#2807);
#2807 = AXIS2_PLACEMENT_3D('',#2808,#2809,#2810);
#2808 = CARTESIAN_POINT('',(81.,29.,235.45008544921));
#2809 = DIRECTION('',(1.,0.,0.));
#2810 = DIRECTION('',(0.,0.,1.));
#2811 = ADVANCED_FACE('',(#2812),#2837,.F.);
#2812 = FACE_BOUND('',#2813,.F.);
#2813 = EDGE_LOOP('',(#2814,#2822,#2830,#2836));
#2814 = ORIENTED_EDGE('',*,*,#2815,.F.);
#2815 = EDGE_CURVE('',#2816,#2599,#2818,.T.);
#2816 = VERTEX_POINT('',#2817);
#2817 = CARTESIAN_POINT('',(86.,29.,237.25008544921));
#2818 = LINE('',#2819,#2820);
#2819 = CARTESIAN_POINT('',(86.,29.,237.25008544921));
#2820 = VECTOR('',#2821,1.);
#2821 = DIRECTION('',(0.,1.,0.));
#2822 = ORIENTED_EDGE('',*,*,#2823,.F.);
#2823 = EDGE_CURVE('',#2824,#2816,#2826,.T.);
#2824 = VERTEX_POINT('',#2825);
#2825 = CARTESIAN_POINT('',(86.,29.,235.45008544921));
#2826 = LINE('',#2827,#2828);
#2827 = CARTESIAN_POINT('',(86.,29.,235.45008544921));
#2828 = VECTOR('',#2829,1.);
#2829 = DIRECTION('',(0.,0.,1.));
#2830 = ORIENTED_EDGE('',*,*,#2831,.T.);
#2831 = EDGE_CURVE('',#2824,#2591,#2832,.T.);
#2832 = LINE('',#2833,#2834);
#2833 = CARTESIAN_POINT('',(86.,29.,235.45008544921));
#2834 = VECTOR('',#2835,1.);
#2835 = DIRECTION('',(0.,1.,0.));
#2836 = ORIENTED_EDGE('',*,*,#2598,.F.);
#2837 = PLANE('',#2838);
#2838 = AXIS2_PLACEMENT_3D('',#2839,#2840,#2841);
#2839 = CARTESIAN_POINT('',(86.,29.,235.45008544921));
#2840 = DIRECTION('',(1.,0.,0.));
#2841 = DIRECTION('',(0.,0.,1.));
#2842 = ADVANCED_FACE('',(#2843),#2868,.F.);
#2843 = FACE_BOUND('',#2844,.F.);
#2844 = EDGE_LOOP('',(#2845,#2853,#2854,#2862));
#2845 = ORIENTED_EDGE('',*,*,#2846,.F.);
#2846 = EDGE_CURVE('',#2732,#2847,#2849,.T.);
#2847 = VERTEX_POINT('',#2848);
#2848 = CARTESIAN_POINT('',(81.075128869404,-29.,235.45008544921));
#2849 = LINE('',#2850,#2851);
#2850 = CARTESIAN_POINT('',(81.,-29.,235.45008544921));
#2851 = VECTOR('',#2852,1.);
#2852 = DIRECTION('',(1.,0.,0.));
#2853 = ORIENTED_EDGE('',*,*,#2739,.T.);
#2854 = ORIENTED_EDGE('',*,*,#2855,.T.);
#2855 = EDGE_CURVE('',#2723,#2856,#2858,.T.);
#2856 = VERTEX_POINT('',#2857);
#2857 = CARTESIAN_POINT('',(81.075128869404,-29.,237.25008544921));
#2858 = LINE('',#2859,#2860);
#2859 = CARTESIAN_POINT('',(81.,-29.,237.25008544921));
#2860 = VECTOR('',#2861,1.);
#2861 = DIRECTION('',(1.,0.,0.));
#2862 = ORIENTED_EDGE('',*,*,#2863,.F.);
#2863 = EDGE_CURVE('',#2847,#2856,#2864,.T.);
#2864 = LINE('',#2865,#2866);
#2865 = CARTESIAN_POINT('',(81.075128869404,-29.,235.45008544921));
#2866 = VECTOR('',#2867,1.);
#2867 = DIRECTION('',(0.,0.,1.));
#2868 = PLANE('',#2869);
#2869 = AXIS2_PLACEMENT_3D('',#2870,#2871,#2872);
#2870 = CARTESIAN_POINT('',(81.,-29.,235.45008544921));
#2871 = DIRECTION('',(0.,1.,0.));
#2872 = DIRECTION('',(0.,0.,1.));
#2873 = ADVANCED_FACE('',(#2874),#2899,.F.);
#2874 = FACE_BOUND('',#2875,.F.);
#2875 = EDGE_LOOP('',(#2876,#2884,#2892,#2898));
#2876 = ORIENTED_EDGE('',*,*,#2877,.F.);
#2877 = EDGE_CURVE('',#2878,#2763,#2880,.T.);
#2878 = VERTEX_POINT('',#2879);
#2879 = CARTESIAN_POINT('',(85.924871130596,-29.,235.45008544921));
#2880 = LINE('',#2881,#2882);
#2881 = CARTESIAN_POINT('',(81.,-29.,235.45008544921));
#2882 = VECTOR('',#2883,1.);
#2883 = DIRECTION('',(1.,0.,0.));
#2884 = ORIENTED_EDGE('',*,*,#2885,.T.);
#2885 = EDGE_CURVE('',#2878,#2886,#2888,.T.);
#2886 = VERTEX_POINT('',#2887);
#2887 = CARTESIAN_POINT('',(85.924871130596,-29.,237.25008544921));
#2888 = LINE('',#2889,#2890);
#2889 = CARTESIAN_POINT('',(85.924871130596,-29.,235.45008544921));
#2890 = VECTOR('',#2891,1.);
#2891 = DIRECTION('',(0.,0.,1.));
#2892 = ORIENTED_EDGE('',*,*,#2893,.T.);
#2893 = EDGE_CURVE('',#2886,#2754,#2894,.T.);
#2894 = LINE('',#2895,#2896);
#2895 = CARTESIAN_POINT('',(81.,-29.,237.25008544921));
#2896 = VECTOR('',#2897,1.);
#2897 = DIRECTION('',(1.,0.,0.));
#2898 = ORIENTED_EDGE('',*,*,#2770,.F.);
#2899 = PLANE('',#2900);
#2900 = AXIS2_PLACEMENT_3D('',#2901,#2902,#2903);
#2901 = CARTESIAN_POINT('',(81.,-29.,235.45008544921));
#2902 = DIRECTION('',(0.,1.,0.));
#2903 = DIRECTION('',(0.,0.,1.));
#2904 = ADVANCED_FACE('',(#2905),#2930,.T.);
#2905 = FACE_BOUND('',#2906,.T.);
#2906 = EDGE_LOOP('',(#2907,#2917,#2923,#2924));
#2907 = ORIENTED_EDGE('',*,*,#2908,.T.);
#2908 = EDGE_CURVE('',#2909,#2911,#2913,.T.);
#2909 = VERTEX_POINT('',#2910);
#2910 = CARTESIAN_POINT('',(82.287564434702,-26.9,235.45008544921));
#2911 = VERTEX_POINT('',#2912);
#2912 = CARTESIAN_POINT('',(82.287564434702,-26.9,237.25008544921));
#2913 = LINE('',#2914,#2915);
#2914 = CARTESIAN_POINT('',(82.287564434702,-26.9,235.45008544921));
#2915 = VECTOR('',#2916,1.);
#2916 = DIRECTION('',(0.,0.,1.));
#2917 = ORIENTED_EDGE('',*,*,#2918,.T.);
#2918 = EDGE_CURVE('',#2911,#2856,#2919,.T.);
#2919 = LINE('',#2920,#2921);
#2920 = CARTESIAN_POINT('',(82.287564434702,-26.9,237.25008544921));
#2921 = VECTOR('',#2922,1.);
#2922 = DIRECTION('',(-0.5,-0.866025403784,0.));
#2923 = ORIENTED_EDGE('',*,*,#2863,.F.);
#2924 = ORIENTED_EDGE('',*,*,#2925,.F.);
#2925 = EDGE_CURVE('',#2909,#2847,#2926,.T.);
#2926 = LINE('',#2927,#2928);
#2927 = CARTESIAN_POINT('',(82.287564434702,-26.9,235.45008544921));
#2928 = VECTOR('',#2929,1.);
#2929 = DIRECTION('',(-0.5,-0.866025403784,0.));
#2930 = PLANE('',#2931);
#2931 = AXIS2_PLACEMENT_3D('',#2932,#2933,#2934);
#2932 = CARTESIAN_POINT('',(82.287564434702,-26.9,235.45008544921));
#2933 = DIRECTION('',(0.866025403784,-0.5,0.));
#2934 = DIRECTION('',(-0.5,-0.866025403784,0.));
#2935 = ADVANCED_FACE('',(#2936),#2961,.T.);
#2936 = FACE_BOUND('',#2937,.T.);
#2937 = EDGE_LOOP('',(#2938,#2948,#2954,#2955));
#2938 = ORIENTED_EDGE('',*,*,#2939,.T.);
#2939 = EDGE_CURVE('',#2940,#2942,#2944,.T.);
#2940 = VERTEX_POINT('',#2941);
#2941 = CARTESIAN_POINT('',(84.712435565298,-26.9,235.45008544921));
#2942 = VERTEX_POINT('',#2943);
#2943 = CARTESIAN_POINT('',(84.712435565298,-26.9,237.25008544921));
#2944 = LINE('',#2945,#2946);
#2945 = CARTESIAN_POINT('',(84.712435565298,-26.9,235.45008544921));
#2946 = VECTOR('',#2947,1.);
#2947 = DIRECTION('',(0.,0.,1.));
#2948 = ORIENTED_EDGE('',*,*,#2949,.T.);
#2949 = EDGE_CURVE('',#2942,#2911,#2950,.T.);
#2950 = LINE('',#2951,#2952);
#2951 = CARTESIAN_POINT('',(84.712435565298,-26.9,237.25008544921));
#2952 = VECTOR('',#2953,1.);
#2953 = DIRECTION('',(-1.,0.,0.));
#2954 = ORIENTED_EDGE('',*,*,#2908,.F.);
#2955 = ORIENTED_EDGE('',*,*,#2956,.F.);
#2956 = EDGE_CURVE('',#2940,#2909,#2957,.T.);
#2957 = LINE('',#2958,#2959);
#2958 = CARTESIAN_POINT('',(84.712435565298,-26.9,235.45008544921));
#2959 = VECTOR('',#2960,1.);
#2960 = DIRECTION('',(-1.,0.,0.));
#2961 = PLANE('',#2962);
#2962 = AXIS2_PLACEMENT_3D('',#2963,#2964,#2965);
#2963 = CARTESIAN_POINT('',(84.712435565298,-26.9,235.45008544921));
#2964 = DIRECTION('',(0.,-1.,0.));
#2965 = DIRECTION('',(-1.,0.,0.));
#2966 = ADVANCED_FACE('',(#2967),#2983,.T.);
#2967 = FACE_BOUND('',#2968,.T.);
#2968 = EDGE_LOOP('',(#2969,#2970,#2976,#2977));
#2969 = ORIENTED_EDGE('',*,*,#2885,.T.);
#2970 = ORIENTED_EDGE('',*,*,#2971,.T.);
#2971 = EDGE_CURVE('',#2886,#2942,#2972,.T.);
#2972 = LINE('',#2973,#2974);
#2973 = CARTESIAN_POINT('',(85.924871130596,-29.,237.25008544921));
#2974 = VECTOR('',#2975,1.);
#2975 = DIRECTION('',(-0.5,0.866025403784,0.));
#2976 = ORIENTED_EDGE('',*,*,#2939,.F.);
#2977 = ORIENTED_EDGE('',*,*,#2978,.F.);
#2978 = EDGE_CURVE('',#2878,#2940,#2979,.T.);
#2979 = LINE('',#2980,#2981);
#2980 = CARTESIAN_POINT('',(85.924871130596,-29.,235.45008544921));
#2981 = VECTOR('',#2982,1.);
#2982 = DIRECTION('',(-0.5,0.866025403784,0.));
#2983 = PLANE('',#2984);
#2984 = AXIS2_PLACEMENT_3D('',#2985,#2986,#2987);
#2985 = CARTESIAN_POINT('',(85.924871130596,-29.,235.45008544921));
#2986 = DIRECTION('',(-0.866025403784,-0.5,0.));
#2987 = DIRECTION('',(-0.5,0.866025403784,0.));
#2988 = ADVANCED_FACE('',(#2989),#3014,.T.);
#2989 = FACE_BOUND('',#2990,.T.);
#2990 = EDGE_LOOP('',(#2991,#2999,#3000,#3008));
#2991 = ORIENTED_EDGE('',*,*,#2992,.F.);
#2992 = EDGE_CURVE('',#2793,#2993,#2995,.T.);
#2993 = VERTEX_POINT('',#2994);
#2994 = CARTESIAN_POINT('',(81.075128869404,29.,235.45008544921));
#2995 = LINE('',#2996,#2997);
#2996 = CARTESIAN_POINT('',(81.,29.,235.45008544921));
#2997 = VECTOR('',#2998,1.);
#2998 = DIRECTION('',(1.,0.,0.));
#2999 = ORIENTED_EDGE('',*,*,#2792,.T.);
#3000 = ORIENTED_EDGE('',*,*,#3001,.T.);
#3001 = EDGE_CURVE('',#2785,#3002,#3004,.T.);
#3002 = VERTEX_POINT('',#3003);
#3003 = CARTESIAN_POINT('',(81.075128869404,29.,237.25008544921));
#3004 = LINE('',#3005,#3006);
#3005 = CARTESIAN_POINT('',(81.,29.,237.25008544921));
#3006 = VECTOR('',#3007,1.);
#3007 = DIRECTION('',(1.,0.,0.));
#3008 = ORIENTED_EDGE('',*,*,#3009,.F.);
#3009 = EDGE_CURVE('',#2993,#3002,#3010,.T.);
#3010 = LINE('',#3011,#3012);
#3011 = CARTESIAN_POINT('',(81.075128869404,29.,235.45008544921));
#3012 = VECTOR('',#3013,1.);
#3013 = DIRECTION('',(0.,0.,1.));
#3014 = PLANE('',#3015);
#3015 = AXIS2_PLACEMENT_3D('',#3016,#3017,#3018);
#3016 = CARTESIAN_POINT('',(81.,29.,235.45008544921));
#3017 = DIRECTION('',(0.,1.,0.));
#3018 = DIRECTION('',(0.,0.,1.));
#3019 = ADVANCED_FACE('',(#3020),#3045,.T.);
#3020 = FACE_BOUND('',#3021,.T.);
#3021 = EDGE_LOOP('',(#3022,#3030,#3038,#3044));
#3022 = ORIENTED_EDGE('',*,*,#3023,.F.);
#3023 = EDGE_CURVE('',#3024,#2824,#3026,.T.);
#3024 = VERTEX_POINT('',#3025);
#3025 = CARTESIAN_POINT('',(85.924871130596,29.,235.45008544921));
#3026 = LINE('',#3027,#3028);
#3027 = CARTESIAN_POINT('',(81.,29.,235.45008544921));
#3028 = VECTOR('',#3029,1.);
#3029 = DIRECTION('',(1.,0.,0.));
#3030 = ORIENTED_EDGE('',*,*,#3031,.T.);
#3031 = EDGE_CURVE('',#3024,#3032,#3034,.T.);
#3032 = VERTEX_POINT('',#3033);
#3033 = CARTESIAN_POINT('',(85.924871130596,29.,237.25008544921));
#3034 = LINE('',#3035,#3036);
#3035 = CARTESIAN_POINT('',(85.924871130596,29.,235.45008544921));
#3036 = VECTOR('',#3037,1.);
#3037 = DIRECTION('',(0.,0.,1.));
#3038 = ORIENTED_EDGE('',*,*,#3039,.T.);
#3039 = EDGE_CURVE('',#3032,#2816,#3040,.T.);
#3040 = LINE('',#3041,#3042);
#3041 = CARTESIAN_POINT('',(81.,29.,237.25008544921));
#3042 = VECTOR('',#3043,1.);
#3043 = DIRECTION('',(1.,0.,0.));
#3044 = ORIENTED_EDGE('',*,*,#2823,.F.);
#3045 = PLANE('',#3046);
#3046 = AXIS2_PLACEMENT_3D('',#3047,#3048,#3049);
#3047 = CARTESIAN_POINT('',(81.,29.,235.45008544921));
#3048 = DIRECTION('',(0.,1.,0.));
#3049 = DIRECTION('',(0.,0.,1.));
#3050 = ADVANCED_FACE('',(#3051),#3076,.T.);
#3051 = FACE_BOUND('',#3052,.T.);
#3052 = EDGE_LOOP('',(#3053,#3063,#3069,#3070));
#3053 = ORIENTED_EDGE('',*,*,#3054,.T.);
#3054 = EDGE_CURVE('',#3055,#3057,#3059,.T.);
#3055 = VERTEX_POINT('',#3056);
#3056 = CARTESIAN_POINT('',(84.712435565298,26.9,235.45008544921));
#3057 = VERTEX_POINT('',#3058);
#3058 = CARTESIAN_POINT('',(84.712435565298,26.9,237.25008544921));
#3059 = LINE('',#3060,#3061);
#3060 = CARTESIAN_POINT('',(84.712435565298,26.9,235.45008544921));
#3061 = VECTOR('',#3062,1.);
#3062 = DIRECTION('',(0.,0.,1.));
#3063 = ORIENTED_EDGE('',*,*,#3064,.T.);
#3064 = EDGE_CURVE('',#3057,#3032,#3065,.T.);
#3065 = LINE('',#3066,#3067);
#3066 = CARTESIAN_POINT('',(84.712435565298,26.9,237.25008544921));
#3067 = VECTOR('',#3068,1.);
#3068 = DIRECTION('',(0.5,0.866025403784,0.));
#3069 = ORIENTED_EDGE('',*,*,#3031,.F.);
#3070 = ORIENTED_EDGE('',*,*,#3071,.F.);
#3071 = EDGE_CURVE('',#3055,#3024,#3072,.T.);
#3072 = LINE('',#3073,#3074);
#3073 = CARTESIAN_POINT('',(84.712435565298,26.9,235.45008544921));
#3074 = VECTOR('',#3075,1.);
#3075 = DIRECTION('',(0.5,0.866025403784,0.));
#3076 = PLANE('',#3077);
#3077 = AXIS2_PLACEMENT_3D('',#3078,#3079,#3080);
#3078 = CARTESIAN_POINT('',(84.712435565298,26.9,235.45008544921));
#3079 = DIRECTION('',(-0.866025403784,0.5,0.));
#3080 = DIRECTION('',(0.5,0.866025403784,0.));
#3081 = ADVANCED_FACE('',(#3082),#3107,.T.);
#3082 = FACE_BOUND('',#3083,.T.);
#3083 = EDGE_LOOP('',(#3084,#3094,#3100,#3101));
#3084 = ORIENTED_EDGE('',*,*,#3085,.T.);
#3085 = EDGE_CURVE('',#3086,#3088,#3090,.T.);
#3086 = VERTEX_POINT('',#3087);
#3087 = CARTESIAN_POINT('',(82.287564434702,26.9,235.45008544921));
#3088 = VERTEX_POINT('',#3089);
#3089 = CARTESIAN_POINT('',(82.287564434702,26.9,237.25008544921));
#3090 = LINE('',#3091,#3092);
#3091 = CARTESIAN_POINT('',(82.287564434702,26.9,235.45008544921));
#3092 = VECTOR('',#3093,1.);
#3093 = DIRECTION('',(0.,0.,1.));
#3094 = ORIENTED_EDGE('',*,*,#3095,.T.);
#3095 = EDGE_CURVE('',#3088,#3057,#3096,.T.);
#3096 = LINE('',#3097,#3098);
#3097 = CARTESIAN_POINT('',(82.287564434702,26.9,237.25008544921));
#3098 = VECTOR('',#3099,1.);
#3099 = DIRECTION('',(1.,-1.8E-16,0.));
#3100 = ORIENTED_EDGE('',*,*,#3054,.F.);
#3101 = ORIENTED_EDGE('',*,*,#3102,.F.);
#3102 = EDGE_CURVE('',#3086,#3055,#3103,.T.);
#3103 = LINE('',#3104,#3105);
#3104 = CARTESIAN_POINT('',(82.287564434702,26.9,235.45008544921));
#3105 = VECTOR('',#3106,1.);
#3106 = DIRECTION('',(1.,-1.8E-16,0.));
#3107 = PLANE('',#3108);
#3108 = AXIS2_PLACEMENT_3D('',#3109,#3110,#3111);
#3109 = CARTESIAN_POINT('',(82.287564434702,26.9,235.45008544921));
#3110 = DIRECTION('',(1.8E-16,1.,0.));
#3111 = DIRECTION('',(1.,-1.8E-16,0.));
#3112 = ADVANCED_FACE('',(#3113),#3129,.T.);
#3113 = FACE_BOUND('',#3114,.T.);
#3114 = EDGE_LOOP('',(#3115,#3116,#3122,#3123));
#3115 = ORIENTED_EDGE('',*,*,#3009,.T.);
#3116 = ORIENTED_EDGE('',*,*,#3117,.T.);
#3117 = EDGE_CURVE('',#3002,#3088,#3118,.T.);
#3118 = LINE('',#3119,#3120);
#3119 = CARTESIAN_POINT('',(81.075128869404,29.,237.25008544921));
#3120 = VECTOR('',#3121,1.);
#3121 = DIRECTION('',(0.5,-0.866025403784,0.));
#3122 = ORIENTED_EDGE('',*,*,#3085,.F.);
#3123 = ORIENTED_EDGE('',*,*,#3124,.F.);
#3124 = EDGE_CURVE('',#2993,#3086,#3125,.T.);
#3125 = LINE('',#3126,#3127);
#3126 = CARTESIAN_POINT('',(81.075128869404,29.,235.45008544921));
#3127 = VECTOR('',#3128,1.);
#3128 = DIRECTION('',(0.5,-0.866025403784,0.));
#3129 = PLANE('',#3130);
#3130 = AXIS2_PLACEMENT_3D('',#3131,#3132,#3133);
#3131 = CARTESIAN_POINT('',(81.075128869404,29.,235.45008544921));
#3132 = DIRECTION('',(0.866025403784,0.5,0.));
#3133 = DIRECTION('',(0.5,-0.866025403784,0.));
#3134 = ADVANCED_FACE('',(#3135,#3172),#3176,.T.);
#3135 = FACE_BOUND('',#3136,.T.);
#3136 = EDGE_LOOP('',(#3137,#3138,#3139,#3140,#3141,#3142,#3150,#3158,
    #3166));
#3137 = ORIENTED_EDGE('',*,*,#958,.F.);
#3138 = ORIENTED_EDGE('',*,*,#1014,.F.);
#3139 = ORIENTED_EDGE('',*,*,#1046,.T.);
#3140 = ORIENTED_EDGE('',*,*,#1087,.F.);
#3141 = ORIENTED_EDGE('',*,*,#1194,.T.);
#3142 = ORIENTED_EDGE('',*,*,#3143,.T.);
#3143 = EDGE_CURVE('',#1195,#3144,#3146,.T.);
#3144 = VERTEX_POINT('',#3145);
#3145 = CARTESIAN_POINT('',(88.3,-27.7875644347,257.9));
#3146 = LINE('',#3147,#3148);
#3147 = CARTESIAN_POINT('',(88.3,-32.6,257.9));
#3148 = VECTOR('',#3149,1.);
#3149 = DIRECTION('',(0.,1.,0.));
#3150 = ORIENTED_EDGE('',*,*,#3151,.T.);
#3151 = EDGE_CURVE('',#3144,#3152,#3154,.T.);
#3152 = VERTEX_POINT('',#3153);
#3153 = CARTESIAN_POINT('',(88.3,-26.5751288694,260.));
#3154 = LINE('',#3155,#3156);
#3155 = CARTESIAN_POINT('',(88.3,-27.7875644347,257.9));
#3156 = VECTOR('',#3157,1.);
#3157 = DIRECTION('',(0.,0.5,0.866025403784));
#3158 = ORIENTED_EDGE('',*,*,#3159,.T.);
#3159 = EDGE_CURVE('',#3152,#3160,#3162,.T.);
#3160 = VERTEX_POINT('',#3161);
#3161 = CARTESIAN_POINT('',(88.3,-27.7875644347,262.1));
#3162 = LINE('',#3163,#3164);
#3163 = CARTESIAN_POINT('',(88.3,-26.5751288694,260.));
#3164 = VECTOR('',#3165,1.);
#3165 = DIRECTION('',(0.,-0.5,0.866025403784));
#3166 = ORIENTED_EDGE('',*,*,#3167,.T.);
#3167 = EDGE_CURVE('',#3160,#951,#3168,.T.);
#3168 = LINE('',#3169,#3170);
#3169 = CARTESIAN_POINT('',(88.3,-27.7875644347,262.1));
#3170 = VECTOR('',#3171,1.);
#3171 = DIRECTION('',(0.,-1.,1.1E-16));
#3172 = FACE_BOUND('',#3173,.T.);
#3173 = EDGE_LOOP('',(#3174,#3175));
#3174 = ORIENTED_EDGE('',*,*,#1705,.T.);
#3175 = ORIENTED_EDGE('',*,*,#1696,.T.);
#3176 = PLANE('',#3177);
#3177 = AXIS2_PLACEMENT_3D('',#3178,#3179,#3180);
#3178 = CARTESIAN_POINT('',(88.3,-29.72512599199,259.99337124319));
#3179 = DIRECTION('',(1.,0.,0.));
#3180 = DIRECTION('',(0.,0.,1.));
#3181 = ADVANCED_FACE('',(#3182),#3207,.T.);
#3182 = FACE_BOUND('',#3183,.T.);
#3183 = EDGE_LOOP('',(#3184,#3192,#3200,#3206));
#3184 = ORIENTED_EDGE('',*,*,#3185,.T.);
#3185 = EDGE_CURVE('',#3144,#3186,#3188,.T.);
#3186 = VERTEX_POINT('',#3187);
#3187 = CARTESIAN_POINT('',(90.1,-27.7875644347,257.9));
#3188 = LINE('',#3189,#3190);
#3189 = CARTESIAN_POINT('',(88.3,-27.7875644347,257.9));
#3190 = VECTOR('',#3191,1.);
#3191 = DIRECTION('',(1.,0.,0.));
#3192 = ORIENTED_EDGE('',*,*,#3193,.T.);
#3193 = EDGE_CURVE('',#3186,#3194,#3196,.T.);
#3194 = VERTEX_POINT('',#3195);
#3195 = CARTESIAN_POINT('',(90.1,-26.5751288694,260.));
#3196 = LINE('',#3197,#3198);
#3197 = CARTESIAN_POINT('',(90.1,-27.7875644347,257.9));
#3198 = VECTOR('',#3199,1.);
#3199 = DIRECTION('',(0.,0.5,0.866025403784));
#3200 = ORIENTED_EDGE('',*,*,#3201,.F.);
#3201 = EDGE_CURVE('',#3152,#3194,#3202,.T.);
#3202 = LINE('',#3203,#3204);
#3203 = CARTESIAN_POINT('',(88.3,-26.5751288694,260.));
#3204 = VECTOR('',#3205,1.);
#3205 = DIRECTION('',(1.,0.,0.));
#3206 = ORIENTED_EDGE('',*,*,#3151,.F.);
#3207 = PLANE('',#3208);
#3208 = AXIS2_PLACEMENT_3D('',#3209,#3210,#3211);
#3209 = CARTESIAN_POINT('',(88.3,-27.7875644347,257.9));
#3210 = DIRECTION('',(0.,-0.866025403784,0.5));
#3211 = DIRECTION('',(-1.E-16,0.5,0.866025403784));
#3212 = ADVANCED_FACE('',(#3213),#3231,.T.);
#3213 = FACE_BOUND('',#3214,.T.);
#3214 = EDGE_LOOP('',(#3215,#3216,#3224,#3230));
#3215 = ORIENTED_EDGE('',*,*,#3201,.T.);
#3216 = ORIENTED_EDGE('',*,*,#3217,.T.);
#3217 = EDGE_CURVE('',#3194,#3218,#3220,.T.);
#3218 = VERTEX_POINT('',#3219);
#3219 = CARTESIAN_POINT('',(90.1,-27.7875644347,262.1));
#3220 = LINE('',#3221,#3222);
#3221 = CARTESIAN_POINT('',(90.1,-26.5751288694,260.));
#3222 = VECTOR('',#3223,1.);
#3223 = DIRECTION('',(0.,-0.5,0.866025403784));
#3224 = ORIENTED_EDGE('',*,*,#3225,.F.);
#3225 = EDGE_CURVE('',#3160,#3218,#3226,.T.);
#3226 = LINE('',#3227,#3228);
#3227 = CARTESIAN_POINT('',(88.3,-27.7875644347,262.1));
#3228 = VECTOR('',#3229,1.);
#3229 = DIRECTION('',(1.,0.,0.));
#3230 = ORIENTED_EDGE('',*,*,#3159,.F.);
#3231 = PLANE('',#3232);
#3232 = AXIS2_PLACEMENT_3D('',#3233,#3234,#3235);
#3233 = CARTESIAN_POINT('',(88.3,-26.5751288694,260.));
#3234 = DIRECTION('',(0.,-0.866025403784,-0.5));
#3235 = DIRECTION('',(-1.E-16,-0.5,0.866025403784));
#3236 = ADVANCED_FACE('',(#3237,#3273),#3293,.T.);
#3237 = FACE_BOUND('',#3238,.T.);
#3238 = EDGE_LOOP('',(#3239,#3240,#3241,#3242,#3243,#3251,#3259,#3267));
#3239 = ORIENTED_EDGE('',*,*,#1178,.T.);
#3240 = ORIENTED_EDGE('',*,*,#1250,.F.);
#3241 = ORIENTED_EDGE('',*,*,#1341,.F.);
#3242 = ORIENTED_EDGE('',*,*,#2315,.F.);
#3243 = ORIENTED_EDGE('',*,*,#3244,.T.);
#3244 = EDGE_CURVE('',#2306,#3245,#3247,.T.);
#3245 = VERTEX_POINT('',#3246);
#3246 = CARTESIAN_POINT('',(88.3,-27.7875644347,235.9));
#3247 = LINE('',#3248,#3249);
#3248 = CARTESIAN_POINT('',(88.3,-32.6,235.9));
#3249 = VECTOR('',#3250,1.);
#3250 = DIRECTION('',(0.,1.,0.));
#3251 = ORIENTED_EDGE('',*,*,#3252,.T.);
#3252 = EDGE_CURVE('',#3245,#3253,#3255,.T.);
#3253 = VERTEX_POINT('',#3254);
#3254 = CARTESIAN_POINT('',(88.3,-26.5751288694,238.));
#3255 = LINE('',#3256,#3257);
#3256 = CARTESIAN_POINT('',(88.3,-27.7875644347,235.9));
#3257 = VECTOR('',#3258,1.);
#3258 = DIRECTION('',(0.,0.5,0.866025403784));
#3259 = ORIENTED_EDGE('',*,*,#3260,.T.);
#3260 = EDGE_CURVE('',#3253,#3261,#3263,.T.);
#3261 = VERTEX_POINT('',#3262);
#3262 = CARTESIAN_POINT('',(88.3,-27.7875644347,240.1));
#3263 = LINE('',#3264,#3265);
#3264 = CARTESIAN_POINT('',(88.3,-26.5751288694,238.));
#3265 = VECTOR('',#3266,1.);
#3266 = DIRECTION('',(0.,-0.5,0.866025403784));
#3267 = ORIENTED_EDGE('',*,*,#3268,.T.);
#3268 = EDGE_CURVE('',#3261,#1171,#3269,.T.);
#3269 = LINE('',#3270,#3271);
#3270 = CARTESIAN_POINT('',(88.3,-27.7875644347,240.1));
#3271 = VECTOR('',#3272,1.);
#3272 = DIRECTION('',(0.,-1.,1.1E-16));
#3273 = FACE_BOUND('',#3274,.T.);
#3274 = EDGE_LOOP('',(#3275,#3286));
#3275 = ORIENTED_EDGE('',*,*,#3276,.T.);
#3276 = EDGE_CURVE('',#3277,#3279,#3281,.T.);
#3277 = VERTEX_POINT('',#3278);
#3278 = CARTESIAN_POINT('',(88.3,-29.,236.9));
#3279 = VERTEX_POINT('',#3280);
#3280 = CARTESIAN_POINT('',(88.3,-29.,239.1));
#3281 = CIRCLE('',#3282,1.1);
#3282 = AXIS2_PLACEMENT_3D('',#3283,#3284,#3285);
#3283 = CARTESIAN_POINT('',(88.3,-29.,238.));
#3284 = DIRECTION('',(-1.,-0.,-2.2E-16));
#3285 = DIRECTION('',(2.2E-16,0.,-1.));
#3286 = ORIENTED_EDGE('',*,*,#3287,.T.);
#3287 = EDGE_CURVE('',#3279,#3277,#3288,.T.);
#3288 = CIRCLE('',#3289,1.1);
#3289 = AXIS2_PLACEMENT_3D('',#3290,#3291,#3292);
#3290 = CARTESIAN_POINT('',(88.3,-29.,238.));
#3291 = DIRECTION('',(-1.,-0.,-2.2E-16));
#3292 = DIRECTION('',(2.2E-16,0.,-1.));
#3293 = PLANE('',#3294);
#3294 = AXIS2_PLACEMENT_3D('',#3295,#3296,#3297);
#3295 = CARTESIAN_POINT('',(88.3,-29.91731492902,237.96852012073));
#3296 = DIRECTION('',(1.,0.,0.));
#3297 = DIRECTION('',(0.,0.,1.));
#3298 = ADVANCED_FACE('',(#3299),#3324,.T.);
#3299 = FACE_BOUND('',#3300,.T.);
#3300 = EDGE_LOOP('',(#3301,#3309,#3317,#3323));
#3301 = ORIENTED_EDGE('',*,*,#3302,.T.);
#3302 = EDGE_CURVE('',#3245,#3303,#3305,.T.);
#3303 = VERTEX_POINT('',#3304);
#3304 = CARTESIAN_POINT('',(90.1,-27.7875644347,235.9));
#3305 = LINE('',#3306,#3307);
#3306 = CARTESIAN_POINT('',(88.3,-27.7875644347,235.9));
#3307 = VECTOR('',#3308,1.);
#3308 = DIRECTION('',(1.,0.,0.));
#3309 = ORIENTED_EDGE('',*,*,#3310,.T.);
#3310 = EDGE_CURVE('',#3303,#3311,#3313,.T.);
#3311 = VERTEX_POINT('',#3312);
#3312 = CARTESIAN_POINT('',(90.1,-26.5751288694,238.));
#3313 = LINE('',#3314,#3315);
#3314 = CARTESIAN_POINT('',(90.1,-27.7875644347,235.9));
#3315 = VECTOR('',#3316,1.);
#3316 = DIRECTION('',(0.,0.5,0.866025403784));
#3317 = ORIENTED_EDGE('',*,*,#3318,.F.);
#3318 = EDGE_CURVE('',#3253,#3311,#3319,.T.);
#3319 = LINE('',#3320,#3321);
#3320 = CARTESIAN_POINT('',(88.3,-26.5751288694,238.));
#3321 = VECTOR('',#3322,1.);
#3322 = DIRECTION('',(1.,0.,0.));
#3323 = ORIENTED_EDGE('',*,*,#3252,.F.);
#3324 = PLANE('',#3325);
#3325 = AXIS2_PLACEMENT_3D('',#3326,#3327,#3328);
#3326 = CARTESIAN_POINT('',(88.3,-27.7875644347,235.9));
#3327 = DIRECTION('',(0.,-0.866025403784,0.5));
#3328 = DIRECTION('',(-1.E-16,0.5,0.866025403784));
#3329 = ADVANCED_FACE('',(#3330),#3348,.T.);
#3330 = FACE_BOUND('',#3331,.T.);
#3331 = EDGE_LOOP('',(#3332,#3333,#3341,#3347));
#3332 = ORIENTED_EDGE('',*,*,#3318,.T.);
#3333 = ORIENTED_EDGE('',*,*,#3334,.T.);
#3334 = EDGE_CURVE('',#3311,#3335,#3337,.T.);
#3335 = VERTEX_POINT('',#3336);
#3336 = CARTESIAN_POINT('',(90.1,-27.7875644347,240.1));
#3337 = LINE('',#3338,#3339);
#3338 = CARTESIAN_POINT('',(90.1,-26.5751288694,238.));
#3339 = VECTOR('',#3340,1.);
#3340 = DIRECTION('',(0.,-0.5,0.866025403784));
#3341 = ORIENTED_EDGE('',*,*,#3342,.F.);
#3342 = EDGE_CURVE('',#3261,#3335,#3343,.T.);
#3343 = LINE('',#3344,#3345);
#3344 = CARTESIAN_POINT('',(88.3,-27.7875644347,240.1));
#3345 = VECTOR('',#3346,1.);
#3346 = DIRECTION('',(1.,0.,0.));
#3347 = ORIENTED_EDGE('',*,*,#3260,.F.);
#3348 = PLANE('',#3349);
#3349 = AXIS2_PLACEMENT_3D('',#3350,#3351,#3352);
#3350 = CARTESIAN_POINT('',(88.3,-26.5751288694,238.));
#3351 = DIRECTION('',(0.,-0.866025403784,-0.5));
#3352 = DIRECTION('',(-1.E-16,-0.5,0.866025403784));
#3353 = ADVANCED_FACE('',(#3354),#3374,.F.);
#3354 = FACE_BOUND('',#3355,.T.);
#3355 = EDGE_LOOP('',(#3356,#3365,#3371,#3372,#3373));
#3356 = ORIENTED_EDGE('',*,*,#3357,.F.);
#3357 = EDGE_CURVE('',#3358,#3358,#3360,.T.);
#3358 = VERTEX_POINT('',#3359);
#3359 = CARTESIAN_POINT('',(86.3,-29.,236.9));
#3360 = CIRCLE('',#3361,1.1);
#3361 = AXIS2_PLACEMENT_3D('',#3362,#3363,#3364);
#3362 = CARTESIAN_POINT('',(86.3,-29.,238.));
#3363 = DIRECTION('',(1.,-0.,0.));
#3364 = DIRECTION('',(0.,0.,-1.));
#3365 = ORIENTED_EDGE('',*,*,#3366,.T.);
#3366 = EDGE_CURVE('',#3358,#3277,#3367,.T.);
#3367 = LINE('',#3368,#3369);
#3368 = CARTESIAN_POINT('',(86.3,-29.,236.9));
#3369 = VECTOR('',#3370,1.);
#3370 = DIRECTION('',(1.,0.,0.));
#3371 = ORIENTED_EDGE('',*,*,#3287,.F.);
#3372 = ORIENTED_EDGE('',*,*,#3276,.F.);
#3373 = ORIENTED_EDGE('',*,*,#3366,.F.);
#3374 = CYLINDRICAL_SURFACE('',#3375,1.1);
#3375 = AXIS2_PLACEMENT_3D('',#3376,#3377,#3378);
#3376 = CARTESIAN_POINT('',(86.3,-29.,238.));
#3377 = DIRECTION('',(-1.,-0.,0.));
#3378 = DIRECTION('',(0.,0.,-1.));
#3379 = ADVANCED_FACE('',(#3380),#3383,.T.);
#3380 = FACE_BOUND('',#3381,.F.);
#3381 = EDGE_LOOP('',(#3382));
#3382 = ORIENTED_EDGE('',*,*,#3357,.F.);
#3383 = PLANE('',#3384);
#3384 = AXIS2_PLACEMENT_3D('',#3385,#3386,#3387);
#3385 = CARTESIAN_POINT('',(86.3,-29.,238.));
#3386 = DIRECTION('',(1.,0.,0.));
#3387 = DIRECTION('',(0.,0.,-1.));
#3388 = ADVANCED_FACE('',(#3389),#3409,.F.);
#3389 = FACE_BOUND('',#3390,.T.);
#3390 = EDGE_LOOP('',(#3391,#3400,#3406,#3407,#3408));
#3391 = ORIENTED_EDGE('',*,*,#3392,.F.);
#3392 = EDGE_CURVE('',#3393,#3393,#3395,.T.);
#3393 = VERTEX_POINT('',#3394);
#3394 = CARTESIAN_POINT('',(86.3,29.,236.9));
#3395 = CIRCLE('',#3396,1.1);
#3396 = AXIS2_PLACEMENT_3D('',#3397,#3398,#3399);
#3397 = CARTESIAN_POINT('',(86.3,29.,238.));
#3398 = DIRECTION('',(1.,-0.,0.));
#3399 = DIRECTION('',(0.,0.,-1.));
#3400 = ORIENTED_EDGE('',*,*,#3401,.T.);
#3401 = EDGE_CURVE('',#3393,#146,#3402,.T.);
#3402 = LINE('',#3403,#3404);
#3403 = CARTESIAN_POINT('',(86.3,29.,236.9));
#3404 = VECTOR('',#3405,1.);
#3405 = DIRECTION('',(1.,0.,0.));
#3406 = ORIENTED_EDGE('',*,*,#143,.F.);
#3407 = ORIENTED_EDGE('',*,*,#154,.F.);
#3408 = ORIENTED_EDGE('',*,*,#3401,.F.);
#3409 = CYLINDRICAL_SURFACE('',#3410,1.1);
#3410 = AXIS2_PLACEMENT_3D('',#3411,#3412,#3413);
#3411 = CARTESIAN_POINT('',(86.3,29.,238.));
#3412 = DIRECTION('',(-1.,-0.,0.));
#3413 = DIRECTION('',(0.,0.,-1.));
#3414 = ADVANCED_FACE('',(#3415),#3418,.T.);
#3415 = FACE_BOUND('',#3416,.F.);
#3416 = EDGE_LOOP('',(#3417));
#3417 = ORIENTED_EDGE('',*,*,#3392,.F.);
#3418 = PLANE('',#3419);
#3419 = AXIS2_PLACEMENT_3D('',#3420,#3421,#3422);
#3420 = CARTESIAN_POINT('',(86.3,29.,238.));
#3421 = DIRECTION('',(1.,0.,0.));
#3422 = DIRECTION('',(0.,0.,-1.));
#3423 = ADVANCED_FACE('',(#3424),#3435,.T.);
#3424 = FACE_BOUND('',#3425,.T.);
#3425 = EDGE_LOOP('',(#3426,#3427,#3428,#3434));
#3426 = ORIENTED_EDGE('',*,*,#3167,.F.);
#3427 = ORIENTED_EDGE('',*,*,#3225,.T.);
#3428 = ORIENTED_EDGE('',*,*,#3429,.T.);
#3429 = EDGE_CURVE('',#3218,#942,#3430,.T.);
#3430 = LINE('',#3431,#3432);
#3431 = CARTESIAN_POINT('',(90.1,-27.7875644347,262.1));
#3432 = VECTOR('',#3433,1.);
#3433 = DIRECTION('',(0.,-1.,1.1E-16));
#3434 = ORIENTED_EDGE('',*,*,#950,.T.);
#3435 = PLANE('',#3436);
#3436 = AXIS2_PLACEMENT_3D('',#3437,#3438,#3439);
#3437 = CARTESIAN_POINT('',(89.2,-29.79378221735,262.1));
#3438 = DIRECTION('',(0.,1.527E-14,-1.));
#3439 = DIRECTION('',(0.,-1.,-1.527E-14));
#3440 = ADVANCED_FACE('',(#3441),#3452,.T.);
#3441 = FACE_BOUND('',#3442,.T.);
#3442 = EDGE_LOOP('',(#3443,#3444,#3445,#3451));
#3443 = ORIENTED_EDGE('',*,*,#240,.T.);
#3444 = ORIENTED_EDGE('',*,*,#1120,.F.);
#3445 = ORIENTED_EDGE('',*,*,#3446,.F.);
#3446 = EDGE_CURVE('',#212,#1121,#3447,.T.);
#3447 = LINE('',#3448,#3449);
#3448 = CARTESIAN_POINT('',(90.1,29.,262.1));
#3449 = VECTOR('',#3450,1.);
#3450 = DIRECTION('',(0.,1.,0.));
#3451 = ORIENTED_EDGE('',*,*,#209,.F.);
#3452 = PLANE('',#3453);
#3453 = AXIS2_PLACEMENT_3D('',#3454,#3455,#3456);
#3454 = CARTESIAN_POINT('',(89.2,29.793782217351,262.1));
#3455 = DIRECTION('',(-0.,-1.527E-14,-1.));
#3456 = DIRECTION('',(0.,-1.,1.527E-14));
#3457 = ADVANCED_FACE('',(#3458,#3474),#3478,.T.);
#3458 = FACE_BOUND('',#3459,.T.);
#3459 = EDGE_LOOP('',(#3460,#3461,#3462,#3463,#3469,#3470,#3471,#3472,
    #3473));
#3460 = ORIENTED_EDGE('',*,*,#3429,.F.);
#3461 = ORIENTED_EDGE('',*,*,#3217,.F.);
#3462 = ORIENTED_EDGE('',*,*,#3193,.F.);
#3463 = ORIENTED_EDGE('',*,*,#3464,.F.);
#3464 = EDGE_CURVE('',#1203,#3186,#3465,.T.);
#3465 = LINE('',#3466,#3467);
#3466 = CARTESIAN_POINT('',(90.1,-30.21243556529,257.9));
#3467 = VECTOR('',#3468,1.);
#3468 = DIRECTION('',(0.,1.,-2.9E-16));
#3469 = ORIENTED_EDGE('',*,*,#1210,.F.);
#3470 = ORIENTED_EDGE('',*,*,#1771,.T.);
#3471 = ORIENTED_EDGE('',*,*,#1754,.F.);
#3472 = ORIENTED_EDGE('',*,*,#1721,.T.);
#3473 = ORIENTED_EDGE('',*,*,#941,.T.);
#3474 = FACE_BOUND('',#3475,.T.);
#3475 = EDGE_LOOP('',(#3476,#3477));
#3476 = ORIENTED_EDGE('',*,*,#2253,.F.);
#3477 = ORIENTED_EDGE('',*,*,#2264,.F.);
#3478 = PLANE('',#3479);
#3479 = AXIS2_PLACEMENT_3D('',#3480,#3481,#3482);
#3480 = CARTESIAN_POINT('',(90.1,-29.72512599199,259.99337124319));
#3481 = DIRECTION('',(-1.,-0.,-0.));
#3482 = DIRECTION('',(0.,0.,-1.));
#3483 = ADVANCED_FACE('',(#3484,#3500),#3504,.T.);
#3484 = FACE_BOUND('',#3485,.T.);
#3485 = EDGE_LOOP('',(#3486,#3487,#3488,#3489,#3490,#3491,#3492,#3498,
    #3499));
#3486 = ORIENTED_EDGE('',*,*,#3446,.T.);
#3487 = ORIENTED_EDGE('',*,*,#1128,.T.);
#3488 = ORIENTED_EDGE('',*,*,#1787,.T.);
#3489 = ORIENTED_EDGE('',*,*,#1845,.T.);
#3490 = ORIENTED_EDGE('',*,*,#1900,.T.);
#3491 = ORIENTED_EDGE('',*,*,#1464,.T.);
#3492 = ORIENTED_EDGE('',*,*,#3493,.F.);
#3493 = EDGE_CURVE('',#180,#1457,#3494,.T.);
#3494 = LINE('',#3495,#3496);
#3495 = CARTESIAN_POINT('',(90.1,29.,257.9));
#3496 = VECTOR('',#3497,1.);
#3497 = DIRECTION('',(0.,1.,0.));
#3498 = ORIENTED_EDGE('',*,*,#179,.F.);
#3499 = ORIENTED_EDGE('',*,*,#219,.F.);
#3500 = FACE_BOUND('',#3501,.T.);
#3501 = EDGE_LOOP('',(#3502,#3503));
#3502 = ORIENTED_EDGE('',*,*,#2196,.F.);
#3503 = ORIENTED_EDGE('',*,*,#2185,.F.);
#3504 = PLANE('',#3505);
#3505 = AXIS2_PLACEMENT_3D('',#3506,#3507,#3508);
#3506 = CARTESIAN_POINT('',(90.1,29.725125991991,259.99337124319));
#3507 = DIRECTION('',(-1.,-0.,-0.));
#3508 = DIRECTION('',(0.,0.,-1.));
#3509 = ADVANCED_FACE('',(#3510,#3529),#3533,.T.);
#3510 = FACE_BOUND('',#3511,.T.);
#3511 = EDGE_LOOP('',(#3512,#3518,#3519,#3520,#3526,#3527,#3528));
#3512 = ORIENTED_EDGE('',*,*,#3513,.T.);
#3513 = EDGE_CURVE('',#1163,#3335,#3514,.T.);
#3514 = LINE('',#3515,#3516);
#3515 = CARTESIAN_POINT('',(90.1,-32.6,240.1));
#3516 = VECTOR('',#3517,1.);
#3517 = DIRECTION('',(0.,1.,0.));
#3518 = ORIENTED_EDGE('',*,*,#3334,.F.);
#3519 = ORIENTED_EDGE('',*,*,#3310,.F.);
#3520 = ORIENTED_EDGE('',*,*,#3521,.F.);
#3521 = EDGE_CURVE('',#1877,#3303,#3522,.T.);
#3522 = LINE('',#3523,#3524);
#3523 = CARTESIAN_POINT('',(90.1,-30.21243556529,235.9));
#3524 = VECTOR('',#3525,1.);
#3525 = DIRECTION('',(0.,1.,-2.9E-16));
#3526 = ORIENTED_EDGE('',*,*,#1884,.F.);
#3527 = ORIENTED_EDGE('',*,*,#1820,.T.);
#3528 = ORIENTED_EDGE('',*,*,#1162,.F.);
#3529 = FACE_BOUND('',#3530,.T.);
#3530 = EDGE_LOOP('',(#3531,#3532));
#3531 = ORIENTED_EDGE('',*,*,#2219,.F.);
#3532 = ORIENTED_EDGE('',*,*,#2230,.F.);
#3533 = PLANE('',#3534);
#3534 = AXIS2_PLACEMENT_3D('',#3535,#3536,#3537);
#3535 = CARTESIAN_POINT('',(90.1,-29.731905,238.));
#3536 = DIRECTION('',(-1.,-0.,-0.));
#3537 = DIRECTION('',(0.,0.,-1.));
#3538 = ADVANCED_FACE('',(#3539,#3558),#3562,.T.);
#3539 = FACE_BOUND('',#3540,.T.);
#3540 = EDGE_LOOP('',(#3541,#3542,#3543,#3544,#3550,#3551,#3552));
#3541 = ORIENTED_EDGE('',*,*,#1432,.T.);
#3542 = ORIENTED_EDGE('',*,*,#2002,.T.);
#3543 = ORIENTED_EDGE('',*,*,#2051,.T.);
#3544 = ORIENTED_EDGE('',*,*,#3545,.F.);
#3545 = EDGE_CURVE('',#32,#2044,#3546,.T.);
#3546 = LINE('',#3547,#3548);
#3547 = CARTESIAN_POINT('',(90.1,29.,235.9));
#3548 = VECTOR('',#3549,1.);
#3549 = DIRECTION('',(0.,1.,0.));
#3550 = ORIENTED_EDGE('',*,*,#31,.F.);
#3551 = ORIENTED_EDGE('',*,*,#71,.F.);
#3552 = ORIENTED_EDGE('',*,*,#3553,.F.);
#3553 = EDGE_CURVE('',#1433,#64,#3554,.T.);
#3554 = LINE('',#3555,#3556);
#3555 = CARTESIAN_POINT('',(90.1,30.212435565298,240.1));
#3556 = VECTOR('',#3557,1.);
#3557 = DIRECTION('',(0.,-1.,1.1E-16));
#3558 = FACE_BOUND('',#3559,.T.);
#3559 = EDGE_LOOP('',(#3560,#3561));
#3560 = ORIENTED_EDGE('',*,*,#2162,.F.);
#3561 = ORIENTED_EDGE('',*,*,#2151,.F.);
#3562 = PLANE('',#3563);
#3563 = AXIS2_PLACEMENT_3D('',#3564,#3565,#3566);
#3564 = CARTESIAN_POINT('',(90.1,29.731905000004,238.));
#3565 = DIRECTION('',(-1.,-0.,-0.));
#3566 = DIRECTION('',(0.,0.,-1.));
#3567 = ADVANCED_FACE('',(#3568),#3574,.T.);
#3568 = FACE_BOUND('',#3569,.T.);
#3569 = EDGE_LOOP('',(#3570,#3571,#3572,#3573));
#3570 = ORIENTED_EDGE('',*,*,#3143,.F.);
#3571 = ORIENTED_EDGE('',*,*,#1202,.T.);
#3572 = ORIENTED_EDGE('',*,*,#3464,.T.);
#3573 = ORIENTED_EDGE('',*,*,#3185,.F.);
#3574 = PLANE('',#3575);
#3575 = AXIS2_PLACEMENT_3D('',#3576,#3577,#3578);
#3576 = CARTESIAN_POINT('',(89.2,-29.89378221735,257.9));
#3577 = DIRECTION('',(0.,0.,1.));
#3578 = DIRECTION('',(1.,0.,0.));
#3579 = ADVANCED_FACE('',(#3580),#3586,.T.);
#3580 = FACE_BOUND('',#3581,.T.);
#3581 = EDGE_LOOP('',(#3582,#3583,#3584,#3585));
#3582 = ORIENTED_EDGE('',*,*,#250,.F.);
#3583 = ORIENTED_EDGE('',*,*,#187,.T.);
#3584 = ORIENTED_EDGE('',*,*,#3493,.T.);
#3585 = ORIENTED_EDGE('',*,*,#1456,.F.);
#3586 = PLANE('',#3587);
#3587 = AXIS2_PLACEMENT_3D('',#3588,#3589,#3590);
#3588 = CARTESIAN_POINT('',(89.2,29.893782217351,257.9));
#3589 = DIRECTION('',(0.,0.,1.));
#3590 = DIRECTION('',(1.,0.,0.));
#3591 = ADVANCED_FACE('',(#3592),#3598,.T.);
#3592 = FACE_BOUND('',#3593,.T.);
#3593 = EDGE_LOOP('',(#3594,#3595,#3596,#3597));
#3594 = ORIENTED_EDGE('',*,*,#3268,.F.);
#3595 = ORIENTED_EDGE('',*,*,#3342,.T.);
#3596 = ORIENTED_EDGE('',*,*,#3513,.F.);
#3597 = ORIENTED_EDGE('',*,*,#1170,.F.);
#3598 = PLANE('',#3599);
#3599 = AXIS2_PLACEMENT_3D('',#3600,#3601,#3602);
#3600 = CARTESIAN_POINT('',(89.2,-29.89378221735,240.1));
#3601 = DIRECTION('',(-0.,-0.,-1.));
#3602 = DIRECTION('',(-1.,0.,0.));
#3603 = ADVANCED_FACE('',(#3604),#3610,.T.);
#3604 = FACE_BOUND('',#3605,.T.);
#3605 = EDGE_LOOP('',(#3606,#3607,#3608,#3609));
#3606 = ORIENTED_EDGE('',*,*,#92,.T.);
#3607 = ORIENTED_EDGE('',*,*,#1440,.T.);
#3608 = ORIENTED_EDGE('',*,*,#3553,.T.);
#3609 = ORIENTED_EDGE('',*,*,#61,.F.);
#3610 = PLANE('',#3611);
#3611 = AXIS2_PLACEMENT_3D('',#3612,#3613,#3614);
#3612 = CARTESIAN_POINT('',(89.2,29.893782217351,240.1));
#3613 = DIRECTION('',(-0.,-0.,-1.));
#3614 = DIRECTION('',(-1.,0.,0.));
#3615 = ADVANCED_FACE('',(#3616),#3624,.T.);
#3616 = FACE_BOUND('',#3617,.T.);
#3617 = EDGE_LOOP('',(#3618,#3619,#3620,#3621,#3622,#3623));
#3618 = ORIENTED_EDGE('',*,*,#3244,.F.);
#3619 = ORIENTED_EDGE('',*,*,#2305,.T.);
#3620 = ORIENTED_EDGE('',*,*,#2345,.F.);
#3621 = ORIENTED_EDGE('',*,*,#1876,.T.);
#3622 = ORIENTED_EDGE('',*,*,#3521,.T.);
#3623 = ORIENTED_EDGE('',*,*,#3302,.F.);
#3624 = PLANE('',#3625);
#3625 = AXIS2_PLACEMENT_3D('',#3626,#3627,#3628);
#3626 = CARTESIAN_POINT('',(89.159167844082,-30.15295006143,235.9));
#3627 = DIRECTION('',(0.,0.,1.));
#3628 = DIRECTION('',(1.,0.,0.));
#3629 = ADVANCED_FACE('',(#3630),#3638,.T.);
#3630 = FACE_BOUND('',#3631,.T.);
#3631 = EDGE_LOOP('',(#3632,#3633,#3634,#3635,#3636,#3637));
#3632 = ORIENTED_EDGE('',*,*,#102,.F.);
#3633 = ORIENTED_EDGE('',*,*,#39,.T.);
#3634 = ORIENTED_EDGE('',*,*,#3545,.T.);
#3635 = ORIENTED_EDGE('',*,*,#2043,.F.);
#3636 = ORIENTED_EDGE('',*,*,#2474,.F.);
#3637 = ORIENTED_EDGE('',*,*,#2505,.F.);
#3638 = PLANE('',#3639);
#3639 = AXIS2_PLACEMENT_3D('',#3640,#3641,#3642);
#3640 = CARTESIAN_POINT('',(89.159167844082,30.152950061433,235.9));
#3641 = DIRECTION('',(0.,0.,1.));
#3642 = DIRECTION('',(1.,0.,0.));
#3643 = ADVANCED_FACE('',(#3644,#3654),#3658,.T.);
#3644 = FACE_BOUND('',#3645,.T.);
#3645 = EDGE_LOOP('',(#3646,#3647,#3648,#3649,#3650,#3651,#3652,#3653));
#3646 = ORIENTED_EDGE('',*,*,#2855,.T.);
#3647 = ORIENTED_EDGE('',*,*,#2918,.F.);
#3648 = ORIENTED_EDGE('',*,*,#2949,.F.);
#3649 = ORIENTED_EDGE('',*,*,#2971,.F.);
#3650 = ORIENTED_EDGE('',*,*,#2893,.T.);
#3651 = ORIENTED_EDGE('',*,*,#2753,.F.);
#3652 = ORIENTED_EDGE('',*,*,#2397,.F.);
#3653 = ORIENTED_EDGE('',*,*,#2722,.T.);
#3654 = FACE_BOUND('',#3655,.T.);
#3655 = EDGE_LOOP('',(#3656,#3657));
#3656 = ORIENTED_EDGE('',*,*,#2440,.F.);
#3657 = ORIENTED_EDGE('',*,*,#2451,.F.);
#3658 = PLANE('',#3659);
#3659 = AXIS2_PLACEMENT_3D('',#3660,#3661,#3662);
#3660 = CARTESIAN_POINT('',(83.5,-30.31518597521,237.25008544921));
#3661 = DIRECTION('',(-0.,-0.,-1.));
#3662 = DIRECTION('',(-1.,0.,0.));
#3663 = ADVANCED_FACE('',(#3664,#3674),#3678,.T.);
#3664 = FACE_BOUND('',#3665,.T.);
#3665 = EDGE_LOOP('',(#3666,#3667,#3668,#3669,#3670,#3671,#3672,#3673));
#3666 = ORIENTED_EDGE('',*,*,#2815,.F.);
#3667 = ORIENTED_EDGE('',*,*,#3039,.F.);
#3668 = ORIENTED_EDGE('',*,*,#3064,.F.);
#3669 = ORIENTED_EDGE('',*,*,#3095,.F.);
#3670 = ORIENTED_EDGE('',*,*,#3117,.F.);
#3671 = ORIENTED_EDGE('',*,*,#3001,.F.);
#3672 = ORIENTED_EDGE('',*,*,#2784,.T.);
#3673 = ORIENTED_EDGE('',*,*,#2606,.T.);
#3674 = FACE_BOUND('',#3675,.T.);
#3675 = EDGE_LOOP('',(#3676,#3677));
#3676 = ORIENTED_EDGE('',*,*,#2631,.F.);
#3677 = ORIENTED_EDGE('',*,*,#2620,.F.);
#3678 = PLANE('',#3679);
#3679 = AXIS2_PLACEMENT_3D('',#3680,#3681,#3682);
#3680 = CARTESIAN_POINT('',(83.5,30.315185975211,237.25008544921));
#3681 = DIRECTION('',(-0.,-0.,-1.));
#3682 = DIRECTION('',(-1.,0.,0.));
#3683 = ADVANCED_FACE('',(#3684,#3694),#3698,.T.);
#3684 = FACE_BOUND('',#3685,.T.);
#3685 = EDGE_LOOP('',(#3686,#3687,#3688,#3689,#3690,#3691,#3692,#3693));
#3686 = ORIENTED_EDGE('',*,*,#2846,.F.);
#3687 = ORIENTED_EDGE('',*,*,#2731,.F.);
#3688 = ORIENTED_EDGE('',*,*,#2381,.T.);
#3689 = ORIENTED_EDGE('',*,*,#2762,.T.);
#3690 = ORIENTED_EDGE('',*,*,#2877,.F.);
#3691 = ORIENTED_EDGE('',*,*,#2978,.T.);
#3692 = ORIENTED_EDGE('',*,*,#2956,.T.);
#3693 = ORIENTED_EDGE('',*,*,#2925,.T.);
#3694 = FACE_BOUND('',#3695,.T.);
#3695 = EDGE_LOOP('',(#3696,#3697));
#3696 = ORIENTED_EDGE('',*,*,#2672,.T.);
#3697 = ORIENTED_EDGE('',*,*,#2663,.T.);
#3698 = PLANE('',#3699);
#3699 = AXIS2_PLACEMENT_3D('',#3700,#3701,#3702);
#3700 = CARTESIAN_POINT('',(83.5,-30.31518597521,235.45008544921));
#3701 = DIRECTION('',(0.,0.,1.));
#3702 = DIRECTION('',(1.,0.,0.));
#3703 = ADVANCED_FACE('',(#3704,#3714),#3718,.T.);
#3704 = FACE_BOUND('',#3705,.T.);
#3705 = EDGE_LOOP('',(#3706,#3707,#3708,#3709,#3710,#3711,#3712,#3713));
#3706 = ORIENTED_EDGE('',*,*,#2831,.T.);
#3707 = ORIENTED_EDGE('',*,*,#2590,.F.);
#3708 = ORIENTED_EDGE('',*,*,#2800,.F.);
#3709 = ORIENTED_EDGE('',*,*,#2992,.T.);
#3710 = ORIENTED_EDGE('',*,*,#3124,.T.);
#3711 = ORIENTED_EDGE('',*,*,#3102,.T.);
#3712 = ORIENTED_EDGE('',*,*,#3071,.T.);
#3713 = ORIENTED_EDGE('',*,*,#3023,.T.);
#3714 = FACE_BOUND('',#3715,.T.);
#3715 = EDGE_LOOP('',(#3716,#3717));
#3716 = ORIENTED_EDGE('',*,*,#2697,.T.);
#3717 = ORIENTED_EDGE('',*,*,#2706,.T.);
#3718 = PLANE('',#3719);
#3719 = AXIS2_PLACEMENT_3D('',#3720,#3721,#3722);
#3720 = CARTESIAN_POINT('',(83.5,30.315185975211,235.45008544921));
#3721 = DIRECTION('',(0.,0.,1.));
#3722 = DIRECTION('',(1.,0.,0.));
#3723 = ( GEOMETRIC_REPRESENTATION_CONTEXT(3) 
GLOBAL_UNCERTAINTY_ASSIGNED_CONTEXT((#3727)) 
GLOBAL_UNIT_ASSIGNED_CONTEXT((#3724,#3725,#3726)) REPRESENTATION_CONTEXT
('Context #1','3D Context with UNIT and UNCERTAINTY') );
#3724 = ( LENGTH_UNIT() NAMED_UNIT(*) SI_UNIT(.MILLI.,.METRE.) );
#3725 = ( NAMED_UNIT(*) PLANE_ANGLE_UNIT() SI_UNIT($,.RADIAN.) );
#3726 = ( NAMED_UNIT(*) SI_UNIT($,.STERADIAN.) SOLID_ANGLE_UNIT() );
#3727 = UNCERTAINTY_MEASURE_WITH_UNIT(LENGTH_MEASURE(2.E-05),#3724,
  'distance_accuracy_value','confusion accuracy');
#3728 = PRODUCT_RELATED_PRODUCT_CATEGORY('part',$,(#7));
ENDSEC;
END-ISO-10303-21;
