ISO-10303-21;
HEADER;
FILE_DESCRIPTION(('FreeCAD Model'),'2;1');
FILE_NAME('Open CASCADE Shape Model','2026-10-09T09:08:59',('FreeCAD'),(
    'FreeCAD'),'Open CASCADE STEP processor 7.8','FreeCAD','Unknown');
FILE_SCHEMA(('AUTOMOTIVE_DESIGN { 1 0 10303 214 1 1 1 1 }'));
ENDSEC;
DATA;
#1 = APPLICATION_PROTOCOL_DEFINITION('international standard',
  'automotive_design',2000,#2);
#2 = APPLICATION_CONTEXT(
  'core data for automotive mechanical design processes');
#3 = SHAPE_DEFINITION_REPRESENTATION(#4,#10);
#4 = PRODUCT_DEFINITION_SHAPE('','',#5);
#5 = PRODUCT_DEFINITION('design','',#6,#9);
#6 = PRODUCT_DEFINITION_FORMATION('','',#7);
#7 = PRODUCT('Open CASCADE STEP translator 7.8 2',
  'Open CASCADE STEP translator 7.8 2','',(#8));
#8 = PRODUCT_CONTEXT('',#2,'mechanical');
#9 = PRODUCT_DEFINITION_CONTEXT('part definition',#2,'design');
#10 = ADVANCED_BREP_SHAPE_REPRESENTATION('',(#11,#15),#2576);
#11 = AXIS2_PLACEMENT_3D('',#12,#13,#14);
#12 = CARTESIAN_POINT('',(0.,0.,0.));
#13 = DIRECTION('',(0.,0.,1.));
#14 = DIRECTION('',(1.,0.,-0.));
#15 = MANIFOLD_SOLID_BREP('',#16);
#16 = CLOSED_SHELL('',(#17,#118,#176,#331,#459,#605,#645,#763,#872,#925,
    #1087,#1160,#1295,#1371,#1450,#1529,#1642,#1708,#1757,#1823,#1869,
    #1888,#1982,#2035,#2105,#2147,#2164,#2227,#2299,#2325,#2368,#2408,
    #2456,#2496,#2539));
#17 = ADVANCED_FACE('',(#18),#90,.T.);
#18 = FACE_BOUND('',#19,.T.);
#19 = EDGE_LOOP('',(#20,#30,#57,#65));
#20 = ORIENTED_EDGE('',*,*,#21,.F.);
#21 = EDGE_CURVE('',#22,#24,#26,.T.);
#22 = VERTEX_POINT('',#23);
#23 = CARTESIAN_POINT('',(-59.48853531232,-23.62427457572,136.));
#24 = VERTEX_POINT('',#25);
#25 = CARTESIAN_POINT('',(-60.15108308131,-24.07409725402,146.));
#26 = B_SPLINE_CURVE_WITH_KNOTS('',2,(#27,#28,#29),.UNSPECIFIED.,.F.,.F.
  ,(3,3),(0.,1.),.PIECEWISE_BEZIER_KNOTS.);
#27 = CARTESIAN_POINT('',(-57.,-22.,122.));
#28 = CARTESIAN_POINT('',(-65.26007001273,-27.35722667078,
    156.14272522492));
#29 = CARTESIAN_POINT('',(-52.,-19.,189.));
#30 = ORIENTED_EDGE('',*,*,#31,.F.);
#31 = EDGE_CURVE('',#32,#22,#34,.T.);
#32 = VERTEX_POINT('',#33);
#33 = CARTESIAN_POINT('',(-47.48853531232,-35.62427457572,136.));
#34 = B_SPLINE_CURVE_WITH_KNOTS('',6,(#35,#36,#37,#38,#39,#40,#41,#42,
    #43,#44,#45,#46,#47,#48,#49,#50,#51,#52,#53,#54,#55,#56),
  .UNSPECIFIED.,.F.,.F.,(7,5,5,5,7),(0.,0.250999936087,0.499999999384,
    0.749999999888,1.),.UNSPECIFIED.);
#35 = CARTESIAN_POINT('',(-47.48853531232,-35.62427457572,136.));
#36 = CARTESIAN_POINT('',(-48.27706220363,-35.62427457572,136.));
#37 = CARTESIAN_POINT('',(-49.0656358289,-35.56209699166,136.));
#38 = CARTESIAN_POINT('',(-49.84802430141,-35.43772864605,136.));
#39 = CARTESIAN_POINT('',(-50.61815994839,-35.25201303005,136.));
#40 = CARTESIAN_POINT('',(-51.37011655493,-35.00650204032,136.));
#41 = CARTESIAN_POINT('',(-52.82037384091,-34.40311514811,136.));
#42 = CARTESIAN_POINT('',(-53.51913818615,-34.04611521448,136.));
#43 = CARTESIAN_POINT('',(-54.18881783426,-33.63492680263,136.));
#44 = CARTESIAN_POINT('',(-54.82425622917,-33.1725797637,136.));
#45 = CARTESIAN_POINT('',(-55.42068649177,-32.66268614347,136.));
#46 = CARTESIAN_POINT('',(-56.52916814642,-31.55420448881,136.));
#47 = CARTESIAN_POINT('',(-57.04093545874,-30.95520410752,136.));
#48 = CARTESIAN_POINT('',(-57.50475579989,-30.31689912387,136.));
#49 = CARTESIAN_POINT('',(-57.91697634897,-29.64411625921,136.));
#50 = CARTESIAN_POINT('',(-58.27453567535,-28.94207739449,136.));
#51 = CARTESIAN_POINT('',(-58.87564376651,-27.49087409649,136.));
#52 = CARTESIAN_POINT('',(-59.11922757793,-26.74162504566,136.));
#53 = CARTESIAN_POINT('',(-59.30347295732,-25.97441178682,136.));
#54 = CARTESIAN_POINT('',(-59.42685214975,-25.19509149194,136.));
#55 = CARTESIAN_POINT('',(-59.48853531232,-24.4096601261,136.));
#56 = CARTESIAN_POINT('',(-59.48853531232,-23.62427457572,136.));
#57 = ORIENTED_EDGE('',*,*,#58,.T.);
#58 = EDGE_CURVE('',#32,#59,#61,.T.);
#59 = VERTEX_POINT('',#60);
#60 = CARTESIAN_POINT('',(-48.15108308131,-36.07409725402,146.));
#61 = B_SPLINE_CURVE_WITH_KNOTS('',2,(#62,#63,#64),.UNSPECIFIED.,.F.,.F.
  ,(3,3),(0.,1.),.PIECEWISE_BEZIER_KNOTS.);
#62 = CARTESIAN_POINT('',(-45.,-34.,122.));
#63 = CARTESIAN_POINT('',(-53.26007001273,-39.35722667078,
    156.14272522492));
#64 = CARTESIAN_POINT('',(-40.,-31.,189.));
#65 = ORIENTED_EDGE('',*,*,#66,.T.);
#66 = EDGE_CURVE('',#59,#24,#67,.T.);
#67 = B_SPLINE_CURVE_WITH_KNOTS('',6,(#68,#69,#70,#71,#72,#73,#74,#75,
    #76,#77,#78,#79,#80,#81,#82,#83,#84,#85,#86,#87,#88,#89),
  .UNSPECIFIED.,.F.,.F.,(7,5,5,5,7),(0.,0.250999936087,0.499999999384,
    0.749999999888,1.),.UNSPECIFIED.);
#68 = CARTESIAN_POINT('',(-48.15108308131,-36.07409725402,146.));
#69 = CARTESIAN_POINT('',(-48.93960997262,-36.07409725402,146.));
#70 = CARTESIAN_POINT('',(-49.7281835979,-36.01191966997,146.));
#71 = CARTESIAN_POINT('',(-50.51057207039,-35.88755132436,146.));
#72 = CARTESIAN_POINT('',(-51.28070771738,-35.70183570835,146.));
#73 = CARTESIAN_POINT('',(-52.03266432392,-35.45632471863,146.));
#74 = CARTESIAN_POINT('',(-53.4829216099,-34.85293782641,146.));
#75 = CARTESIAN_POINT('',(-54.18168595514,-34.49593789279,146.));
#76 = CARTESIAN_POINT('',(-54.85136560325,-34.08474948094,146.));
#77 = CARTESIAN_POINT('',(-55.48680399816,-33.622402442,146.));
#78 = CARTESIAN_POINT('',(-56.08323426076,-33.11250882177,146.));
#79 = CARTESIAN_POINT('',(-57.19171591541,-32.00402716712,146.));
#80 = CARTESIAN_POINT('',(-57.70348322773,-31.40502678582,146.));
#81 = CARTESIAN_POINT('',(-58.16730356888,-30.76672180217,146.));
#82 = CARTESIAN_POINT('',(-58.57952411796,-30.09393893752,146.));
#83 = CARTESIAN_POINT('',(-58.93708344434,-29.3919000728,146.));
#84 = CARTESIAN_POINT('',(-59.5381915355,-27.9406967748,146.));
#85 = CARTESIAN_POINT('',(-59.78177534691,-27.19144772396,146.));
#86 = CARTESIAN_POINT('',(-59.96602072631,-26.42423446511,146.));
#87 = CARTESIAN_POINT('',(-60.08939991873,-25.64491417025,146.));
#88 = CARTESIAN_POINT('',(-60.15108308131,-24.85948280441,146.));
#89 = CARTESIAN_POINT('',(-60.15108308131,-24.07409725402,146.));
#90 = B_SPLINE_SURFACE_WITH_KNOTS('',8,2,(
    (#91,#92,#93)
    ,(#94,#95,#96)
    ,(#97,#98,#99)
    ,(#100,#101,#102)
    ,(#103,#104,#105)
    ,(#106,#107,#108)
    ,(#109,#110,#111)
    ,(#112,#113,#114)
    ,(#115,#116,#117
    )),.UNSPECIFIED.,.F.,.F.,.F.,(9,9),(3,3),(7.,8.),(0.,1.),
  .PIECEWISE_BEZIER_KNOTS.);
#91 = CARTESIAN_POINT('',(-57.,-22.,122.));
#92 = CARTESIAN_POINT('',(-65.26007001273,-27.35722667078,
    156.14272522492));
#93 = CARTESIAN_POINT('',(-52.,-19.,189.));
#94 = CARTESIAN_POINT('',(-57.,-24.35619449019,122.));
#95 = CARTESIAN_POINT('',(-65.26007001272,-29.71342116097,
    156.14272522492));
#96 = CARTESIAN_POINT('',(-52.,-21.35619449019,189.));
#97 = CARTESIAN_POINT('',(-56.47127053246,-26.71238972205,122.));
#98 = CARTESIAN_POINT('',(-64.73134054519,-32.06961639283,
    156.14272522492));
#99 = CARTESIAN_POINT('',(-51.47127053246,-23.71238972205,189.));
#100 = CARTESIAN_POINT('',(-55.41381679045,-28.93015881202,122.));
#101 = CARTESIAN_POINT('',(-63.67388680318,-34.2873854828,
    156.14272522492));
#102 = CARTESIAN_POINT('',(-50.41381679045,-25.93015881202,189.));
#103 = CARTESIAN_POINT('',(-53.87110506935,-30.87110506935,122.));
#104 = CARTESIAN_POINT('',(-62.13117508208,-36.22833174014,
    156.14272522492));
#105 = CARTESIAN_POINT('',(-48.87110506935,-27.87110506935,189.));
#106 = CARTESIAN_POINT('',(-51.93015881202,-32.41381679045,122.));
#107 = CARTESIAN_POINT('',(-60.19022882475,-37.77104346124,
    156.14272522492));
#108 = CARTESIAN_POINT('',(-46.93015881202,-29.41381679045,189.));
#109 = CARTESIAN_POINT('',(-49.71238972205,-33.47127053246,122.));
#110 = CARTESIAN_POINT('',(-57.97245973478,-38.82849720324,
    156.14272522492));
#111 = CARTESIAN_POINT('',(-44.71238972205,-30.47127053246,189.));
#112 = CARTESIAN_POINT('',(-47.35619449019,-34.,122.));
#113 = CARTESIAN_POINT('',(-55.61626450292,-39.35722667078,
    156.14272522492));
#114 = CARTESIAN_POINT('',(-42.35619449019,-31.,189.));
#115 = CARTESIAN_POINT('',(-45.,-34.,122.));
#116 = CARTESIAN_POINT('',(-53.26007001273,-39.35722667078,
    156.14272522492));
#117 = CARTESIAN_POINT('',(-40.,-31.,189.));
#118 = ADVANCED_FACE('',(#119),#148,.T.);
#119 = FACE_BOUND('',#120,.T.);
#120 = EDGE_LOOP('',(#121,#131,#139,#140));
#121 = ORIENTED_EDGE('',*,*,#122,.F.);
#122 = EDGE_CURVE('',#123,#125,#127,.T.);
#123 = VERTEX_POINT('',#124);
#124 = CARTESIAN_POINT('',(-59.48853531232,23.62427457572,136.));
#125 = VERTEX_POINT('',#126);
#126 = CARTESIAN_POINT('',(-60.15108308131,24.074097254023,146.));
#127 = B_SPLINE_CURVE_WITH_KNOTS('',2,(#128,#129,#130),.UNSPECIFIED.,.F.
  ,.F.,(3,3),(0.,1.),.PIECEWISE_BEZIER_KNOTS.);
#128 = CARTESIAN_POINT('',(-57.,22.,122.));
#129 = CARTESIAN_POINT('',(-65.26007001273,27.357226670783,
    156.14272522492));
#130 = CARTESIAN_POINT('',(-52.,19.,189.));
#131 = ORIENTED_EDGE('',*,*,#132,.F.);
#132 = EDGE_CURVE('',#22,#123,#133,.T.);
#133 = B_SPLINE_CURVE_WITH_KNOTS('',4,(#134,#135,#136,#137,#138),
  .UNSPECIFIED.,.F.,.F.,(5,5),(0.,1.),.PIECEWISE_BEZIER_KNOTS.);
#134 = CARTESIAN_POINT('',(-59.48853531232,-23.62427457572,136.));
#135 = CARTESIAN_POINT('',(-59.48853531232,-11.81213728786,136.));
#136 = CARTESIAN_POINT('',(-59.48853531232,2.558E-13,136.));
#137 = CARTESIAN_POINT('',(-59.48853531232,11.81213728786,136.));
#138 = CARTESIAN_POINT('',(-59.48853531232,23.62427457572,136.));
#139 = ORIENTED_EDGE('',*,*,#21,.T.);
#140 = ORIENTED_EDGE('',*,*,#141,.T.);
#141 = EDGE_CURVE('',#24,#125,#142,.T.);
#142 = B_SPLINE_CURVE_WITH_KNOTS('',4,(#143,#144,#145,#146,#147),
  .UNSPECIFIED.,.F.,.F.,(5,5),(0.,1.),.PIECEWISE_BEZIER_KNOTS.);
#143 = CARTESIAN_POINT('',(-60.15108308131,-24.07409725402,146.));
#144 = CARTESIAN_POINT('',(-60.15108308131,-12.03704862701,146.));
#145 = CARTESIAN_POINT('',(-60.15108308131,4.2633E-13,146.));
#146 = CARTESIAN_POINT('',(-60.15108308131,12.037048627012,146.));
#147 = CARTESIAN_POINT('',(-60.15108308131,24.074097254023,146.));
#148 = B_SPLINE_SURFACE_WITH_KNOTS('',8,2,(
    (#149,#150,#151)
    ,(#152,#153,#154)
    ,(#155,#156,#157)
    ,(#158,#159,#160)
    ,(#161,#162,#163)
    ,(#164,#165,#166)
    ,(#167,#168,#169)
    ,(#170,#171,#172)
    ,(#173,#174,#175
    )),.UNSPECIFIED.,.F.,.F.,.F.,(9,9),(3,3),(6.,7.),(0.,1.),
  .PIECEWISE_BEZIER_KNOTS.);
#149 = CARTESIAN_POINT('',(-57.,22.,122.));
#150 = CARTESIAN_POINT('',(-65.26007001273,27.357226670783,
    156.14272522492));
#151 = CARTESIAN_POINT('',(-52.,19.,189.));
#152 = CARTESIAN_POINT('',(-57.,16.5,122.));
#153 = CARTESIAN_POINT('',(-65.26007001273,20.517920003087,
    156.14272522492));
#154 = CARTESIAN_POINT('',(-52.,14.25,189.));
#155 = CARTESIAN_POINT('',(-57.,11.,122.));
#156 = CARTESIAN_POINT('',(-65.26007001273,13.678613335392,
    156.14272522492));
#157 = CARTESIAN_POINT('',(-52.,9.5,189.));
#158 = CARTESIAN_POINT('',(-57.,5.5,122.));
#159 = CARTESIAN_POINT('',(-65.26007001273,6.839306667696,
    156.14272522492));
#160 = CARTESIAN_POINT('',(-52.,4.75,189.));
#161 = CARTESIAN_POINT('',(-57.,0.,122.));
#162 = CARTESIAN_POINT('',(-65.26007001273,-7.105427357601E-15,
    156.14272522492));
#163 = CARTESIAN_POINT('',(-52.,-1.42108547152E-14,189.));
#164 = CARTESIAN_POINT('',(-57.,-5.5,122.));
#165 = CARTESIAN_POINT('',(-65.26007001273,-6.839306667696,
    156.14272522492));
#166 = CARTESIAN_POINT('',(-52.,-4.75,189.));
#167 = CARTESIAN_POINT('',(-57.,-11.,122.));
#168 = CARTESIAN_POINT('',(-65.26007001273,-13.67861333539,
    156.14272522492));
#169 = CARTESIAN_POINT('',(-52.,-9.5,189.));
#170 = CARTESIAN_POINT('',(-57.,-16.5,122.));
#171 = CARTESIAN_POINT('',(-65.26007001273,-20.51792000308,
    156.14272522492));
#172 = CARTESIAN_POINT('',(-52.,-14.25,189.));
#173 = CARTESIAN_POINT('',(-57.,-22.,122.));
#174 = CARTESIAN_POINT('',(-65.26007001273,-27.35722667078,
    156.14272522492));
#175 = CARTESIAN_POINT('',(-52.,-19.,189.));
#176 = ADVANCED_FACE('',(#177),#326,.T.);
#177 = FACE_BOUND('',#178,.T.);
#178 = EDGE_LOOP('',(#179,#180,#190,#198,#208,#235,#245,#272,#282,#290,
    #300,#325));
#179 = ORIENTED_EDGE('',*,*,#66,.F.);
#180 = ORIENTED_EDGE('',*,*,#181,.F.);
#181 = EDGE_CURVE('',#182,#59,#184,.T.);
#182 = VERTEX_POINT('',#183);
#183 = CARTESIAN_POINT('',(-14.15,-36.07409726416,146.));
#184 = B_SPLINE_CURVE_WITH_KNOTS('',4,(#185,#186,#187,#188,#189),
  .UNSPECIFIED.,.F.,.F.,(5,5),(0.,1.),.PIECEWISE_BEZIER_KNOTS.);
#185 = CARTESIAN_POINT('',(-14.07376094358,-36.07409725402,146.));
#186 = CARTESIAN_POINT('',(-22.59309147801,-36.07409725402,146.));
#187 = CARTESIAN_POINT('',(-31.11242201245,-36.07409725402,146.));
#188 = CARTESIAN_POINT('',(-39.63175254688,-36.07409725402,146.));
#189 = CARTESIAN_POINT('',(-48.15108308131,-36.07409725402,146.));
#190 = ORIENTED_EDGE('',*,*,#191,.F.);
#191 = EDGE_CURVE('',#192,#182,#194,.T.);
#192 = VERTEX_POINT('',#193);
#193 = CARTESIAN_POINT('',(-14.15,-36.03497425738,145.99999999999));
#194 = LINE('',#195,#196);
#195 = CARTESIAN_POINT('',(-14.15,-80.,146.));
#196 = VECTOR('',#197,1.);
#197 = DIRECTION('',(0.,-1.,0.));
#198 = ORIENTED_EDGE('',*,*,#199,.T.);
#199 = EDGE_CURVE('',#192,#200,#202,.T.);
#200 = VERTEX_POINT('',#201);
#201 = CARTESIAN_POINT('',(-47.63093621583,-36.03497426107,146.));
#202 = B_SPLINE_CURVE_WITH_KNOTS('',4,(#203,#204,#205,#206,#207),
  .UNSPECIFIED.,.F.,.F.,(5,5),(0.,1.),.PIECEWISE_BEZIER_KNOTS.);
#203 = CARTESIAN_POINT('',(-14.15,-36.03497426107,146.));
#204 = CARTESIAN_POINT('',(-22.52023405396,-36.03497426107,146.));
#205 = CARTESIAN_POINT('',(-30.89046810792,-36.03497426107,146.));
#206 = CARTESIAN_POINT('',(-39.26070216187,-36.03497426107,146.));
#207 = CARTESIAN_POINT('',(-47.63093621583,-36.03497426107,146.));
#208 = ORIENTED_EDGE('',*,*,#209,.T.);
#209 = EDGE_CURVE('',#200,#210,#212,.T.);
#210 = VERTEX_POINT('',#211);
#211 = CARTESIAN_POINT('',(-59.97449120468,-23.69141927222,146.));
#212 = B_SPLINE_CURVE_WITH_KNOTS('',6,(#213,#214,#215,#216,#217,#218,
    #219,#220,#221,#222,#223,#224,#225,#226,#227,#228,#229,#230,#231,
    #232,#233,#234),.UNSPECIFIED.,.F.,.F.,(7,5,5,5,7),(0.,0.251999871413
    ,0.500999935311,0.74999999927,1.),.UNSPECIFIED.);
#213 = CARTESIAN_POINT('',(-47.63093621583,-36.03497426107,146.));
#214 = CARTESIAN_POINT('',(-48.44526957281,-36.03497426107,146.));
#215 = CARTESIAN_POINT('',(-49.25965196893,-35.97050595301,146.));
#216 = CARTESIAN_POINT('',(-50.06759530327,-35.84155545459,146.));
#217 = CARTESIAN_POINT('',(-50.86278385877,-35.64900462659,146.));
#218 = CARTESIAN_POINT('',(-51.63905020428,-35.39447490727,146.));
#219 = CARTESIAN_POINT('',(-53.13283238077,-34.77022486272,146.));
#220 = CARTESIAN_POINT('',(-53.85102434664,-34.40187558122,146.));
#221 = CARTESIAN_POINT('',(-54.53921140541,-33.97783349269,146.));
#222 = CARTESIAN_POINT('',(-55.19209428339,-33.50122352093,146.));
#223 = CARTESIAN_POINT('',(-55.80477547246,-32.97576881035,146.));
#224 = CARTESIAN_POINT('',(-56.94091876819,-31.83605059674,146.));
#225 = CARTESIAN_POINT('',(-57.46444609428,-31.22172166902,146.));
#226 = CARTESIAN_POINT('',(-57.93900262562,-30.56734470085,146.));
#227 = CARTESIAN_POINT('',(-58.36088062224,-29.87782887291,146.));
#228 = CARTESIAN_POINT('',(-58.72697182323,-29.15848324953,146.));
#229 = CARTESIAN_POINT('',(-59.34405282911,-27.66871792441,146.));
#230 = CARTESIAN_POINT('',(-59.59461034555,-26.89801818154,146.));
#231 = CARTESIAN_POINT('',(-59.78413059062,-26.10883993004,146.));
#232 = CARTESIAN_POINT('',(-59.91104207922,-25.30720802392,146.));
#233 = CARTESIAN_POINT('',(-59.97449120468,-24.49929008098,146.));
#234 = CARTESIAN_POINT('',(-59.97449120468,-23.69141927222,146.));
#235 = ORIENTED_EDGE('',*,*,#236,.T.);
#236 = EDGE_CURVE('',#210,#237,#239,.T.);
#237 = VERTEX_POINT('',#238);
#238 = CARTESIAN_POINT('',(-59.97449120468,23.691419272225,146.));
#239 = B_SPLINE_CURVE_WITH_KNOTS('',4,(#240,#241,#242,#243,#244),
  .UNSPECIFIED.,.F.,.F.,(5,5),(0.,1.),.PIECEWISE_BEZIER_KNOTS.);
#240 = CARTESIAN_POINT('',(-59.97449120468,-23.69141927222,146.));
#241 = CARTESIAN_POINT('',(-59.97449120468,-11.84570963611,146.));
#242 = CARTESIAN_POINT('',(-59.97449120468,7.105E-14,146.));
#243 = CARTESIAN_POINT('',(-59.97449120468,11.845709636113,146.));
#244 = CARTESIAN_POINT('',(-59.97449120468,23.691419272225,146.));
#245 = ORIENTED_EDGE('',*,*,#246,.T.);
#246 = EDGE_CURVE('',#237,#247,#249,.T.);
#247 = VERTEX_POINT('',#248);
#248 = CARTESIAN_POINT('',(-47.63093621583,36.034974261071,146.));
#249 = B_SPLINE_CURVE_WITH_KNOTS('',6,(#250,#251,#252,#253,#254,#255,
    #256,#257,#258,#259,#260,#261,#262,#263,#264,#265,#266,#267,#268,
    #269,#270,#271),.UNSPECIFIED.,.F.,.F.,(7,5,5,5,7),(0.,0.250999936078
    ,0.499999999384,0.749999999888,1.),.UNSPECIFIED.);
#250 = CARTESIAN_POINT('',(-59.97449120468,23.691419272225,146.));
#251 = CARTESIAN_POINT('',(-59.97449120468,24.502521357143,146.));
#252 = CARTESIAN_POINT('',(-59.91053350267,25.313671521195,146.));
#253 = CARTESIAN_POINT('',(-59.78260454182,26.118459445522,146.));
#254 = CARTESIAN_POINT('',(-59.59157196793,26.91064375187,146.));
#255 = CARTESIAN_POINT('',(-59.33903209881,27.684128566721,146.));
#256 = CARTESIAN_POINT('',(-58.71837049335,29.175906109559,146.));
#257 = CARTESIAN_POINT('',(-58.35114979906,29.89467579093,146.));
#258 = CARTESIAN_POINT('',(-57.92818923468,30.583528084129,146.));
#259 = CARTESIAN_POINT('',(-57.45260539641,31.237158813588,146.));
#260 = CARTESIAN_POINT('',(-56.92811373101,31.850664628865,146.));
#261 = CARTESIAN_POINT('',(-55.78789671222,32.990881647653,146.));
#262 = CARTESIAN_POINT('',(-55.17174719675,33.517300648232,146.));
#263 = CARTESIAN_POINT('',(-54.51516780935,33.994399968678,146.));
#264 = CARTESIAN_POINT('',(-53.82312345588,34.418422219958,146.));
#265 = CARTESIAN_POINT('',(-53.10098550681,34.786218322204,146.));
#266 = CARTESIAN_POINT('',(-51.60823486803,35.404535885498,146.));
#267 = CARTESIAN_POINT('',(-50.83753512516,35.65509340194,146.));
#268 = CARTESIAN_POINT('',(-50.04835687365,35.844613647013,146.));
#269 = CARTESIAN_POINT('',(-49.24672496753,35.971525135613,146.));
#270 = CARTESIAN_POINT('',(-48.4388070246,36.034974261071,146.));
#271 = CARTESIAN_POINT('',(-47.63093621583,36.034974261071,146.));
#272 = ORIENTED_EDGE('',*,*,#273,.T.);
#273 = EDGE_CURVE('',#247,#274,#276,.T.);
#274 = VERTEX_POINT('',#275);
#275 = CARTESIAN_POINT('',(-14.15,36.034974257389,145.99999999999));
#276 = B_SPLINE_CURVE_WITH_KNOTS('',4,(#277,#278,#279,#280,#281),
  .UNSPECIFIED.,.F.,.F.,(5,5),(0.,1.),.PIECEWISE_BEZIER_KNOTS.);
#277 = CARTESIAN_POINT('',(-47.63093621583,36.034974261071,146.));
#278 = CARTESIAN_POINT('',(-39.26070216187,36.034974261071,146.));
#279 = CARTESIAN_POINT('',(-30.89046810792,36.034974261071,146.));
#280 = CARTESIAN_POINT('',(-22.52023405396,36.034974261071,146.));
#281 = CARTESIAN_POINT('',(-14.15,36.034974261071,146.));
#282 = ORIENTED_EDGE('',*,*,#283,.F.);
#283 = EDGE_CURVE('',#284,#274,#286,.T.);
#284 = VERTEX_POINT('',#285);
#285 = CARTESIAN_POINT('',(-14.15,36.074097264166,146.));
#286 = LINE('',#287,#288);
#287 = CARTESIAN_POINT('',(-14.15,-80.,146.));
#288 = VECTOR('',#289,1.);
#289 = DIRECTION('',(0.,-1.,0.));
#290 = ORIENTED_EDGE('',*,*,#291,.F.);
#291 = EDGE_CURVE('',#292,#284,#294,.T.);
#292 = VERTEX_POINT('',#293);
#293 = CARTESIAN_POINT('',(-48.15108308131,36.074097254023,146.));
#294 = B_SPLINE_CURVE_WITH_KNOTS('',4,(#295,#296,#297,#298,#299),
  .UNSPECIFIED.,.F.,.F.,(5,5),(0.,1.),.PIECEWISE_BEZIER_KNOTS.);
#295 = CARTESIAN_POINT('',(-48.15108308131,36.074097254023,146.));
#296 = CARTESIAN_POINT('',(-39.63175254688,36.074097254023,146.));
#297 = CARTESIAN_POINT('',(-31.11242201245,36.074097254023,146.));
#298 = CARTESIAN_POINT('',(-22.59309147801,36.074097254023,146.));
#299 = CARTESIAN_POINT('',(-14.07376094358,36.074097254023,146.));
#300 = ORIENTED_EDGE('',*,*,#301,.F.);
#301 = EDGE_CURVE('',#125,#292,#302,.T.);
#302 = B_SPLINE_CURVE_WITH_KNOTS('',6,(#303,#304,#305,#306,#307,#308,
    #309,#310,#311,#312,#313,#314,#315,#316,#317,#318,#319,#320,#321,
    #322,#323,#324),.UNSPECIFIED.,.F.,.F.,(7,5,5,5,7),(0.,0.250999936087
    ,0.499999999384,0.749999999888,1.),.UNSPECIFIED.);
#303 = CARTESIAN_POINT('',(-60.15108308131,24.074097254023,146.));
#304 = CARTESIAN_POINT('',(-60.15108308131,24.862624145329,146.));
#305 = CARTESIAN_POINT('',(-60.08890549726,25.651197770609,146.));
#306 = CARTESIAN_POINT('',(-59.96453715165,26.433586243106,146.));
#307 = CARTESIAN_POINT('',(-59.77882153564,27.203721890092,146.));
#308 = CARTESIAN_POINT('',(-59.53331054592,27.955678496631,146.));
#309 = CARTESIAN_POINT('',(-58.9299236537,29.405935782613,146.));
#310 = CARTESIAN_POINT('',(-58.57292372008,30.104700127855,146.));
#311 = CARTESIAN_POINT('',(-58.16173530823,30.774379775962,146.));
#312 = CARTESIAN_POINT('',(-57.6993882693,31.409818170876,146.));
#313 = CARTESIAN_POINT('',(-57.18949464906,32.006248433476,146.));
#314 = CARTESIAN_POINT('',(-56.08101299441,33.114730088127,146.));
#315 = CARTESIAN_POINT('',(-55.48201261311,33.626497400446,146.));
#316 = CARTESIAN_POINT('',(-54.84370762947,34.090317741593,146.));
#317 = CARTESIAN_POINT('',(-54.17092476481,34.502538290672,146.));
#318 = CARTESIAN_POINT('',(-53.46888590009,34.860097617051,146.));
#319 = CARTESIAN_POINT('',(-52.01768260209,35.461205708215,146.));
#320 = CARTESIAN_POINT('',(-51.26843355126,35.704789519626,146.));
#321 = CARTESIAN_POINT('',(-50.5012202924,35.889034899019,146.));
#322 = CARTESIAN_POINT('',(-49.72189999754,36.012414091447,146.));
#323 = CARTESIAN_POINT('',(-48.9364686317,36.074097254023,146.));
#324 = CARTESIAN_POINT('',(-48.15108308131,36.074097254023,146.));
#325 = ORIENTED_EDGE('',*,*,#141,.F.);
#326 = PLANE('',#327);
#327 = AXIS2_PLACEMENT_3D('',#328,#329,#330);
#328 = CARTESIAN_POINT('',(-100.,-60.,146.));
#329 = DIRECTION('',(0.,0.,1.));
#330 = DIRECTION('',(1.,0.,0.));
#331 = ADVANCED_FACE('',(#332,#366),#431,.T.);
#332 = FACE_BOUND('',#333,.T.);
#333 = EDGE_LOOP('',(#334,#335,#345,#365));
#334 = ORIENTED_EDGE('',*,*,#58,.F.);
#335 = ORIENTED_EDGE('',*,*,#336,.F.);
#336 = EDGE_CURVE('',#337,#32,#339,.T.);
#337 = VERTEX_POINT('',#338);
#338 = CARTESIAN_POINT('',(-14.15,-35.62427457278,136.));
#339 = B_SPLINE_CURVE_WITH_KNOTS('',4,(#340,#341,#342,#343,#344),
  .UNSPECIFIED.,.F.,.F.,(5,5),(0.,1.),.PIECEWISE_BEZIER_KNOTS.);
#340 = CARTESIAN_POINT('',(-13.82674105768,-35.62427457572,136.));
#341 = CARTESIAN_POINT('',(-22.24218962134,-35.62427457572,136.));
#342 = CARTESIAN_POINT('',(-30.657638185,-35.62427457572,136.));
#343 = CARTESIAN_POINT('',(-39.07308674866,-35.62427457572,136.));
#344 = CARTESIAN_POINT('',(-47.48853531232,-35.62427457572,136.));
#345 = ORIENTED_EDGE('',*,*,#346,.T.);
#346 = EDGE_CURVE('',#337,#182,#347,.T.);
#347 = B_SPLINE_CURVE_WITH_KNOTS('',6,(#348,#349,#350,#351,#352,#353,
    #354,#355,#356,#357,#358,#359,#360,#361,#362,#363,#364),
  .UNSPECIFIED.,.F.,.F.,(7,5,5,7),(0.,0.313224805258,0.620243908017,1.),
  .UNSPECIFIED.);
#348 = CARTESIAN_POINT('',(-14.15,-34.,122.));
#349 = CARTESIAN_POINT('',(-14.15,-34.54650281698,125.48297667086));
#350 = CARTESIAN_POINT('',(-14.15,-35.01066326136,128.97889177846));
#351 = CARTESIAN_POINT('',(-14.15,-35.39023515678,132.48556181151));
#352 = CARTESIAN_POINT('',(-14.15,-35.68324092027,136.00059275563));
#353 = CARTESIAN_POINT('',(-14.15,-35.88806125904,139.52137170641));
#354 = CARTESIAN_POINT('',(-14.15,-36.1167008763,146.49893293371));
#355 = CARTESIAN_POINT('',(-14.15,-36.14402756024,149.9556468055));
#356 = CARTESIAN_POINT('',(-14.15,-36.08439728607,153.41250661507));
#357 = CARTESIAN_POINT('',(-14.15,-35.93712757813,156.86676675368));
#358 = CARTESIAN_POINT('',(-14.15,-35.70199542963,160.31563039972));
#359 = CARTESIAN_POINT('',(-14.15,-34.98009014994,168.01200001114));
#360 = CARTESIAN_POINT('',(-14.15,-34.44688636315,172.25525299655));
#361 = CARTESIAN_POINT('',(-14.15,-33.78016312061,176.48056478445));
#362 = CARTESIAN_POINT('',(-14.15,-32.98154103736,180.68287153226));
#363 = CARTESIAN_POINT('',(-14.15,-32.05364959169,184.8574709632));
#364 = CARTESIAN_POINT('',(-14.15,-31.,189.));
#365 = ORIENTED_EDGE('',*,*,#181,.T.);
#366 = FACE_BOUND('',#367,.T.);
#367 = EDGE_LOOP('',(#368,#384));
#368 = ORIENTED_EDGE('',*,*,#369,.T.);
#369 = EDGE_CURVE('',#370,#372,#374,.T.);
#370 = VERTEX_POINT('',#371);
#371 = CARTESIAN_POINT('',(-28.85,-35.87595866968,140.));
#372 = VERTEX_POINT('',#373);
#373 = CARTESIAN_POINT('',(-29.58640514724,-35.81779407388,
    138.92694860431));
#374 = B_SPLINE_CURVE_WITH_KNOTS('',8,(#375,#376,#377,#378,#379,#380,
    #381,#382,#383),.UNSPECIFIED.,.F.,.F.,(9,9),(0.,1.),
  .PIECEWISE_BEZIER_KNOTS.);
#375 = CARTESIAN_POINT('',(-28.85,-35.87595866968,140.));
#376 = CARTESIAN_POINT('',(-28.85,-35.8671502244,139.82729293167));
#377 = CARTESIAN_POINT('',(-28.87964280991,-35.85811962578,
    139.65422214929));
#378 = CARTESIAN_POINT('',(-28.93914375648,-35.84919723172,
    139.48729324085));
#379 = CARTESIAN_POINT('',(-29.02676337008,-35.84072637608,
    139.33242246069));
#380 = CARTESIAN_POINT('',(-29.13970050579,-35.83305433108,
    139.19487760444));
#381 = CARTESIAN_POINT('',(-29.27407817586,-35.82650713496,
    139.07918872387));
#382 = CARTESIAN_POINT('',(-29.42502888536,-35.82136473098,
    138.9891491583));
#383 = CARTESIAN_POINT('',(-29.58640514724,-35.81779407388,
    138.92694860431));
#384 = ORIENTED_EDGE('',*,*,#385,.T.);
#385 = EDGE_CURVE('',#372,#370,#386,.T.);
#386 = B_SPLINE_CURVE_WITH_KNOTS('',7,(#387,#388,#389,#390,#391,#392,
    #393,#394,#395,#396,#397,#398,#399,#400,#401,#402,#403,#404,#405,
    #406,#407,#408,#409,#410,#411,#412,#413,#414,#415,#416,#417,#418,
    #419,#420,#421,#422,#423,#424,#425,#426,#427,#428,#429,#430),
  .UNSPECIFIED.,.F.,.F.,(8,6,6,6,6,6,6,8),(0.,0.163356905788,
    0.376698521112,0.570074264301,0.709667083026,0.824953008786,
    0.911238887475,1.),.UNSPECIFIED.);
#387 = CARTESIAN_POINT('',(-29.58640514724,-35.81779407388,
    138.92694860431));
#388 = CARTESIAN_POINT('',(-29.71365305475,-35.81497855046,
    138.87790241717));
#389 = CARTESIAN_POINT('',(-29.84778180052,-35.81315479918,
    138.84642432803));
#390 = CARTESIAN_POINT('',(-29.98574458306,-35.81241487731,
    138.83374180492));
#391 = CARTESIAN_POINT('',(-30.12436890858,-35.81279708585,
    138.84030544115));
#392 = CARTESIAN_POINT('',(-30.26050940471,-35.81428917763,
    138.86596446167));
#393 = CARTESIAN_POINT('',(-30.39105251976,-35.81682944147,
    138.90996756149));
#394 = CARTESIAN_POINT('',(-30.67245569375,-35.82484605075,
    139.0502552301));
#395 = CARTESIAN_POINT('',(-30.81765359474,-35.8309927945,139.1585894443
    ));
#396 = CARTESIAN_POINT('',(-30.941933452,-35.83850434694,139.29258091069
    ));
#397 = CARTESIAN_POINT('',(-31.0402003128,-35.84701249467,
    139.44715710351));
#398 = CARTESIAN_POINT('',(-31.10876986816,-35.85611548813,
    139.61648283073));
#399 = CARTESIAN_POINT('',(-31.14525552796,-35.86540864787,
    139.79378462247));
#400 = CARTESIAN_POINT('',(-31.15363146914,-35.88275467622,
    140.13276030987));
#401 = CARTESIAN_POINT('',(-31.13125857918,-35.8908641971,
    140.29477326863));
#402 = CARTESIAN_POINT('',(-31.08228499663,-35.89855186458,
    140.45214785759));
#403 = CARTESIAN_POINT('',(-31.00802955088,-35.90558761893,
    140.59973291892));
#404 = CARTESIAN_POINT('',(-30.91079941294,-35.91180218231,140.732905008
    ));
#405 = CARTESIAN_POINT('',(-30.79391201719,-35.91706279885,
    140.8474989145));
#406 = CARTESIAN_POINT('',(-30.56665053247,-35.92432213224,
    141.00746326406));
#407 = CARTESIAN_POINT('',(-30.46340361573,-35.92682444061,
    141.06329491748));
#408 = CARTESIAN_POINT('',(-30.35382861674,-35.9287509412,
    141.10671343091));
#409 = CARTESIAN_POINT('',(-30.23972601389,-35.93008208483,
    141.13690152056));
#410 = CARTESIAN_POINT('',(-30.12299997942,-35.93080638403,
    141.15335195348));
#411 = CARTESIAN_POINT('',(-30.00562047491,-35.93091880972,
    141.15587798975));
#412 = CARTESIAN_POINT('',(-29.79378524558,-35.93001664048,
    141.13544779486));
#413 = CARTESIAN_POINT('',(-29.69885973469,-35.92919472934,
    141.11684864005));
#414 = CARTESIAN_POINT('',(-29.60594903567,-35.92796143307,
    141.08899592906));
#415 = CARTESIAN_POINT('',(-29.51612939875,-35.92632350496,
    141.05216628503));
#416 = CARTESIAN_POINT('',(-29.43042410148,-35.92429127112,
    141.00678235446));
#417 = CARTESIAN_POINT('',(-29.34978996099,-35.92187949648,
    140.95340682994));
#418 = CARTESIAN_POINT('',(-29.21919101478,-35.91703688323,140.847362547
    ));
#419 = CARTESIAN_POINT('',(-29.16660545654,-35.91476313292,
    140.79788649107));
#420 = CARTESIAN_POINT('',(-29.11770027667,-35.91229743085,
    140.74462394071));
#421 = CARTESIAN_POINT('',(-29.0727994551,-35.90965016995,
    140.68790574839));
#422 = CARTESIAN_POINT('',(-29.03218798696,-35.90683351976,
    140.62809499099));
#423 = CARTESIAN_POINT('',(-28.99610998805,-35.90386165429,
    140.56558403393));
#424 = CARTESIAN_POINT('',(-28.93252448812,-35.89755107147,
    140.43414049301));
#425 = CARTESIAN_POINT('',(-28.90529169035,-35.8942041966,
    140.36507331495));
#426 = CARTESIAN_POINT('',(-28.88328520667,-35.89072812378,
    140.2940451245));
#427 = CARTESIAN_POINT('',(-28.86666970375,-35.88714265321,
    140.22152956899));
#428 = CARTESIAN_POINT('',(-28.85555610805,-35.8834696329,
    140.14801535857));
#429 = CARTESIAN_POINT('',(-28.84999999861,-35.87973297457,
    140.0740027449));
#430 = CARTESIAN_POINT('',(-28.85,-35.87595866968,140.));
#431 = B_SPLINE_SURFACE_WITH_KNOTS('',8,2,(
    (#432,#433,#434)
    ,(#435,#436,#437)
    ,(#438,#439,#440)
    ,(#441,#442,#443)
    ,(#444,#445,#446)
    ,(#447,#448,#449)
    ,(#450,#451,#452)
    ,(#453,#454,#455)
    ,(#456,#457,#458
    )),.UNSPECIFIED.,.F.,.F.,.F.,(9,9),(3,3),(0.,1.),(0.,1.),
  .PIECEWISE_BEZIER_KNOTS.);
#432 = CARTESIAN_POINT('',(-45.,-34.,122.));
#433 = CARTESIAN_POINT('',(-53.26007001273,-39.35722667078,
    156.14272522492));
#434 = CARTESIAN_POINT('',(-40.,-31.,189.));
#435 = CARTESIAN_POINT('',(-34.25,-34.,122.));
#436 = CARTESIAN_POINT('',(-40.80790792729,-39.35722667078,
    156.14272522492));
#437 = CARTESIAN_POINT('',(-30.25,-31.,189.));
#438 = CARTESIAN_POINT('',(-23.5,-34.,122.));
#439 = CARTESIAN_POINT('',(-28.35574584185,-39.35722667078,
    156.14272522492));
#440 = CARTESIAN_POINT('',(-20.5,-31.,189.));
#441 = CARTESIAN_POINT('',(-12.75,-34.,122.));
#442 = CARTESIAN_POINT('',(-15.90358375641,-39.35722667078,
    156.14272522492));
#443 = CARTESIAN_POINT('',(-10.75,-31.,189.));
#444 = CARTESIAN_POINT('',(-2.,-34.,122.));
#445 = CARTESIAN_POINT('',(-3.451421670973,-39.35722667078,
    156.14272522492));
#446 = CARTESIAN_POINT('',(-1.,-31.,189.));
#447 = CARTESIAN_POINT('',(8.75,-34.,122.));
#448 = CARTESIAN_POINT('',(9.000740414466,-39.35722667078,
    156.14272522492));
#449 = CARTESIAN_POINT('',(8.75,-31.,189.));
#450 = CARTESIAN_POINT('',(19.5,-34.,122.));
#451 = CARTESIAN_POINT('',(21.452902499905,-39.35722667078,
    156.14272522492));
#452 = CARTESIAN_POINT('',(18.5,-31.,189.));
#453 = CARTESIAN_POINT('',(30.25,-34.,122.));
#454 = CARTESIAN_POINT('',(33.905064585344,-39.35722667078,
    156.14272522492));
#455 = CARTESIAN_POINT('',(28.25,-31.,189.));
#456 = CARTESIAN_POINT('',(41.,-34.,122.));
#457 = CARTESIAN_POINT('',(46.357226670783,-39.35722667078,
    156.14272522492));
#458 = CARTESIAN_POINT('',(38.,-31.,189.));
#459 = ADVANCED_FACE('',(#460),#600,.F.);
#460 = FACE_BOUND('',#461,.F.);
#461 = EDGE_LOOP('',(#462,#463,#464,#472,#482,#509,#519,#546,#556,#564,
    #574,#599));
#462 = ORIENTED_EDGE('',*,*,#31,.F.);
#463 = ORIENTED_EDGE('',*,*,#336,.F.);
#464 = ORIENTED_EDGE('',*,*,#465,.F.);
#465 = EDGE_CURVE('',#466,#337,#468,.T.);
#466 = VERTEX_POINT('',#467);
#467 = CARTESIAN_POINT('',(-14.15,-33.3974162947,136.));
#468 = LINE('',#469,#470);
#469 = CARTESIAN_POINT('',(-14.15,-80.,136.));
#470 = VECTOR('',#471,1.);
#471 = DIRECTION('',(0.,-1.,0.));
#472 = ORIENTED_EDGE('',*,*,#473,.T.);
#473 = EDGE_CURVE('',#466,#474,#476,.T.);
#474 = VERTEX_POINT('',#475);
#475 = CARTESIAN_POINT('',(-47.68100483459,-33.39741629969,136.));
#476 = B_SPLINE_CURVE_WITH_KNOTS('',4,(#477,#478,#479,#480,#481),
  .UNSPECIFIED.,.F.,.F.,(5,5),(0.,1.),.PIECEWISE_BEZIER_KNOTS.);
#477 = CARTESIAN_POINT('',(-13.86932874908,-33.39741629969,136.));
#478 = CARTESIAN_POINT('',(-22.32224777046,-33.39741629969,136.));
#479 = CARTESIAN_POINT('',(-30.77516679183,-33.39741629969,136.));
#480 = CARTESIAN_POINT('',(-39.22808581321,-33.39741629969,136.));
#481 = CARTESIAN_POINT('',(-47.68100483459,-33.39741629969,136.));
#482 = ORIENTED_EDGE('',*,*,#483,.T.);
#483 = EDGE_CURVE('',#474,#484,#486,.T.);
#484 = VERTEX_POINT('',#485);
#485 = CARTESIAN_POINT('',(-57.33100483459,-23.74741629969,136.));
#486 = B_SPLINE_CURVE_WITH_KNOTS('',6,(#487,#488,#489,#490,#491,#492,
    #493,#494,#495,#496,#497,#498,#499,#500,#501,#502,#503,#504,#505,
    #506,#507,#508),.UNSPECIFIED.,.F.,.F.,(7,5,5,5,7),(0.,0.251999871623
    ,0.500999935417,0.749999999271,1.),.UNSPECIFIED.);
#487 = CARTESIAN_POINT('',(-47.68100483459,-33.39741629969,136.));
#488 = CARTESIAN_POINT('',(-48.31763805064,-33.39741629969,136.));
#489 = CARTESIAN_POINT('',(-48.95430954209,-33.34701597281,136.));
#490 = CARTESIAN_POINT('',(-49.58594714982,-33.2462044842,136.));
#491 = CARTESIAN_POINT('',(-50.207613262,-33.09567120764,136.));
#492 = CARTESIAN_POINT('',(-50.81448622022,-32.89668383755,136.));
#493 = CARTESIAN_POINT('',(-51.98230200762,-32.40865481378,136.));
#494 = CARTESIAN_POINT('',(-52.54377331622,-32.120685068,136.));
#495 = CARTESIAN_POINT('',(-53.08178732437,-31.7891755347,136.));
#496 = CARTESIAN_POINT('',(-53.59220105201,-31.41656921659,136.));
#497 = CARTESIAN_POINT('',(-54.0711856824,-31.00577689899,136.));
#498 = CARTESIAN_POINT('',(-54.95940492712,-30.11476283879,136.));
#499 = CARTESIAN_POINT('',(-55.36869044549,-29.63449003196,136.));
#500 = CARTESIAN_POINT('',(-55.73969141566,-29.12290824767,136.));
#501 = CARTESIAN_POINT('',(-56.06950909536,-28.58385542837,136.));
#502 = CARTESIAN_POINT('',(-56.35571350891,-28.02148220826,136.));
#503 = CARTESIAN_POINT('',(-56.83813788899,-26.85680673359,136.));
#504 = CARTESIAN_POINT('',(-57.03401985334,-26.25428565756,136.));
#505 = CARTESIAN_POINT('',(-57.18218386607,-25.63731830869,136.));
#506 = CARTESIAN_POINT('',(-57.28140128899,-25.0106148789,136.));
#507 = CARTESIAN_POINT('',(-57.33100483459,-24.37899719503,136.));
#508 = CARTESIAN_POINT('',(-57.33100483459,-23.74741629969,136.));
#509 = ORIENTED_EDGE('',*,*,#510,.T.);
#510 = EDGE_CURVE('',#484,#511,#513,.T.);
#511 = VERTEX_POINT('',#512);
#512 = CARTESIAN_POINT('',(-57.33100483459,23.747416299699,136.));
#513 = B_SPLINE_CURVE_WITH_KNOTS('',4,(#514,#515,#516,#517,#518),
  .UNSPECIFIED.,.F.,.F.,(5,5),(0.,1.),.PIECEWISE_BEZIER_KNOTS.);
#514 = CARTESIAN_POINT('',(-57.33100483459,-23.74741629969,136.));
#515 = CARTESIAN_POINT('',(-57.33100483459,-11.87370814984,136.));
#516 = CARTESIAN_POINT('',(-57.33100483459,-1.5632E-13,136.));
#517 = CARTESIAN_POINT('',(-57.33100483459,11.873708149849,136.));
#518 = CARTESIAN_POINT('',(-57.33100483459,23.747416299699,136.));
#519 = ORIENTED_EDGE('',*,*,#520,.T.);
#520 = EDGE_CURVE('',#511,#521,#523,.T.);
#521 = VERTEX_POINT('',#522);
#522 = CARTESIAN_POINT('',(-47.68100483459,33.397416299699,136.));
#523 = B_SPLINE_CURVE_WITH_KNOTS('',6,(#524,#525,#526,#527,#528,#529,
    #530,#531,#532,#533,#534,#535,#536,#537,#538,#539,#540,#541,#542,
    #543,#544,#545),.UNSPECIFIED.,.F.,.F.,(7,5,5,5,7),(0.,0.250999936182
    ,0.499999999385,0.749999999889,1.),.UNSPECIFIED.);
#524 = CARTESIAN_POINT('',(-57.33100483459,23.747416299699,136.));
#525 = CARTESIAN_POINT('',(-57.33100483459,24.381523356994,136.));
#526 = CARTESIAN_POINT('',(-57.28100369166,25.015667940376,136.));
#527 = CARTESIAN_POINT('',(-57.18099082499,25.644838696872,136.));
#528 = CARTESIAN_POINT('',(-57.0316444965,26.264156133228,136.));
#529 = CARTESIAN_POINT('',(-56.83421276001,26.868854534631,136.));
#530 = CARTESIAN_POINT('',(-56.34898912249,28.035103130218,136.));
#531 = CARTESIAN_POINT('',(-56.06190168864,28.597026087819,136.));
#532 = CARTESIAN_POINT('',(-55.7312376742,29.135560165935,136.));
#533 = CARTESIAN_POINT('',(-55.35943357137,29.646558552315,136.));
#534 = CARTESIAN_POINT('',(-54.94939414752,30.126187862645,136.));
#535 = CARTESIAN_POINT('',(-54.05799012896,31.017591881197,136.));
#536 = CARTESIAN_POINT('',(-53.57629401535,31.429138065177,136.));
#537 = CARTESIAN_POINT('',(-53.06299041368,31.802126949094,136.));
#538 = CARTESIAN_POINT('',(-52.52196083167,32.133620973811,136.));
#539 = CARTESIAN_POINT('',(-51.95740461541,32.421158252476,136.));
#540 = CARTESIAN_POINT('',(-50.79039526848,32.904549354103,136.));
#541 = CARTESIAN_POINT('',(-50.18787419245,33.100431318454,136.));
#542 = CARTESIAN_POINT('',(-49.57090684359,33.248595331186,136.));
#543 = CARTESIAN_POINT('',(-48.94420341379,33.3478127541,136.));
#544 = CARTESIAN_POINT('',(-48.31258572993,33.397416299699,136.));
#545 = CARTESIAN_POINT('',(-47.68100483459,33.397416299699,136.));
#546 = ORIENTED_EDGE('',*,*,#547,.T.);
#547 = EDGE_CURVE('',#521,#548,#550,.T.);
#548 = VERTEX_POINT('',#549);
#549 = CARTESIAN_POINT('',(-14.15,33.397416294708,136.));
#550 = B_SPLINE_CURVE_WITH_KNOTS('',4,(#551,#552,#553,#554,#555),
  .UNSPECIFIED.,.F.,.F.,(5,5),(0.,1.),.PIECEWISE_BEZIER_KNOTS.);
#551 = CARTESIAN_POINT('',(-47.68100483459,33.397416299699,136.));
#552 = CARTESIAN_POINT('',(-39.22808581321,33.397416299699,136.));
#553 = CARTESIAN_POINT('',(-30.77516679183,33.397416299699,136.));
#554 = CARTESIAN_POINT('',(-22.32224777046,33.397416299699,136.));
#555 = CARTESIAN_POINT('',(-13.86932874908,33.397416299699,136.));
#556 = ORIENTED_EDGE('',*,*,#557,.F.);
#557 = EDGE_CURVE('',#558,#548,#560,.T.);
#558 = VERTEX_POINT('',#559);
#559 = CARTESIAN_POINT('',(-14.15,35.624274572785,136.));
#560 = LINE('',#561,#562);
#561 = CARTESIAN_POINT('',(-14.15,-80.,136.));
#562 = VECTOR('',#563,1.);
#563 = DIRECTION('',(0.,-1.,0.));
#564 = ORIENTED_EDGE('',*,*,#565,.F.);
#565 = EDGE_CURVE('',#566,#558,#568,.T.);
#566 = VERTEX_POINT('',#567);
#567 = CARTESIAN_POINT('',(-47.48853531232,35.62427457572,136.));
#568 = B_SPLINE_CURVE_WITH_KNOTS('',4,(#569,#570,#571,#572,#573),
  .UNSPECIFIED.,.F.,.F.,(5,5),(0.,1.),.PIECEWISE_BEZIER_KNOTS.);
#569 = CARTESIAN_POINT('',(-47.48853531232,35.62427457572,136.));
#570 = CARTESIAN_POINT('',(-39.07308674866,35.62427457572,136.));
#571 = CARTESIAN_POINT('',(-30.657638185,35.62427457572,136.));
#572 = CARTESIAN_POINT('',(-22.24218962134,35.62427457572,136.));
#573 = CARTESIAN_POINT('',(-13.82674105768,35.62427457572,136.));
#574 = ORIENTED_EDGE('',*,*,#575,.F.);
#575 = EDGE_CURVE('',#123,#566,#576,.T.);
#576 = B_SPLINE_CURVE_WITH_KNOTS('',6,(#577,#578,#579,#580,#581,#582,
    #583,#584,#585,#586,#587,#588,#589,#590,#591,#592,#593,#594,#595,
    #596,#597,#598),.UNSPECIFIED.,.F.,.F.,(7,5,5,5,7),(0.,0.250999936087
    ,0.499999999384,0.749999999888,1.),.UNSPECIFIED.);
#577 = CARTESIAN_POINT('',(-59.48853531232,23.62427457572,136.));
#578 = CARTESIAN_POINT('',(-59.48853531232,24.412801467025,136.));
#579 = CARTESIAN_POINT('',(-59.42635772827,25.201375092306,136.));
#580 = CARTESIAN_POINT('',(-59.30198938266,25.983763564802,136.));
#581 = CARTESIAN_POINT('',(-59.11627376665,26.753899211789,136.));
#582 = CARTESIAN_POINT('',(-58.87076277693,27.505855818328,136.));
#583 = CARTESIAN_POINT('',(-58.26737588471,28.956113104309,136.));
#584 = CARTESIAN_POINT('',(-57.91037595109,29.654877449554,136.));
#585 = CARTESIAN_POINT('',(-57.49918753924,30.324557097655,136.));
#586 = CARTESIAN_POINT('',(-57.03684050031,30.959995492574,136.));
#587 = CARTESIAN_POINT('',(-56.52694688007,31.556425755172,136.));
#588 = CARTESIAN_POINT('',(-55.41846522542,32.664907409824,136.));
#589 = CARTESIAN_POINT('',(-54.81946484412,33.17667472214,136.));
#590 = CARTESIAN_POINT('',(-54.18115986047,33.640495063292,136.));
#591 = CARTESIAN_POINT('',(-53.50837699582,34.052715612367,136.));
#592 = CARTESIAN_POINT('',(-52.8063381311,34.410274938748,136.));
#593 = CARTESIAN_POINT('',(-51.3551348331,35.011383029912,136.));
#594 = CARTESIAN_POINT('',(-50.60588578226,35.254966841323,136.));
#595 = CARTESIAN_POINT('',(-49.83867252342,35.439212220714,136.));
#596 = CARTESIAN_POINT('',(-49.05935222855,35.562591413144,136.));
#597 = CARTESIAN_POINT('',(-48.27392086271,35.62427457572,136.));
#598 = CARTESIAN_POINT('',(-47.48853531232,35.62427457572,136.));
#599 = ORIENTED_EDGE('',*,*,#132,.F.);
#600 = PLANE('',#601);
#601 = AXIS2_PLACEMENT_3D('',#602,#603,#604);
#602 = CARTESIAN_POINT('',(-100.,-60.,136.));
#603 = DIRECTION('',(0.,0.,1.));
#604 = DIRECTION('',(1.,0.,0.));
#605 = ADVANCED_FACE('',(#606),#617,.T.);
#606 = FACE_BOUND('',#607,.T.);
#607 = EDGE_LOOP('',(#608,#614,#615,#616));
#608 = ORIENTED_EDGE('',*,*,#609,.F.);
#609 = EDGE_CURVE('',#566,#292,#610,.T.);
#610 = B_SPLINE_CURVE_WITH_KNOTS('',2,(#611,#612,#613),.UNSPECIFIED.,.F.
  ,.F.,(3,3),(0.,1.),.PIECEWISE_BEZIER_KNOTS.);
#611 = CARTESIAN_POINT('',(-45.,34.,122.));
#612 = CARTESIAN_POINT('',(-53.26007001273,39.357226670783,
    156.14272522492));
#613 = CARTESIAN_POINT('',(-40.,31.,189.));
#614 = ORIENTED_EDGE('',*,*,#575,.F.);
#615 = ORIENTED_EDGE('',*,*,#122,.T.);
#616 = ORIENTED_EDGE('',*,*,#301,.T.);
#617 = B_SPLINE_SURFACE_WITH_KNOTS('',8,2,(
    (#618,#619,#620)
    ,(#621,#622,#623)
    ,(#624,#625,#626)
    ,(#627,#628,#629)
    ,(#630,#631,#632)
    ,(#633,#634,#635)
    ,(#636,#637,#638)
    ,(#639,#640,#641)
    ,(#642,#643,#644
    )),.UNSPECIFIED.,.F.,.F.,.F.,(9,9),(3,3),(5.,6.),(0.,1.),
  .PIECEWISE_BEZIER_KNOTS.);
#618 = CARTESIAN_POINT('',(-45.,34.,122.));
#619 = CARTESIAN_POINT('',(-53.26007001273,39.357226670783,
    156.14272522492));
#620 = CARTESIAN_POINT('',(-40.,31.,189.));
#621 = CARTESIAN_POINT('',(-47.35619449019,34.,122.));
#622 = CARTESIAN_POINT('',(-55.61626450292,39.357226670783,
    156.14272522492));
#623 = CARTESIAN_POINT('',(-42.35619449019,31.,189.));
#624 = CARTESIAN_POINT('',(-49.71238972205,33.471270532465,122.));
#625 = CARTESIAN_POINT('',(-57.97245973477,38.828497203249,
    156.14272522492));
#626 = CARTESIAN_POINT('',(-44.71238972205,30.471270532465,189.));
#627 = CARTESIAN_POINT('',(-51.93015881202,32.413816790457,122.));
#628 = CARTESIAN_POINT('',(-60.19022882475,37.771043461239,
    156.14272522492));
#629 = CARTESIAN_POINT('',(-46.93015881202,29.413816790458,189.));
#630 = CARTESIAN_POINT('',(-53.87110506935,30.871105069358,122.));
#631 = CARTESIAN_POINT('',(-62.13117508208,36.228331740144,
    156.14272522492));
#632 = CARTESIAN_POINT('',(-48.87110506935,27.871105069358,189.));
#633 = CARTESIAN_POINT('',(-55.41381679045,28.930158812021,122.));
#634 = CARTESIAN_POINT('',(-63.67388680318,34.287385482802,
    156.14272522492));
#635 = CARTESIAN_POINT('',(-50.41381679045,25.930158812021,189.));
#636 = CARTESIAN_POINT('',(-56.47127053246,26.71238972205,122.));
#637 = CARTESIAN_POINT('',(-64.73134054519,32.069616392835,
    156.14272522492));
#638 = CARTESIAN_POINT('',(-51.47127053246,23.71238972205,189.));
#639 = CARTESIAN_POINT('',(-57.,24.356194490192,122.));
#640 = CARTESIAN_POINT('',(-65.26007001273,29.713421160975,
    156.14272522492));
#641 = CARTESIAN_POINT('',(-52.,21.356194490192,189.));
#642 = CARTESIAN_POINT('',(-57.,22.,122.));
#643 = CARTESIAN_POINT('',(-65.26007001273,27.357226670783,
    156.14272522492));
#644 = CARTESIAN_POINT('',(-52.,19.,189.));
#645 = ADVANCED_FACE('',(#646,#671),#735,.T.);
#646 = FACE_BOUND('',#647,.T.);
#647 = EDGE_LOOP('',(#648,#668,#669,#670));
#648 = ORIENTED_EDGE('',*,*,#649,.F.);
#649 = EDGE_CURVE('',#558,#284,#650,.T.);
#650 = B_SPLINE_CURVE_WITH_KNOTS('',6,(#651,#652,#653,#654,#655,#656,
    #657,#658,#659,#660,#661,#662,#663,#664,#665,#666,#667),
  .UNSPECIFIED.,.F.,.F.,(7,5,5,7),(0.,0.313224805258,0.620243908035,1.),
  .UNSPECIFIED.);
#651 = CARTESIAN_POINT('',(-14.15,34.,122.));
#652 = CARTESIAN_POINT('',(-14.15,34.546502816982,125.48297667086));
#653 = CARTESIAN_POINT('',(-14.15,35.010663261363,128.97889177846));
#654 = CARTESIAN_POINT('',(-14.15,35.390235156785,132.48556181151));
#655 = CARTESIAN_POINT('',(-14.15,35.683240920279,136.00059275563));
#656 = CARTESIAN_POINT('',(-14.15,35.888061259048,139.52137170641));
#657 = CARTESIAN_POINT('',(-14.15,36.116700876316,146.49893293392));
#658 = CARTESIAN_POINT('',(-14.15,36.144027560249,149.95564680592));
#659 = CARTESIAN_POINT('',(-14.15,36.084397286064,153.4125066157));
#660 = CARTESIAN_POINT('',(-14.15,35.937127578103,156.86676675451));
#661 = CARTESIAN_POINT('',(-14.15,35.70199542956,160.31563040076));
#662 = CARTESIAN_POINT('',(-14.15,34.980090149815,168.01200001217));
#663 = CARTESIAN_POINT('',(-14.15,34.446886363025,172.25525299738));
#664 = CARTESIAN_POINT('',(-14.15,33.780163120499,176.48056478505));
#665 = CARTESIAN_POINT('',(-14.15,32.981541037271,180.68287153268));
#666 = CARTESIAN_POINT('',(-14.15,32.053649591641,184.85747096339));
#667 = CARTESIAN_POINT('',(-14.15,31.,189.));
#668 = ORIENTED_EDGE('',*,*,#565,.F.);
#669 = ORIENTED_EDGE('',*,*,#609,.T.);
#670 = ORIENTED_EDGE('',*,*,#291,.T.);
#671 = FACE_BOUND('',#672,.T.);
#672 = EDGE_LOOP('',(#673,#718));
#673 = ORIENTED_EDGE('',*,*,#674,.T.);
#674 = EDGE_CURVE('',#675,#677,#679,.T.);
#675 = VERTEX_POINT('',#676);
#676 = CARTESIAN_POINT('',(-28.85,35.875958669686,140.));
#677 = VERTEX_POINT('',#678);
#678 = CARTESIAN_POINT('',(-29.94340732613,35.813439765408,
    138.8513933357));
#679 = B_SPLINE_CURVE_WITH_KNOTS('',7,(#680,#681,#682,#683,#684,#685,
    #686,#687,#688,#689,#690,#691,#692,#693,#694,#695,#696,#697,#698,
    #699,#700,#701,#702,#703,#704,#705,#706,#707,#708,#709,#710,#711,
    #712,#713,#714,#715,#716,#717),.UNSPECIFIED.,.F.,.F.,(8,6,6,6,6,6,8)
  ,(0.,0.188300497764,0.351174649467,0.527984168857,0.685920487038,
    0.84887438996,1.),.UNSPECIFIED.);
#680 = CARTESIAN_POINT('',(-28.85,35.875958669686,140.));
#681 = CARTESIAN_POINT('',(-28.85,35.883464171328,140.14716026995));
#682 = CARTESIAN_POINT('',(-28.87197030955,35.890825089811,
    140.29444448509));
#683 = CARTESIAN_POINT('',(-28.91597524741,35.897830381875,
    140.43772490774));
#684 = CARTESIAN_POINT('',(-28.98103690891,35.90430621811,
    140.57310452932));
#685 = CARTESIAN_POINT('',(-29.06546484068,35.910119065407,
    140.69702554698));
#686 = CARTESIAN_POINT('',(-29.16684472175,35.915162761562,
    140.8062585952));
#687 = CARTESIAN_POINT('',(-29.38143224589,35.92299112668,
    140.97780864325));
#688 = CARTESIAN_POINT('',(-29.49130321121,35.925992849526,
    141.04455628552));
#689 = CARTESIAN_POINT('',(-29.6094641701,35.928314079894,
    141.09679842496));
#690 = CARTESIAN_POINT('',(-29.73359080338,35.929926477203,
    141.13336540091));
#691 = CARTESIAN_POINT('',(-29.86122275563,35.930813886812,
    141.15352761926));
#692 = CARTESIAN_POINT('',(-29.98977219138,35.930968346955,
    141.15699874122));
#693 = CARTESIAN_POINT('',(-30.25426560208,35.929777963785,
    141.13004400352));
#694 = CARTESIAN_POINT('',(-30.3900417761,35.928303074347,
    141.09667814174));
#695 = CARTESIAN_POINT('',(-30.52050902648,35.925979858861,
    141.04428821123));
#696 = CARTESIAN_POINT('',(-30.64251486733,35.92283616595,140.9739756129
    ));
#697 = CARTESIAN_POINT('',(-30.75322506734,35.918912253806,
    140.88738594052));
#698 = CARTESIAN_POINT('',(-30.85012406074,35.914270835352,
    140.78670689086));
#699 = CARTESIAN_POINT('',(-31.00371848617,35.904313883863,
    140.57472090779));
#700 = CARTESIAN_POINT('',(-31.06366973295,35.89911873626,
    140.46560082647));
#701 = CARTESIAN_POINT('',(-31.10967985989,35.893494972654,
    140.34932690518));
#702 = CARTESIAN_POINT('',(-31.1407906418,35.887525441174,
    140.22804418365));
#703 = CARTESIAN_POINT('',(-31.15643086254,35.881309016572,
    140.10401710364));
#704 = CARTESIAN_POINT('',(-31.15642461539,35.874960680097,
    139.9795787045));
#705 = CARTESIAN_POINT('',(-31.1252635419,35.862057063119,
    139.73074124854));
#706 = CARTESIAN_POINT('',(-31.0931061068,35.855496115224,
    139.60636305727));
#707 = CARTESIAN_POINT('',(-31.04491727342,35.849069346116,
    139.48659566911));
#708 = CARTESIAN_POINT('',(-30.98154188969,35.842923528887,
    139.37388282993));
#709 = CARTESIAN_POINT('',(-30.90422303755,35.837205207816,
    139.27045264629));
#710 = CARTESIAN_POINT('',(-30.81459872395,35.832053976839,
    139.17831043857));
#711 = CARTESIAN_POINT('',(-30.62215055229,35.823445883232,
    139.02562800667));
#712 = CARTESIAN_POINT('',(-30.5206886393,35.819890135067,
    138.96322539374));
#713 = CARTESIAN_POINT('',(-30.41200667041,35.817016265406,
    138.9132225957));
#714 = CARTESIAN_POINT('',(-30.29793511959,35.814898200417,
    138.87657754066));
#715 = CARTESIAN_POINT('',(-30.18043368079,35.813586111102,
    138.85392700808));
#716 = CARTESIAN_POINT('',(-30.06155150303,35.813102982934,
    138.8455722874));
#717 = CARTESIAN_POINT('',(-29.94340732613,35.813439765408,
    138.8513933357));
#718 = ORIENTED_EDGE('',*,*,#719,.T.);
#719 = EDGE_CURVE('',#677,#675,#720,.T.);
#720 = B_SPLINE_CURVE_WITH_KNOTS('',7,(#721,#722,#723,#724,#725,#726,
    #727,#728,#729,#730,#731,#732,#733,#734),.UNSPECIFIED.,.F.,.F.,(8,6,
    8),(0.,0.383991571316,1.),.UNSPECIFIED.);
#721 = CARTESIAN_POINT('',(-29.94340732613,35.813439765408,
    138.8513933357));
#722 = CARTESIAN_POINT('',(-29.84747167761,35.813713240122,
    138.85612015389));
#723 = CARTESIAN_POINT('',(-29.7519849767,35.814527452401,138.8701959567
    ));
#724 = CARTESIAN_POINT('',(-29.65806956435,35.815878324151,
    138.89356920872));
#725 = CARTESIAN_POINT('',(-29.56680772425,35.817748419223,
    138.92601465874));
#726 = CARTESIAN_POINT('',(-29.47923500507,35.820108716467,
    138.96715954975));
#727 = CARTESIAN_POINT('',(-29.39632678537,35.822919954233,
    139.01648954837));
#728 = CARTESIAN_POINT('',(-29.1948934463,35.831288867414,139.1645262492
    ));
#729 = CARTESIAN_POINT('',(-29.08499040509,35.837484911902,
    139.27515077181));
#730 = CARTESIAN_POINT('',(-28.99311406012,35.844520496414,
    139.40243451949));
#731 = CARTESIAN_POINT('',(-28.92211711804,35.852143678605,
    139.5427714513));
#732 = CARTESIAN_POINT('',(-28.87401469455,35.860092955257,
    139.69215522532));
#733 = CARTESIAN_POINT('',(-28.85,35.868111751661,139.8461455836));
#734 = CARTESIAN_POINT('',(-28.85,35.875958669686,140.));
#735 = B_SPLINE_SURFACE_WITH_KNOTS('',8,2,(
    (#736,#737,#738)
    ,(#739,#740,#741)
    ,(#742,#743,#744)
    ,(#745,#746,#747)
    ,(#748,#749,#750)
    ,(#751,#752,#753)
    ,(#754,#755,#756)
    ,(#757,#758,#759)
    ,(#760,#761,#762
    )),.UNSPECIFIED.,.F.,.F.,.F.,(9,9),(3,3),(4.,5.),(0.,1.),
  .PIECEWISE_BEZIER_KNOTS.);
#736 = CARTESIAN_POINT('',(41.,34.,122.));
#737 = CARTESIAN_POINT('',(46.357226670783,39.357226670783,
    156.14272522492));
#738 = CARTESIAN_POINT('',(38.,31.,189.));
#739 = CARTESIAN_POINT('',(30.25,34.,122.));
#740 = CARTESIAN_POINT('',(33.905064585344,39.357226670783,
    156.14272522492));
#741 = CARTESIAN_POINT('',(28.25,31.,189.));
#742 = CARTESIAN_POINT('',(19.5,34.,122.));
#743 = CARTESIAN_POINT('',(21.452902499905,39.357226670783,
    156.14272522492));
#744 = CARTESIAN_POINT('',(18.5,31.,189.));
#745 = CARTESIAN_POINT('',(8.75,34.,122.));
#746 = CARTESIAN_POINT('',(9.000740414466,39.357226670783,
    156.14272522492));
#747 = CARTESIAN_POINT('',(8.75,31.,189.));
#748 = CARTESIAN_POINT('',(-2.,34.,122.));
#749 = CARTESIAN_POINT('',(-3.451421670973,39.357226670783,
    156.14272522492));
#750 = CARTESIAN_POINT('',(-1.,31.,189.));
#751 = CARTESIAN_POINT('',(-12.75,34.,122.));
#752 = CARTESIAN_POINT('',(-15.90358375641,39.357226670783,
    156.14272522492));
#753 = CARTESIAN_POINT('',(-10.75,31.,189.));
#754 = CARTESIAN_POINT('',(-23.5,34.,122.));
#755 = CARTESIAN_POINT('',(-28.35574584185,39.357226670783,
    156.14272522492));
#756 = CARTESIAN_POINT('',(-20.5,31.,189.));
#757 = CARTESIAN_POINT('',(-34.25,34.,122.));
#758 = CARTESIAN_POINT('',(-40.80790792729,39.357226670783,
    156.14272522492));
#759 = CARTESIAN_POINT('',(-30.25,31.,189.));
#760 = CARTESIAN_POINT('',(-45.,34.,122.));
#761 = CARTESIAN_POINT('',(-53.26007001273,39.357226670783,
    156.14272522492));
#762 = CARTESIAN_POINT('',(-40.,31.,189.));
#763 = ADVANCED_FACE('',(#764),#867,.T.);
#764 = FACE_BOUND('',#765,.T.);
#765 = EDGE_LOOP('',(#766,#767,#768,#769,#800,#808,#839,#847));
#766 = ORIENTED_EDGE('',*,*,#557,.F.);
#767 = ORIENTED_EDGE('',*,*,#649,.T.);
#768 = ORIENTED_EDGE('',*,*,#283,.T.);
#769 = ORIENTED_EDGE('',*,*,#770,.T.);
#770 = EDGE_CURVE('',#274,#771,#773,.T.);
#771 = VERTEX_POINT('',#772);
#772 = CARTESIAN_POINT('',(-14.15,23.,178.));
#773 = B_SPLINE_CURVE_WITH_KNOTS('',7,(#774,#775,#776,#777,#778,#779,
    #780,#781,#782,#783,#784,#785,#786,#787,#788,#789,#790,#791,#792,
    #793,#794,#795,#796,#797,#798,#799),.UNSPECIFIED.,.F.,.F.,(8,6,6,6,8
    ),(0.,0.362126243233,0.523374772303,0.820629338087,1.),
  .UNSPECIFIED.);
#774 = CARTESIAN_POINT('',(-14.15,36.04,145.));
#775 = CARTESIAN_POINT('',(-14.15,36.043798201191,146.89706367379));
#776 = CARTESIAN_POINT('',(-14.15,35.989235067988,148.79402360562));
#777 = CARTESIAN_POINT('',(-14.15,35.871177655281,150.68910892411));
#778 = CARTESIAN_POINT('',(-14.15,35.683873531537,152.57938409931));
#779 = CARTESIAN_POINT('',(-14.15,35.421117415197,154.46076975983));
#780 = CARTESIAN_POINT('',(-14.15,35.07647761672,156.32806887544));
#781 = CARTESIAN_POINT('',(-14.15,34.451234592492,158.99745535818));
#782 = CARTESIAN_POINT('',(-14.15,34.241171514411,159.81578917225));
#783 = CARTESIAN_POINT('',(-14.15,34.013156273179,160.6294457446));
#784 = CARTESIAN_POINT('',(-14.15,33.766687625942,161.43777402115));
#785 = CARTESIAN_POINT('',(-14.15,33.501304467497,162.24006740815));
#786 = CARTESIAN_POINT('',(-14.15,33.216604618527,163.03556968989));
#787 = CARTESIAN_POINT('',(-14.15,32.351224367651,165.27596066672));
#788 = CARTESIAN_POINT('',(-14.15,31.723315698692,166.7029625093));
#789 = CARTESIAN_POINT('',(-14.15,31.02664155246,168.09899242951));
#790 = CARTESIAN_POINT('',(-14.15,30.2601896024,169.4585294029));
#791 = CARTESIAN_POINT('',(-14.15,29.424141901968,170.77620430013));
#792 = CARTESIAN_POINT('',(-14.15,28.520213798149,172.04699250305));
#793 = CARTESIAN_POINT('',(-14.15,26.967789999623,174.00225274166));
#794 = CARTESIAN_POINT('',(-14.15,26.360084760054,174.71947699904));
#795 = CARTESIAN_POINT('',(-14.15,25.729647781067,175.41715229001));
#796 = CARTESIAN_POINT('',(-14.15,25.077361624871,176.09453151158));
#797 = CARTESIAN_POINT('',(-14.15,24.404233010726,176.75104566154));
#798 = CARTESIAN_POINT('',(-14.15,23.711376803129,177.38628829817));
#799 = CARTESIAN_POINT('',(-14.15,23.,178.));
#800 = ORIENTED_EDGE('',*,*,#801,.F.);
#801 = EDGE_CURVE('',#802,#771,#804,.T.);
#802 = VERTEX_POINT('',#803);
#803 = CARTESIAN_POINT('',(-14.15,19.9,178.));
#804 = LINE('',#805,#806);
#805 = CARTESIAN_POINT('',(-14.15,-41.5,178.));
#806 = VECTOR('',#807,1.);
#807 = DIRECTION('',(0.,1.,0.));
#808 = ORIENTED_EDGE('',*,*,#809,.F.);
#809 = EDGE_CURVE('',#810,#802,#812,.T.);
#810 = VERTEX_POINT('',#811);
#811 = CARTESIAN_POINT('',(-14.15,32.94,145.));
#812 = B_SPLINE_CURVE_WITH_KNOTS('',7,(#813,#814,#815,#816,#817,#818,
    #819,#820,#821,#822,#823,#824,#825,#826,#827,#828,#829,#830,#831,
    #832,#833,#834,#835,#836,#837,#838),.UNSPECIFIED.,.F.,.F.,(8,6,6,6,8
    ),(0.,0.406272685228,0.571717029759,0.867224715869,1.),
  .UNSPECIFIED.);
#813 = CARTESIAN_POINT('',(-14.15,32.94,145.));
#814 = CARTESIAN_POINT('',(-14.15,32.934340875024,147.130568521));
#815 = CARTESIAN_POINT('',(-14.15,32.859538481341,149.26046638122));
#816 = CARTESIAN_POINT('',(-14.15,32.708478549878,151.38779928737));
#817 = CARTESIAN_POINT('',(-14.15,32.472872110218,153.50869246841));
#818 = CARTESIAN_POINT('',(-14.15,32.143462542812,155.61732131658));
#819 = CARTESIAN_POINT('',(-14.15,31.71027161068,157.70594288505));
#820 = CARTESIAN_POINT('',(-14.15,30.940823679882,160.60352287869));
#821 = CARTESIAN_POINT('',(-14.15,30.699349608724,161.43702643499));
#822 = CARTESIAN_POINT('',(-14.15,30.438428793275,162.26481924699));
#823 = CARTESIAN_POINT('',(-14.15,30.157449369378,163.08610891664));
#824 = CARTESIAN_POINT('',(-14.15,29.855843348208,163.90002544353));
#825 = CARTESIAN_POINT('',(-14.15,29.533112501766,164.70563022315));
#826 = CARTESIAN_POINT('',(-14.15,28.573977925178,166.92423019589));
#827 = CARTESIAN_POINT('',(-14.15,27.890267859623,168.31722991173));
#828 = CARTESIAN_POINT('',(-14.15,27.135661276868,169.67464337223));
#829 = CARTESIAN_POINT('',(-14.15,26.309086042653,170.99013370498));
#830 = CARTESIAN_POINT('',(-14.15,25.410858841199,172.25756244157));
#831 = CARTESIAN_POINT('',(-14.15,24.443125554052,173.47126901103));
#832 = CARTESIAN_POINT('',(-14.15,22.946312054549,175.14538236917));
#833 = CARTESIAN_POINT('',(-14.15,22.469096212103,175.65260914675));
#834 = CARTESIAN_POINT('',(-14.15,21.979073426682,176.14764434326));
#835 = CARTESIAN_POINT('',(-14.15,21.476664285436,176.63014537934));
#836 = CARTESIAN_POINT('',(-14.15,20.962335910595,177.09983675718));
#837 = CARTESIAN_POINT('',(-14.15,20.436598188729,177.55650606806));
#838 = CARTESIAN_POINT('',(-14.15,19.9,178.));
#839 = ORIENTED_EDGE('',*,*,#840,.T.);
#840 = EDGE_CURVE('',#810,#841,#843,.T.);
#841 = VERTEX_POINT('',#842);
#842 = CARTESIAN_POINT('',(-14.15,33.779216592582,145.));
#843 = LINE('',#844,#845);
#844 = CARTESIAN_POINT('',(-14.15,-48.02,145.));
#845 = VECTOR('',#846,1.);
#846 = DIRECTION('',(0.,1.,0.));
#847 = ORIENTED_EDGE('',*,*,#848,.F.);
#848 = EDGE_CURVE('',#548,#841,#849,.T.);
#849 = B_SPLINE_CURVE_WITH_KNOTS('',6,(#850,#851,#852,#853,#854,#855,
    #856,#857,#858,#859,#860,#861,#862,#863,#864,#865,#866),
  .UNSPECIFIED.,.F.,.F.,(7,5,5,7),(0.,0.32165507218,0.637612991528,1.),
  .UNSPECIFIED.);
#850 = CARTESIAN_POINT('',(-14.15,31.802744196531,121.95958159791));
#851 = CARTESIAN_POINT('',(-14.15,32.345669168544,125.43347195022));
#852 = CARTESIAN_POINT('',(-14.15,32.803377519786,128.92070168206));
#853 = CARTESIAN_POINT('',(-14.15,33.173365346873,132.41893689059));
#854 = CARTESIAN_POINT('',(-14.15,33.453416081804,135.92559942413));
#855 = CARTESIAN_POINT('',(-14.15,33.641709999603,139.43785702187));
#856 = CARTESIAN_POINT('',(-14.15,33.83047085022,146.40511653918));
#857 = CARTESIAN_POINT('',(-14.15,33.834207306188,149.86008442373));
#858 = CARTESIAN_POINT('',(-14.15,33.74689289007,153.31455753854));
#859 = CARTESIAN_POINT('',(-14.15,33.56776269189,156.76551690065));
#860 = CARTESIAN_POINT('',(-14.15,33.296580419338,160.20988563944));
#861 = CARTESIAN_POINT('',(-14.15,32.517456125105,167.58388639437));
#862 = CARTESIAN_POINT('',(-14.15,31.980567498796,171.51055532732));
#863 = CARTESIAN_POINT('',(-14.15,31.323512565715,175.41977701339));
#864 = CARTESIAN_POINT('',(-14.15,30.5477363556,179.3071208344));
#865 = CARTESIAN_POINT('',(-14.15,29.655544463116,183.1684695235));
#866 = CARTESIAN_POINT('',(-14.15,28.65,187.));
#867 = PLANE('',#868);
#868 = AXIS2_PLACEMENT_3D('',#869,#870,#871);
#869 = CARTESIAN_POINT('',(-14.15,31.048904977525,158.19652569806));
#870 = DIRECTION('',(1.,2.8E-16,0.));
#871 = DIRECTION('',(-2.8E-16,1.,0.));
#872 = ADVANCED_FACE('',(#873),#897,.T.);
#873 = FACE_BOUND('',#874,.T.);
#874 = EDGE_LOOP('',(#875,#876,#877,#885));
#875 = ORIENTED_EDGE('',*,*,#770,.F.);
#876 = ORIENTED_EDGE('',*,*,#273,.F.);
#877 = ORIENTED_EDGE('',*,*,#878,.T.);
#878 = EDGE_CURVE('',#247,#879,#881,.T.);
#879 = VERTEX_POINT('',#880);
#880 = CARTESIAN_POINT('',(-38.,23.,178.));
#881 = ( BOUNDED_CURVE() B_SPLINE_CURVE(2,(#882,#883,#884),
.UNSPECIFIED.,.F.,.F.) B_SPLINE_CURVE_WITH_KNOTS((3,3),(0.,1.),
.PIECEWISE_BEZIER_KNOTS.) CURVE() GEOMETRIC_REPRESENTATION_ITEM() 
RATIONAL_B_SPLINE_CURVE((1.,1.,1.)) REPRESENTATION_ITEM('') );
#882 = CARTESIAN_POINT('',(-48.05,36.04,145.));
#883 = CARTESIAN_POINT('',(-38.90617518938,36.0834721491,166.71276105271
    ));
#884 = CARTESIAN_POINT('',(-38.,23.,178.));
#885 = ORIENTED_EDGE('',*,*,#886,.F.);
#886 = EDGE_CURVE('',#771,#879,#887,.T.);
#887 = B_SPLINE_CURVE_WITH_KNOTS('',8,(#888,#889,#890,#891,#892,#893,
    #894,#895,#896),.UNSPECIFIED.,.F.,.F.,(9,9),(4.,5.),
  .PIECEWISE_BEZIER_KNOTS.);
#888 = CARTESIAN_POINT('',(12.,23.,178.));
#889 = CARTESIAN_POINT('',(5.75,23.,178.));
#890 = CARTESIAN_POINT('',(-0.5,23.,178.));
#891 = CARTESIAN_POINT('',(-6.75,23.,178.));
#892 = CARTESIAN_POINT('',(-13.,23.,178.));
#893 = CARTESIAN_POINT('',(-19.25,23.,178.));
#894 = CARTESIAN_POINT('',(-25.5,23.,178.));
#895 = CARTESIAN_POINT('',(-31.75,23.,178.));
#896 = CARTESIAN_POINT('',(-38.,23.,178.));
#897 = ( BOUNDED_SURFACE() B_SPLINE_SURFACE(8,2,(
    (#898,#899,#900)
    ,(#901,#902,#903)
    ,(#904,#905,#906)
    ,(#907,#908,#909)
    ,(#910,#911,#912)
    ,(#913,#914,#915)
    ,(#916,#917,#918)
    ,(#919,#920,#921)
    ,(#922,#923,#924
)),.UNSPECIFIED.,.F.,.F.,.F.) B_SPLINE_SURFACE_WITH_KNOTS((9,9),(3,3),(
    4.,5.),(0.,1.),.PIECEWISE_BEZIER_KNOTS.) 
GEOMETRIC_REPRESENTATION_ITEM() RATIONAL_B_SPLINE_SURFACE((
    (1.,1.,1.)
    ,(1.,1.,1.)
    ,(1.,1.,1.)
    ,(1.,1.,1.)
    ,(1.,1.,1.)
    ,(1.,1.,1.)
    ,(1.,1.,1.)
    ,(1.,1.,1.)
,(1.,1.,1.))) REPRESENTATION_ITEM('') SURFACE() );
#898 = CARTESIAN_POINT('',(43.1,36.04,145.));
#899 = CARTESIAN_POINT('',(35.968892146229,36.0834721491,166.71276105271
    ));
#900 = CARTESIAN_POINT('',(12.,23.,178.));
#901 = CARTESIAN_POINT('',(31.70625,36.04,145.));
#902 = CARTESIAN_POINT('',(26.609508729277,36.0834721491,166.71276105271
    ));
#903 = CARTESIAN_POINT('',(5.75,23.,178.));
#904 = CARTESIAN_POINT('',(20.3125,36.04,145.));
#905 = CARTESIAN_POINT('',(17.250125312325,36.0834721491,166.71276105271
    ));
#906 = CARTESIAN_POINT('',(-0.5,23.,178.));
#907 = CARTESIAN_POINT('',(8.91875,36.04,145.));
#908 = CARTESIAN_POINT('',(7.890741895374,36.0834721491,166.71276105271)
  );
#909 = CARTESIAN_POINT('',(-6.75,23.,178.));
#910 = CARTESIAN_POINT('',(-2.475,36.04,145.));
#911 = CARTESIAN_POINT('',(-1.468641521578,36.0834721491,166.71276105271
    ));
#912 = CARTESIAN_POINT('',(-13.,23.,178.));
#913 = CARTESIAN_POINT('',(-13.86875,36.04,145.));
#914 = CARTESIAN_POINT('',(-10.82802493853,36.0834721491,166.71276105271
    ));
#915 = CARTESIAN_POINT('',(-19.25,23.,178.));
#916 = CARTESIAN_POINT('',(-25.2625,36.04,145.));
#917 = CARTESIAN_POINT('',(-20.18740835548,36.0834721491,166.71276105271
    ));
#918 = CARTESIAN_POINT('',(-25.5,23.,178.));
#919 = CARTESIAN_POINT('',(-36.65625,36.04,145.));
#920 = CARTESIAN_POINT('',(-29.54679177243,36.0834721491,166.71276105271
    ));
#921 = CARTESIAN_POINT('',(-31.75,23.,178.));
#922 = CARTESIAN_POINT('',(-48.05,36.04,145.));
#923 = CARTESIAN_POINT('',(-38.90617518938,36.0834721491,166.71276105271
    ));
#924 = CARTESIAN_POINT('',(-38.,23.,178.));
#925 = ADVANCED_FACE('',(#926),#1059,.T.);
#926 = FACE_BOUND('',#927,.T.);
#927 = EDGE_LOOP('',(#928,#929,#930,#938,#980,#1012,#1039,#1047));
#928 = ORIENTED_EDGE('',*,*,#878,.F.);
#929 = ORIENTED_EDGE('',*,*,#246,.F.);
#930 = ORIENTED_EDGE('',*,*,#931,.T.);
#931 = EDGE_CURVE('',#237,#932,#934,.T.);
#932 = VERTEX_POINT('',#933);
#933 = CARTESIAN_POINT('',(-57.48098998566,18.,161.55817240065));
#934 = ( BOUNDED_CURVE() B_SPLINE_CURVE(2,(#935,#936,#937),
.UNSPECIFIED.,.F.,.F.) B_SPLINE_CURVE_WITH_KNOTS((3,3),(0.,1.),
.PIECEWISE_BEZIER_KNOTS.) CURVE() GEOMETRIC_REPRESENTATION_ITEM() 
RATIONAL_B_SPLINE_CURVE((1.,1.,1.)) REPRESENTATION_ITEM('') );
#935 = CARTESIAN_POINT('',(-60.05,24.04,145.));
#936 = CARTESIAN_POINT('',(-58.50008156852,16.489565769959,
    166.71276105271));
#937 = CARTESIAN_POINT('',(-50.,11.,178.));
#938 = ORIENTED_EDGE('',*,*,#939,.T.);
#939 = EDGE_CURVE('',#932,#940,#942,.T.);
#940 = VERTEX_POINT('',#941);
#941 = CARTESIAN_POINT('',(-50.,18.,175.92524844437));
#942 = B_SPLINE_CURVE_WITH_KNOTS('',6,(#943,#944,#945,#946,#947,#948,
    #949,#950,#951,#952,#953,#954,#955,#956,#957,#958,#959,#960,#961,
    #962,#963,#964,#965,#966,#967,#968,#969,#970,#971,#972,#973,#974,
    #975,#976,#977,#978,#979),.UNSPECIFIED.,.F.,.F.,(7,5,5,5,5,5,5,7),(
    0.,0.509645447419,0.754687307824,0.875994489613,0.937126417627,
    0.968905117072,0.984842256168,1.),.UNSPECIFIED.);
#943 = CARTESIAN_POINT('',(-57.48098998566,18.,161.55817240065));
#944 = CARTESIAN_POINT('',(-57.1306939882,18.,162.90355795907));
#945 = CARTESIAN_POINT('',(-56.72823753256,18.,164.23518165295));
#946 = CARTESIAN_POINT('',(-56.2722207715,18.,165.55032844228));
#947 = CARTESIAN_POINT('',(-55.76038789403,18.,166.84509714593));
#948 = CARTESIAN_POINT('',(-55.19008757023,18.,168.11456629996));
#949 = CARTESIAN_POINT('',(-54.25420197636,18.,169.94801518797));
#950 = CARTESIAN_POINT('',(-53.93608371554,18.,170.53603571389));
#951 = CARTESIAN_POINT('',(-53.60337945718,18.,171.11607202687));
#952 = CARTESIAN_POINT('',(-53.25574724211,18.,171.6873188024));
#953 = CARTESIAN_POINT('',(-52.89285110743,18.,172.24886400778));
#954 = CARTESIAN_POINT('',(-52.32699755349,18.,173.07237645727));
#955 = CARTESIAN_POINT('',(-52.13581030108,18.,173.34243313264));
#956 = CARTESIAN_POINT('',(-51.9407650407,18.,173.60973660495));
#957 = CARTESIAN_POINT('',(-51.74182533215,18.,173.87415387548));
#958 = CARTESIAN_POINT('',(-51.53895708504,18.,174.13554359083));
#959 = CARTESIAN_POINT('',(-51.22789873164,18.,174.52388044947));
#960 = CARTESIAN_POINT('',(-51.12266322929,18.,174.65319789332));
#961 = CARTESIAN_POINT('',(-51.01641804095,18.,174.7816891685));
#962 = CARTESIAN_POINT('',(-50.90915939996,18.,174.90933445765));
#963 = CARTESIAN_POINT('',(-50.80088378381,18.,175.03611333208));
#964 = CARTESIAN_POINT('',(-50.63477176729,18.,175.22744789603));
#965 = CARTESIAN_POINT('',(-50.57767991897,18.,175.29265121946));
#966 = CARTESIAN_POINT('',(-50.52031191091,18.,175.35761176465));
#967 = CARTESIAN_POINT('',(-50.46266730697,18.,175.42232652678));
#968 = CARTESIAN_POINT('',(-50.40474569311,18.,175.48679245364));
#969 = CARTESIAN_POINT('',(-50.31735964873,18.,175.58321000769));
#970 = CARTESIAN_POINT('',(-50.28808408399,18.,175.61537091402));
#971 = CARTESIAN_POINT('',(-50.25871927564,18.,175.64748916194));
#972 = CARTESIAN_POINT('',(-50.22926449685,18.,175.67956474879));
#973 = CARTESIAN_POINT('',(-50.19971900143,18.,175.7115976718));
#974 = CARTESIAN_POINT('',(-50.14189442313,18.,175.77401372218));
#975 = CARTESIAN_POINT('',(-50.11364311466,18.,175.80438036537));
#976 = CARTESIAN_POINT('',(-50.08532805361,18.,175.83468751082));
#977 = CARTESIAN_POINT('',(-50.05694920137,18.,175.86493480844));
#978 = CARTESIAN_POINT('',(-50.02850652555,18.,175.89512190506));
#979 = CARTESIAN_POINT('',(-50.,18.,175.92524844437));
#980 = ORIENTED_EDGE('',*,*,#981,.T.);
#981 = EDGE_CURVE('',#940,#982,#984,.T.);
#982 = VERTEX_POINT('',#983);
#983 = CARTESIAN_POINT('',(-50.,15.69884211323,177.));
#984 = B_SPLINE_CURVE_WITH_KNOTS('',6,(#985,#986,#987,#988,#989,#990,
    #991,#992,#993,#994,#995,#996,#997,#998,#999,#1000,#1001,#1002,#1003
    ,#1004,#1005,#1006,#1007,#1008,#1009,#1010,#1011),.UNSPECIFIED.,.F.,
  .F.,(7,5,5,5,5,7),(0.,0.119123873286,0.566651329358,0.780674604413,
    0.879720051955,1.),.UNSPECIFIED.);
#985 = CARTESIAN_POINT('',(-50.,18.,175.92524844437));
#986 = CARTESIAN_POINT('',(-50.,17.954699026077,175.94970063681));
#987 = CARTESIAN_POINT('',(-50.,17.909334158954,175.97403416325));
#988 = CARTESIAN_POINT('',(-50.,17.863905417633,175.99824805375));
#989 = CARTESIAN_POINT('',(-50.,17.818412794471,176.02234143989));
#990 = CARTESIAN_POINT('',(-50.,17.772856317114,176.04631331057));
#991 = CARTESIAN_POINT('',(-50.,17.555848437758,176.15976068531));
#992 = CARTESIAN_POINT('',(-50.,17.383559888176,176.24762978628));
#993 = CARTESIAN_POINT('',(-50.,17.210370760915,176.33371844939));
#994 = CARTESIAN_POINT('',(-50.,17.036281966978,176.41796963167));
#995 = CARTESIAN_POINT('',(-50.,16.861294908495,176.50032080499));
#996 = CARTESIAN_POINT('',(-50.,16.601297873731,176.61914598916));
#997 = CARTESIAN_POINT('',(-50.,16.516979291423,176.65713786516));
#998 = CARTESIAN_POINT('',(-50.,16.432455953432,176.69467210073));
#999 = CARTESIAN_POINT('',(-50.,16.347728139244,176.73174084817));
#1000 = CARTESIAN_POINT('',(-50.,16.2627961862,176.76833589543));
#1001 = CARTESIAN_POINT('',(-50.,16.138261488715,176.821160893));
#1002 = CARTESIAN_POINT('',(-50.,16.098989848448,176.83769730017));
#1003 = CARTESIAN_POINT('',(-50.,16.059844603538,176.85405944406));
#1004 = CARTESIAN_POINT('',(-50.,16.020824793218,176.87024885002));
#1005 = CARTESIAN_POINT('',(-50.,15.981929461119,176.88626701234));
#1006 = CARTESIAN_POINT('',(-50.,15.896073504415,176.92136153418));
#1007 = CARTESIAN_POINT('',(-50.,15.860482918051,176.93573024704));
#1008 = CARTESIAN_POINT('',(-50.,15.819275337108,176.95239015375));
#1009 = CARTESIAN_POINT('',(-50.,15.768738035801,176.97254273207));
#1010 = CARTESIAN_POINT('',(-50.,15.719760590057,176.9917895006));
#1011 = CARTESIAN_POINT('',(-50.,15.69884211323,177.));
#1012 = ORIENTED_EDGE('',*,*,#1013,.F.);
#1013 = EDGE_CURVE('',#1014,#982,#1016,.T.);
#1014 = VERTEX_POINT('',#1015);
#1015 = CARTESIAN_POINT('',(-50.72515637534,11.480675735714,177.));
#1016 = B_SPLINE_CURVE_WITH_KNOTS('',6,(#1017,#1018,#1019,#1020,#1021,
    #1022,#1023,#1024,#1025,#1026,#1027,#1028,#1029,#1030,#1031,#1032,
    #1033,#1034,#1035,#1036,#1037,#1038),.UNSPECIFIED.,.F.,.F.,(7,5,5,5,
    7),(0.,0.862676111004,0.931875079529,0.964167931624,1.),
  .UNSPECIFIED.);
#1017 = CARTESIAN_POINT('',(-50.72515637534,11.480675735714,177.));
#1018 = CARTESIAN_POINT('',(-50.72515637534,12.099037865366,177.));
#1019 = CARTESIAN_POINT('',(-50.68882910702,12.717411363176,177.));
#1020 = CARTESIAN_POINT('',(-50.61617221386,13.333103655009,177.));
#1021 = CARTESIAN_POINT('',(-50.50745385829,13.943461203576,177.));
#1022 = CARTESIAN_POINT('',(-50.36318559174,14.545866476596,177.));
#1023 = CARTESIAN_POINT('',(-50.16978808123,15.185219907063,177.));
#1024 = CARTESIAN_POINT('',(-50.15520308275,15.23262919339,177.));
#1025 = CARTESIAN_POINT('',(-50.14039475299,15.279969485903,177.));
#1026 = CARTESIAN_POINT('',(-50.12536350091,15.327239469896,177.));
#1027 = CARTESIAN_POINT('',(-50.11010974582,15.374437833918,177.));
#1028 = CARTESIAN_POINT('',(-50.087411864,15.443555139912,177.));
#1029 = CARTESIAN_POINT('',(-50.08014144802,15.465531127944,177.));
#1030 = CARTESIAN_POINT('',(-50.07282271303,15.487491100918,177.));
#1031 = CARTESIAN_POINT('',(-50.06545570318,15.509434926053,177.));
#1032 = CARTESIAN_POINT('',(-50.05804046311,15.531362470728,177.));
#1033 = CARTESIAN_POINT('',(-50.04229563992,15.577586139795,177.));
#1034 = CARTESIAN_POINT('',(-50.03395492705,15.601878462333,177.));
#1035 = CARTESIAN_POINT('',(-50.02555493862,15.626150402029,177.));
#1036 = CARTESIAN_POINT('',(-50.01709573307,15.650401782138,177.));
#1037 = CARTESIAN_POINT('',(-50.00857738796,15.674632417238,177.));
#1038 = CARTESIAN_POINT('',(-50.,15.69884211323,177.));
#1039 = ORIENTED_EDGE('',*,*,#1040,.T.);
#1040 = EDGE_CURVE('',#1014,#1041,#1043,.T.);
#1041 = VERTEX_POINT('',#1042);
#1042 = CARTESIAN_POINT('',(-50.,11.,178.));
#1043 = ( BOUNDED_CURVE() B_SPLINE_CURVE(2,(#1044,#1045,#1046),
.UNSPECIFIED.,.F.,.F.) B_SPLINE_CURVE_WITH_KNOTS((3,3),(0.,1.),
.PIECEWISE_BEZIER_KNOTS.) CURVE() GEOMETRIC_REPRESENTATION_ITEM() 
RATIONAL_B_SPLINE_CURVE((1.,1.,1.)) REPRESENTATION_ITEM('') );
#1044 = CARTESIAN_POINT('',(-60.05,24.04,145.));
#1045 = CARTESIAN_POINT('',(-58.50008156852,16.489565769959,
    166.71276105271));
#1046 = CARTESIAN_POINT('',(-50.,11.,178.));
#1047 = ORIENTED_EDGE('',*,*,#1048,.F.);
#1048 = EDGE_CURVE('',#879,#1041,#1049,.T.);
#1049 = B_SPLINE_CURVE_WITH_KNOTS('',8,(#1050,#1051,#1052,#1053,#1054,
    #1055,#1056,#1057,#1058),.UNSPECIFIED.,.F.,.F.,(9,9),(5.,6.),
  .PIECEWISE_BEZIER_KNOTS.);
#1050 = CARTESIAN_POINT('',(-38.,23.,178.));
#1051 = CARTESIAN_POINT('',(-40.35619449019,23.,178.));
#1052 = CARTESIAN_POINT('',(-42.71238972205,22.471270532466,178.));
#1053 = CARTESIAN_POINT('',(-44.93015881202,21.413816790457,178.));
#1054 = CARTESIAN_POINT('',(-46.87110506935,19.871105069359,178.));
#1055 = CARTESIAN_POINT('',(-48.41381679045,17.930158812021,178.));
#1056 = CARTESIAN_POINT('',(-49.47127053246,15.71238972205,178.));
#1057 = CARTESIAN_POINT('',(-50.,13.356194490192,178.));
#1058 = CARTESIAN_POINT('',(-50.,11.,178.));
#1059 = ( BOUNDED_SURFACE() B_SPLINE_SURFACE(8,2,(
    (#1060,#1061,#1062)
    ,(#1063,#1064,#1065)
    ,(#1066,#1067,#1068)
    ,(#1069,#1070,#1071)
    ,(#1072,#1073,#1074)
    ,(#1075,#1076,#1077)
    ,(#1078,#1079,#1080)
    ,(#1081,#1082,#1083)
    ,(#1084,#1085,#1086
)),.UNSPECIFIED.,.F.,.F.,.F.) B_SPLINE_SURFACE_WITH_KNOTS((9,9),(3,3),(
    5.,6.),(0.,1.),.PIECEWISE_BEZIER_KNOTS.) 
GEOMETRIC_REPRESENTATION_ITEM() RATIONAL_B_SPLINE_SURFACE((
    (1.,1.,1.)
    ,(1.,1.,1.)
    ,(1.,1.,1.)
    ,(1.,1.,1.)
    ,(1.,1.,1.)
    ,(1.,1.,1.)
    ,(1.,1.,1.)
    ,(1.,1.,1.)
,(1.,1.,1.))) REPRESENTATION_ITEM('') SURFACE() );
#1060 = CARTESIAN_POINT('',(-48.05,36.04,145.));
#1061 = CARTESIAN_POINT('',(-38.90617518938,36.0834721491,
    166.71276105271));
#1062 = CARTESIAN_POINT('',(-38.,23.,178.));
#1063 = CARTESIAN_POINT('',(-50.40619449019,36.04,145.));
#1064 = CARTESIAN_POINT('',(-42.75342971037,36.0834721491,
    166.71276105271));
#1065 = CARTESIAN_POINT('',(-40.35619449019,23.,178.));
#1066 = CARTESIAN_POINT('',(-52.76238972205,35.511270532465,145.));
#1067 = CARTESIAN_POINT('',(-46.60068544237,35.220149175204,
    166.71276105271));
#1068 = CARTESIAN_POINT('',(-42.71238972205,22.471270532466,178.));
#1069 = CARTESIAN_POINT('',(-54.98015881202,34.453816790458,145.));
#1070 = CARTESIAN_POINT('',(-50.22191543566,33.493511706769,
    166.71276105271));
#1071 = CARTESIAN_POINT('',(-44.93015881202,21.413816790457,178.));
#1072 = CARTESIAN_POINT('',(-56.92110506935,32.911105069358,145.));
#1073 = CARTESIAN_POINT('',(-53.39114204009,30.974532620673,
    166.71276105271));
#1074 = CARTESIAN_POINT('',(-46.87110506935,19.871105069359,178.));
#1075 = CARTESIAN_POINT('',(-58.46381679045,30.970158812021,145.));
#1076 = CARTESIAN_POINT('',(-55.91012112619,27.805306016233,
    166.71276105271));
#1077 = CARTESIAN_POINT('',(-48.41381679045,17.930158812021,178.));
#1078 = CARTESIAN_POINT('',(-59.52127053246,28.75238972205,145.));
#1079 = CARTESIAN_POINT('',(-57.63675859462,24.184076022951,
    166.71276105271));
#1080 = CARTESIAN_POINT('',(-49.47127053246,15.71238972205,178.));
#1081 = CARTESIAN_POINT('',(-60.05,26.396194490192,145.));
#1082 = CARTESIAN_POINT('',(-58.50008156852,20.336820290949,
    166.71276105271));
#1083 = CARTESIAN_POINT('',(-50.,13.356194490192,178.));
#1084 = CARTESIAN_POINT('',(-60.05,24.04,145.));
#1085 = CARTESIAN_POINT('',(-58.50008156852,16.489565769959,
    166.71276105271));
#1086 = CARTESIAN_POINT('',(-50.,11.,178.));
#1087 = ADVANCED_FACE('',(#1088),#1132,.T.);
#1088 = FACE_BOUND('',#1089,.T.);
#1089 = EDGE_LOOP('',(#1090,#1091,#1092,#1100,#1112,#1122));
#1090 = ORIENTED_EDGE('',*,*,#931,.F.);
#1091 = ORIENTED_EDGE('',*,*,#236,.F.);
#1092 = ORIENTED_EDGE('',*,*,#1093,.T.);
#1093 = EDGE_CURVE('',#210,#1094,#1096,.T.);
#1094 = VERTEX_POINT('',#1095);
#1095 = CARTESIAN_POINT('',(-57.48098998566,-18.,161.55817240065));
#1096 = ( BOUNDED_CURVE() B_SPLINE_CURVE(2,(#1097,#1098,#1099),
.UNSPECIFIED.,.F.,.F.) B_SPLINE_CURVE_WITH_KNOTS((3,3),(0.,1.),
.PIECEWISE_BEZIER_KNOTS.) CURVE() GEOMETRIC_REPRESENTATION_ITEM() 
RATIONAL_B_SPLINE_CURVE((1.,1.,1.)) REPRESENTATION_ITEM('') );
#1097 = CARTESIAN_POINT('',(-60.05,-24.04,145.));
#1098 = CARTESIAN_POINT('',(-58.50008156852,-16.48956576995,
    166.71276105271));
#1099 = CARTESIAN_POINT('',(-50.,-11.,178.));
#1100 = ORIENTED_EDGE('',*,*,#1101,.F.);
#1101 = EDGE_CURVE('',#1102,#1094,#1104,.T.);
#1102 = VERTEX_POINT('',#1103);
#1103 = CARTESIAN_POINT('',(-59.46417900327,-18.,151.));
#1104 = B_SPLINE_CURVE_WITH_KNOTS('',6,(#1105,#1106,#1107,#1108,#1109,
    #1110,#1111),.UNSPECIFIED.,.F.,.F.,(7,7),(0.,1.),
  .PIECEWISE_BEZIER_KNOTS.);
#1105 = CARTESIAN_POINT('',(-59.46417900327,-18.,151.));
#1106 = CARTESIAN_POINT('',(-59.24047957042,-18.,152.77782486019));
#1107 = CARTESIAN_POINT('',(-58.97907495879,-18.,154.55077598518));
#1108 = CARTESIAN_POINT('',(-58.67660922174,-18.,156.31760462303));
#1109 = CARTESIAN_POINT('',(-58.32920927022,-18.,158.07635580633));
#1110 = CARTESIAN_POINT('',(-57.93242097644,-18.,159.82435659904));
#1111 = CARTESIAN_POINT('',(-57.48098998566,-18.,161.55817240065));
#1112 = ORIENTED_EDGE('',*,*,#1113,.T.);
#1113 = EDGE_CURVE('',#1102,#1114,#1116,.T.);
#1114 = VERTEX_POINT('',#1115);
#1115 = CARTESIAN_POINT('',(-59.46417900327,18.,151.));
#1116 = B_SPLINE_CURVE_WITH_KNOTS('',4,(#1117,#1118,#1119,#1120,#1121),
  .UNSPECIFIED.,.F.,.F.,(5,5),(0.,1.),.PIECEWISE_BEZIER_KNOTS.);
#1117 = CARTESIAN_POINT('',(-59.46417900327,-18.,151.));
#1118 = CARTESIAN_POINT('',(-59.46417900327,-9.,151.));
#1119 = CARTESIAN_POINT('',(-59.46417900327,-1.279E-13,151.));
#1120 = CARTESIAN_POINT('',(-59.46417900327,9.,151.));
#1121 = CARTESIAN_POINT('',(-59.46417900327,18.,151.));
#1122 = ORIENTED_EDGE('',*,*,#1123,.T.);
#1123 = EDGE_CURVE('',#1114,#932,#1124,.T.);
#1124 = B_SPLINE_CURVE_WITH_KNOTS('',6,(#1125,#1126,#1127,#1128,#1129,
    #1130,#1131),.UNSPECIFIED.,.F.,.F.,(7,7),(0.,1.),
  .PIECEWISE_BEZIER_KNOTS.);
#1125 = CARTESIAN_POINT('',(-59.46417900327,18.,151.));
#1126 = CARTESIAN_POINT('',(-59.24047957042,18.,152.77782486019));
#1127 = CARTESIAN_POINT('',(-58.97907495879,18.,154.55077598518));
#1128 = CARTESIAN_POINT('',(-58.67660922174,18.,156.31760462303));
#1129 = CARTESIAN_POINT('',(-58.32920927022,18.,158.07635580633));
#1130 = CARTESIAN_POINT('',(-57.93242097644,18.,159.82435659904));
#1131 = CARTESIAN_POINT('',(-57.48098998566,18.,161.55817240065));
#1132 = ( BOUNDED_SURFACE() B_SPLINE_SURFACE(8,2,(
    (#1133,#1134,#1135)
    ,(#1136,#1137,#1138)
    ,(#1139,#1140,#1141)
    ,(#1142,#1143,#1144)
    ,(#1145,#1146,#1147)
    ,(#1148,#1149,#1150)
    ,(#1151,#1152,#1153)
    ,(#1154,#1155,#1156)
    ,(#1157,#1158,#1159
)),.UNSPECIFIED.,.F.,.F.,.F.) B_SPLINE_SURFACE_WITH_KNOTS((9,9),(3,3),(
    6.,7.),(0.,1.),.PIECEWISE_BEZIER_KNOTS.) 
GEOMETRIC_REPRESENTATION_ITEM() RATIONAL_B_SPLINE_SURFACE((
    (1.,1.,1.)
    ,(1.,1.,1.)
    ,(1.,1.,1.)
    ,(1.,1.,1.)
    ,(1.,1.,1.)
    ,(1.,1.,1.)
    ,(1.,1.,1.)
    ,(1.,1.,1.)
,(1.,1.,1.))) REPRESENTATION_ITEM('') SURFACE() );
#1133 = CARTESIAN_POINT('',(-60.05,24.04,145.));
#1134 = CARTESIAN_POINT('',(-58.50008156852,16.489565769959,
    166.71276105271));
#1135 = CARTESIAN_POINT('',(-50.,11.,178.));
#1136 = CARTESIAN_POINT('',(-60.05,18.03,145.));
#1137 = CARTESIAN_POINT('',(-58.50008156852,12.367174327469,
    166.71276105271));
#1138 = CARTESIAN_POINT('',(-50.,8.25,178.));
#1139 = CARTESIAN_POINT('',(-60.05,12.02,145.));
#1140 = CARTESIAN_POINT('',(-58.50008156852,8.24478288498,
    166.71276105271));
#1141 = CARTESIAN_POINT('',(-50.,5.5,178.));
#1142 = CARTESIAN_POINT('',(-60.05,6.01,145.));
#1143 = CARTESIAN_POINT('',(-58.50008156852,4.12239144249,
    166.71276105271));
#1144 = CARTESIAN_POINT('',(-50.,2.75,178.));
#1145 = CARTESIAN_POINT('',(-60.05,0.,145.));
#1146 = CARTESIAN_POINT('',(-58.50008156852,2.9E-16,166.71276105271));
#1147 = CARTESIAN_POINT('',(-50.,-6.E-17,178.));
#1148 = CARTESIAN_POINT('',(-60.05,-6.01,145.));
#1149 = CARTESIAN_POINT('',(-58.50008156852,-4.12239144249,
    166.71276105271));
#1150 = CARTESIAN_POINT('',(-50.,-2.75,178.));
#1151 = CARTESIAN_POINT('',(-60.05,-12.02,145.));
#1152 = CARTESIAN_POINT('',(-58.50008156852,-8.24478288498,
    166.71276105271));
#1153 = CARTESIAN_POINT('',(-50.,-5.5,178.));
#1154 = CARTESIAN_POINT('',(-60.05,-18.03,145.));
#1155 = CARTESIAN_POINT('',(-58.50008156852,-12.36717432746,
    166.71276105271));
#1156 = CARTESIAN_POINT('',(-50.,-8.25,178.));
#1157 = CARTESIAN_POINT('',(-60.05,-24.04,145.));
#1158 = CARTESIAN_POINT('',(-58.50008156852,-16.48956576995,
    166.71276105271));
#1159 = CARTESIAN_POINT('',(-50.,-11.,178.));
#1160 = ADVANCED_FACE('',(#1161),#1267,.T.);
#1161 = FACE_BOUND('',#1162,.T.);
#1162 = EDGE_LOOP('',(#1163,#1164,#1165,#1173,#1187,#1195,#1212,#1244));
#1163 = ORIENTED_EDGE('',*,*,#1093,.F.);
#1164 = ORIENTED_EDGE('',*,*,#209,.F.);
#1165 = ORIENTED_EDGE('',*,*,#1166,.T.);
#1166 = EDGE_CURVE('',#200,#1167,#1169,.T.);
#1167 = VERTEX_POINT('',#1168);
#1168 = CARTESIAN_POINT('',(-38.,-23.,178.));
#1169 = ( BOUNDED_CURVE() B_SPLINE_CURVE(2,(#1170,#1171,#1172),
.UNSPECIFIED.,.F.,.F.) B_SPLINE_CURVE_WITH_KNOTS((3,3),(0.,1.),
.PIECEWISE_BEZIER_KNOTS.) CURVE() GEOMETRIC_REPRESENTATION_ITEM() 
RATIONAL_B_SPLINE_CURVE((1.,1.,1.)) REPRESENTATION_ITEM('') );
#1170 = CARTESIAN_POINT('',(-48.05,-36.04,145.));
#1171 = CARTESIAN_POINT('',(-38.90617518938,-36.0834721491,
    166.71276105271));
#1172 = CARTESIAN_POINT('',(-38.,-23.,178.));
#1173 = ORIENTED_EDGE('',*,*,#1174,.F.);
#1174 = EDGE_CURVE('',#1175,#1167,#1177,.T.);
#1175 = VERTEX_POINT('',#1176);
#1176 = CARTESIAN_POINT('',(-50.,-11.,178.));
#1177 = B_SPLINE_CURVE_WITH_KNOTS('',8,(#1178,#1179,#1180,#1181,#1182,
    #1183,#1184,#1185,#1186),.UNSPECIFIED.,.F.,.F.,(9,9),(7.,8.),
  .PIECEWISE_BEZIER_KNOTS.);
#1178 = CARTESIAN_POINT('',(-50.,-11.,178.));
#1179 = CARTESIAN_POINT('',(-50.,-13.35619449019,178.));
#1180 = CARTESIAN_POINT('',(-49.47127053246,-15.71238972205,178.));
#1181 = CARTESIAN_POINT('',(-48.41381679045,-17.93015881202,178.));
#1182 = CARTESIAN_POINT('',(-46.87110506935,-19.87110506935,178.));
#1183 = CARTESIAN_POINT('',(-44.93015881202,-21.41381679045,178.));
#1184 = CARTESIAN_POINT('',(-42.71238972205,-22.47127053246,178.));
#1185 = CARTESIAN_POINT('',(-40.35619449019,-23.,178.));
#1186 = CARTESIAN_POINT('',(-38.,-23.,178.));
#1187 = ORIENTED_EDGE('',*,*,#1188,.F.);
#1188 = EDGE_CURVE('',#1189,#1175,#1191,.T.);
#1189 = VERTEX_POINT('',#1190);
#1190 = CARTESIAN_POINT('',(-50.72515637534,-11.48067573571,177.));
#1191 = ( BOUNDED_CURVE() B_SPLINE_CURVE(2,(#1192,#1193,#1194),
.UNSPECIFIED.,.F.,.F.) B_SPLINE_CURVE_WITH_KNOTS((3,3),(0.,1.),
.PIECEWISE_BEZIER_KNOTS.) CURVE() GEOMETRIC_REPRESENTATION_ITEM() 
RATIONAL_B_SPLINE_CURVE((1.,1.,1.)) REPRESENTATION_ITEM('') );
#1192 = CARTESIAN_POINT('',(-60.05,-24.04,145.));
#1193 = CARTESIAN_POINT('',(-58.50008156852,-16.48956576995,
    166.71276105271));
#1194 = CARTESIAN_POINT('',(-50.,-11.,178.));
#1195 = ORIENTED_EDGE('',*,*,#1196,.F.);
#1196 = EDGE_CURVE('',#1197,#1189,#1199,.T.);
#1197 = VERTEX_POINT('',#1198);
#1198 = CARTESIAN_POINT('',(-50.,-15.69884211323,177.));
#1199 = B_SPLINE_CURVE_WITH_KNOTS('',6,(#1200,#1201,#1202,#1203,#1204,
    #1205,#1206,#1207,#1208,#1209,#1210,#1211),.UNSPECIFIED.,.F.,.F.,(7,
    5,7),(0.,2.660563510908E-02,1.),.UNSPECIFIED.);
#1200 = CARTESIAN_POINT('',(-50.,-15.69884211323,177.));
#1201 = CARTESIAN_POINT('',(-50.00636876514,-15.68086625989,177.));
#1202 = CARTESIAN_POINT('',(-50.01270498684,-15.66287885602,177.));
#1203 = CARTESIAN_POINT('',(-50.01900861244,-15.64487999165,177.));
#1204 = CARTESIAN_POINT('',(-50.02527960445,-15.62686974665,177.));
#1205 = CARTESIAN_POINT('',(-50.03151794058,-15.60884819073,177.));
#1206 = CARTESIAN_POINT('',(-50.26476450997,-14.93106668895,177.));
#1207 = CARTESIAN_POINT('',(-50.44807932908,-14.25624851338,177.));
#1208 = CARTESIAN_POINT('',(-50.58640146512,-13.57002596366,177.));
#1209 = CARTESIAN_POINT('',(-50.6789063712,-12.87614034676,177.));
#1210 = CARTESIAN_POINT('',(-50.72515637534,-12.17839766938,177.));
#1211 = CARTESIAN_POINT('',(-50.72515637534,-11.48067573571,177.));
#1212 = ORIENTED_EDGE('',*,*,#1213,.F.);
#1213 = EDGE_CURVE('',#1214,#1197,#1216,.T.);
#1214 = VERTEX_POINT('',#1215);
#1215 = CARTESIAN_POINT('',(-50.,-18.,175.92524844437));
#1216 = B_SPLINE_CURVE_WITH_KNOTS('',6,(#1217,#1218,#1219,#1220,#1221,
    #1222,#1223,#1224,#1225,#1226,#1227,#1228,#1229,#1230,#1231,#1232,
    #1233,#1234,#1235,#1236,#1237,#1238,#1239,#1240,#1241,#1242,#1243),
  .UNSPECIFIED.,.F.,.F.,(7,5,5,5,5,7),(0.,0.119123873286,0.566651329359,
    0.780674604413,0.879720051955,1.),.UNSPECIFIED.);
#1217 = CARTESIAN_POINT('',(-50.,-18.,175.92524844437));
#1218 = CARTESIAN_POINT('',(-50.,-17.95469902607,175.94970063681));
#1219 = CARTESIAN_POINT('',(-50.,-17.90933415895,175.97403416325));
#1220 = CARTESIAN_POINT('',(-50.,-17.86390541763,175.99824805375));
#1221 = CARTESIAN_POINT('',(-50.,-17.81841279447,176.02234143989));
#1222 = CARTESIAN_POINT('',(-50.,-17.77285631711,176.04631331057));
#1223 = CARTESIAN_POINT('',(-50.,-17.55584843775,176.15976068531));
#1224 = CARTESIAN_POINT('',(-50.,-17.38355988817,176.24762978628));
#1225 = CARTESIAN_POINT('',(-50.,-17.21037076091,176.33371844939));
#1226 = CARTESIAN_POINT('',(-50.,-17.03628196697,176.41796963167));
#1227 = CARTESIAN_POINT('',(-50.,-16.86129490849,176.50032080499));
#1228 = CARTESIAN_POINT('',(-50.,-16.60129787373,176.61914598916));
#1229 = CARTESIAN_POINT('',(-50.,-16.51697929142,176.65713786516));
#1230 = CARTESIAN_POINT('',(-50.,-16.43245595343,176.69467210073));
#1231 = CARTESIAN_POINT('',(-50.,-16.34772813924,176.73174084817));
#1232 = CARTESIAN_POINT('',(-50.,-16.2627961862,176.76833589543));
#1233 = CARTESIAN_POINT('',(-50.,-16.13826148871,176.821160893));
#1234 = CARTESIAN_POINT('',(-50.,-16.09898984844,176.83769730017));
#1235 = CARTESIAN_POINT('',(-50.,-16.05984460353,176.85405944406));
#1236 = CARTESIAN_POINT('',(-50.,-16.02082479321,176.87024885002));
#1237 = CARTESIAN_POINT('',(-50.,-15.98192946111,176.88626701234));
#1238 = CARTESIAN_POINT('',(-50.,-15.89607350441,176.92136153418));
#1239 = CARTESIAN_POINT('',(-50.,-15.86048291805,176.93573024704));
#1240 = CARTESIAN_POINT('',(-50.,-15.8192753371,176.95239015375));
#1241 = CARTESIAN_POINT('',(-50.,-15.7687380358,176.97254273207));
#1242 = CARTESIAN_POINT('',(-50.,-15.71976059005,176.9917895006));
#1243 = CARTESIAN_POINT('',(-50.,-15.69884211323,177.));
#1244 = ORIENTED_EDGE('',*,*,#1245,.T.);
#1245 = EDGE_CURVE('',#1214,#1094,#1246,.T.);
#1246 = B_SPLINE_CURVE_WITH_KNOTS('',7,(#1247,#1248,#1249,#1250,#1251,
    #1252,#1253,#1254,#1255,#1256,#1257,#1258,#1259,#1260,#1261,#1262,
    #1263,#1264,#1265,#1266),.UNSPECIFIED.,.F.,.F.,(8,6,6,8),(0.,
    1.290562762612E-02,0.490420735307,1.),.UNSPECIFIED.);
#1247 = CARTESIAN_POINT('',(-50.,-18.,175.92524844437));
#1248 = CARTESIAN_POINT('',(-50.02073594732,-18.,175.90333408187));
#1249 = CARTESIAN_POINT('',(-50.04143904983,-18.,175.88138856654));
#1250 = CARTESIAN_POINT('',(-50.06210931501,-18.,175.85941202334));
#1251 = CARTESIAN_POINT('',(-50.08274675263,-18.,175.83740457624));
#1252 = CARTESIAN_POINT('',(-50.10335137475,-18.,175.81536634826));
#1253 = CARTESIAN_POINT('',(-50.12392319576,-18.,175.79329746147));
#1254 = CARTESIAN_POINT('',(-50.90441754275,-18.,174.95350753857));
#1255 = CARTESIAN_POINT('',(-51.61933842766,-18.,174.09417032572));
#1256 = CARTESIAN_POINT('',(-52.29019629969,-18.,173.19910643286));
#1257 = CARTESIAN_POINT('',(-52.91809448223,-18.,172.27342252079));
#1258 = CARTESIAN_POINT('',(-53.50438811399,-18.,171.32150505315));
#1259 = CARTESIAN_POINT('',(-54.05057512964,-18.,170.34694878553));
#1260 = CARTESIAN_POINT('',(-55.09988809544,-18.,168.2912526443));
#1261 = CARTESIAN_POINT('',(-55.5975117866,-18.,167.20764079078));
#1262 = CARTESIAN_POINT('',(-56.05291252433,-18.,166.1050979868));
#1263 = CARTESIAN_POINT('',(-56.46768959674,-18.,164.98659442816));
#1264 = CARTESIAN_POINT('',(-56.84324490567,-18.,163.8546506187));
#1265 = CARTESIAN_POINT('',(-57.18074508871,-18.,162.71132616571));
#1266 = CARTESIAN_POINT('',(-57.48098998566,-18.,161.55817240065));
#1267 = ( BOUNDED_SURFACE() B_SPLINE_SURFACE(8,2,(
    (#1268,#1269,#1270)
    ,(#1271,#1272,#1273)
    ,(#1274,#1275,#1276)
    ,(#1277,#1278,#1279)
    ,(#1280,#1281,#1282)
    ,(#1283,#1284,#1285)
    ,(#1286,#1287,#1288)
    ,(#1289,#1290,#1291)
    ,(#1292,#1293,#1294
)),.UNSPECIFIED.,.F.,.F.,.F.) B_SPLINE_SURFACE_WITH_KNOTS((9,9),(3,3),(
    7.,8.),(0.,1.),.PIECEWISE_BEZIER_KNOTS.) 
GEOMETRIC_REPRESENTATION_ITEM() RATIONAL_B_SPLINE_SURFACE((
    (1.,1.,1.)
    ,(1.,1.,1.)
    ,(1.,1.,1.)
    ,(1.,1.,1.)
    ,(1.,1.,1.)
    ,(1.,1.,1.)
    ,(1.,1.,1.)
    ,(1.,1.,1.)
,(1.,1.,1.))) REPRESENTATION_ITEM('') SURFACE() );
#1268 = CARTESIAN_POINT('',(-60.05,-24.04,145.));
#1269 = CARTESIAN_POINT('',(-58.50008156852,-16.48956576995,
    166.71276105271));
#1270 = CARTESIAN_POINT('',(-50.,-11.,178.));
#1271 = CARTESIAN_POINT('',(-60.05,-26.39619449019,145.));
#1272 = CARTESIAN_POINT('',(-58.50008156852,-20.33682029094,
    166.71276105271));
#1273 = CARTESIAN_POINT('',(-50.,-13.35619449019,178.));
#1274 = CARTESIAN_POINT('',(-59.52127053246,-28.75238972205,145.));
#1275 = CARTESIAN_POINT('',(-57.63675859462,-24.18407602294,
    166.71276105271));
#1276 = CARTESIAN_POINT('',(-49.47127053246,-15.71238972205,178.));
#1277 = CARTESIAN_POINT('',(-58.46381679045,-30.97015881202,145.));
#1278 = CARTESIAN_POINT('',(-55.9101211262,-27.80530601623,
    166.71276105271));
#1279 = CARTESIAN_POINT('',(-48.41381679045,-17.93015881202,178.));
#1280 = CARTESIAN_POINT('',(-56.92110506936,-32.91110506935,145.));
#1281 = CARTESIAN_POINT('',(-53.39114204009,-30.97453262066,
    166.71276105271));
#1282 = CARTESIAN_POINT('',(-46.87110506935,-19.87110506935,178.));
#1283 = CARTESIAN_POINT('',(-54.98015881201,-34.45381679045,145.));
#1284 = CARTESIAN_POINT('',(-50.22191543566,-33.49351170677,
    166.71276105271));
#1285 = CARTESIAN_POINT('',(-44.93015881202,-21.41381679045,178.));
#1286 = CARTESIAN_POINT('',(-52.76238972205,-35.51127053246,145.));
#1287 = CARTESIAN_POINT('',(-46.60068544237,-35.2201491752,
    166.71276105271));
#1288 = CARTESIAN_POINT('',(-42.71238972205,-22.47127053246,178.));
#1289 = CARTESIAN_POINT('',(-50.40619449019,-36.04,145.));
#1290 = CARTESIAN_POINT('',(-42.75342971037,-36.0834721491,
    166.71276105271));
#1291 = CARTESIAN_POINT('',(-40.35619449019,-23.,178.));
#1292 = CARTESIAN_POINT('',(-48.05,-36.04,145.));
#1293 = CARTESIAN_POINT('',(-38.90617518938,-36.0834721491,
    166.71276105271));
#1294 = CARTESIAN_POINT('',(-38.,-23.,178.));
#1295 = ADVANCED_FACE('',(#1296),#1343,.T.);
#1296 = FACE_BOUND('',#1297,.T.);
#1297 = EDGE_LOOP('',(#1298,#1299,#1300,#1331));
#1298 = ORIENTED_EDGE('',*,*,#1166,.F.);
#1299 = ORIENTED_EDGE('',*,*,#199,.F.);
#1300 = ORIENTED_EDGE('',*,*,#1301,.T.);
#1301 = EDGE_CURVE('',#192,#1302,#1304,.T.);
#1302 = VERTEX_POINT('',#1303);
#1303 = CARTESIAN_POINT('',(-14.15,-23.,178.));
#1304 = B_SPLINE_CURVE_WITH_KNOTS('',7,(#1305,#1306,#1307,#1308,#1309,
    #1310,#1311,#1312,#1313,#1314,#1315,#1316,#1317,#1318,#1319,#1320,
    #1321,#1322,#1323,#1324,#1325,#1326,#1327,#1328,#1329,#1330),
  .UNSPECIFIED.,.F.,.F.,(8,6,6,6,8),(0.,0.36212624323,0.5233747723,
    0.820629338084,1.),.UNSPECIFIED.);
#1305 = CARTESIAN_POINT('',(-14.15,-36.04,145.));
#1306 = CARTESIAN_POINT('',(-14.15,-36.04379820119,146.89706367377));
#1307 = CARTESIAN_POINT('',(-14.15,-35.98923506798,148.79402360559));
#1308 = CARTESIAN_POINT('',(-14.15,-35.87117765528,150.68910892405));
#1309 = CARTESIAN_POINT('',(-14.15,-35.68387353154,152.57938409924));
#1310 = CARTESIAN_POINT('',(-14.15,-35.4211174152,154.46076975975));
#1311 = CARTESIAN_POINT('',(-14.15,-35.07647761673,156.32806887534));
#1312 = CARTESIAN_POINT('',(-14.15,-34.45123459252,158.99745535807));
#1313 = CARTESIAN_POINT('',(-14.15,-34.24117151444,159.81578917213));
#1314 = CARTESIAN_POINT('',(-14.15,-34.01315627321,160.62944574448));
#1315 = CARTESIAN_POINT('',(-14.15,-33.76668762597,161.43777402104));
#1316 = CARTESIAN_POINT('',(-14.15,-33.50130446753,162.24006740804));
#1317 = CARTESIAN_POINT('',(-14.15,-33.21660461856,163.03556968978));
#1318 = CARTESIAN_POINT('',(-14.15,-32.35122436769,165.27596066662));
#1319 = CARTESIAN_POINT('',(-14.15,-31.72331569874,166.7029625092));
#1320 = CARTESIAN_POINT('',(-14.15,-31.02664155251,168.09899242941));
#1321 = CARTESIAN_POINT('',(-14.15,-30.26018960245,169.4585294028));
#1322 = CARTESIAN_POINT('',(-14.15,-29.42414190202,170.77620430004));
#1323 = CARTESIAN_POINT('',(-14.15,-28.52021379821,172.04699250296));
#1324 = CARTESIAN_POINT('',(-14.15,-26.96778999968,174.00225274159));
#1325 = CARTESIAN_POINT('',(-14.15,-26.3600847601,174.71947699898));
#1326 = CARTESIAN_POINT('',(-14.15,-25.72964778111,175.41715228996));
#1327 = CARTESIAN_POINT('',(-14.15,-25.0773616249,176.09453151155));
#1328 = CARTESIAN_POINT('',(-14.15,-24.40423301074,176.75104566151));
#1329 = CARTESIAN_POINT('',(-14.15,-23.71137680314,177.38628829815));
#1330 = CARTESIAN_POINT('',(-14.15,-23.,178.));
#1331 = ORIENTED_EDGE('',*,*,#1332,.F.);
#1332 = EDGE_CURVE('',#1167,#1302,#1333,.T.);
#1333 = B_SPLINE_CURVE_WITH_KNOTS('',8,(#1334,#1335,#1336,#1337,#1338,
    #1339,#1340,#1341,#1342),.UNSPECIFIED.,.F.,.F.,(9,9),(0.,1.),
  .PIECEWISE_BEZIER_KNOTS.);
#1334 = CARTESIAN_POINT('',(-38.,-23.,178.));
#1335 = CARTESIAN_POINT('',(-31.75,-23.,178.));
#1336 = CARTESIAN_POINT('',(-25.5,-23.,178.));
#1337 = CARTESIAN_POINT('',(-19.25,-23.,178.));
#1338 = CARTESIAN_POINT('',(-13.,-23.,178.));
#1339 = CARTESIAN_POINT('',(-6.75,-23.,178.));
#1340 = CARTESIAN_POINT('',(-0.5,-23.,178.));
#1341 = CARTESIAN_POINT('',(5.75,-23.,178.));
#1342 = CARTESIAN_POINT('',(12.,-23.,178.));
#1343 = ( BOUNDED_SURFACE() B_SPLINE_SURFACE(8,2,(
    (#1344,#1345,#1346)
    ,(#1347,#1348,#1349)
    ,(#1350,#1351,#1352)
    ,(#1353,#1354,#1355)
    ,(#1356,#1357,#1358)
    ,(#1359,#1360,#1361)
    ,(#1362,#1363,#1364)
    ,(#1365,#1366,#1367)
    ,(#1368,#1369,#1370
)),.UNSPECIFIED.,.F.,.F.,.F.) B_SPLINE_SURFACE_WITH_KNOTS((9,9),(3,3),(
    0.,1.),(0.,1.),.PIECEWISE_BEZIER_KNOTS.) 
GEOMETRIC_REPRESENTATION_ITEM() RATIONAL_B_SPLINE_SURFACE((
    (1.,1.,1.)
    ,(1.,1.,1.)
    ,(1.,1.,1.)
    ,(1.,1.,1.)
    ,(1.,1.,1.)
    ,(1.,1.,1.)
    ,(1.,1.,1.)
    ,(1.,1.,1.)
,(1.,1.,1.))) REPRESENTATION_ITEM('') SURFACE() );
#1344 = CARTESIAN_POINT('',(-48.05,-36.04,145.));
#1345 = CARTESIAN_POINT('',(-38.90617518938,-36.0834721491,
    166.71276105271));
#1346 = CARTESIAN_POINT('',(-38.,-23.,178.));
#1347 = CARTESIAN_POINT('',(-36.65625,-36.04,145.));
#1348 = CARTESIAN_POINT('',(-29.54679177243,-36.0834721491,
    166.71276105271));
#1349 = CARTESIAN_POINT('',(-31.75,-23.,178.));
#1350 = CARTESIAN_POINT('',(-25.2625,-36.04,145.));
#1351 = CARTESIAN_POINT('',(-20.18740835548,-36.0834721491,
    166.71276105271));
#1352 = CARTESIAN_POINT('',(-25.5,-23.,178.));
#1353 = CARTESIAN_POINT('',(-13.86875,-36.04,145.));
#1354 = CARTESIAN_POINT('',(-10.82802493853,-36.0834721491,
    166.71276105271));
#1355 = CARTESIAN_POINT('',(-19.25,-23.,178.));
#1356 = CARTESIAN_POINT('',(-2.475,-36.04,145.));
#1357 = CARTESIAN_POINT('',(-1.468641521578,-36.0834721491,
    166.71276105271));
#1358 = CARTESIAN_POINT('',(-13.,-23.,178.));
#1359 = CARTESIAN_POINT('',(8.91875,-36.04,145.));
#1360 = CARTESIAN_POINT('',(7.890741895374,-36.0834721491,
    166.71276105271));
#1361 = CARTESIAN_POINT('',(-6.75,-23.,178.));
#1362 = CARTESIAN_POINT('',(20.3125,-36.04,145.));
#1363 = CARTESIAN_POINT('',(17.250125312325,-36.0834721491,
    166.71276105271));
#1364 = CARTESIAN_POINT('',(-0.5,-23.,178.));
#1365 = CARTESIAN_POINT('',(31.70625,-36.04,145.));
#1366 = CARTESIAN_POINT('',(26.609508729277,-36.0834721491,
    166.71276105271));
#1367 = CARTESIAN_POINT('',(5.75,-23.,178.));
#1368 = CARTESIAN_POINT('',(43.1,-36.04,145.));
#1369 = CARTESIAN_POINT('',(35.968892146229,-36.0834721491,
    166.71276105271));
#1370 = CARTESIAN_POINT('',(12.,-23.,178.));
#1371 = ADVANCED_FACE('',(#1372),#1445,.T.);
#1372 = FACE_BOUND('',#1373,.T.);
#1373 = EDGE_LOOP('',(#1374,#1375,#1376,#1398,#1406,#1437,#1443,#1444));
#1374 = ORIENTED_EDGE('',*,*,#346,.F.);
#1375 = ORIENTED_EDGE('',*,*,#465,.F.);
#1376 = ORIENTED_EDGE('',*,*,#1377,.T.);
#1377 = EDGE_CURVE('',#466,#1378,#1380,.T.);
#1378 = VERTEX_POINT('',#1379);
#1379 = CARTESIAN_POINT('',(-14.15,-33.77921659258,145.));
#1380 = B_SPLINE_CURVE_WITH_KNOTS('',6,(#1381,#1382,#1383,#1384,#1385,
    #1386,#1387,#1388,#1389,#1390,#1391,#1392,#1393,#1394,#1395,#1396,
    #1397),.UNSPECIFIED.,.F.,.F.,(7,5,5,7),(0.,0.32165507218,
    0.637612991526,1.),.UNSPECIFIED.);
#1381 = CARTESIAN_POINT('',(-14.15,-31.80274419653,121.95958159791));
#1382 = CARTESIAN_POINT('',(-14.15,-32.34566916854,125.43347195022));
#1383 = CARTESIAN_POINT('',(-14.15,-32.80337751978,128.92070168206));
#1384 = CARTESIAN_POINT('',(-14.15,-33.17336534687,132.41893689059));
#1385 = CARTESIAN_POINT('',(-14.15,-33.4534160818,135.92559942413));
#1386 = CARTESIAN_POINT('',(-14.15,-33.6417099996,139.43785702187));
#1387 = CARTESIAN_POINT('',(-14.15,-33.83047085021,146.40511653914));
#1388 = CARTESIAN_POINT('',(-14.15,-33.83420730618,149.86008442366));
#1389 = CARTESIAN_POINT('',(-14.15,-33.74689289007,153.31455753845));
#1390 = CARTESIAN_POINT('',(-14.15,-33.56776269189,156.76551690052));
#1391 = CARTESIAN_POINT('',(-14.15,-33.29658041935,160.20988563928));
#1392 = CARTESIAN_POINT('',(-14.15,-32.51745612512,167.58388639421));
#1393 = CARTESIAN_POINT('',(-14.15,-31.98056749881,171.5105553272));
#1394 = CARTESIAN_POINT('',(-14.15,-31.32351256573,175.41977701329));
#1395 = CARTESIAN_POINT('',(-14.15,-30.54773635561,179.30712083435));
#1396 = CARTESIAN_POINT('',(-14.15,-29.65554446312,183.16846952347));
#1397 = CARTESIAN_POINT('',(-14.15,-28.65,187.));
#1398 = ORIENTED_EDGE('',*,*,#1399,.T.);
#1399 = EDGE_CURVE('',#1378,#1400,#1402,.T.);
#1400 = VERTEX_POINT('',#1401);
#1401 = CARTESIAN_POINT('',(-14.15,-32.94,145.));
#1402 = LINE('',#1403,#1404);
#1403 = CARTESIAN_POINT('',(-14.15,-48.02,145.));
#1404 = VECTOR('',#1405,1.);
#1405 = DIRECTION('',(0.,1.,0.));
#1406 = ORIENTED_EDGE('',*,*,#1407,.T.);
#1407 = EDGE_CURVE('',#1400,#1408,#1410,.T.);
#1408 = VERTEX_POINT('',#1409);
#1409 = CARTESIAN_POINT('',(-14.15,-19.9,178.));
#1410 = B_SPLINE_CURVE_WITH_KNOTS('',7,(#1411,#1412,#1413,#1414,#1415,
    #1416,#1417,#1418,#1419,#1420,#1421,#1422,#1423,#1424,#1425,#1426,
    #1427,#1428,#1429,#1430,#1431,#1432,#1433,#1434,#1435,#1436),
  .UNSPECIFIED.,.F.,.F.,(8,6,6,6,8),(0.,0.406272685155,0.571717029691,
    0.867224715804,1.),.UNSPECIFIED.);
#1411 = CARTESIAN_POINT('',(-14.15,-32.94,145.));
#1412 = CARTESIAN_POINT('',(-14.15,-32.93434087502,147.13056852062));
#1413 = CARTESIAN_POINT('',(-14.15,-32.85953848137,149.26046638043));
#1414 = CARTESIAN_POINT('',(-14.15,-32.70847854995,151.38779928625));
#1415 = CARTESIAN_POINT('',(-14.15,-32.47287211039,153.50869246685));
#1416 = CARTESIAN_POINT('',(-14.15,-32.1434625431,155.6173213147));
#1417 = CARTESIAN_POINT('',(-14.15,-31.71027161115,157.70594288279));
#1418 = CARTESIAN_POINT('',(-14.15,-30.94082368061,160.60352287613));
#1419 = CARTESIAN_POINT('',(-14.15,-30.6993496095,161.43702643247));
#1420 = CARTESIAN_POINT('',(-14.15,-30.43842879409,162.2648192445));
#1421 = CARTESIAN_POINT('',(-14.15,-30.15744937024,163.08610891419));
#1422 = CARTESIAN_POINT('',(-14.15,-29.85584334911,163.90002544112));
#1423 = CARTESIAN_POINT('',(-14.15,-29.53311250272,164.70563022079));
#1424 = CARTESIAN_POINT('',(-14.15,-28.57397792626,166.92423019363));
#1425 = CARTESIAN_POINT('',(-14.15,-27.8902678608,168.31722990953));
#1426 = CARTESIAN_POINT('',(-14.15,-27.13566127813,169.67464337011));
#1427 = CARTESIAN_POINT('',(-14.15,-26.309086044,170.99013370294));
#1428 = CARTESIAN_POINT('',(-14.15,-25.41085884264,172.2575624396));
#1429 = CARTESIAN_POINT('',(-14.15,-24.44312555557,173.47126900915));
#1430 = CARTESIAN_POINT('',(-14.15,-22.94631205595,175.14538236767));
#1431 = CARTESIAN_POINT('',(-14.15,-22.4690962133,175.65260914554));
#1432 = CARTESIAN_POINT('',(-14.15,-21.97907342766,176.14764434231));
#1433 = CARTESIAN_POINT('',(-14.15,-21.47666428619,176.63014537864));
#1434 = CARTESIAN_POINT('',(-14.15,-20.96233591111,177.09983675673));
#1435 = CARTESIAN_POINT('',(-14.15,-20.43659818899,177.55650606784));
#1436 = CARTESIAN_POINT('',(-14.15,-19.9,178.));
#1437 = ORIENTED_EDGE('',*,*,#1438,.F.);
#1438 = EDGE_CURVE('',#1302,#1408,#1439,.T.);
#1439 = LINE('',#1440,#1441);
#1440 = CARTESIAN_POINT('',(-14.15,-41.5,178.));
#1441 = VECTOR('',#1442,1.);
#1442 = DIRECTION('',(0.,1.,0.));
#1443 = ORIENTED_EDGE('',*,*,#1301,.F.);
#1444 = ORIENTED_EDGE('',*,*,#191,.T.);
#1445 = PLANE('',#1446);
#1446 = AXIS2_PLACEMENT_3D('',#1447,#1448,#1449);
#1447 = CARTESIAN_POINT('',(-14.15,-31.04890497752,158.19652569806));
#1448 = DIRECTION('',(1.,-2.8E-16,0.));
#1449 = DIRECTION('',(2.8E-16,1.,0.));
#1450 = ADVANCED_FACE('',(#1451),#1524,.F.);
#1451 = FACE_BOUND('',#1452,.T.);
#1452 = EDGE_LOOP('',(#1453,#1454,#1462,#1481,#1522,#1523));
#1453 = ORIENTED_EDGE('',*,*,#369,.F.);
#1454 = ORIENTED_EDGE('',*,*,#1455,.T.);
#1455 = EDGE_CURVE('',#370,#1456,#1458,.T.);
#1456 = VERTEX_POINT('',#1457);
#1457 = CARTESIAN_POINT('',(-28.85,-33.62960703862,140.));
#1458 = LINE('',#1459,#1460);
#1459 = CARTESIAN_POINT('',(-28.85,-38.,140.));
#1460 = VECTOR('',#1461,1.);
#1461 = DIRECTION('',(0.,1.,2.2E-16));
#1462 = ORIENTED_EDGE('',*,*,#1463,.T.);
#1463 = EDGE_CURVE('',#1456,#1464,#1466,.T.);
#1464 = VERTEX_POINT('',#1465);
#1465 = CARTESIAN_POINT('',(-29.91559504107,-33.5732165847,
    138.85310165973));
#1466 = B_SPLINE_CURVE_WITH_KNOTS('',7,(#1467,#1468,#1469,#1470,#1471,
    #1472,#1473,#1474,#1475,#1476,#1477,#1478,#1479,#1480),
  .UNSPECIFIED.,.F.,.F.,(8,6,8),(0.,0.59230271191,1.),.UNSPECIFIED.);
#1467 = CARTESIAN_POINT('',(-28.85,-33.62960703862,140.));
#1468 = CARTESIAN_POINT('',(-28.85,-33.62296924169,139.85439840735));
#1469 = CARTESIAN_POINT('',(-28.87150733136,-33.61617225099,
    139.70869343165));
#1470 = CARTESIAN_POINT('',(-28.91457493853,-33.6093978724,
    139.56688058421));
#1471 = CARTESIAN_POINT('',(-28.97825850183,-33.6028431833,
    139.4327310293));
#1472 = CARTESIAN_POINT('',(-29.06093167527,-33.59671309126,
    139.30968565445));
#1473 = CARTESIAN_POINT('',(-29.16028527714,-33.59120890794,
    139.20087185648));
#1474 = CARTESIAN_POINT('',(-29.3509092464,-33.58325709306,
    139.04541202574));
#1475 = CARTESIAN_POINT('',(-29.43509854797,-33.58038936859,
    138.98991857005));
#1476 = CARTESIAN_POINT('',(-29.52477782285,-33.57795064447,
    138.94312761225));
#1477 = CARTESIAN_POINT('',(-29.61886084959,-33.57598621673,
    138.90567194356));
#1478 = CARTESIAN_POINT('',(-29.71618379145,-33.57453046689,
    138.87801969539));
#1479 = CARTESIAN_POINT('',(-29.81552165313,-33.573605035,
    138.86046647133));
#1480 = CARTESIAN_POINT('',(-29.91559504107,-33.5732165847,
    138.85310165973));
#1481 = ORIENTED_EDGE('',*,*,#1482,.T.);
#1482 = EDGE_CURVE('',#1464,#1456,#1483,.T.);
#1483 = B_SPLINE_CURVE_WITH_KNOTS('',7,(#1484,#1485,#1486,#1487,#1488,
    #1489,#1490,#1491,#1492,#1493,#1494,#1495,#1496,#1497,#1498,#1499,
    #1500,#1501,#1502,#1503,#1504,#1505,#1506,#1507,#1508,#1509,#1510,
    #1511,#1512,#1513,#1514,#1515,#1516,#1517,#1518,#1519,#1520,#1521),
  .UNSPECIFIED.,.F.,.F.,(8,6,6,6,6,6,8),(0.,0.160878633416,
    0.317644906507,0.463677130161,0.668216025178,0.817521902794,1.),
  .UNSPECIFIED.);
#1484 = CARTESIAN_POINT('',(-29.91559504107,-33.5732165847,
    138.85310165973));
#1485 = CARTESIAN_POINT('',(-30.04179719096,-33.57272671158,
    138.84381392523));
#1486 = CARTESIAN_POINT('',(-30.16924122637,-33.57309055564,
    138.8507241233));
#1487 = CARTESIAN_POINT('',(-30.29533556403,-33.57432330373,
    138.87404538996));
#1488 = CARTESIAN_POINT('',(-30.41755933482,-33.57640031562,
    138.91343016667));
#1489 = CARTESIAN_POINT('',(-30.53352426558,-33.57926320609,
    138.96810381149));
#1490 = CARTESIAN_POINT('',(-30.64098590362,-33.58282430152,
    139.03686478943));
#1491 = CARTESIAN_POINT('',(-30.83248304061,-33.59101088285,
    139.19709452023));
#1492 = CARTESIAN_POINT('',(-30.91712336309,-33.59561009461,
    139.28800193256));
#1493 = CARTESIAN_POINT('',(-30.99005668436,-33.60066573286,
    139.38921142547));
#1494 = CARTESIAN_POINT('',(-31.04983915871,-33.60605949907,
    139.4988955393));
#1495 = CARTESIAN_POINT('',(-31.09536553796,-33.6116681897,
    139.61501545782));
#1496 = CARTESIAN_POINT('',(-31.12589317899,-33.61737061819,
    139.73536519208));
#1497 = CARTESIAN_POINT('',(-31.15535437745,-33.62834157347,
    139.97141015877));
#1498 = CARTESIAN_POINT('',(-31.15631656827,-33.63361616368,
    140.0869264651));
#1499 = CARTESIAN_POINT('',(-31.14378727767,-33.63878133198,
    140.20222829611));
#1500 = CARTESIAN_POINT('',(-31.1178773518,-33.64375445186,
    140.31544576886));
#1501 = CARTESIAN_POINT('',(-31.07899588494,-33.64846464349,
    140.42475110056));
#1502 = CARTESIAN_POINT('',(-31.02784873499,-33.65285269261,
    140.52839475998));
#1503 = CARTESIAN_POINT('',(-30.87815592932,-33.66249562645,
    140.75972823121));
#1504 = CARTESIAN_POINT('',(-30.76869241127,-33.6674023257,
    140.88062831072));
#1505 = CARTESIAN_POINT('',(-30.6399702334,-33.67144575556,
    140.98281125454));
#1506 = CARTESIAN_POINT('',(-30.49595728735,-33.67455000777,
    141.06278929785));
#1507 = CARTESIAN_POINT('',(-30.34113730785,-33.67667428184,
    141.11805928852));
#1508 = CARTESIAN_POINT('',(-30.1805666146,-33.67778846476,
    141.14707379824));
#1509 = CARTESIAN_POINT('',(-29.90228978711,-33.67797162725,
    141.15184381052));
#1510 = CARTESIAN_POINT('',(-29.78459499427,-33.67751172208,
    141.13986767058));
#1511 = CARTESIAN_POINT('',(-29.66869404832,-33.67651351731,
    141.11385348067));
#1512 = CARTESIAN_POINT('',(-29.55657819384,-33.67498347564,
    141.07415387003));
#1513 = CARTESIAN_POINT('',(-29.4501452226,-33.67293278456,
    141.02144378023));
#1514 = CARTESIAN_POINT('',(-29.35116116375,-33.670379696,
    140.95670731933));
#1515 = CARTESIAN_POINT('',(-29.15125043594,-33.66366284818,
    140.78911891246));
#1516 = CARTESIAN_POINT('',(-29.05465991477,-33.65926328445,
    140.68089513564));
#1517 = CARTESIAN_POINT('',(-28.97438311134,-33.6542168334,
    140.55904819892));
#1518 = CARTESIAN_POINT('',(-28.91260273046,-33.64860493971,
    140.42658845427));
#1519 = CARTESIAN_POINT('',(-28.87084873155,-33.64253312795,
    140.28682153331));
#1520 = CARTESIAN_POINT('',(-28.84999999991,-33.63614241311,
    140.14335493304));
#1521 = CARTESIAN_POINT('',(-28.85,-33.62960703862,140.));
#1522 = ORIENTED_EDGE('',*,*,#1455,.F.);
#1523 = ORIENTED_EDGE('',*,*,#385,.F.);
#1524 = CYLINDRICAL_SURFACE('',#1525,1.15);
#1525 = AXIS2_PLACEMENT_3D('',#1526,#1527,#1528);
#1526 = CARTESIAN_POINT('',(-30.,-38.,140.));
#1527 = DIRECTION('',(-0.,-1.,-2.2E-16));
#1528 = DIRECTION('',(1.,0.,0.));
#1529 = ADVANCED_FACE('',(#1530,#1550),#1614,.F.);
#1530 = FACE_BOUND('',#1531,.F.);
#1531 = EDGE_LOOP('',(#1532,#1533,#1534,#1542));
#1532 = ORIENTED_EDGE('',*,*,#848,.F.);
#1533 = ORIENTED_EDGE('',*,*,#547,.F.);
#1534 = ORIENTED_EDGE('',*,*,#1535,.T.);
#1535 = EDGE_CURVE('',#521,#1536,#1538,.T.);
#1536 = VERTEX_POINT('',#1537);
#1537 = CARTESIAN_POINT('',(-48.24201567102,33.779216584043,145.));
#1538 = B_SPLINE_CURVE_WITH_KNOTS('',2,(#1539,#1540,#1541),
  .UNSPECIFIED.,.F.,.F.,(3,3),(0.,1.),.PIECEWISE_BEZIER_KNOTS.);
#1539 = CARTESIAN_POINT('',(-45.,31.65,121.));
#1540 = CARTESIAN_POINT('',(-53.44563377114,37.117429954764,
    154.73567244485));
#1541 = CARTESIAN_POINT('',(-40.,28.65,187.));
#1542 = ORIENTED_EDGE('',*,*,#1543,.T.);
#1543 = EDGE_CURVE('',#1536,#841,#1544,.T.);
#1544 = B_SPLINE_CURVE_WITH_KNOTS('',4,(#1545,#1546,#1547,#1548,#1549),
  .UNSPECIFIED.,.F.,.F.,(5,5),(0.,1.),.PIECEWISE_BEZIER_KNOTS.);
#1545 = CARTESIAN_POINT('',(-48.24201567102,33.779216584043,145.));
#1546 = CARTESIAN_POINT('',(-39.71122067801,33.779216584043,145.));
#1547 = CARTESIAN_POINT('',(-31.18042568499,33.779216584043,145.));
#1548 = CARTESIAN_POINT('',(-22.64963069198,33.779216584043,145.));
#1549 = CARTESIAN_POINT('',(-14.11883569896,33.779216584043,145.));
#1550 = FACE_BOUND('',#1551,.F.);
#1551 = EDGE_LOOP('',(#1552,#1597));
#1552 = ORIENTED_EDGE('',*,*,#1553,.T.);
#1553 = EDGE_CURVE('',#1554,#1556,#1558,.T.);
#1554 = VERTEX_POINT('',#1555);
#1555 = CARTESIAN_POINT('',(-28.85,33.629607038624,140.));
#1556 = VERTEX_POINT('',#1557);
#1557 = CARTESIAN_POINT('',(-30.04188347533,33.573093215058,
    138.85076295983));
#1558 = B_SPLINE_CURVE_WITH_KNOTS('',7,(#1559,#1560,#1561,#1562,#1563,
    #1564,#1565,#1566,#1567,#1568,#1569,#1570,#1571,#1572,#1573,#1574,
    #1575,#1576,#1577,#1578,#1579,#1580,#1581,#1582,#1583,#1584,#1585,
    #1586,#1587,#1588,#1589,#1590,#1591,#1592,#1593,#1594,#1595,#1596),
  .UNSPECIFIED.,.F.,.F.,(8,6,6,6,6,6,8),(0.,0.184392319726,
    0.340020132363,0.480763531712,0.691416092606,0.856129020978,1.),
  .UNSPECIFIED.);
#1559 = CARTESIAN_POINT('',(-28.85,33.629607038624,140.));
#1560 = CARTESIAN_POINT('',(-28.85,33.636059542356,140.14153714397));
#1561 = CARTESIAN_POINT('',(-28.87032329177,33.642370525003,
    140.28317203089));
#1562 = CARTESIAN_POINT('',(-28.91101885005,33.648372976027,
    140.42125061369));
#1563 = CARTESIAN_POINT('',(-28.97125786415,33.653931009093,
    140.55230478298));
#1564 = CARTESIAN_POINT('',(-29.04959023829,33.658941972925,
    140.67314184029));
#1565 = CARTESIAN_POINT('',(-29.14393541945,33.663326238843,
    140.78084437996));
#1566 = CARTESIAN_POINT('',(-29.34223142583,33.670149111459,
    140.95085924538));
#1567 = CARTESIAN_POINT('',(-29.44247201829,33.672787438215,
    141.01770330267));
#1568 = CARTESIAN_POINT('',(-29.55054653628,33.674905815659,
    141.07213442832));
#1569 = CARTESIAN_POINT('',(-29.66459718067,33.676484663978,
    141.11309938612));
#1570 = CARTESIAN_POINT('',(-29.78262218112,33.677512004075,
    141.13987535995));
#1571 = CARTESIAN_POINT('',(-29.90251780679,33.677980911099,
    141.15208556906));
#1572 = CARTESIAN_POINT('',(-30.130235312,33.677812880311,
    141.14770965539));
#1573 = CARTESIAN_POINT('',(-30.23817225306,33.677277382151,
    141.13376496251));
#1574 = CARTESIAN_POINT('',(-30.34429556682,33.676286402725,
    141.10797567194));
#1575 = CARTESIAN_POINT('',(-30.44705636266,33.674845428417,
    141.07064770921));
#1576 = CARTESIAN_POINT('',(-30.54497788396,33.672963617743,
    141.02232052999));
#1577 = CARTESIAN_POINT('',(-30.63668031483,33.670655361113,
    140.96375752823));
#1578 = CARTESIAN_POINT('',(-30.84700123792,33.66388834985,
    140.79452952346));
#1579 = CARTESIAN_POINT('',(-30.95653719948,33.658925323628,
    140.67229400231));
#1580 = CARTESIAN_POINT('',(-31.04515174837,33.653137268995,
    140.53269044192));
#1581 = CARTESIAN_POINT('',(-31.10977041591,33.64664297325,
    140.38012100568));
#1582 = CARTESIAN_POINT('',(-31.14837406776,33.639598677954,
    140.21938999654));
#1583 = CARTESIAN_POINT('',(-31.1599705552,33.632220634361,
    140.05576725988));
#1584 = CARTESIAN_POINT('',(-31.13360542828,33.618952725885,
    139.76886881779));
#1585 = CARTESIAN_POINT('',(-31.10588418193,33.613081215466,
    139.64440283597));
#1586 = CARTESIAN_POINT('',(-31.06222392066,33.60728422681,
    139.52394348002));
#1587 = CARTESIAN_POINT('',(-31.00336440988,33.601692176693,
    139.40989964751));
#1588 = CARTESIAN_POINT('',(-30.93045096148,33.596438824081,
    139.30450602074));
#1589 = CARTESIAN_POINT('',(-30.84500967357,33.591653486408,
    139.20977117526));
#1590 = CARTESIAN_POINT('',(-30.66517468232,33.583775709524,
    139.0554091119));
#1591 = CARTESIAN_POINT('',(-30.57322862962,33.580543352197,
    138.9928104657));
#1592 = CARTESIAN_POINT('',(-30.47447266777,33.577826874382,
    138.94071276294));
#1593 = CARTESIAN_POINT('',(-30.37035588971,33.575687869105,
    138.89997383227));
#1594 = CARTESIAN_POINT('',(-30.262440621,33.574171916546,
    138.87121124976));
#1595 = CARTESIAN_POINT('',(-30.15237517258,33.573305664966,
    138.85478978468));
#1596 = CARTESIAN_POINT('',(-30.04188347533,33.573093215058,
    138.85076295983));
#1597 = ORIENTED_EDGE('',*,*,#1598,.T.);
#1598 = EDGE_CURVE('',#1556,#1554,#1599,.T.);
#1599 = B_SPLINE_CURVE_WITH_KNOTS('',7,(#1600,#1601,#1602,#1603,#1604,
    #1605,#1606,#1607,#1608,#1609,#1610,#1611,#1612,#1613),
  .UNSPECIFIED.,.F.,.F.,(8,6,8),(0.,0.441717697313,1.),.UNSPECIFIED.);
#1600 = CARTESIAN_POINT('',(-30.04188347533,33.573093215058,
    138.85076295983));
#1601 = CARTESIAN_POINT('',(-29.92526995139,33.572868994297,
    138.8465130275));
#1602 = CARTESIAN_POINT('',(-29.80811696213,33.573372908095,
    138.85606693829));
#1603 = CARTESIAN_POINT('',(-29.69245718438,33.574611178428,
    138.87951280438));
#1604 = CARTESIAN_POINT('',(-29.58025329335,33.576561541191,
    138.91654287415));
#1605 = CARTESIAN_POINT('',(-29.473381011,33.57917738334,138.96653184168
    ));
#1606 = CARTESIAN_POINT('',(-29.37359200737,33.58239107014,
    139.02855079025));
#1607 = CARTESIAN_POINT('',(-29.16727165111,33.590824946373,
    139.19328491872));
#1608 = CARTESIAN_POINT('',(-29.06578446789,33.596355960815,
    139.30252080816));
#1609 = CARTESIAN_POINT('',(-28.98125368911,33.602537023347,
    139.42646798292));
#1610 = CARTESIAN_POINT('',(-28.91609580961,33.609160189681,
    139.56190656909));
#1611 = CARTESIAN_POINT('',(-28.87201313681,33.6160131655,
    139.70528353698));
#1612 = CARTESIAN_POINT('',(-28.85,33.622891650292,139.85269642223));
#1613 = CARTESIAN_POINT('',(-28.85,33.629607038624,140.));
#1614 = B_SPLINE_SURFACE_WITH_KNOTS('',8,2,(
    (#1615,#1616,#1617)
    ,(#1618,#1619,#1620)
    ,(#1621,#1622,#1623)
    ,(#1624,#1625,#1626)
    ,(#1627,#1628,#1629)
    ,(#1630,#1631,#1632)
    ,(#1633,#1634,#1635)
    ,(#1636,#1637,#1638)
    ,(#1639,#1640,#1641
  )),.UNSPECIFIED.,.F.,.F.,.F.,(9,9),(3,3),(4.,5.),(0.,1.),
  .PIECEWISE_BEZIER_KNOTS.);
#1615 = CARTESIAN_POINT('',(41.,31.65,121.));
#1616 = CARTESIAN_POINT('',(46.467429954764,37.117429954764,
    154.73567244485));
#1617 = CARTESIAN_POINT('',(38.,28.65,187.));
#1618 = CARTESIAN_POINT('',(30.25,31.65,121.));
#1619 = CARTESIAN_POINT('',(33.978296989026,37.117429954764,
    154.73567244485));
#1620 = CARTESIAN_POINT('',(28.25,28.65,187.));
#1621 = CARTESIAN_POINT('',(19.5,31.65,121.));
#1622 = CARTESIAN_POINT('',(21.489164023287,37.117429954764,
    154.73567244485));
#1623 = CARTESIAN_POINT('',(18.5,28.65,187.));
#1624 = CARTESIAN_POINT('',(8.75,31.65,121.));
#1625 = CARTESIAN_POINT('',(9.000031057548,37.117429954764,
    154.73567244485));
#1626 = CARTESIAN_POINT('',(8.75,28.65,187.));
#1627 = CARTESIAN_POINT('',(-2.,31.65,121.));
#1628 = CARTESIAN_POINT('',(-3.489101908191,37.117429954764,
    154.73567244485));
#1629 = CARTESIAN_POINT('',(-1.,28.65,187.));
#1630 = CARTESIAN_POINT('',(-12.75,31.65,121.));
#1631 = CARTESIAN_POINT('',(-15.97823487392,37.117429954764,
    154.73567244485));
#1632 = CARTESIAN_POINT('',(-10.75,28.65,187.));
#1633 = CARTESIAN_POINT('',(-23.5,31.65,121.));
#1634 = CARTESIAN_POINT('',(-28.46736783966,37.117429954764,
    154.73567244485));
#1635 = CARTESIAN_POINT('',(-20.5,28.65,187.));
#1636 = CARTESIAN_POINT('',(-34.25,31.65,121.));
#1637 = CARTESIAN_POINT('',(-40.9565008054,37.117429954764,
    154.73567244485));
#1638 = CARTESIAN_POINT('',(-30.25,28.65,187.));
#1639 = CARTESIAN_POINT('',(-45.,31.65,121.));
#1640 = CARTESIAN_POINT('',(-53.44563377114,37.117429954764,
    154.73567244485));
#1641 = CARTESIAN_POINT('',(-40.,28.65,187.));
#1642 = ADVANCED_FACE('',(#1643),#1680,.F.);
#1643 = FACE_BOUND('',#1644,.F.);
#1644 = EDGE_LOOP('',(#1645,#1646,#1647,#1655));
#1645 = ORIENTED_EDGE('',*,*,#1535,.F.);
#1646 = ORIENTED_EDGE('',*,*,#520,.F.);
#1647 = ORIENTED_EDGE('',*,*,#1648,.T.);
#1648 = EDGE_CURVE('',#511,#1649,#1651,.T.);
#1649 = VERTEX_POINT('',#1650);
#1650 = CARTESIAN_POINT('',(-57.89201567102,24.129216584043,145.));
#1651 = B_SPLINE_CURVE_WITH_KNOTS('',2,(#1652,#1653,#1654),
  .UNSPECIFIED.,.F.,.F.,(3,3),(0.,1.),.PIECEWISE_BEZIER_KNOTS.);
#1652 = CARTESIAN_POINT('',(-54.65,22.,121.));
#1653 = CARTESIAN_POINT('',(-63.09563377114,27.467429954764,
    154.73567244485));
#1654 = CARTESIAN_POINT('',(-49.65,19.,187.));
#1655 = ORIENTED_EDGE('',*,*,#1656,.T.);
#1656 = EDGE_CURVE('',#1649,#1536,#1657,.T.);
#1657 = B_SPLINE_CURVE_WITH_KNOTS('',6,(#1658,#1659,#1660,#1661,#1662,
    #1663,#1664,#1665,#1666,#1667,#1668,#1669,#1670,#1671,#1672,#1673,
    #1674,#1675,#1676,#1677,#1678,#1679),.UNSPECIFIED.,.F.,.F.,(7,5,5,5,
    7),(0.,0.251999871623,0.500999935416,0.74999999927,1.),
  .UNSPECIFIED.);
#1658 = CARTESIAN_POINT('',(-57.89201567102,24.129216584043,145.));
#1659 = CARTESIAN_POINT('',(-57.89201567102,24.765849800099,145.));
#1660 = CARTESIAN_POINT('',(-57.84161534414,25.402521291541,145.));
#1661 = CARTESIAN_POINT('',(-57.74080385552,26.034158899278,145.));
#1662 = CARTESIAN_POINT('',(-57.59027057897,26.65582501146,145.));
#1663 = CARTESIAN_POINT('',(-57.39128320888,27.262697969672,145.));
#1664 = CARTESIAN_POINT('',(-56.90325418511,28.430513757077,145.));
#1665 = CARTESIAN_POINT('',(-56.61528443933,28.991985065674,145.));
#1666 = CARTESIAN_POINT('',(-56.28377490603,29.529999073828,145.));
#1667 = CARTESIAN_POINT('',(-55.91116858792,30.040412801462,145.));
#1668 = CARTESIAN_POINT('',(-55.50037627032,30.519397431853,145.));
#1669 = CARTESIAN_POINT('',(-54.60936221012,31.40761667658,145.));
#1670 = CARTESIAN_POINT('',(-54.12908940329,31.816902194946,145.));
#1671 = CARTESIAN_POINT('',(-53.617507619,32.187903165121,145.));
#1672 = CARTESIAN_POINT('',(-53.0784547997,32.517720844814,145.));
#1673 = CARTESIAN_POINT('',(-52.51608157959,32.80392525837,145.));
#1674 = CARTESIAN_POINT('',(-51.35140610492,33.286349638447,145.));
#1675 = CARTESIAN_POINT('',(-50.74888502889,33.482231602796,145.));
#1676 = CARTESIAN_POINT('',(-50.13191768001,33.630395615532,145.));
#1677 = CARTESIAN_POINT('',(-49.50521425024,33.729613038443,145.));
#1678 = CARTESIAN_POINT('',(-48.87359656636,33.779216584043,145.));
#1679 = CARTESIAN_POINT('',(-48.24201567102,33.779216584043,145.));
#1680 = B_SPLINE_SURFACE_WITH_KNOTS('',8,2,(
    (#1681,#1682,#1683)
    ,(#1684,#1685,#1686)
    ,(#1687,#1688,#1689)
    ,(#1690,#1691,#1692)
    ,(#1693,#1694,#1695)
    ,(#1696,#1697,#1698)
    ,(#1699,#1700,#1701)
    ,(#1702,#1703,#1704)
    ,(#1705,#1706,#1707
  )),.UNSPECIFIED.,.F.,.F.,.F.,(9,9),(3,3),(5.,6.),(0.,1.),
  .PIECEWISE_BEZIER_KNOTS.);
#1681 = CARTESIAN_POINT('',(-45.,31.65,121.));
#1682 = CARTESIAN_POINT('',(-53.44563377114,37.117429954764,
    154.73567244485));
#1683 = CARTESIAN_POINT('',(-40.,28.65,187.));
#1684 = CARTESIAN_POINT('',(-46.89477306919,31.65,121.));
#1685 = CARTESIAN_POINT('',(-55.34040684034,37.117429954764,
    154.73567244485));
#1686 = CARTESIAN_POINT('',(-41.89477306919,28.65,187.));
#1687 = CARTESIAN_POINT('',(-48.78954673481,31.224813386525,121.));
#1688 = CARTESIAN_POINT('',(-57.23518050596,36.692243341289,
    154.73567244485));
#1689 = CARTESIAN_POINT('',(-43.78954673481,28.224813386525,187.));
#1690 = CARTESIAN_POINT('',(-50.57300271133,30.374444335659,121.));
#1691 = CARTESIAN_POINT('',(-59.01863648248,35.841874290424,
    154.73567244485));
#1692 = CARTESIAN_POINT('',(-45.57300271133,27.374444335659,187.));
#1693 = CARTESIAN_POINT('',(-52.13384699327,29.133846993276,121.));
#1694 = CARTESIAN_POINT('',(-60.57948076441,34.60127694804,
    154.73567244485));
#1695 = CARTESIAN_POINT('',(-47.13384699327,26.133846993276,187.));
#1696 = CARTESIAN_POINT('',(-53.37444433566,27.573002711333,121.));
#1697 = CARTESIAN_POINT('',(-61.8200781068,33.040432666098,
    154.73567244485));
#1698 = CARTESIAN_POINT('',(-48.37444433565,24.573002711333,187.));
#1699 = CARTESIAN_POINT('',(-54.22481338652,25.789546734816,121.));
#1700 = CARTESIAN_POINT('',(-62.67044715766,31.25697668958,
    154.73567244485));
#1701 = CARTESIAN_POINT('',(-49.22481338652,22.789546734816,187.));
#1702 = CARTESIAN_POINT('',(-54.65,23.894773069196,121.));
#1703 = CARTESIAN_POINT('',(-63.09563377114,29.362203023961,
    154.73567244485));
#1704 = CARTESIAN_POINT('',(-49.65,20.894773069196,187.));
#1705 = CARTESIAN_POINT('',(-54.65,22.,121.));
#1706 = CARTESIAN_POINT('',(-63.09563377114,27.467429954764,
    154.73567244485));
#1707 = CARTESIAN_POINT('',(-49.65,19.,187.));
#1708 = ADVANCED_FACE('',(#1709),#1729,.F.);
#1709 = FACE_BOUND('',#1710,.F.);
#1710 = EDGE_LOOP('',(#1711,#1712,#1713,#1721));
#1711 = ORIENTED_EDGE('',*,*,#1648,.F.);
#1712 = ORIENTED_EDGE('',*,*,#510,.F.);
#1713 = ORIENTED_EDGE('',*,*,#1714,.T.);
#1714 = EDGE_CURVE('',#484,#1715,#1717,.T.);
#1715 = VERTEX_POINT('',#1716);
#1716 = CARTESIAN_POINT('',(-57.89201567102,-24.12921658404,145.));
#1717 = B_SPLINE_CURVE_WITH_KNOTS('',2,(#1718,#1719,#1720),
  .UNSPECIFIED.,.F.,.F.,(3,3),(0.,1.),.PIECEWISE_BEZIER_KNOTS.);
#1718 = CARTESIAN_POINT('',(-54.65,-22.,121.));
#1719 = CARTESIAN_POINT('',(-63.09563377114,-27.46742995476,
    154.73567244485));
#1720 = CARTESIAN_POINT('',(-49.65,-19.,187.));
#1721 = ORIENTED_EDGE('',*,*,#1722,.T.);
#1722 = EDGE_CURVE('',#1715,#1649,#1723,.T.);
#1723 = B_SPLINE_CURVE_WITH_KNOTS('',4,(#1724,#1725,#1726,#1727,#1728),
  .UNSPECIFIED.,.F.,.F.,(5,5),(0.,1.),.PIECEWISE_BEZIER_KNOTS.);
#1724 = CARTESIAN_POINT('',(-57.89201567102,-24.12921658404,145.));
#1725 = CARTESIAN_POINT('',(-57.89201567102,-12.06460829202,145.));
#1726 = CARTESIAN_POINT('',(-57.89201567102,1.421E-14,145.));
#1727 = CARTESIAN_POINT('',(-57.89201567102,12.064608292021,145.));
#1728 = CARTESIAN_POINT('',(-57.89201567102,24.129216584043,145.));
#1729 = B_SPLINE_SURFACE_WITH_KNOTS('',8,2,(
    (#1730,#1731,#1732)
    ,(#1733,#1734,#1735)
    ,(#1736,#1737,#1738)
    ,(#1739,#1740,#1741)
    ,(#1742,#1743,#1744)
    ,(#1745,#1746,#1747)
    ,(#1748,#1749,#1750)
    ,(#1751,#1752,#1753)
    ,(#1754,#1755,#1756
  )),.UNSPECIFIED.,.F.,.F.,.F.,(9,9),(3,3),(6.,7.),(0.,1.),
  .PIECEWISE_BEZIER_KNOTS.);
#1730 = CARTESIAN_POINT('',(-54.65,22.,121.));
#1731 = CARTESIAN_POINT('',(-63.09563377114,27.467429954764,
    154.73567244485));
#1732 = CARTESIAN_POINT('',(-49.65,19.,187.));
#1733 = CARTESIAN_POINT('',(-54.65,16.5,121.));
#1734 = CARTESIAN_POINT('',(-63.09563377114,20.600572466073,
    154.73567244485));
#1735 = CARTESIAN_POINT('',(-49.65,14.25,187.));
#1736 = CARTESIAN_POINT('',(-54.65,11.,121.));
#1737 = CARTESIAN_POINT('',(-63.09563377114,13.733714977382,
    154.73567244485));
#1738 = CARTESIAN_POINT('',(-49.65,9.5,187.));
#1739 = CARTESIAN_POINT('',(-54.65,5.5,121.));
#1740 = CARTESIAN_POINT('',(-63.09563377114,6.866857488691,
    154.73567244485));
#1741 = CARTESIAN_POINT('',(-49.65,4.75,187.));
#1742 = CARTESIAN_POINT('',(-54.65,0.,121.));
#1743 = CARTESIAN_POINT('',(-63.09563377114,-7.105427357601E-15,
    154.73567244485));
#1744 = CARTESIAN_POINT('',(-49.65,-1.42108547152E-14,187.));
#1745 = CARTESIAN_POINT('',(-54.65,-5.5,121.));
#1746 = CARTESIAN_POINT('',(-63.09563377114,-6.866857488691,
    154.73567244485));
#1747 = CARTESIAN_POINT('',(-49.65,-4.75,187.));
#1748 = CARTESIAN_POINT('',(-54.65,-11.,121.));
#1749 = CARTESIAN_POINT('',(-63.09563377114,-13.73371497738,
    154.73567244485));
#1750 = CARTESIAN_POINT('',(-49.65,-9.5,187.));
#1751 = CARTESIAN_POINT('',(-54.65,-16.5,121.));
#1752 = CARTESIAN_POINT('',(-63.09563377114,-20.60057246607,
    154.73567244485));
#1753 = CARTESIAN_POINT('',(-49.65,-14.25,187.));
#1754 = CARTESIAN_POINT('',(-54.65,-22.,121.));
#1755 = CARTESIAN_POINT('',(-63.09563377114,-27.46742995476,
    154.73567244485));
#1756 = CARTESIAN_POINT('',(-49.65,-19.,187.));
#1757 = ADVANCED_FACE('',(#1758),#1795,.F.);
#1758 = FACE_BOUND('',#1759,.F.);
#1759 = EDGE_LOOP('',(#1760,#1761,#1762,#1770));
#1760 = ORIENTED_EDGE('',*,*,#1714,.F.);
#1761 = ORIENTED_EDGE('',*,*,#483,.F.);
#1762 = ORIENTED_EDGE('',*,*,#1763,.T.);
#1763 = EDGE_CURVE('',#474,#1764,#1766,.T.);
#1764 = VERTEX_POINT('',#1765);
#1765 = CARTESIAN_POINT('',(-48.24201567102,-33.77921658404,145.));
#1766 = B_SPLINE_CURVE_WITH_KNOTS('',2,(#1767,#1768,#1769),
  .UNSPECIFIED.,.F.,.F.,(3,3),(0.,1.),.PIECEWISE_BEZIER_KNOTS.);
#1767 = CARTESIAN_POINT('',(-45.,-31.65,121.));
#1768 = CARTESIAN_POINT('',(-53.44563377114,-37.11742995476,
    154.73567244485));
#1769 = CARTESIAN_POINT('',(-40.,-28.65,187.));
#1770 = ORIENTED_EDGE('',*,*,#1771,.T.);
#1771 = EDGE_CURVE('',#1764,#1715,#1772,.T.);
#1772 = B_SPLINE_CURVE_WITH_KNOTS('',6,(#1773,#1774,#1775,#1776,#1777,
    #1778,#1779,#1780,#1781,#1782,#1783,#1784,#1785,#1786,#1787,#1788,
    #1789,#1790,#1791,#1792,#1793,#1794),.UNSPECIFIED.,.F.,.F.,(7,5,5,5,
    7),(0.,0.251999871623,0.500999935416,0.749999999271,1.),
  .UNSPECIFIED.);
#1773 = CARTESIAN_POINT('',(-48.24201567102,-33.77921658404,145.));
#1774 = CARTESIAN_POINT('',(-48.87864888708,-33.77921658404,145.));
#1775 = CARTESIAN_POINT('',(-49.51532037852,-33.72881625715,145.));
#1776 = CARTESIAN_POINT('',(-50.14695798626,-33.62800476854,145.));
#1777 = CARTESIAN_POINT('',(-50.76862409844,-33.47747149198,145.));
#1778 = CARTESIAN_POINT('',(-51.37549705665,-33.27848412189,145.));
#1779 = CARTESIAN_POINT('',(-52.54331284406,-32.79045509812,145.));
#1780 = CARTESIAN_POINT('',(-53.10478415266,-32.50248535235,145.));
#1781 = CARTESIAN_POINT('',(-53.64279816081,-32.17097581904,145.));
#1782 = CARTESIAN_POINT('',(-54.15321188844,-31.79836950093,145.));
#1783 = CARTESIAN_POINT('',(-54.63219651883,-31.38757718333,145.));
#1784 = CARTESIAN_POINT('',(-55.52041576356,-30.49656312313,145.));
#1785 = CARTESIAN_POINT('',(-55.92970128193,-30.0162903163,145.));
#1786 = CARTESIAN_POINT('',(-56.3007022521,-29.50470853202,145.));
#1787 = CARTESIAN_POINT('',(-56.63051993179,-28.96565571272,145.));
#1788 = CARTESIAN_POINT('',(-56.91672434535,-28.4032824926,145.));
#1789 = CARTESIAN_POINT('',(-57.39914872543,-27.23860701793,145.));
#1790 = CARTESIAN_POINT('',(-57.59503068978,-26.6360859419,145.));
#1791 = CARTESIAN_POINT('',(-57.74319470251,-26.01911859303,145.));
#1792 = CARTESIAN_POINT('',(-57.84241212542,-25.39241516325,145.));
#1793 = CARTESIAN_POINT('',(-57.89201567102,-24.76079747938,145.));
#1794 = CARTESIAN_POINT('',(-57.89201567102,-24.12921658404,145.));
#1795 = B_SPLINE_SURFACE_WITH_KNOTS('',8,2,(
    (#1796,#1797,#1798)
    ,(#1799,#1800,#1801)
    ,(#1802,#1803,#1804)
    ,(#1805,#1806,#1807)
    ,(#1808,#1809,#1810)
    ,(#1811,#1812,#1813)
    ,(#1814,#1815,#1816)
    ,(#1817,#1818,#1819)
    ,(#1820,#1821,#1822
  )),.UNSPECIFIED.,.F.,.F.,.F.,(9,9),(3,3),(7.,8.),(0.,1.),
  .PIECEWISE_BEZIER_KNOTS.);
#1796 = CARTESIAN_POINT('',(-54.65,-22.,121.));
#1797 = CARTESIAN_POINT('',(-63.09563377114,-27.46742995476,
    154.73567244485));
#1798 = CARTESIAN_POINT('',(-49.65,-19.,187.));
#1799 = CARTESIAN_POINT('',(-54.65,-23.89477306919,121.));
#1800 = CARTESIAN_POINT('',(-63.09563377114,-29.36220302396,
    154.73567244485));
#1801 = CARTESIAN_POINT('',(-49.65,-20.89477306919,187.));
#1802 = CARTESIAN_POINT('',(-54.22481338652,-25.78954673481,121.));
#1803 = CARTESIAN_POINT('',(-62.67044715766,-31.25697668957,
    154.73567244485));
#1804 = CARTESIAN_POINT('',(-49.22481338652,-22.78954673481,187.));
#1805 = CARTESIAN_POINT('',(-53.37444433566,-27.57300271133,121.));
#1806 = CARTESIAN_POINT('',(-61.8200781068,-33.04043266609,
    154.73567244485));
#1807 = CARTESIAN_POINT('',(-48.37444433565,-24.57300271133,187.));
#1808 = CARTESIAN_POINT('',(-52.13384699327,-29.13384699327,121.));
#1809 = CARTESIAN_POINT('',(-60.57948076442,-34.60127694803,
    154.73567244485));
#1810 = CARTESIAN_POINT('',(-47.13384699327,-26.13384699327,187.));
#1811 = CARTESIAN_POINT('',(-50.57300271133,-30.37444433566,121.));
#1812 = CARTESIAN_POINT('',(-59.01863648247,-35.84187429042,
    154.73567244485));
#1813 = CARTESIAN_POINT('',(-45.57300271133,-27.37444433566,187.));
#1814 = CARTESIAN_POINT('',(-48.78954673481,-31.22481338652,121.));
#1815 = CARTESIAN_POINT('',(-57.23518050596,-36.69224334128,
    154.73567244485));
#1816 = CARTESIAN_POINT('',(-43.78954673481,-28.22481338652,187.));
#1817 = CARTESIAN_POINT('',(-46.89477306919,-31.65,121.));
#1818 = CARTESIAN_POINT('',(-55.34040684034,-37.11742995476,
    154.73567244485));
#1819 = CARTESIAN_POINT('',(-41.89477306919,-28.65,187.));
#1820 = CARTESIAN_POINT('',(-45.,-31.65,121.));
#1821 = CARTESIAN_POINT('',(-53.44563377114,-37.11742995476,
    154.73567244485));
#1822 = CARTESIAN_POINT('',(-40.,-28.65,187.));
#1823 = ADVANCED_FACE('',(#1824,#1837),#1841,.F.);
#1824 = FACE_BOUND('',#1825,.F.);
#1825 = EDGE_LOOP('',(#1826,#1827,#1828,#1829));
#1826 = ORIENTED_EDGE('',*,*,#1763,.F.);
#1827 = ORIENTED_EDGE('',*,*,#473,.F.);
#1828 = ORIENTED_EDGE('',*,*,#1377,.T.);
#1829 = ORIENTED_EDGE('',*,*,#1830,.T.);
#1830 = EDGE_CURVE('',#1378,#1764,#1831,.T.);
#1831 = B_SPLINE_CURVE_WITH_KNOTS('',4,(#1832,#1833,#1834,#1835,#1836),
  .UNSPECIFIED.,.F.,.F.,(5,5),(0.,1.),.PIECEWISE_BEZIER_KNOTS.);
#1832 = CARTESIAN_POINT('',(-14.11883569896,-33.77921658404,145.));
#1833 = CARTESIAN_POINT('',(-22.64963069198,-33.77921658404,145.));
#1834 = CARTESIAN_POINT('',(-31.18042568499,-33.77921658404,145.));
#1835 = CARTESIAN_POINT('',(-39.71122067801,-33.77921658404,145.));
#1836 = CARTESIAN_POINT('',(-48.24201567102,-33.77921658404,145.));
#1837 = FACE_BOUND('',#1838,.F.);
#1838 = EDGE_LOOP('',(#1839,#1840));
#1839 = ORIENTED_EDGE('',*,*,#1463,.T.);
#1840 = ORIENTED_EDGE('',*,*,#1482,.T.);
#1841 = B_SPLINE_SURFACE_WITH_KNOTS('',8,2,(
    (#1842,#1843,#1844)
    ,(#1845,#1846,#1847)
    ,(#1848,#1849,#1850)
    ,(#1851,#1852,#1853)
    ,(#1854,#1855,#1856)
    ,(#1857,#1858,#1859)
    ,(#1860,#1861,#1862)
    ,(#1863,#1864,#1865)
    ,(#1866,#1867,#1868
  )),.UNSPECIFIED.,.F.,.F.,.F.,(9,9),(3,3),(0.,1.),(0.,1.),
  .PIECEWISE_BEZIER_KNOTS.);
#1842 = CARTESIAN_POINT('',(-45.,-31.65,121.));
#1843 = CARTESIAN_POINT('',(-53.44563377114,-37.11742995476,
    154.73567244485));
#1844 = CARTESIAN_POINT('',(-40.,-28.65,187.));
#1845 = CARTESIAN_POINT('',(-34.25,-31.65,121.));
#1846 = CARTESIAN_POINT('',(-40.9565008054,-37.11742995476,
    154.73567244485));
#1847 = CARTESIAN_POINT('',(-30.25,-28.65,187.));
#1848 = CARTESIAN_POINT('',(-23.5,-31.65,121.));
#1849 = CARTESIAN_POINT('',(-28.46736783966,-37.11742995476,
    154.73567244485));
#1850 = CARTESIAN_POINT('',(-20.5,-28.65,187.));
#1851 = CARTESIAN_POINT('',(-12.75,-31.65,121.));
#1852 = CARTESIAN_POINT('',(-15.97823487392,-37.11742995476,
    154.73567244485));
#1853 = CARTESIAN_POINT('',(-10.75,-28.65,187.));
#1854 = CARTESIAN_POINT('',(-2.,-31.65,121.));
#1855 = CARTESIAN_POINT('',(-3.489101908191,-37.11742995476,
    154.73567244485));
#1856 = CARTESIAN_POINT('',(-1.,-28.65,187.));
#1857 = CARTESIAN_POINT('',(8.75,-31.65,121.));
#1858 = CARTESIAN_POINT('',(9.000031057548,-37.11742995476,
    154.73567244485));
#1859 = CARTESIAN_POINT('',(8.75,-28.65,187.));
#1860 = CARTESIAN_POINT('',(19.5,-31.65,121.));
#1861 = CARTESIAN_POINT('',(21.489164023287,-37.11742995476,
    154.73567244485));
#1862 = CARTESIAN_POINT('',(18.5,-28.65,187.));
#1863 = CARTESIAN_POINT('',(30.25,-31.65,121.));
#1864 = CARTESIAN_POINT('',(33.978296989026,-37.11742995476,
    154.73567244485));
#1865 = CARTESIAN_POINT('',(28.25,-28.65,187.));
#1866 = CARTESIAN_POINT('',(41.,-31.65,121.));
#1867 = CARTESIAN_POINT('',(46.467429954764,-37.11742995476,
    154.73567244485));
#1868 = CARTESIAN_POINT('',(38.,-28.65,187.));
#1869 = ADVANCED_FACE('',(#1870),#1883,.F.);
#1870 = FACE_BOUND('',#1871,.T.);
#1871 = EDGE_LOOP('',(#1872,#1873,#1879,#1880,#1881,#1882));
#1872 = ORIENTED_EDGE('',*,*,#1598,.T.);
#1873 = ORIENTED_EDGE('',*,*,#1874,.T.);
#1874 = EDGE_CURVE('',#1554,#675,#1875,.T.);
#1875 = LINE('',#1876,#1877);
#1876 = CARTESIAN_POINT('',(-28.85,31.,140.));
#1877 = VECTOR('',#1878,1.);
#1878 = DIRECTION('',(0.,1.,2.2E-16));
#1879 = ORIENTED_EDGE('',*,*,#719,.F.);
#1880 = ORIENTED_EDGE('',*,*,#674,.F.);
#1881 = ORIENTED_EDGE('',*,*,#1874,.F.);
#1882 = ORIENTED_EDGE('',*,*,#1553,.T.);
#1883 = CYLINDRICAL_SURFACE('',#1884,1.15);
#1884 = AXIS2_PLACEMENT_3D('',#1885,#1886,#1887);
#1885 = CARTESIAN_POINT('',(-30.,31.,140.));
#1886 = DIRECTION('',(-0.,-1.,-2.2E-16));
#1887 = DIRECTION('',(1.,0.,0.));
#1888 = ADVANCED_FACE('',(#1889),#1977,.T.);
#1889 = FACE_BOUND('',#1890,.T.);
#1890 = EDGE_LOOP('',(#1891,#1892,#1893,#1894,#1908,#1922,#1936,#1950,
    #1962,#1963,#1964,#1965));
#1891 = ORIENTED_EDGE('',*,*,#1174,.T.);
#1892 = ORIENTED_EDGE('',*,*,#1332,.T.);
#1893 = ORIENTED_EDGE('',*,*,#1438,.T.);
#1894 = ORIENTED_EDGE('',*,*,#1895,.F.);
#1895 = EDGE_CURVE('',#1896,#1408,#1898,.T.);
#1896 = VERTEX_POINT('',#1897);
#1897 = CARTESIAN_POINT('',(-38.,-19.9,178.));
#1898 = B_SPLINE_CURVE_WITH_KNOTS('',8,(#1899,#1900,#1901,#1902,#1903,
    #1904,#1905,#1906,#1907),.UNSPECIFIED.,.F.,.F.,(9,9),(0.,1.),
  .PIECEWISE_BEZIER_KNOTS.);
#1899 = CARTESIAN_POINT('',(-38.,-19.9,178.));
#1900 = CARTESIAN_POINT('',(-32.2375,-19.9,178.));
#1901 = CARTESIAN_POINT('',(-26.475,-19.9,178.));
#1902 = CARTESIAN_POINT('',(-20.7125,-19.9,178.));
#1903 = CARTESIAN_POINT('',(-14.95,-19.9,178.));
#1904 = CARTESIAN_POINT('',(-9.1875,-19.9,178.));
#1905 = CARTESIAN_POINT('',(-3.425,-19.9,178.));
#1906 = CARTESIAN_POINT('',(2.3375,-19.9,178.));
#1907 = CARTESIAN_POINT('',(8.1,-19.9,178.));
#1908 = ORIENTED_EDGE('',*,*,#1909,.F.);
#1909 = EDGE_CURVE('',#1910,#1896,#1912,.T.);
#1910 = VERTEX_POINT('',#1911);
#1911 = CARTESIAN_POINT('',(-46.9,-11.,178.));
#1912 = B_SPLINE_CURVE_WITH_KNOTS('',8,(#1913,#1914,#1915,#1916,#1917,
    #1918,#1919,#1920,#1921),.UNSPECIFIED.,.F.,.F.,(9,9),(7.,8.),
  .PIECEWISE_BEZIER_KNOTS.);
#1913 = CARTESIAN_POINT('',(-46.9,-11.,178.));
#1914 = CARTESIAN_POINT('',(-46.9,-12.74751091355,178.));
#1915 = CARTESIAN_POINT('',(-46.50785897824,-14.49502237718,178.));
#1916 = CARTESIAN_POINT('',(-45.72358078625,-16.13986778558,178.));
#1917 = CARTESIAN_POINT('',(-44.57940292644,-17.57940292644,178.));
#1918 = CARTESIAN_POINT('',(-43.13986778558,-18.72358078625,178.));
#1919 = CARTESIAN_POINT('',(-41.49502237718,-19.50785897824,178.));
#1920 = CARTESIAN_POINT('',(-39.74751091355,-19.9,178.));
#1921 = CARTESIAN_POINT('',(-38.,-19.9,178.));
#1922 = ORIENTED_EDGE('',*,*,#1923,.F.);
#1923 = EDGE_CURVE('',#1924,#1910,#1926,.T.);
#1924 = VERTEX_POINT('',#1925);
#1925 = CARTESIAN_POINT('',(-46.9,11.,178.));
#1926 = B_SPLINE_CURVE_WITH_KNOTS('',8,(#1927,#1928,#1929,#1930,#1931,
    #1932,#1933,#1934,#1935),.UNSPECIFIED.,.F.,.F.,(9,9),(6.,7.),
  .PIECEWISE_BEZIER_KNOTS.);
#1927 = CARTESIAN_POINT('',(-46.9,11.,178.));
#1928 = CARTESIAN_POINT('',(-46.9,8.25,178.));
#1929 = CARTESIAN_POINT('',(-46.9,5.5,178.));
#1930 = CARTESIAN_POINT('',(-46.9,2.75,178.));
#1931 = CARTESIAN_POINT('',(-46.9,-1.1E-16,178.));
#1932 = CARTESIAN_POINT('',(-46.9,-2.75,178.));
#1933 = CARTESIAN_POINT('',(-46.9,-5.5,178.));
#1934 = CARTESIAN_POINT('',(-46.9,-8.25,178.));
#1935 = CARTESIAN_POINT('',(-46.9,-11.,178.));
#1936 = ORIENTED_EDGE('',*,*,#1937,.F.);
#1937 = EDGE_CURVE('',#1938,#1924,#1940,.T.);
#1938 = VERTEX_POINT('',#1939);
#1939 = CARTESIAN_POINT('',(-38.,19.9,178.));
#1940 = B_SPLINE_CURVE_WITH_KNOTS('',8,(#1941,#1942,#1943,#1944,#1945,
    #1946,#1947,#1948,#1949),.UNSPECIFIED.,.F.,.F.,(9,9),(5.,6.),
  .PIECEWISE_BEZIER_KNOTS.);
#1941 = CARTESIAN_POINT('',(-38.,19.9,178.));
#1942 = CARTESIAN_POINT('',(-39.74751091355,19.9,178.));
#1943 = CARTESIAN_POINT('',(-41.49502237718,19.507858978245,178.));
#1944 = CARTESIAN_POINT('',(-43.13986778558,18.723580786256,178.));
#1945 = CARTESIAN_POINT('',(-44.57940292644,17.579402926441,178.));
#1946 = CARTESIAN_POINT('',(-45.72358078625,16.139867785582,178.));
#1947 = CARTESIAN_POINT('',(-46.50785897824,14.495022377188,178.));
#1948 = CARTESIAN_POINT('',(-46.9,12.747510913559,178.));
#1949 = CARTESIAN_POINT('',(-46.9,11.,178.));
#1950 = ORIENTED_EDGE('',*,*,#1951,.F.);
#1951 = EDGE_CURVE('',#802,#1938,#1952,.T.);
#1952 = B_SPLINE_CURVE_WITH_KNOTS('',8,(#1953,#1954,#1955,#1956,#1957,
    #1958,#1959,#1960,#1961),.UNSPECIFIED.,.F.,.F.,(9,9),(4.,5.),
  .PIECEWISE_BEZIER_KNOTS.);
#1953 = CARTESIAN_POINT('',(8.1,19.9,178.));
#1954 = CARTESIAN_POINT('',(2.3375,19.9,178.));
#1955 = CARTESIAN_POINT('',(-3.425,19.9,178.));
#1956 = CARTESIAN_POINT('',(-9.1875,19.9,178.));
#1957 = CARTESIAN_POINT('',(-14.95,19.9,178.));
#1958 = CARTESIAN_POINT('',(-20.7125,19.9,178.));
#1959 = CARTESIAN_POINT('',(-26.475,19.9,178.));
#1960 = CARTESIAN_POINT('',(-32.2375,19.9,178.));
#1961 = CARTESIAN_POINT('',(-38.,19.9,178.));
#1962 = ORIENTED_EDGE('',*,*,#801,.T.);
#1963 = ORIENTED_EDGE('',*,*,#886,.T.);
#1964 = ORIENTED_EDGE('',*,*,#1048,.T.);
#1965 = ORIENTED_EDGE('',*,*,#1966,.T.);
#1966 = EDGE_CURVE('',#1041,#1175,#1967,.T.);
#1967 = B_SPLINE_CURVE_WITH_KNOTS('',8,(#1968,#1969,#1970,#1971,#1972,
    #1973,#1974,#1975,#1976),.UNSPECIFIED.,.F.,.F.,(9,9),(6.,7.),
  .PIECEWISE_BEZIER_KNOTS.);
#1968 = CARTESIAN_POINT('',(-50.,11.,178.));
#1969 = CARTESIAN_POINT('',(-50.,8.25,178.));
#1970 = CARTESIAN_POINT('',(-50.,5.5,178.));
#1971 = CARTESIAN_POINT('',(-50.,2.75,178.));
#1972 = CARTESIAN_POINT('',(-50.,-6.E-17,178.));
#1973 = CARTESIAN_POINT('',(-50.,-2.75,178.));
#1974 = CARTESIAN_POINT('',(-50.,-5.5,178.));
#1975 = CARTESIAN_POINT('',(-50.,-8.25,178.));
#1976 = CARTESIAN_POINT('',(-50.,-11.,178.));
#1977 = PLANE('',#1978);
#1978 = AXIS2_PLACEMENT_3D('',#1979,#1980,#1981);
#1979 = CARTESIAN_POINT('',(-38.,-23.,178.));
#1980 = DIRECTION('',(0.,0.,1.));
#1981 = DIRECTION('',(0.827682607314,0.561196491035,0.));
#1982 = ADVANCED_FACE('',(#1983),#2007,.F.);
#1983 = FACE_BOUND('',#1984,.F.);
#1984 = EDGE_LOOP('',(#1985,#1986,#2000,#2006));
#1985 = ORIENTED_EDGE('',*,*,#809,.F.);
#1986 = ORIENTED_EDGE('',*,*,#1987,.T.);
#1987 = EDGE_CURVE('',#810,#1988,#1990,.T.);
#1988 = VERTEX_POINT('',#1989);
#1989 = CARTESIAN_POINT('',(-48.05,32.94,145.));
#1990 = B_SPLINE_CURVE_WITH_KNOTS('',8,(#1991,#1992,#1993,#1994,#1995,
    #1996,#1997,#1998,#1999),.UNSPECIFIED.,.F.,.F.,(9,9),(4.,5.),
  .PIECEWISE_BEZIER_KNOTS.);
#1991 = CARTESIAN_POINT('',(43.1,32.94,145.));
#1992 = CARTESIAN_POINT('',(31.70625,32.94,145.));
#1993 = CARTESIAN_POINT('',(20.3125,32.94,145.));
#1994 = CARTESIAN_POINT('',(8.91875,32.94,145.));
#1995 = CARTESIAN_POINT('',(-2.475,32.94,145.));
#1996 = CARTESIAN_POINT('',(-13.86875,32.94,145.));
#1997 = CARTESIAN_POINT('',(-25.2625,32.94,145.));
#1998 = CARTESIAN_POINT('',(-36.65625,32.94,145.));
#1999 = CARTESIAN_POINT('',(-48.05,32.94,145.));
#2000 = ORIENTED_EDGE('',*,*,#2001,.T.);
#2001 = EDGE_CURVE('',#1988,#1938,#2002,.T.);
#2002 = ( BOUNDED_CURVE() B_SPLINE_CURVE(2,(#2003,#2004,#2005),
.UNSPECIFIED.,.F.,.F.) B_SPLINE_CURVE_WITH_KNOTS((3,3),(0.,1.),
.PIECEWISE_BEZIER_KNOTS.) CURVE() GEOMETRIC_REPRESENTATION_ITEM() 
RATIONAL_B_SPLINE_CURVE((1.,1.,1.)) REPRESENTATION_ITEM('') );
#2003 = CARTESIAN_POINT('',(-48.05,32.94,145.));
#2004 = CARTESIAN_POINT('',(-38.7013542817,32.880843551115,
    167.27144096417));
#2005 = CARTESIAN_POINT('',(-38.,19.9,178.));
#2006 = ORIENTED_EDGE('',*,*,#1951,.F.);
#2007 = ( BOUNDED_SURFACE() B_SPLINE_SURFACE(8,2,(
    (#2008,#2009,#2010)
    ,(#2011,#2012,#2013)
    ,(#2014,#2015,#2016)
    ,(#2017,#2018,#2019)
    ,(#2020,#2021,#2022)
    ,(#2023,#2024,#2025)
    ,(#2026,#2027,#2028)
    ,(#2029,#2030,#2031)
    ,(#2032,#2033,#2034
)),.UNSPECIFIED.,.F.,.F.,.F.) B_SPLINE_SURFACE_WITH_KNOTS((9,9),(3,3),(
    4.,5.),(0.,1.),.PIECEWISE_BEZIER_KNOTS.) 
GEOMETRIC_REPRESENTATION_ITEM() RATIONAL_B_SPLINE_SURFACE((
    (1.,1.,1.)
    ,(1.,1.,1.)
    ,(1.,1.,1.)
    ,(1.,1.,1.)
    ,(1.,1.,1.)
    ,(1.,1.,1.)
    ,(1.,1.,1.)
    ,(1.,1.,1.)
,(1.,1.,1.))) REPRESENTATION_ITEM('') SURFACE() );
#2008 = CARTESIAN_POINT('',(43.1,32.94,145.));
#2009 = CARTESIAN_POINT('',(34.019325838309,32.880843551115,
    167.27144096417));
#2010 = CARTESIAN_POINT('',(8.1,19.9,178.));
#2011 = CARTESIAN_POINT('',(31.70625,32.94,145.));
#2012 = CARTESIAN_POINT('',(24.929240823306,32.880843551115,
    167.27144096417));
#2013 = CARTESIAN_POINT('',(2.3375,19.9,178.));
#2014 = CARTESIAN_POINT('',(20.3125,32.94,145.));
#2015 = CARTESIAN_POINT('',(15.839155808304,32.880843551115,
    167.27144096417));
#2016 = CARTESIAN_POINT('',(-3.425,19.9,178.));
#2017 = CARTESIAN_POINT('',(8.91875,32.94,145.));
#2018 = CARTESIAN_POINT('',(6.749070793302,32.880843551115,
    167.27144096417));
#2019 = CARTESIAN_POINT('',(-9.1875,19.9,178.));
#2020 = CARTESIAN_POINT('',(-2.475,32.94,145.));
#2021 = CARTESIAN_POINT('',(-2.3410142217,32.880843551115,
    167.27144096417));
#2022 = CARTESIAN_POINT('',(-14.95,19.9,178.));
#2023 = CARTESIAN_POINT('',(-13.86875,32.94,145.));
#2024 = CARTESIAN_POINT('',(-11.4310992367,32.880843551115,
    167.27144096417));
#2025 = CARTESIAN_POINT('',(-20.7125,19.9,178.));
#2026 = CARTESIAN_POINT('',(-25.2625,32.94,145.));
#2027 = CARTESIAN_POINT('',(-20.5211842517,32.880843551115,
    167.27144096417));
#2028 = CARTESIAN_POINT('',(-26.475,19.9,178.));
#2029 = CARTESIAN_POINT('',(-36.65625,32.94,145.));
#2030 = CARTESIAN_POINT('',(-29.6112692667,32.880843551115,
    167.27144096417));
#2031 = CARTESIAN_POINT('',(-32.2375,19.9,178.));
#2032 = CARTESIAN_POINT('',(-48.05,32.94,145.));
#2033 = CARTESIAN_POINT('',(-38.7013542817,32.880843551115,
    167.27144096417));
#2034 = CARTESIAN_POINT('',(-38.,19.9,178.));
#2035 = ADVANCED_FACE('',(#2036),#2100,.F.);
#2036 = FACE_BOUND('',#2037,.F.);
#2037 = EDGE_LOOP('',(#2038,#2039,#2040,#2054,#2068,#2082,#2094,#2095,
    #2096,#2097,#2098,#2099));
#2038 = ORIENTED_EDGE('',*,*,#1830,.F.);
#2039 = ORIENTED_EDGE('',*,*,#1399,.T.);
#2040 = ORIENTED_EDGE('',*,*,#2041,.F.);
#2041 = EDGE_CURVE('',#2042,#1400,#2044,.T.);
#2042 = VERTEX_POINT('',#2043);
#2043 = CARTESIAN_POINT('',(-48.05,-32.94,145.));
#2044 = B_SPLINE_CURVE_WITH_KNOTS('',8,(#2045,#2046,#2047,#2048,#2049,
    #2050,#2051,#2052,#2053),.UNSPECIFIED.,.F.,.F.,(9,9),(0.,1.),
  .PIECEWISE_BEZIER_KNOTS.);
#2045 = CARTESIAN_POINT('',(-48.05,-32.94,145.));
#2046 = CARTESIAN_POINT('',(-36.65625,-32.94,145.));
#2047 = CARTESIAN_POINT('',(-25.2625,-32.94,145.));
#2048 = CARTESIAN_POINT('',(-13.86875,-32.94,145.));
#2049 = CARTESIAN_POINT('',(-2.475,-32.94,145.));
#2050 = CARTESIAN_POINT('',(8.91875,-32.94,145.));
#2051 = CARTESIAN_POINT('',(20.3125,-32.94,145.));
#2052 = CARTESIAN_POINT('',(31.70625,-32.94,145.));
#2053 = CARTESIAN_POINT('',(43.1,-32.94,145.));
#2054 = ORIENTED_EDGE('',*,*,#2055,.F.);
#2055 = EDGE_CURVE('',#2056,#2042,#2058,.T.);
#2056 = VERTEX_POINT('',#2057);
#2057 = CARTESIAN_POINT('',(-56.95,-24.04,145.));
#2058 = B_SPLINE_CURVE_WITH_KNOTS('',8,(#2059,#2060,#2061,#2062,#2063,
    #2064,#2065,#2066,#2067),.UNSPECIFIED.,.F.,.F.,(9,9),(7.,8.),
  .PIECEWISE_BEZIER_KNOTS.);
#2059 = CARTESIAN_POINT('',(-56.95,-24.04,145.));
#2060 = CARTESIAN_POINT('',(-56.95,-25.78751091355,145.));
#2061 = CARTESIAN_POINT('',(-56.55785897824,-27.53502237718,145.));
#2062 = CARTESIAN_POINT('',(-55.77358078625,-29.17986778558,145.));
#2063 = CARTESIAN_POINT('',(-54.62940292643,-30.61940292644,145.));
#2064 = CARTESIAN_POINT('',(-53.18986778558,-31.76358078625,145.));
#2065 = CARTESIAN_POINT('',(-51.54502237718,-32.54785897824,145.));
#2066 = CARTESIAN_POINT('',(-49.79751091356,-32.94,145.));
#2067 = CARTESIAN_POINT('',(-48.05,-32.94,145.));
#2068 = ORIENTED_EDGE('',*,*,#2069,.F.);
#2069 = EDGE_CURVE('',#2070,#2056,#2072,.T.);
#2070 = VERTEX_POINT('',#2071);
#2071 = CARTESIAN_POINT('',(-56.95,24.04,145.));
#2072 = B_SPLINE_CURVE_WITH_KNOTS('',8,(#2073,#2074,#2075,#2076,#2077,
    #2078,#2079,#2080,#2081),.UNSPECIFIED.,.F.,.F.,(9,9),(6.,7.),
  .PIECEWISE_BEZIER_KNOTS.);
#2073 = CARTESIAN_POINT('',(-56.95,24.04,145.));
#2074 = CARTESIAN_POINT('',(-56.95,18.03,145.));
#2075 = CARTESIAN_POINT('',(-56.95,12.02,145.));
#2076 = CARTESIAN_POINT('',(-56.95,6.01,145.));
#2077 = CARTESIAN_POINT('',(-56.95,0.,145.));
#2078 = CARTESIAN_POINT('',(-56.95,-6.01,145.));
#2079 = CARTESIAN_POINT('',(-56.95,-12.02,145.));
#2080 = CARTESIAN_POINT('',(-56.95,-18.03,145.));
#2081 = CARTESIAN_POINT('',(-56.95,-24.04,145.));
#2082 = ORIENTED_EDGE('',*,*,#2083,.F.);
#2083 = EDGE_CURVE('',#1988,#2070,#2084,.T.);
#2084 = B_SPLINE_CURVE_WITH_KNOTS('',8,(#2085,#2086,#2087,#2088,#2089,
    #2090,#2091,#2092,#2093),.UNSPECIFIED.,.F.,.F.,(9,9),(5.,6.),
  .PIECEWISE_BEZIER_KNOTS.);
#2085 = CARTESIAN_POINT('',(-48.05,32.94,145.));
#2086 = CARTESIAN_POINT('',(-49.79751091355,32.94,145.));
#2087 = CARTESIAN_POINT('',(-51.54502237718,32.547858978245,145.));
#2088 = CARTESIAN_POINT('',(-53.18986778558,31.763580786256,145.));
#2089 = CARTESIAN_POINT('',(-54.62940292644,30.619402926441,145.));
#2090 = CARTESIAN_POINT('',(-55.77358078625,29.179867785582,145.));
#2091 = CARTESIAN_POINT('',(-56.55785897824,27.535022377187,145.));
#2092 = CARTESIAN_POINT('',(-56.95,25.787510913559,145.));
#2093 = CARTESIAN_POINT('',(-56.95,24.04,145.));
#2094 = ORIENTED_EDGE('',*,*,#1987,.F.);
#2095 = ORIENTED_EDGE('',*,*,#840,.T.);
#2096 = ORIENTED_EDGE('',*,*,#1543,.F.);
#2097 = ORIENTED_EDGE('',*,*,#1656,.F.);
#2098 = ORIENTED_EDGE('',*,*,#1722,.F.);
#2099 = ORIENTED_EDGE('',*,*,#1771,.F.);
#2100 = PLANE('',#2101);
#2101 = AXIS2_PLACEMENT_3D('',#2102,#2103,#2104);
#2102 = CARTESIAN_POINT('',(-48.05,-36.04,145.));
#2103 = DIRECTION('',(0.,0.,1.));
#2104 = DIRECTION('',(0.834599528292,0.550857175114,0.));
#2105 = ADVANCED_FACE('',(#2106),#2119,.T.);
#2106 = FACE_BOUND('',#2107,.T.);
#2107 = EDGE_LOOP('',(#2108,#2109,#2117,#2118));
#2108 = ORIENTED_EDGE('',*,*,#1040,.F.);
#2109 = ORIENTED_EDGE('',*,*,#2110,.F.);
#2110 = EDGE_CURVE('',#1189,#1014,#2111,.T.);
#2111 = B_SPLINE_CURVE_WITH_KNOTS('',4,(#2112,#2113,#2114,#2115,#2116),
  .UNSPECIFIED.,.F.,.F.,(5,5),(0.,1.),.PIECEWISE_BEZIER_KNOTS.);
#2112 = CARTESIAN_POINT('',(-50.72515637534,-11.48067573571,177.));
#2113 = CARTESIAN_POINT('',(-50.72515637534,-5.740337867857,177.));
#2114 = CARTESIAN_POINT('',(-50.72515637534,-9.237E-14,177.));
#2115 = CARTESIAN_POINT('',(-50.72515637534,5.740337867857,177.));
#2116 = CARTESIAN_POINT('',(-50.72515637534,11.480675735714,177.));
#2117 = ORIENTED_EDGE('',*,*,#1188,.T.);
#2118 = ORIENTED_EDGE('',*,*,#1966,.F.);
#2119 = ( BOUNDED_SURFACE() B_SPLINE_SURFACE(8,2,(
    (#2120,#2121,#2122)
    ,(#2123,#2124,#2125)
    ,(#2126,#2127,#2128)
    ,(#2129,#2130,#2131)
    ,(#2132,#2133,#2134)
    ,(#2135,#2136,#2137)
    ,(#2138,#2139,#2140)
    ,(#2141,#2142,#2143)
    ,(#2144,#2145,#2146
)),.UNSPECIFIED.,.F.,.F.,.F.) B_SPLINE_SURFACE_WITH_KNOTS((9,9),(3,3),(
    6.,7.),(0.,1.),.PIECEWISE_BEZIER_KNOTS.) 
GEOMETRIC_REPRESENTATION_ITEM() RATIONAL_B_SPLINE_SURFACE((
    (1.,1.,1.)
    ,(1.,1.,1.)
    ,(1.,1.,1.)
    ,(1.,1.,1.)
    ,(1.,1.,1.)
    ,(1.,1.,1.)
    ,(1.,1.,1.)
    ,(1.,1.,1.)
,(1.,1.,1.))) REPRESENTATION_ITEM('') SURFACE() );
#2120 = CARTESIAN_POINT('',(-60.05,24.04,145.));
#2121 = CARTESIAN_POINT('',(-58.50008156852,16.489565769959,
    166.71276105271));
#2122 = CARTESIAN_POINT('',(-50.,11.,178.));
#2123 = CARTESIAN_POINT('',(-60.05,18.03,145.));
#2124 = CARTESIAN_POINT('',(-58.50008156852,12.367174327469,
    166.71276105271));
#2125 = CARTESIAN_POINT('',(-50.,8.25,178.));
#2126 = CARTESIAN_POINT('',(-60.05,12.02,145.));
#2127 = CARTESIAN_POINT('',(-58.50008156852,8.24478288498,
    166.71276105271));
#2128 = CARTESIAN_POINT('',(-50.,5.5,178.));
#2129 = CARTESIAN_POINT('',(-60.05,6.01,145.));
#2130 = CARTESIAN_POINT('',(-58.50008156852,4.12239144249,
    166.71276105271));
#2131 = CARTESIAN_POINT('',(-50.,2.75,178.));
#2132 = CARTESIAN_POINT('',(-60.05,0.,145.));
#2133 = CARTESIAN_POINT('',(-58.50008156852,2.9E-16,166.71276105271));
#2134 = CARTESIAN_POINT('',(-50.,-6.E-17,178.));
#2135 = CARTESIAN_POINT('',(-60.05,-6.01,145.));
#2136 = CARTESIAN_POINT('',(-58.50008156852,-4.12239144249,
    166.71276105271));
#2137 = CARTESIAN_POINT('',(-50.,-2.75,178.));
#2138 = CARTESIAN_POINT('',(-60.05,-12.02,145.));
#2139 = CARTESIAN_POINT('',(-58.50008156852,-8.24478288498,
    166.71276105271));
#2140 = CARTESIAN_POINT('',(-50.,-5.5,178.));
#2141 = CARTESIAN_POINT('',(-60.05,-18.03,145.));
#2142 = CARTESIAN_POINT('',(-58.50008156852,-12.36717432746,
    166.71276105271));
#2143 = CARTESIAN_POINT('',(-50.,-8.25,178.));
#2144 = CARTESIAN_POINT('',(-60.05,-24.04,145.));
#2145 = CARTESIAN_POINT('',(-58.50008156852,-16.48956576995,
    166.71276105271));
#2146 = CARTESIAN_POINT('',(-50.,-11.,178.));
#2147 = ADVANCED_FACE('',(#2148),#2159,.F.);
#2148 = FACE_BOUND('',#2149,.F.);
#2149 = EDGE_LOOP('',(#2150,#2156,#2157,#2158));
#2150 = ORIENTED_EDGE('',*,*,#2151,.T.);
#2151 = EDGE_CURVE('',#1197,#982,#2152,.T.);
#2152 = LINE('',#2153,#2154);
#2153 = CARTESIAN_POINT('',(-50.,-18.,177.));
#2154 = VECTOR('',#2155,1.);
#2155 = DIRECTION('',(0.,1.,0.));
#2156 = ORIENTED_EDGE('',*,*,#1013,.F.);
#2157 = ORIENTED_EDGE('',*,*,#2110,.F.);
#2158 = ORIENTED_EDGE('',*,*,#1196,.F.);
#2159 = PLANE('',#2160);
#2160 = AXIS2_PLACEMENT_3D('',#2161,#2162,#2163);
#2161 = CARTESIAN_POINT('',(-70.,-18.,177.));
#2162 = DIRECTION('',(0.,0.,1.));
#2163 = DIRECTION('',(1.,0.,0.));
#2164 = ADVANCED_FACE('',(#2165),#2222,.F.);
#2165 = FACE_BOUND('',#2166,.F.);
#2166 = EDGE_LOOP('',(#2167,#2175,#2189,#2199,#2213,#2219,#2220,#2221));
#2167 = ORIENTED_EDGE('',*,*,#2168,.F.);
#2168 = EDGE_CURVE('',#2169,#1214,#2171,.T.);
#2169 = VERTEX_POINT('',#2170);
#2170 = CARTESIAN_POINT('',(-50.,-18.,171.76977149872));
#2171 = LINE('',#2172,#2173);
#2172 = CARTESIAN_POINT('',(-50.,-18.,151.));
#2173 = VECTOR('',#2174,1.);
#2174 = DIRECTION('',(0.,0.,1.));
#2175 = ORIENTED_EDGE('',*,*,#2176,.T.);
#2176 = EDGE_CURVE('',#2169,#2177,#2179,.T.);
#2177 = VERTEX_POINT('',#2178);
#2178 = CARTESIAN_POINT('',(-50.,-13.22051499828,173.22793662134));
#2179 = B_SPLINE_CURVE_WITH_KNOTS('',8,(#2180,#2181,#2182,#2183,#2184,
    #2185,#2186,#2187,#2188),.UNSPECIFIED.,.F.,.F.,(9,9),(0.,1.),
  .PIECEWISE_BEZIER_KNOTS.);
#2180 = CARTESIAN_POINT('',(-50.,-18.,171.76977149872));
#2181 = CARTESIAN_POINT('',(-50.,-17.44809767102,172.07839322664));
#2182 = CARTESIAN_POINT('',(-50.,-16.88405019462,172.36089036318));
#2183 = CARTESIAN_POINT('',(-50.,-16.3054386786,172.6153092052));
#2184 = CARTESIAN_POINT('',(-50.,-15.71138510854,172.83712690034));
#2185 = CARTESIAN_POINT('',(-50.,-15.10264533895,173.01962087782));
#2186 = CARTESIAN_POINT('',(-50.,-14.48161132115,173.15362022853));
#2187 = CARTESIAN_POINT('',(-50.,-13.8523905009,173.22793662134));
#2188 = CARTESIAN_POINT('',(-50.,-13.22051499828,173.22793662134));
#2189 = ORIENTED_EDGE('',*,*,#2190,.T.);
#2190 = EDGE_CURVE('',#2177,#2191,#2193,.T.);
#2191 = VERTEX_POINT('',#2192);
#2192 = CARTESIAN_POINT('',(-50.,13.220514998285,173.22793662134));
#2193 = B_SPLINE_CURVE_WITH_KNOTS('',4,(#2194,#2195,#2196,#2197,#2198),
  .UNSPECIFIED.,.F.,.F.,(5,5),(0.,1.),.PIECEWISE_BEZIER_KNOTS.);
#2194 = CARTESIAN_POINT('',(-50.,-13.22051499828,173.22793662134));
#2195 = CARTESIAN_POINT('',(-50.,-6.610257499142,173.22793662134));
#2196 = CARTESIAN_POINT('',(-50.,7.816E-14,173.22793662134));
#2197 = CARTESIAN_POINT('',(-50.,6.610257499142,173.22793662134));
#2198 = CARTESIAN_POINT('',(-50.,13.220514998285,173.22793662134));
#2199 = ORIENTED_EDGE('',*,*,#2200,.F.);
#2200 = EDGE_CURVE('',#2201,#2191,#2203,.T.);
#2201 = VERTEX_POINT('',#2202);
#2202 = CARTESIAN_POINT('',(-50.,18.,171.76977149872));
#2203 = B_SPLINE_CURVE_WITH_KNOTS('',8,(#2204,#2205,#2206,#2207,#2208,
    #2209,#2210,#2211,#2212),.UNSPECIFIED.,.F.,.F.,(9,9),(0.,1.),
  .PIECEWISE_BEZIER_KNOTS.);
#2204 = CARTESIAN_POINT('',(-50.,18.,171.76977149872));
#2205 = CARTESIAN_POINT('',(-50.,17.448097671027,172.07839322664));
#2206 = CARTESIAN_POINT('',(-50.,16.884050194618,172.36089036318));
#2207 = CARTESIAN_POINT('',(-50.,16.305438678612,172.6153092052));
#2208 = CARTESIAN_POINT('',(-50.,15.71138510853,172.83712690034));
#2209 = CARTESIAN_POINT('',(-50.,15.102645338963,173.01962087782));
#2210 = CARTESIAN_POINT('',(-50.,14.481611321153,173.15362022853));
#2211 = CARTESIAN_POINT('',(-50.,13.852390500903,173.22793662134));
#2212 = CARTESIAN_POINT('',(-50.,13.220514998285,173.22793662134));
#2213 = ORIENTED_EDGE('',*,*,#2214,.T.);
#2214 = EDGE_CURVE('',#2201,#940,#2215,.T.);
#2215 = LINE('',#2216,#2217);
#2216 = CARTESIAN_POINT('',(-50.,18.,151.));
#2217 = VECTOR('',#2218,1.);
#2218 = DIRECTION('',(0.,0.,1.));
#2219 = ORIENTED_EDGE('',*,*,#981,.T.);
#2220 = ORIENTED_EDGE('',*,*,#2151,.F.);
#2221 = ORIENTED_EDGE('',*,*,#1213,.F.);
#2222 = PLANE('',#2223);
#2223 = AXIS2_PLACEMENT_3D('',#2224,#2225,#2226);
#2224 = CARTESIAN_POINT('',(-50.,-18.,151.));
#2225 = DIRECTION('',(1.,0.,0.));
#2226 = DIRECTION('',(0.,0.,1.));
#2227 = ADVANCED_FACE('',(#2228),#2294,.F.);
#2228 = FACE_BOUND('',#2229,.F.);
#2229 = EDGE_LOOP('',(#2230,#2238,#2239,#2240,#2241,#2284));
#2230 = ORIENTED_EDGE('',*,*,#2231,.F.);
#2231 = EDGE_CURVE('',#1114,#2232,#2234,.T.);
#2232 = VERTEX_POINT('',#2233);
#2233 = CARTESIAN_POINT('',(-56.35675611227,18.,151.));
#2234 = LINE('',#2235,#2236);
#2235 = CARTESIAN_POINT('',(-70.,18.,151.));
#2236 = VECTOR('',#2237,1.);
#2237 = DIRECTION('',(1.,0.,0.));
#2238 = ORIENTED_EDGE('',*,*,#1123,.T.);
#2239 = ORIENTED_EDGE('',*,*,#939,.T.);
#2240 = ORIENTED_EDGE('',*,*,#2214,.F.);
#2241 = ORIENTED_EDGE('',*,*,#2242,.F.);
#2242 = EDGE_CURVE('',#2243,#2201,#2245,.T.);
#2243 = VERTEX_POINT('',#2244);
#2244 = CARTESIAN_POINT('',(-54.39926307203,18.,161.5693225311));
#2245 = B_SPLINE_CURVE_WITH_KNOTS('',7,(#2246,#2247,#2248,#2249,#2250,
    #2251,#2252,#2253,#2254,#2255,#2256,#2257,#2258,#2259,#2260,#2261,
    #2262,#2263,#2264,#2265,#2266,#2267,#2268,#2269,#2270,#2271,#2272,
    #2273,#2274,#2275,#2276,#2277,#2278,#2279,#2280,#2281,#2282,#2283),
  .UNSPECIFIED.,.F.,.F.,(8,6,6,6,6,6,8),(0.,0.511111880484,
    0.756408601319,0.877457143856,0.936288234761,0.965682934398,1.),
  .UNSPECIFIED.);
#2246 = CARTESIAN_POINT('',(-54.39926307203,18.,161.5693225311));
#2247 = CARTESIAN_POINT('',(-54.19670603199,18.,162.36123544832));
#2248 = CARTESIAN_POINT('',(-53.97516663215,18.,163.14825855869));
#2249 = CARTESIAN_POINT('',(-53.73443642695,18.,163.92980564673));
#2250 = CARTESIAN_POINT('',(-53.47416387242,18.,164.70515643649));
#2251 = CARTESIAN_POINT('',(-53.19388367843,18.,165.4734659597));
#2252 = CARTESIAN_POINT('',(-52.89302071491,18.,166.23376526157));
#2253 = CARTESIAN_POINT('',(-52.41625870482,18.,167.34546941984));
#2254 = CARTESIAN_POINT('',(-52.25674864872,18.,167.70387894652));
#2255 = CARTESIAN_POINT('',(-52.09226231856,18.,168.06005674347));
#2256 = CARTESIAN_POINT('',(-51.92271931467,18.,168.4138651498));
#2257 = CARTESIAN_POINT('',(-51.74803482278,18.,168.76515412492));
#2258 = CARTESIAN_POINT('',(-51.56811961404,18.,169.11376124857));
#2259 = CARTESIAN_POINT('',(-51.29146838746,18.,169.6301319826));
#2260 = CARTESIAN_POINT('',(-51.19876027093,18.,169.80005626094));
#2261 = CARTESIAN_POINT('',(-51.10474450262,18.,169.96926337431));
#2262 = CARTESIAN_POINT('',(-51.00940971492,18.,170.13773116398));
#2263 = CARTESIAN_POINT('',(-50.91274436543,18.,170.30543649387));
#2264 = CARTESIAN_POINT('',(-50.814736737,18.,170.47235525062));
#2265 = CARTESIAN_POINT('',(-50.66708387256,18.,170.719192448));
#2266 = CARTESIAN_POINT('',(-50.61847294708,18.,170.79973081874));
#2267 = CARTESIAN_POINT('',(-50.56954079884,18.,170.88007456849));
#2268 = CARTESIAN_POINT('',(-50.52028605924,18.,170.9602207471));
#2269 = CARTESIAN_POINT('',(-50.47070735342,18.,171.04016634159));
#2270 = CARTESIAN_POINT('',(-50.42080330027,18.,171.11990827614));
#2271 = CARTESIAN_POINT('',(-50.34547491698,18.,171.23918279809));
#2272 = CARTESIAN_POINT('',(-50.32029796006,18.,171.27886706364));
#2273 = CARTESIAN_POINT('',(-50.29504125894,18.,171.31849620701));
#2274 = CARTESIAN_POINT('',(-50.2697044214,18.,171.35807022644));
#2275 = CARTESIAN_POINT('',(-50.24428704581,18.,171.3975891201));
#2276 = CARTESIAN_POINT('',(-50.2187887211,18.,171.43705288614));
#2277 = CARTESIAN_POINT('',(-50.16334581807,18.,171.52246943503));
#2278 = CARTESIAN_POINT('',(-50.13745138845,18.,171.56211944489));
#2279 = CARTESIAN_POINT('',(-50.11062052516,18.,171.60307007869));
#2280 = CARTESIAN_POINT('',(-50.08084657015,18.,171.64833242787));
#2281 = CARTESIAN_POINT('',(-50.04910838166,18.,171.69621168919));
#2282 = CARTESIAN_POINT('',(-50.01964888763,18.,171.74037910309));
#2283 = CARTESIAN_POINT('',(-50.,18.,171.76977149872));
#2284 = ORIENTED_EDGE('',*,*,#2285,.F.);
#2285 = EDGE_CURVE('',#2232,#2243,#2286,.T.);
#2286 = B_SPLINE_CURVE_WITH_KNOTS('',6,(#2287,#2288,#2289,#2290,#2291,
    #2292,#2293),.UNSPECIFIED.,.F.,.F.,(7,7),(0.,1.),
  .PIECEWISE_BEZIER_KNOTS.);
#2287 = CARTESIAN_POINT('',(-56.35675611227,18.,151.));
#2288 = CARTESIAN_POINT('',(-56.13339730681,18.,152.77884928423));
#2289 = CARTESIAN_POINT('',(-55.87415130643,18.,154.55304425856));
#2290 = CARTESIAN_POINT('',(-55.5755723425,18.,156.32145296482));
#2291 = CARTESIAN_POINT('',(-55.2336031187,18.,158.0822004784));
#2292 = CARTESIAN_POINT('',(-54.84347233584,18.,159.83265095508));
#2293 = CARTESIAN_POINT('',(-54.39926307203,18.,161.5693225311));
#2294 = PLANE('',#2295);
#2295 = AXIS2_PLACEMENT_3D('',#2296,#2297,#2298);
#2296 = CARTESIAN_POINT('',(-70.,18.,151.));
#2297 = DIRECTION('',(0.,1.,0.));
#2298 = DIRECTION('',(0.,0.,1.));
#2299 = ADVANCED_FACE('',(#2300),#2320,.T.);
#2300 = FACE_BOUND('',#2301,.T.);
#2301 = EDGE_LOOP('',(#2302,#2303,#2304,#2312));
#2302 = ORIENTED_EDGE('',*,*,#2231,.F.);
#2303 = ORIENTED_EDGE('',*,*,#1113,.F.);
#2304 = ORIENTED_EDGE('',*,*,#2305,.T.);
#2305 = EDGE_CURVE('',#1102,#2306,#2308,.T.);
#2306 = VERTEX_POINT('',#2307);
#2307 = CARTESIAN_POINT('',(-56.35675611227,-18.,151.));
#2308 = LINE('',#2309,#2310);
#2309 = CARTESIAN_POINT('',(-70.,-18.,151.));
#2310 = VECTOR('',#2311,1.);
#2311 = DIRECTION('',(1.,0.,0.));
#2312 = ORIENTED_EDGE('',*,*,#2313,.T.);
#2313 = EDGE_CURVE('',#2306,#2232,#2314,.T.);
#2314 = B_SPLINE_CURVE_WITH_KNOTS('',4,(#2315,#2316,#2317,#2318,#2319),
  .UNSPECIFIED.,.F.,.F.,(5,5),(0.,1.),.PIECEWISE_BEZIER_KNOTS.);
#2315 = CARTESIAN_POINT('',(-56.35675611227,-18.,151.));
#2316 = CARTESIAN_POINT('',(-56.35675611227,-9.,151.));
#2317 = CARTESIAN_POINT('',(-56.35675611227,1.0303E-13,151.));
#2318 = CARTESIAN_POINT('',(-56.35675611227,9.,151.));
#2319 = CARTESIAN_POINT('',(-56.35675611227,18.,151.));
#2320 = PLANE('',#2321);
#2321 = AXIS2_PLACEMENT_3D('',#2322,#2323,#2324);
#2322 = CARTESIAN_POINT('',(-70.,-18.,151.));
#2323 = DIRECTION('',(0.,0.,1.));
#2324 = DIRECTION('',(1.,0.,0.));
#2325 = ADVANCED_FACE('',(#2326),#2363,.T.);
#2326 = FACE_BOUND('',#2327,.T.);
#2327 = EDGE_LOOP('',(#2328,#2329,#2330,#2331,#2332,#2353));
#2328 = ORIENTED_EDGE('',*,*,#2305,.F.);
#2329 = ORIENTED_EDGE('',*,*,#1101,.T.);
#2330 = ORIENTED_EDGE('',*,*,#1245,.F.);
#2331 = ORIENTED_EDGE('',*,*,#2168,.F.);
#2332 = ORIENTED_EDGE('',*,*,#2333,.T.);
#2333 = EDGE_CURVE('',#2169,#2334,#2336,.T.);
#2334 = VERTEX_POINT('',#2335);
#2335 = CARTESIAN_POINT('',(-54.39926307203,-18.,161.5693225311));
#2336 = B_SPLINE_CURVE_WITH_KNOTS('',8,(#2337,#2338,#2339,#2340,#2341,
    #2342,#2343,#2344,#2345,#2346,#2347,#2348,#2349,#2350,#2351,#2352),
  .UNSPECIFIED.,.F.,.F.,(9,7,9),(0.,3.015777272792E-02,1.),
  .UNSPECIFIED.);
#2337 = CARTESIAN_POINT('',(-50.,-18.,171.76977149872));
#2338 = CARTESIAN_POINT('',(-50.02002407655,-18.,171.73981786996));
#2339 = CARTESIAN_POINT('',(-50.04262335381,-18.,171.70590877817));
#2340 = CARTESIAN_POINT('',(-50.06613886491,-18.,171.67047501814));
#2341 = CARTESIAN_POINT('',(-50.08948881501,-18.,171.63513397266));
#2342 = CARTESIAN_POINT('',(-50.11215640512,-18.,171.60068304067));
#2343 = CARTESIAN_POINT('',(-50.13417674369,-18.,171.56709241556));
#2344 = CARTESIAN_POINT('',(-50.15612284594,-18.,171.53349721373));
#2345 = CARTESIAN_POINT('',(-50.91771340729,-18.,170.3627124682));
#2346 = CARTESIAN_POINT('',(-51.58877019466,-18.,169.18414126929));
#2347 = CARTESIAN_POINT('',(-52.1969868558,-18.,167.97063761865));
#2348 = CARTESIAN_POINT('',(-52.74580224943,-18.,166.7287959943));
#2349 = CARTESIAN_POINT('',(-53.23826457207,-18.,165.46407889199));
#2350 = CARTESIAN_POINT('',(-53.67685605794,-18.,164.18074865966));
#2351 = CARTESIAN_POINT('',(-54.06352780455,-18.,162.88190635946));
#2352 = CARTESIAN_POINT('',(-54.39926307203,-18.,161.5693225311));
#2353 = ORIENTED_EDGE('',*,*,#2354,.F.);
#2354 = EDGE_CURVE('',#2306,#2334,#2355,.T.);
#2355 = B_SPLINE_CURVE_WITH_KNOTS('',6,(#2356,#2357,#2358,#2359,#2360,
    #2361,#2362),.UNSPECIFIED.,.F.,.F.,(7,7),(0.,1.),
  .PIECEWISE_BEZIER_KNOTS.);
#2356 = CARTESIAN_POINT('',(-56.35675611227,-18.,151.));
#2357 = CARTESIAN_POINT('',(-56.13339730681,-18.,152.77884928422));
#2358 = CARTESIAN_POINT('',(-55.87415130643,-18.,154.55304425857));
#2359 = CARTESIAN_POINT('',(-55.5755723425,-18.,156.32145296482));
#2360 = CARTESIAN_POINT('',(-55.2336031187,-18.,158.0822004784));
#2361 = CARTESIAN_POINT('',(-54.84347233584,-18.,159.83265095508));
#2362 = CARTESIAN_POINT('',(-54.39926307203,-18.,161.5693225311));
#2363 = PLANE('',#2364);
#2364 = AXIS2_PLACEMENT_3D('',#2365,#2366,#2367);
#2365 = CARTESIAN_POINT('',(-70.,-18.,151.));
#2366 = DIRECTION('',(0.,1.,0.));
#2367 = DIRECTION('',(0.,0.,1.));
#2368 = ADVANCED_FACE('',(#2369),#2380,.F.);
#2369 = FACE_BOUND('',#2370,.F.);
#2370 = EDGE_LOOP('',(#2371,#2377,#2378,#2379));
#2371 = ORIENTED_EDGE('',*,*,#2372,.F.);
#2372 = EDGE_CURVE('',#2042,#1896,#2373,.T.);
#2373 = ( BOUNDED_CURVE() B_SPLINE_CURVE(2,(#2374,#2375,#2376),
.UNSPECIFIED.,.F.,.F.) B_SPLINE_CURVE_WITH_KNOTS((3,3),(0.,1.),
.PIECEWISE_BEZIER_KNOTS.) CURVE() GEOMETRIC_REPRESENTATION_ITEM() 
RATIONAL_B_SPLINE_CURVE((1.,1.,1.)) REPRESENTATION_ITEM('') );
#2374 = CARTESIAN_POINT('',(-48.05,-32.94,145.));
#2375 = CARTESIAN_POINT('',(-38.7013542817,-32.88084355111,
    167.27144096417));
#2376 = CARTESIAN_POINT('',(-38.,-19.9,178.));
#2377 = ORIENTED_EDGE('',*,*,#2041,.T.);
#2378 = ORIENTED_EDGE('',*,*,#1407,.T.);
#2379 = ORIENTED_EDGE('',*,*,#1895,.F.);
#2380 = ( BOUNDED_SURFACE() B_SPLINE_SURFACE(8,2,(
    (#2381,#2382,#2383)
    ,(#2384,#2385,#2386)
    ,(#2387,#2388,#2389)
    ,(#2390,#2391,#2392)
    ,(#2393,#2394,#2395)
    ,(#2396,#2397,#2398)
    ,(#2399,#2400,#2401)
    ,(#2402,#2403,#2404)
    ,(#2405,#2406,#2407
)),.UNSPECIFIED.,.F.,.F.,.F.) B_SPLINE_SURFACE_WITH_KNOTS((9,9),(3,3),(
    0.,1.),(0.,1.),.PIECEWISE_BEZIER_KNOTS.) 
GEOMETRIC_REPRESENTATION_ITEM() RATIONAL_B_SPLINE_SURFACE((
    (1.,1.,1.)
    ,(1.,1.,1.)
    ,(1.,1.,1.)
    ,(1.,1.,1.)
    ,(1.,1.,1.)
    ,(1.,1.,1.)
    ,(1.,1.,1.)
    ,(1.,1.,1.)
,(1.,1.,1.))) REPRESENTATION_ITEM('') SURFACE() );
#2381 = CARTESIAN_POINT('',(-48.05,-32.94,145.));
#2382 = CARTESIAN_POINT('',(-38.7013542817,-32.88084355111,
    167.27144096417));
#2383 = CARTESIAN_POINT('',(-38.,-19.9,178.));
#2384 = CARTESIAN_POINT('',(-36.65625,-32.94,145.));
#2385 = CARTESIAN_POINT('',(-29.6112692667,-32.88084355111,
    167.27144096417));
#2386 = CARTESIAN_POINT('',(-32.2375,-19.9,178.));
#2387 = CARTESIAN_POINT('',(-25.2625,-32.94,145.));
#2388 = CARTESIAN_POINT('',(-20.5211842517,-32.88084355111,
    167.27144096417));
#2389 = CARTESIAN_POINT('',(-26.475,-19.9,178.));
#2390 = CARTESIAN_POINT('',(-13.86875,-32.94,145.));
#2391 = CARTESIAN_POINT('',(-11.4310992367,-32.88084355111,
    167.27144096417));
#2392 = CARTESIAN_POINT('',(-20.7125,-19.9,178.));
#2393 = CARTESIAN_POINT('',(-2.475,-32.94,145.));
#2394 = CARTESIAN_POINT('',(-2.3410142217,-32.88084355111,
    167.27144096417));
#2395 = CARTESIAN_POINT('',(-14.95,-19.9,178.));
#2396 = CARTESIAN_POINT('',(8.91875,-32.94,145.));
#2397 = CARTESIAN_POINT('',(6.749070793302,-32.88084355111,
    167.27144096417));
#2398 = CARTESIAN_POINT('',(-9.1875,-19.9,178.));
#2399 = CARTESIAN_POINT('',(20.3125,-32.94,145.));
#2400 = CARTESIAN_POINT('',(15.839155808304,-32.88084355111,
    167.27144096417));
#2401 = CARTESIAN_POINT('',(-3.425,-19.9,178.));
#2402 = CARTESIAN_POINT('',(31.70625,-32.94,145.));
#2403 = CARTESIAN_POINT('',(24.929240823306,-32.88084355111,
    167.27144096417));
#2404 = CARTESIAN_POINT('',(2.3375,-19.9,178.));
#2405 = CARTESIAN_POINT('',(43.1,-32.94,145.));
#2406 = CARTESIAN_POINT('',(34.019325838309,-32.88084355111,
    167.27144096417));
#2407 = CARTESIAN_POINT('',(8.1,-19.9,178.));
#2408 = ADVANCED_FACE('',(#2409),#2428,.F.);
#2409 = FACE_BOUND('',#2410,.F.);
#2410 = EDGE_LOOP('',(#2411,#2412,#2413,#2419,#2420,#2421,#2427));
#2411 = ORIENTED_EDGE('',*,*,#2001,.F.);
#2412 = ORIENTED_EDGE('',*,*,#2083,.T.);
#2413 = ORIENTED_EDGE('',*,*,#2414,.T.);
#2414 = EDGE_CURVE('',#2070,#2243,#2415,.T.);
#2415 = ( BOUNDED_CURVE() B_SPLINE_CURVE(2,(#2416,#2417,#2418),
.UNSPECIFIED.,.F.,.F.) B_SPLINE_CURVE_WITH_KNOTS((3,3),(0.,1.),
.PIECEWISE_BEZIER_KNOTS.) CURVE() GEOMETRIC_REPRESENTATION_ITEM() 
RATIONAL_B_SPLINE_CURVE((1.,1.,1.)) REPRESENTATION_ITEM('') );
#2416 = CARTESIAN_POINT('',(-56.95,24.04,145.));
#2417 = CARTESIAN_POINT('',(-55.29929310112,16.282904731697,
    167.27144096417));
#2418 = CARTESIAN_POINT('',(-46.9,11.,178.));
#2419 = ORIENTED_EDGE('',*,*,#2242,.T.);
#2420 = ORIENTED_EDGE('',*,*,#2200,.T.);
#2421 = ORIENTED_EDGE('',*,*,#2422,.T.);
#2422 = EDGE_CURVE('',#2191,#1924,#2423,.T.);
#2423 = ( BOUNDED_CURVE() B_SPLINE_CURVE(2,(#2424,#2425,#2426),
.UNSPECIFIED.,.F.,.F.) B_SPLINE_CURVE_WITH_KNOTS((3,3),(0.,1.),
.PIECEWISE_BEZIER_KNOTS.) CURVE() GEOMETRIC_REPRESENTATION_ITEM() 
RATIONAL_B_SPLINE_CURVE((1.,1.,1.)) REPRESENTATION_ITEM('') );
#2424 = CARTESIAN_POINT('',(-56.95,24.04,145.));
#2425 = CARTESIAN_POINT('',(-55.29929310112,16.282904731697,
    167.27144096417));
#2426 = CARTESIAN_POINT('',(-46.9,11.,178.));
#2427 = ORIENTED_EDGE('',*,*,#1937,.F.);
#2428 = ( BOUNDED_SURFACE() B_SPLINE_SURFACE(8,2,(
    (#2429,#2430,#2431)
    ,(#2432,#2433,#2434)
    ,(#2435,#2436,#2437)
    ,(#2438,#2439,#2440)
    ,(#2441,#2442,#2443)
    ,(#2444,#2445,#2446)
    ,(#2447,#2448,#2449)
    ,(#2450,#2451,#2452)
    ,(#2453,#2454,#2455
)),.UNSPECIFIED.,.F.,.F.,.F.) B_SPLINE_SURFACE_WITH_KNOTS((9,9),(3,3),(
    5.,6.),(0.,1.),.PIECEWISE_BEZIER_KNOTS.) 
GEOMETRIC_REPRESENTATION_ITEM() RATIONAL_B_SPLINE_SURFACE((
    (1.,1.,1.)
    ,(1.,1.,1.)
    ,(1.,1.,1.)
    ,(1.,1.,1.)
    ,(1.,1.,1.)
    ,(1.,1.,1.)
    ,(1.,1.,1.)
    ,(1.,1.,1.)
,(1.,1.,1.))) REPRESENTATION_ITEM('') SURFACE() );
#2429 = CARTESIAN_POINT('',(-48.05,32.94,145.));
#2430 = CARTESIAN_POINT('',(-38.7013542817,32.880843551115,
    167.27144096417));
#2431 = CARTESIAN_POINT('',(-38.,19.9,178.));
#2432 = CARTESIAN_POINT('',(-49.79751091355,32.94,145.));
#2433 = CARTESIAN_POINT('',(-41.96035194794,32.880843551115,
    167.27144096417));
#2434 = CARTESIAN_POINT('',(-39.74751091355,19.9,178.));
#2435 = CARTESIAN_POINT('',(-51.54502237718,32.547858978245,145.));
#2436 = CARTESIAN_POINT('',(-45.21935064002,32.149525271601,
    167.27144096417));
#2437 = CARTESIAN_POINT('',(-41.49502237718,19.507858978245,178.));
#2438 = CARTESIAN_POINT('',(-53.18986778558,31.763580786256,145.));
#2439 = CARTESIAN_POINT('',(-48.2868836126,30.686895895417,
    167.27144096417));
#2440 = CARTESIAN_POINT('',(-43.13986778558,18.723580786256,178.));
#2441 = CARTESIAN_POINT('',(-54.62940292644,30.619402926441,145.));
#2442 = CARTESIAN_POINT('',(-50.97152588186,28.55307633185,
    167.27144096417));
#2443 = CARTESIAN_POINT('',(-44.57940292644,17.579402926441,178.));
#2444 = CARTESIAN_POINT('',(-55.77358078625,29.179867785582,145.));
#2445 = CARTESIAN_POINT('',(-53.10534544543,25.868434062595,
    167.27144096417));
#2446 = CARTESIAN_POINT('',(-45.72358078625,16.139867785582,178.));
#2447 = CARTESIAN_POINT('',(-56.55785897824,27.535022377187,145.));
#2448 = CARTESIAN_POINT('',(-54.56797482161,22.800901090017,
    167.27144096417));
#2449 = CARTESIAN_POINT('',(-46.50785897824,14.495022377188,178.));
#2450 = CARTESIAN_POINT('',(-56.95,25.787510913559,145.));
#2451 = CARTESIAN_POINT('',(-55.29929310112,19.541902397935,
    167.27144096417));
#2452 = CARTESIAN_POINT('',(-46.9,12.747510913559,178.));
#2453 = CARTESIAN_POINT('',(-56.95,24.04,145.));
#2454 = CARTESIAN_POINT('',(-55.29929310112,16.282904731697,
    167.27144096417));
#2455 = CARTESIAN_POINT('',(-46.9,11.,178.));
#2456 = ADVANCED_FACE('',(#2457),#2468,.F.);
#2457 = FACE_BOUND('',#2458,.F.);
#2458 = EDGE_LOOP('',(#2459,#2460,#2461,#2467));
#2459 = ORIENTED_EDGE('',*,*,#2422,.F.);
#2460 = ORIENTED_EDGE('',*,*,#2190,.F.);
#2461 = ORIENTED_EDGE('',*,*,#2462,.T.);
#2462 = EDGE_CURVE('',#2177,#1910,#2463,.T.);
#2463 = ( BOUNDED_CURVE() B_SPLINE_CURVE(2,(#2464,#2465,#2466),
.UNSPECIFIED.,.F.,.F.) B_SPLINE_CURVE_WITH_KNOTS((3,3),(0.,1.),
.PIECEWISE_BEZIER_KNOTS.) CURVE() GEOMETRIC_REPRESENTATION_ITEM() 
RATIONAL_B_SPLINE_CURVE((1.,1.,1.)) REPRESENTATION_ITEM('') );
#2464 = CARTESIAN_POINT('',(-56.95,-24.04,145.));
#2465 = CARTESIAN_POINT('',(-55.29929310112,-16.28290473169,
    167.27144096417));
#2466 = CARTESIAN_POINT('',(-46.9,-11.,178.));
#2467 = ORIENTED_EDGE('',*,*,#1923,.F.);
#2468 = ( BOUNDED_SURFACE() B_SPLINE_SURFACE(8,2,(
    (#2469,#2470,#2471)
    ,(#2472,#2473,#2474)
    ,(#2475,#2476,#2477)
    ,(#2478,#2479,#2480)
    ,(#2481,#2482,#2483)
    ,(#2484,#2485,#2486)
    ,(#2487,#2488,#2489)
    ,(#2490,#2491,#2492)
    ,(#2493,#2494,#2495
)),.UNSPECIFIED.,.F.,.F.,.F.) B_SPLINE_SURFACE_WITH_KNOTS((9,9),(3,3),(
    6.,7.),(0.,1.),.PIECEWISE_BEZIER_KNOTS.) 
GEOMETRIC_REPRESENTATION_ITEM() RATIONAL_B_SPLINE_SURFACE((
    (1.,1.,1.)
    ,(1.,1.,1.)
    ,(1.,1.,1.)
    ,(1.,1.,1.)
    ,(1.,1.,1.)
    ,(1.,1.,1.)
    ,(1.,1.,1.)
    ,(1.,1.,1.)
,(1.,1.,1.))) REPRESENTATION_ITEM('') SURFACE() );
#2469 = CARTESIAN_POINT('',(-56.95,24.04,145.));
#2470 = CARTESIAN_POINT('',(-55.29929310112,16.282904731697,
    167.27144096417));
#2471 = CARTESIAN_POINT('',(-46.9,11.,178.));
#2472 = CARTESIAN_POINT('',(-56.95,18.03,145.));
#2473 = CARTESIAN_POINT('',(-55.29929310112,12.212178548772,
    167.27144096417));
#2474 = CARTESIAN_POINT('',(-46.9,8.25,178.));
#2475 = CARTESIAN_POINT('',(-56.95,12.02,145.));
#2476 = CARTESIAN_POINT('',(-55.29929310112,8.141452365848,
    167.27144096417));
#2477 = CARTESIAN_POINT('',(-46.9,5.5,178.));
#2478 = CARTESIAN_POINT('',(-56.95,6.01,145.));
#2479 = CARTESIAN_POINT('',(-55.29929310112,4.070726182924,
    167.27144096417));
#2480 = CARTESIAN_POINT('',(-46.9,2.75,178.));
#2481 = CARTESIAN_POINT('',(-56.95,0.,145.));
#2482 = CARTESIAN_POINT('',(-55.29929310112,3.E-16,167.27144096417));
#2483 = CARTESIAN_POINT('',(-46.9,-1.1E-16,178.));
#2484 = CARTESIAN_POINT('',(-56.95,-6.01,145.));
#2485 = CARTESIAN_POINT('',(-55.29929310112,-4.070726182924,
    167.27144096417));
#2486 = CARTESIAN_POINT('',(-46.9,-2.75,178.));
#2487 = CARTESIAN_POINT('',(-56.95,-12.02,145.));
#2488 = CARTESIAN_POINT('',(-55.29929310112,-8.141452365848,
    167.27144096417));
#2489 = CARTESIAN_POINT('',(-46.9,-5.5,178.));
#2490 = CARTESIAN_POINT('',(-56.95,-18.03,145.));
#2491 = CARTESIAN_POINT('',(-55.29929310112,-12.21217854877,
    167.27144096417));
#2492 = CARTESIAN_POINT('',(-46.9,-8.25,178.));
#2493 = CARTESIAN_POINT('',(-56.95,-24.04,145.));
#2494 = CARTESIAN_POINT('',(-55.29929310112,-16.28290473169,
    167.27144096417));
#2495 = CARTESIAN_POINT('',(-46.9,-11.,178.));
#2496 = ADVANCED_FACE('',(#2497),#2511,.F.);
#2497 = FACE_BOUND('',#2498,.F.);
#2498 = EDGE_LOOP('',(#2499,#2505,#2506,#2507,#2508,#2509,#2510));
#2499 = ORIENTED_EDGE('',*,*,#2500,.F.);
#2500 = EDGE_CURVE('',#2056,#2334,#2501,.T.);
#2501 = ( BOUNDED_CURVE() B_SPLINE_CURVE(2,(#2502,#2503,#2504),
.UNSPECIFIED.,.F.,.F.) B_SPLINE_CURVE_WITH_KNOTS((3,3),(0.,1.),
.PIECEWISE_BEZIER_KNOTS.) CURVE() GEOMETRIC_REPRESENTATION_ITEM() 
RATIONAL_B_SPLINE_CURVE((1.,1.,1.)) REPRESENTATION_ITEM('') );
#2502 = CARTESIAN_POINT('',(-56.95,-24.04,145.));
#2503 = CARTESIAN_POINT('',(-55.29929310112,-16.28290473169,
    167.27144096417));
#2504 = CARTESIAN_POINT('',(-46.9,-11.,178.));
#2505 = ORIENTED_EDGE('',*,*,#2055,.T.);
#2506 = ORIENTED_EDGE('',*,*,#2372,.T.);
#2507 = ORIENTED_EDGE('',*,*,#1909,.F.);
#2508 = ORIENTED_EDGE('',*,*,#2462,.F.);
#2509 = ORIENTED_EDGE('',*,*,#2176,.F.);
#2510 = ORIENTED_EDGE('',*,*,#2333,.T.);
#2511 = ( BOUNDED_SURFACE() B_SPLINE_SURFACE(8,2,(
    (#2512,#2513,#2514)
    ,(#2515,#2516,#2517)
    ,(#2518,#2519,#2520)
    ,(#2521,#2522,#2523)
    ,(#2524,#2525,#2526)
    ,(#2527,#2528,#2529)
    ,(#2530,#2531,#2532)
    ,(#2533,#2534,#2535)
    ,(#2536,#2537,#2538
)),.UNSPECIFIED.,.F.,.F.,.F.) B_SPLINE_SURFACE_WITH_KNOTS((9,9),(3,3),(
    7.,8.),(0.,1.),.PIECEWISE_BEZIER_KNOTS.) 
GEOMETRIC_REPRESENTATION_ITEM() RATIONAL_B_SPLINE_SURFACE((
    (1.,1.,1.)
    ,(1.,1.,1.)
    ,(1.,1.,1.)
    ,(1.,1.,1.)
    ,(1.,1.,1.)
    ,(1.,1.,1.)
    ,(1.,1.,1.)
    ,(1.,1.,1.)
,(1.,1.,1.))) REPRESENTATION_ITEM('') SURFACE() );
#2512 = CARTESIAN_POINT('',(-56.95,-24.04,145.));
#2513 = CARTESIAN_POINT('',(-55.29929310112,-16.28290473169,
    167.27144096417));
#2514 = CARTESIAN_POINT('',(-46.9,-11.,178.));
#2515 = CARTESIAN_POINT('',(-56.95,-25.78751091355,145.));
#2516 = CARTESIAN_POINT('',(-55.29929310112,-19.54190239793,
    167.27144096417));
#2517 = CARTESIAN_POINT('',(-46.9,-12.74751091355,178.));
#2518 = CARTESIAN_POINT('',(-56.55785897824,-27.53502237718,145.));
#2519 = CARTESIAN_POINT('',(-54.56797482161,-22.80090109001,
    167.27144096417));
#2520 = CARTESIAN_POINT('',(-46.50785897824,-14.49502237718,178.));
#2521 = CARTESIAN_POINT('',(-55.77358078625,-29.17986778558,145.));
#2522 = CARTESIAN_POINT('',(-53.10534544542,-25.86843406259,
    167.27144096417));
#2523 = CARTESIAN_POINT('',(-45.72358078625,-16.13986778558,178.));
#2524 = CARTESIAN_POINT('',(-54.62940292643,-30.61940292644,145.));
#2525 = CARTESIAN_POINT('',(-50.97152588187,-28.55307633185,
    167.27144096417));
#2526 = CARTESIAN_POINT('',(-44.57940292644,-17.57940292644,178.));
#2527 = CARTESIAN_POINT('',(-53.18986778558,-31.76358078625,145.));
#2528 = CARTESIAN_POINT('',(-48.2868836126,-30.68689589541,
    167.27144096417));
#2529 = CARTESIAN_POINT('',(-43.13986778558,-18.72358078625,178.));
#2530 = CARTESIAN_POINT('',(-51.54502237718,-32.54785897824,145.));
#2531 = CARTESIAN_POINT('',(-45.21935064003,-32.1495252716,
    167.27144096417));
#2532 = CARTESIAN_POINT('',(-41.49502237718,-19.50785897824,178.));
#2533 = CARTESIAN_POINT('',(-49.79751091356,-32.94,145.));
#2534 = CARTESIAN_POINT('',(-41.96035194794,-32.88084355111,
    167.27144096417));
#2535 = CARTESIAN_POINT('',(-39.74751091355,-19.9,178.));
#2536 = CARTESIAN_POINT('',(-48.05,-32.94,145.));
#2537 = CARTESIAN_POINT('',(-38.7013542817,-32.88084355111,
    167.27144096417));
#2538 = CARTESIAN_POINT('',(-38.,-19.9,178.));
#2539 = ADVANCED_FACE('',(#2540),#2548,.F.);
#2540 = FACE_BOUND('',#2541,.F.);
#2541 = EDGE_LOOP('',(#2542,#2543,#2544,#2545,#2546,#2547));
#2542 = ORIENTED_EDGE('',*,*,#2414,.F.);
#2543 = ORIENTED_EDGE('',*,*,#2069,.T.);
#2544 = ORIENTED_EDGE('',*,*,#2500,.T.);
#2545 = ORIENTED_EDGE('',*,*,#2354,.F.);
#2546 = ORIENTED_EDGE('',*,*,#2313,.T.);
#2547 = ORIENTED_EDGE('',*,*,#2285,.T.);
#2548 = ( BOUNDED_SURFACE() B_SPLINE_SURFACE(8,2,(
    (#2549,#2550,#2551)
    ,(#2552,#2553,#2554)
    ,(#2555,#2556,#2557)
    ,(#2558,#2559,#2560)
    ,(#2561,#2562,#2563)
    ,(#2564,#2565,#2566)
    ,(#2567,#2568,#2569)
    ,(#2570,#2571,#2572)
    ,(#2573,#2574,#2575
)),.UNSPECIFIED.,.F.,.F.,.F.) B_SPLINE_SURFACE_WITH_KNOTS((9,9),(3,3),(
    6.,7.),(0.,1.),.PIECEWISE_BEZIER_KNOTS.) 
GEOMETRIC_REPRESENTATION_ITEM() RATIONAL_B_SPLINE_SURFACE((
    (1.,1.,1.)
    ,(1.,1.,1.)
    ,(1.,1.,1.)
    ,(1.,1.,1.)
    ,(1.,1.,1.)
    ,(1.,1.,1.)
    ,(1.,1.,1.)
    ,(1.,1.,1.)
,(1.,1.,1.))) REPRESENTATION_ITEM('') SURFACE() );
#2549 = CARTESIAN_POINT('',(-56.95,24.04,145.));
#2550 = CARTESIAN_POINT('',(-55.29929310112,16.282904731697,
    167.27144096417));
#2551 = CARTESIAN_POINT('',(-46.9,11.,178.));
#2552 = CARTESIAN_POINT('',(-56.95,18.03,145.));
#2553 = CARTESIAN_POINT('',(-55.29929310112,12.212178548772,
    167.27144096417));
#2554 = CARTESIAN_POINT('',(-46.9,8.25,178.));
#2555 = CARTESIAN_POINT('',(-56.95,12.02,145.));
#2556 = CARTESIAN_POINT('',(-55.29929310112,8.141452365848,
    167.27144096417));
#2557 = CARTESIAN_POINT('',(-46.9,5.5,178.));
#2558 = CARTESIAN_POINT('',(-56.95,6.01,145.));
#2559 = CARTESIAN_POINT('',(-55.29929310112,4.070726182924,
    167.27144096417));
#2560 = CARTESIAN_POINT('',(-46.9,2.75,178.));
#2561 = CARTESIAN_POINT('',(-56.95,0.,145.));
#2562 = CARTESIAN_POINT('',(-55.29929310112,3.E-16,167.27144096417));
#2563 = CARTESIAN_POINT('',(-46.9,-1.1E-16,178.));
#2564 = CARTESIAN_POINT('',(-56.95,-6.01,145.));
#2565 = CARTESIAN_POINT('',(-55.29929310112,-4.070726182924,
    167.27144096417));
#2566 = CARTESIAN_POINT('',(-46.9,-2.75,178.));
#2567 = CARTESIAN_POINT('',(-56.95,-12.02,145.));
#2568 = CARTESIAN_POINT('',(-55.29929310112,-8.141452365848,
    167.27144096417));
#2569 = CARTESIAN_POINT('',(-46.9,-5.5,178.));
#2570 = CARTESIAN_POINT('',(-56.95,-18.03,145.));
#2571 = CARTESIAN_POINT('',(-55.29929310112,-12.21217854877,
    167.27144096417));
#2572 = CARTESIAN_POINT('',(-46.9,-8.25,178.));
#2573 = CARTESIAN_POINT('',(-56.95,-24.04,145.));
#2574 = CARTESIAN_POINT('',(-55.29929310112,-16.28290473169,
    167.27144096417));
#2575 = CARTESIAN_POINT('',(-46.9,-11.,178.));
#2576 = ( GEOMETRIC_REPRESENTATION_CONTEXT(3) 
GLOBAL_UNCERTAINTY_ASSIGNED_CONTEXT((#2580)) 
GLOBAL_UNIT_ASSIGNED_CONTEXT((#2577,#2578,#2579)) REPRESENTATION_CONTEXT
('Context #1','3D Context with UNIT and UNCERTAINTY') );
#2577 = ( LENGTH_UNIT() NAMED_UNIT(*) SI_UNIT(.MILLI.,.METRE.) );
#2578 = ( NAMED_UNIT(*) PLANE_ANGLE_UNIT() SI_UNIT($,.RADIAN.) );
#2579 = ( NAMED_UNIT(*) SI_UNIT($,.STERADIAN.) SOLID_ANGLE_UNIT() );
#2580 = UNCERTAINTY_MEASURE_WITH_UNIT(LENGTH_MEASURE(2.E-05),#2577,
  'distance_accuracy_value','confusion accuracy');
#2581 = PRODUCT_RELATED_PRODUCT_CATEGORY('part',$,(#7));
ENDSEC;
END-ISO-10303-21;
