ISO-10303-21;
HEADER;
FILE_DESCRIPTION(('FreeCAD Model'),'2;1');
FILE_NAME('Open CASCADE Shape Model','2026-10-09T09:09:08',('FreeCAD'),(
    'FreeCAD'),'Open CASCADE STEP processor 7.8','FreeCAD','Unknown');
FILE_SCHEMA(('AUTOMOTIVE_DESIGN { 1 0 10303 214 1 1 1 1 }'));
ENDSEC;
DATA;
#1 = APPLICATION_PROTOCOL_DEFINITION('international standard',
  'automotive_design',2000,#2);
#2 = APPLICATION_CONTEXT(
  'core data for automotive mechanical design processes');
#3 = SHAPE_DEFINITION_REPRESENTATION(#4,#10);
#4 = PRODUCT_DEFINITION_SHAPE('','',#5);
#5 = PRODUCT_DEFINITION('design','',#6,#9);
#6 = PRODUCT_DEFINITION_FORMATION('','',#7);
#7 = PRODUCT('Open CASCADE STEP translator 7.8 7',
  'Open CASCADE STEP translator 7.8 7','',(#8));
#8 = PRODUCT_CONTEXT('',#2,'mechanical');
#9 = PRODUCT_DEFINITION_CONTEXT('part definition',#2,'design');
#10 = ADVANCED_BREP_SHAPE_REPRESENTATION('',(#11,#15),#16951);
#11 = AXIS2_PLACEMENT_3D('',#12,#13,#14);
#12 = CARTESIAN_POINT('',(0.,0.,0.));
#13 = DIRECTION('',(0.,0.,1.));
#14 = DIRECTION('',(1.,0.,-0.));
#15 = MANIFOLD_SOLID_BREP('',#16);
#16 = CLOSED_SHELL('',(#17,#49,#72,#95,#118,#141,#173,#196,#226,#249,
    #279,#302,#332,#355,#378,#401,#431,#454,#484,#507,#530,#553,#576,
    #599,#622,#652,#675,#705,#728,#758,#781,#811,#827,#843,#859,#875,
    #891,#907,#930,#946,#962,#978,#1001,#1024,#1045,#1061,#1077,#1100,
    #1116,#1132,#1155,#1171,#1187,#1203,#1226,#1249,#1265,#1281,#1297,
    #1313,#1329,#1352,#1368,#1391,#1414,#1430,#1453,#1476,#1499,#1531,
    #1554,#1577,#1607,#1630,#1660,#1683,#1713,#1736,#1768,#1791,#1814,
    #1837,#1867,#1890,#1920,#1943,#1973,#1996,#2026,#2049,#2079,#2100,
    #2128,#2139,#2155,#2171,#2187,#2203,#2219,#2242,#2263,#2286,#2302,
    #2318,#2334,#2350,#2366,#2389,#2412,#2428,#2444,#2460,#2483,#2499,
    #2515,#2538,#2561,#2577,#2600,#2616,#2639,#2662,#2678,#2694,#2717,
    #2733,#2749,#2765,#2781,#2804,#2832,#2848,#2871,#2887,#2910,#2933,
    #2965,#2988,#3020,#3043,#3073,#3096,#3117,#3133,#3156,#3179,#3202,
    #3225,#3255,#3271,#3294,#3317,#3340,#3363,#3386,#3407,#3423,#3446,
    #3462,#3485,#3501,#3524,#3547,#3570,#3593,#3609,#3632,#3648,#3671,
    #3694,#3717,#3740,#3756,#3779,#3802,#3818,#3841,#3864,#3880,#3903,
    #3926,#3949,#3965,#3988,#4011,#4027,#4050,#4073,#4089,#4112,#4133,
    #4156,#4172,#4188,#4211,#4227,#4248,#4271,#4287,#4310,#4326,#4349,
    #4365,#4381,#4404,#4420,#4443,#4459,#4482,#4498,#4514,#4537,#4553,
    #4576,#4599,#4622,#4638,#4661,#4684,#4700,#4723,#4746,#4769,#4785,
    #4808,#4824,#4847,#4870,#4900,#4916,#4932,#4955,#4971,#4994,#5017,
    #5040,#5063,#5086,#5102,#5118,#5141,#5157,#5180,#5203,#5226,#5249,
    #5265,#5286,#5302,#5325,#5341,#5357,#5373,#5389,#5405,#5428,#5444,
    #5467,#5483,#5506,#5522,#5538,#5561,#5577,#5593,#5616,#5639,#5655,
    #5678,#5701,#5717,#5733,#5756,#5779,#5795,#5818,#5834,#5850,#5873,
    #5894,#5910,#5931,#5952,#5963,#5974,#5985,#6008,#6029,#6040,#6063,
    #6086,#6109,#6125,#6141,#6164,#6187,#6210,#6226,#6249,#6272,#6295,
    #6311,#6334,#6357,#6373,#6396,#6419,#6442,#6458,#6481,#6504,#6527,
    #6543,#6566,#6589,#6605,#6628,#6651,#6674,#6690,#6711,#6727,#6743,
    #6759,#6782,#6798,#6821,#6837,#6853,#6876,#6892,#6915,#6931,#6947,
    #6970,#6986,#7007,#7023,#7039,#7050,#7073,#7096,#7119,#7142,#7158,
    #7181,#7204,#7227,#7250,#7266,#7289,#7312,#7342,#7365,#7388,#7404,
    #7420,#7443,#7466,#7492,#7515,#7531,#7547,#7558,#7574,#7590,#7606,
    #7622,#7638,#7661,#7682,#7693,#7709,#7725,#7748,#7771,#7787,#7803,
    #7826,#7849,#7872,#7888,#7904,#7925,#7941,#7957,#7968,#7991,#8007,
    #8023,#8046,#8069,#8092,#8108,#8131,#8154,#8170,#8193,#8216,#8239,
    #8255,#8278,#8294,#8310,#8326,#8349,#8370,#8381,#8397,#8413,#8436,
    #8459,#8475,#8491,#8507,#8530,#8553,#8569,#8585,#8601,#8617,#8640,
    #8656,#8672,#8695,#8711,#8734,#8750,#8766,#8782,#8803,#8814,#8835,
    #8846,#8867,#8878,#8894,#8905,#8928,#8944,#8960,#8983,#8999,#9022,
    #9038,#9054,#9070,#9091,#9102,#9123,#9134,#9155,#9166,#9182,#9193,
    #9216,#9232,#9255,#9271,#9294,#9317,#9333,#9349,#9372,#9388,#9409,
    #9425,#9446,#9467,#9478,#9489,#9512,#9528,#9544,#9567,#9583,#9599,
    #9622,#9638,#9654,#9675,#9691,#9702,#9725,#9741,#9764,#9780,#9803,
    #9819,#9840,#9856,#9872,#9883,#9906,#9922,#9945,#9961,#9982,#9998,
    #10014,#10025,#10041,#10062,#10078,#10094,#10105,#10121,#10132,
    #10153,#10164,#10180,#10201,#10212,#10228,#10249,#10260,#10276,
    #10297,#10308,#10319,#10335,#10356,#10367,#10383,#10394,#10440,
    #10452,#10464,#10684,#10716,#10739,#10762,#10785,#10817,#10840,
    #10863,#10886,#10918,#10941,#10971,#10994,#11024,#11047,#11070,
    #11093,#11121,#11137,#11153,#11176,#11192,#11215,#11238,#11261,
    #11284,#11307,#11339,#11362,#11392,#11415,#11445,#11468,#11491,
    #11514,#11542,#11558,#11574,#11597,#11613,#11636,#11659,#11682,
    #11698,#11721,#11744,#11776,#11799,#11831,#11854,#11877,#11900,
    #11921,#11944,#11967,#11983,#12006,#12029,#12052,#12075,#12098,
    #12121,#12137,#12153,#12169,#12192,#12213,#12229,#12245,#12261,
    #12284,#12307,#12323,#12346,#12362,#12385,#12406,#12422,#12438,
    #12461,#12472,#12488,#12504,#12520,#12536,#12559,#12575,#12598,
    #12619,#12630,#12653,#12676,#12692,#12715,#12731,#12747,#12770,
    #12793,#12816,#12839,#12862,#12885,#12906,#12922,#12943,#12964,
    #12996,#13019,#13042,#13065,#13088,#13111,#13134,#13150,#13173,
    #13196,#13228,#13251,#13274,#13297,#13313,#13336,#13352,#13375,
    #13398,#13421,#13444,#13467,#13483,#13499,#13515,#13538,#13559,
    #13575,#13591,#13607,#13623,#13639,#13655,#13678,#13699,#13715,
    #13736,#13752,#13768,#13784,#13800,#13823,#13839,#13862,#13885,
    #13901,#13924,#13947,#13963,#13986,#14002,#14018,#14041,#14064,
    #14087,#14110,#14131,#14147,#14163,#14186,#14202,#14225,#14248,
    #14269,#14280,#14301,#14322,#14338,#14349,#14360,#14383,#14399,
    #14420,#14436,#14447,#14470,#14486,#14509,#14530,#14551,#14562,
    #14578,#14589,#14612,#14628,#14651,#14667,#14683,#14706,#14722,
    #14745,#14768,#14789,#14800,#14821,#14842,#14858,#14869,#14880,
    #14903,#14919,#14940,#14956,#14967,#14990,#15006,#15029,#15050,
    #15071,#15082,#15098,#15109,#15132,#15148,#15171,#15187,#15203,
    #15226,#15242,#15258,#15281,#15297,#15313,#15329,#15352,#15368,
    #15391,#15407,#15423,#15439,#15462,#15485,#15508,#15524,#15545,
    #15561,#15577,#15593,#15616,#15632,#15655,#15671,#15687,#15710,
    #15726,#15749,#15765,#15781,#15797,#15820,#15843,#15866,#15887,
    #15903,#15919,#15942,#15958,#15981,#15997,#16013,#16029,#16050,
    #16061,#16082,#16093,#16104,#16120,#16143,#16159,#16182,#16198,
    #16214,#16230,#16251,#16262,#16283,#16294,#16305,#16321,#16344,
    #16360,#16383,#16399,#16415,#16431,#16452,#16463,#16484,#16495,
    #16506,#16522,#16545,#16561,#16584,#16600,#16616,#16632,#16653,
    #16664,#16685,#16696,#16707,#16733,#16750,#16767,#16784,#16801,
    #16823,#16840,#16857,#16869,#16881,#16893,#16910,#16922,#16939));
#17 = ADVANCED_FACE('',(#18),#44,.T.);
#18 = FACE_BOUND('',#19,.T.);
#19 = EDGE_LOOP('',(#20,#30,#38));
#20 = ORIENTED_EDGE('',*,*,#21,.T.);
#21 = EDGE_CURVE('',#22,#24,#26,.T.);
#22 = VERTEX_POINT('',#23);
#23 = CARTESIAN_POINT('',(54.9853515625,41.99638748169,222.9723583476));
#24 = VERTEX_POINT('',#25);
#25 = CARTESIAN_POINT('',(55.352882385254,42.056491851807,
    222.80261957806));
#26 = LINE('',#27,#28);
#27 = CARTESIAN_POINT('',(54.9853515625,41.996387481689,222.9723583476)
  );
#28 = VECTOR('',#29,1.);
#29 = DIRECTION('',(0.898013514793,0.146857170397,-0.414734491876));
#30 = ORIENTED_EDGE('',*,*,#31,.T.);
#31 = EDGE_CURVE('',#24,#32,#34,.T.);
#32 = VERTEX_POINT('',#33);
#33 = CARTESIAN_POINT('',(55.123146057129,41.939723968506,222.6958462016
    ));
#34 = LINE('',#35,#36);
#35 = CARTESIAN_POINT('',(55.352882385254,42.056491851807,
    222.80261957807));
#36 = VECTOR('',#37,1.);
#37 = DIRECTION('',(-0.823570157915,-0.418595286494,-0.382766483795));
#38 = ORIENTED_EDGE('',*,*,#39,.T.);
#39 = EDGE_CURVE('',#32,#22,#40,.T.);
#40 = LINE('',#41,#42);
#41 = CARTESIAN_POINT('',(55.123146057129,41.939723968506,222.6958462016
    ));
#42 = VECTOR('',#43,1.);
#43 = DIRECTION('',(-0.438700185796,0.180401211445,0.880339451514));
#44 = PLANE('',#45);
#45 = AXIS2_PLACEMENT_3D('',#46,#47,#48);
#46 = CARTESIAN_POINT('',(55.152295237524,42.000258977438,
    222.83228165499));
#47 = DIRECTION('',(-0.29984736096,0.894112773745,-0.332646821646));
#48 = DIRECTION('',(-1.191900086909E-17,-0.348691077689,-0.937237713891)
  );
#49 = ADVANCED_FACE('',(#50),#67,.T.);
#50 = FACE_BOUND('',#51,.T.);
#51 = EDGE_LOOP('',(#52,#60,#66));
#52 = ORIENTED_EDGE('',*,*,#53,.T.);
#53 = EDGE_CURVE('',#22,#54,#56,.T.);
#54 = VERTEX_POINT('',#55);
#55 = CARTESIAN_POINT('',(55.241508483887,42.108291625977,
    223.03076899213));
#56 = LINE('',#57,#58);
#57 = CARTESIAN_POINT('',(54.9853515625,41.996387481689,222.9723583476)
  );
#58 = VECTOR('',#59,1.);
#59 = DIRECTION('',(0.896999547055,0.391861231763,0.204539941392));
#60 = ORIENTED_EDGE('',*,*,#61,.T.);
#61 = EDGE_CURVE('',#54,#24,#62,.T.);
#62 = LINE('',#63,#64);
#63 = CARTESIAN_POINT('',(55.241508483887,42.108291625977,
    223.03076899213));
#64 = VECTOR('',#65,1.);
#65 = DIRECTION('',(0.429827625483,-0.199911951172,-0.880501802469));
#66 = ORIENTED_EDGE('',*,*,#21,.F.);
#67 = PLANE('',#68);
#68 = AXIS2_PLACEMENT_3D('',#69,#70,#71);
#69 = CARTESIAN_POINT('',(55.187235462029,42.049390608166,
    222.92957050728));
#70 = DIRECTION('',(-0.306632129154,0.884905529254,-0.35059797727));
#71 = DIRECTION('',(-2.029551929565E-18,-0.368341695544,-0.929690483615)
  );
#72 = ADVANCED_FACE('',(#73),#90,.T.);
#73 = FACE_BOUND('',#74,.T.);
#74 = EDGE_LOOP('',(#75,#83,#84));
#75 = ORIENTED_EDGE('',*,*,#76,.T.);
#76 = EDGE_CURVE('',#77,#22,#79,.T.);
#77 = VERTEX_POINT('',#78);
#78 = CARTESIAN_POINT('',(54.840522766113,41.79326248169,222.74792444867
    ));
#79 = LINE('',#80,#81);
#80 = CARTESIAN_POINT('',(54.840522766113,41.793262481689,
    222.74792444867));
#81 = VECTOR('',#82,1.);
#82 = DIRECTION('',(0.431593299731,0.605317389877,0.668818421651));
#83 = ORIENTED_EDGE('',*,*,#39,.F.);
#84 = ORIENTED_EDGE('',*,*,#85,.T.);
#85 = EDGE_CURVE('',#32,#77,#86,.T.);
#86 = LINE('',#87,#88);
#87 = CARTESIAN_POINT('',(55.123146057129,41.939723968506,222.6958462016
    ));
#88 = VECTOR('',#89,1.);
#89 = DIRECTION('',(-0.876213197888,-0.454072582871,0.161457490789));
#90 = PLANE('',#91);
#91 = AXIS2_PLACEMENT_3D('',#92,#93,#94);
#92 = CARTESIAN_POINT('',(54.981449171979,41.909084305027,
    222.80585979982));
#93 = DIRECTION('',(-0.478793340892,0.782089291243,-0.398864986229));
#94 = DIRECTION('',(0.852869192619,0.522124640562,4.121731769036E-18));
#95 = ADVANCED_FACE('',(#96),#113,.T.);
#96 = FACE_BOUND('',#97,.T.);
#97 = EDGE_LOOP('',(#98,#99,#107));
#98 = ORIENTED_EDGE('',*,*,#61,.F.);
#99 = ORIENTED_EDGE('',*,*,#100,.F.);
#100 = EDGE_CURVE('',#101,#54,#103,.T.);
#101 = VERTEX_POINT('',#102);
#102 = CARTESIAN_POINT('',(55.493827819824,42.119941711426,
    222.95891535443));
#103 = LINE('',#104,#105);
#104 = CARTESIAN_POINT('',(55.493827819824,42.119941711426,
    222.95891535443));
#105 = VECTOR('',#106,1.);
#106 = DIRECTION('',(-0.960815946571,-4.4362782729E-02,0.273614071868));
#107 = ORIENTED_EDGE('',*,*,#108,.F.);
#108 = EDGE_CURVE('',#24,#101,#109,.T.);
#109 = LINE('',#110,#111);
#110 = CARTESIAN_POINT('',(55.352882385254,42.056491851807,
    222.80261957807));
#111 = VECTOR('',#112,1.);
#112 = DIRECTION('',(0.641192058508,0.288647491316,0.711024169676));
#113 = PLANE('',#114);
#114 = AXIS2_PLACEMENT_3D('',#115,#116,#117);
#115 = CARTESIAN_POINT('',(55.359550709664,42.09535356379,
    222.93371968503));
#116 = DIRECTION('',(-0.122698143155,0.953202660585,-0.276314772533));
#117 = DIRECTION('',(-1.814045947204E-19,-0.278418492488,-0.960459860192
    ));
#118 = ADVANCED_FACE('',(#119),#136,.T.);
#119 = FACE_BOUND('',#120,.T.);
#120 = EDGE_LOOP('',(#121,#122,#130));
#121 = ORIENTED_EDGE('',*,*,#100,.T.);
#122 = ORIENTED_EDGE('',*,*,#123,.T.);
#123 = EDGE_CURVE('',#54,#124,#126,.T.);
#124 = VERTEX_POINT('',#125);
#125 = CARTESIAN_POINT('',(55.488952636719,42.153076171875,
    223.12228357953));
#126 = LINE('',#127,#128);
#127 = CARTESIAN_POINT('',(55.241508483887,42.108291625977,
    223.03076899213));
#128 = VECTOR('',#129,1.);
#129 = DIRECTION('',(0.924682914639,0.167356973112,0.341984138411));
#130 = ORIENTED_EDGE('',*,*,#131,.F.);
#131 = EDGE_CURVE('',#101,#124,#132,.T.);
#132 = LINE('',#133,#134);
#133 = CARTESIAN_POINT('',(55.493827819824,42.119941711426,
    222.95891535443));
#134 = VECTOR('',#135,1.);
#135 = DIRECTION('',(-2.923370789828E-02,0.198688565575,0.979626584078)
  );
#136 = PLANE('',#137);
#137 = AXIS2_PLACEMENT_3D('',#138,#139,#140);
#138 = CARTESIAN_POINT('',(55.396335377461,42.125835379221,
    223.03715268342));
#139 = DIRECTION('',(-0.102129055543,0.974322839669,-0.200660559435));
#140 = DIRECTION('',(2.40325091415E-19,-0.20171529693,-0.979444199015));
#141 = ADVANCED_FACE('',(#142),#168,.T.);
#142 = FACE_BOUND('',#143,.T.);
#143 = EDGE_LOOP('',(#144,#154,#162));
#144 = ORIENTED_EDGE('',*,*,#145,.T.);
#145 = EDGE_CURVE('',#146,#148,#150,.T.);
#146 = VERTEX_POINT('',#147);
#147 = CARTESIAN_POINT('',(81.599998474122,40.81628036499,
    224.39837610883));
#148 = VERTEX_POINT('',#149);
#149 = CARTESIAN_POINT('',(81.552886962891,41.120525360107,
    223.29836237592));
#150 = LINE('',#151,#152);
#151 = CARTESIAN_POINT('',(81.599998474121,40.81628036499,
    224.39837610883));
#152 = VECTOR('',#153,1.);
#153 = DIRECTION('',(-4.124322440881E-02,0.266347741372,-0.962994224856)
  );
#154 = ORIENTED_EDGE('',*,*,#155,.T.);
#155 = EDGE_CURVE('',#148,#156,#158,.T.);
#156 = VERTEX_POINT('',#157);
#157 = CARTESIAN_POINT('',(81.526992797852,41.191822052002,
    224.39837610883));
#158 = LINE('',#159,#160);
#159 = CARTESIAN_POINT('',(81.552886962891,41.120525360107,
    223.29836237592));
#160 = VECTOR('',#161,1.);
#161 = DIRECTION('',(-2.348408863331E-02,6.466081563887E-02,
    0.997630932009));
#162 = ORIENTED_EDGE('',*,*,#163,.F.);
#163 = EDGE_CURVE('',#146,#156,#164,.T.);
#164 = LINE('',#165,#166);
#165 = CARTESIAN_POINT('',(81.599998474121,40.81628036499,
    224.39837610883));
#166 = VECTOR('',#167,1.);
#167 = DIRECTION('',(-0.190828558373,0.981623380584,0.));
#168 = PLANE('',#169);
#169 = AXIS2_PLACEMENT_3D('',#170,#171,#172);
#170 = CARTESIAN_POINT('',(81.559239117103,41.052391635575,
    223.92845245324));
#171 = DIRECTION('',(0.981566783744,0.190817555891,1.073822212511E-02));
#172 = DIRECTION('',(-0.190828558373,0.981623380584,-6.168479860265E-19)
  );
#173 = ADVANCED_FACE('',(#174),#191,.T.);
#174 = FACE_BOUND('',#175,.T.);
#175 = EDGE_LOOP('',(#176,#177,#185));
#176 = ORIENTED_EDGE('',*,*,#155,.F.);
#177 = ORIENTED_EDGE('',*,*,#178,.T.);
#178 = EDGE_CURVE('',#148,#179,#181,.T.);
#179 = VERTEX_POINT('',#180);
#180 = CARTESIAN_POINT('',(81.52653503418,41.193576812744,
    223.29836237592));
#181 = LINE('',#182,#183);
#182 = CARTESIAN_POINT('',(81.552886962891,41.120525360107,
    223.29836237592));
#183 = VECTOR('',#184,1.);
#184 = DIRECTION('',(-0.339328192213,0.940668048766,0.));
#185 = ORIENTED_EDGE('',*,*,#186,.F.);
#186 = EDGE_CURVE('',#156,#179,#187,.T.);
#187 = LINE('',#188,#189);
#188 = CARTESIAN_POINT('',(81.526992797852,41.191822052002,
    224.39837610883));
#189 = VECTOR('',#190,1.);
#190 = DIRECTION('',(-4.161430317682E-04,1.595214955111E-03,
    -0.999998641056));
#191 = PLANE('',#192);
#192 = AXIS2_PLACEMENT_3D('',#193,#194,#195);
#193 = CARTESIAN_POINT('',(81.533576009637,41.173823570927,
    223.82963791582));
#194 = DIRECTION('',(0.940668038205,0.339328188403,1.498491551621E-04));
#195 = DIRECTION('',(-0.339328192213,0.940668048766,-4.615466549272E-21)
  );
#196 = ADVANCED_FACE('',(#197),#221,.T.);
#197 = FACE_BOUND('',#198,.T.);
#198 = EDGE_LOOP('',(#199,#207,#215));
#199 = ORIENTED_EDGE('',*,*,#200,.T.);
#200 = EDGE_CURVE('',#156,#201,#203,.T.);
#201 = VERTEX_POINT('',#202);
#202 = CARTESIAN_POINT('',(81.415397644043,41.396331787109,
    223.29836237592));
#203 = LINE('',#204,#205);
#204 = CARTESIAN_POINT('',(81.526992797852,41.191822052002,
    224.39837610883));
#205 = VECTOR('',#206,1.);
#206 = DIRECTION('',(-9.924734677427E-02,0.181881093454,-0.978299152612)
  );
#207 = ORIENTED_EDGE('',*,*,#208,.T.);
#208 = EDGE_CURVE('',#201,#209,#211,.T.);
#209 = VERTEX_POINT('',#210);
#210 = CARTESIAN_POINT('',(81.315559387207,41.51583480835,
    224.39837610883));
#211 = LINE('',#212,#213);
#212 = CARTESIAN_POINT('',(81.415397644043,41.396331787109,
    223.29836237592));
#213 = VECTOR('',#214,1.);
#214 = DIRECTION('',(-8.986495143189E-02,0.107565311535,0.990128271619)
  );
#215 = ORIENTED_EDGE('',*,*,#216,.F.);
#216 = EDGE_CURVE('',#156,#209,#217,.T.);
#217 = LINE('',#218,#219);
#218 = CARTESIAN_POINT('',(81.526992797852,41.191822052002,
    224.39837610883));
#219 = VECTOR('',#220,1.);
#220 = DIRECTION('',(-0.546486716417,0.837467771786,0.));
#221 = PLANE('',#222);
#222 = AXIS2_PLACEMENT_3D('',#223,#224,#225);
#223 = CARTESIAN_POINT('',(81.419041306884,41.371529650027,
    223.9295178704));
#224 = DIRECTION('',(0.83735184925,0.546411071565,1.663795146267E-02));
#225 = DIRECTION('',(-0.546486716417,0.837467771786,5.823289530174E-19)
  );
#226 = ADVANCED_FACE('',(#227),#244,.T.);
#227 = FACE_BOUND('',#228,.T.);
#228 = EDGE_LOOP('',(#229,#230,#238));
#229 = ORIENTED_EDGE('',*,*,#208,.F.);
#230 = ORIENTED_EDGE('',*,*,#231,.T.);
#231 = EDGE_CURVE('',#201,#232,#234,.T.);
#232 = VERTEX_POINT('',#233);
#233 = CARTESIAN_POINT('',(81.315132141114,41.516773223877,
    223.29837000531));
#234 = LINE('',#235,#236);
#235 = CARTESIAN_POINT('',(81.415397644043,41.396331787109,
    223.29836237592));
#236 = VECTOR('',#237,1.);
#237 = DIRECTION('',(-0.639798840592,0.768542413408,4.868352157907E-05)
  );
#238 = ORIENTED_EDGE('',*,*,#239,.F.);
#239 = EDGE_CURVE('',#209,#232,#240,.T.);
#240 = LINE('',#241,#242);
#241 = CARTESIAN_POINT('',(81.315559387207,41.51583480835,
    224.39837610883));
#242 = VECTOR('',#243,1.);
#243 = DIRECTION('',(-3.884032140253E-04,8.530999165199E-04,
    -0.999999560682));
#244 = PLANE('',#245);
#245 = AXIS2_PLACEMENT_3D('',#246,#247,#248);
#246 = CARTESIAN_POINT('',(81.342173285108,41.484092196642,
    223.81196725854));
#247 = DIRECTION('',(0.768542398519,0.639798812532,2.473080845077E-04));
#248 = DIRECTION('',(-0.639798832097,0.768542422022,1.343389538561E-20)
  );
#249 = ADVANCED_FACE('',(#250),#274,.T.);
#250 = FACE_BOUND('',#251,.T.);
#251 = EDGE_LOOP('',(#252,#260,#268));
#252 = ORIENTED_EDGE('',*,*,#253,.T.);
#253 = EDGE_CURVE('',#209,#254,#256,.T.);
#254 = VERTEX_POINT('',#255);
#255 = CARTESIAN_POINT('',(81.20053100586,41.617530822754,
    223.29837000531));
#256 = LINE('',#257,#258);
#257 = CARTESIAN_POINT('',(81.315559387207,41.51583480835,
    224.39837610883));
#258 = VECTOR('',#259,1.);
#259 = DIRECTION('',(-0.103566693316,9.156279356323E-02,-0.990399007911)
  );
#260 = ORIENTED_EDGE('',*,*,#261,.T.);
#261 = EDGE_CURVE('',#254,#262,#264,.T.);
#262 = VERTEX_POINT('',#263);
#263 = CARTESIAN_POINT('',(80.997901916504,41.735542297363,
    224.39837610883));
#264 = LINE('',#265,#266);
#265 = CARTESIAN_POINT('',(81.200531005859,41.617530822754,
    223.29837000531));
#266 = VECTOR('',#267,1.);
#267 = DIRECTION('',(-0.180159329077,0.104925053736,0.97802522935));
#268 = ORIENTED_EDGE('',*,*,#269,.F.);
#269 = EDGE_CURVE('',#209,#262,#270,.T.);
#270 = LINE('',#271,#272);
#271 = CARTESIAN_POINT('',(81.315559387207,41.51583480835,
    224.39837610883));
#272 = VECTOR('',#273,1.);
#273 = DIRECTION('',(-0.822445623095,0.568843736936,0.));
#274 = PLANE('',#275);
#275 = AXIS2_PLACEMENT_3D('',#276,#277,#278);
#276 = CARTESIAN_POINT('',(81.174978688415,41.622505022094,
    223.92940311829));
#277 = DIRECTION('',(0.568765839095,0.822332996842,1.654879404473E-02));
#278 = DIRECTION('',(0.822445623095,-0.568843736936,-9.748683592452E-19)
  );
#279 = ADVANCED_FACE('',(#280),#297,.T.);
#280 = FACE_BOUND('',#281,.T.);
#281 = EDGE_LOOP('',(#282,#283,#291));
#282 = ORIENTED_EDGE('',*,*,#261,.F.);
#283 = ORIENTED_EDGE('',*,*,#284,.T.);
#284 = EDGE_CURVE('',#254,#285,#287,.T.);
#285 = VERTEX_POINT('',#286);
#286 = CARTESIAN_POINT('',(80.997413635254,41.736015319824,
    223.29837763471));
#287 = LINE('',#288,#289);
#288 = CARTESIAN_POINT('',(81.200531005859,41.617530822754,
    223.29837000531));
#289 = VECTOR('',#290,1.);
#290 = DIRECTION('',(-0.863780077199,0.503869007959,3.244488138823E-05)
  );
#291 = ORIENTED_EDGE('',*,*,#292,.F.);
#292 = EDGE_CURVE('',#262,#285,#293,.T.);
#293 = LINE('',#294,#295);
#294 = CARTESIAN_POINT('',(80.997901916504,41.735542297363,
    224.39837610883));
#295 = VECTOR('',#296,1.);
#296 = DIRECTION('',(-4.438925764315E-04,4.300209334181E-04,
    -0.999999809021));
#297 = PLANE('',#298);
#298 = AXIS2_PLACEMENT_3D('',#299,#300,#301);
#299 = CARTESIAN_POINT('',(81.053778351139,41.70305097712,
    223.79579799699));
#300 = DIRECTION('',(0.503869006864,0.863780065806,1.477798267476E-04));
#301 = DIRECTION('',(0.863780075238,-0.503869012366,-1.496877258175E-21)
  );
#302 = ADVANCED_FACE('',(#303),#327,.T.);
#303 = FACE_BOUND('',#304,.T.);
#304 = EDGE_LOOP('',(#305,#313,#321));
#305 = ORIENTED_EDGE('',*,*,#306,.T.);
#306 = EDGE_CURVE('',#262,#307,#309,.T.);
#307 = VERTEX_POINT('',#308);
#308 = CARTESIAN_POINT('',(80.626007080079,41.818092346191,
    223.29837763471));
#309 = LINE('',#310,#311);
#310 = CARTESIAN_POINT('',(80.997901916504,41.735542297363,
    224.39837610883));
#311 = VECTOR('',#312,1.);
#312 = DIRECTION('',(-0.319471237473,7.091350475864E-02,-0.94493883573)
  );
#313 = ORIENTED_EDGE('',*,*,#314,.T.);
#314 = EDGE_CURVE('',#307,#315,#317,.T.);
#315 = VERTEX_POINT('',#316);
#316 = CARTESIAN_POINT('',(80.626007080079,41.818092346191,
    224.39837610883));
#317 = LINE('',#318,#319);
#318 = CARTESIAN_POINT('',(80.626007080078,41.818092346191,
    223.29837763471));
#319 = VECTOR('',#320,1.);
#320 = DIRECTION('',(0.,0.,1.));
#321 = ORIENTED_EDGE('',*,*,#322,.F.);
#322 = EDGE_CURVE('',#262,#315,#323,.T.);
#323 = LINE('',#324,#325);
#324 = CARTESIAN_POINT('',(80.997901916504,41.735542297363,
    224.39837610883));
#325 = VECTOR('',#326,1.);
#326 = DIRECTION('',(-0.976238868111,0.216697190542,0.));
#327 = PLANE('',#328);
#328 = AXIS2_PLACEMENT_3D('',#329,#330,#331);
#329 = CARTESIAN_POINT('',(80.734624143362,41.793982455439,
    223.92758940617));
#330 = DIRECTION('',(0.216697190542,0.976238868111,0.));
#331 = DIRECTION('',(0.976238868111,-0.216697190542,0.));
#332 = ADVANCED_FACE('',(#333),#350,.T.);
#333 = FACE_BOUND('',#334,.T.);
#334 = EDGE_LOOP('',(#335,#336,#344));
#335 = ORIENTED_EDGE('',*,*,#314,.F.);
#336 = ORIENTED_EDGE('',*,*,#337,.T.);
#337 = EDGE_CURVE('',#307,#338,#340,.T.);
#338 = VERTEX_POINT('',#339);
#339 = CARTESIAN_POINT('',(75.977882385254,41.92854309082,
    223.29837763471));
#340 = LINE('',#341,#342);
#341 = CARTESIAN_POINT('',(80.626007080078,41.818092346191,
    223.29837763471));
#342 = VECTOR('',#343,1.);
#343 = DIRECTION('',(-0.999717792931,2.375572556626E-02,0.));
#344 = ORIENTED_EDGE('',*,*,#345,.F.);
#345 = EDGE_CURVE('',#315,#338,#346,.T.);
#346 = LINE('',#347,#348);
#347 = CARTESIAN_POINT('',(80.626007080078,41.818092346191,
    224.39837610883));
#348 = VECTOR('',#349,1.);
#349 = DIRECTION('',(-0.972861205104,2.311754773789E-02,-0.230231741058)
  );
#350 = PLANE('',#351);
#351 = AXIS2_PLACEMENT_3D('',#352,#353,#354);
#352 = CARTESIAN_POINT('',(78.544787972886,41.867547172647,
    223.60546508012));
#353 = DIRECTION('',(2.375572556626E-02,0.999717792931,0.));
#354 = DIRECTION('',(0.999717792931,-2.375572556626E-02,0.));
#355 = ADVANCED_FACE('',(#356),#373,.T.);
#356 = FACE_BOUND('',#357,.T.);
#357 = EDGE_LOOP('',(#358,#359,#367));
#358 = ORIENTED_EDGE('',*,*,#345,.T.);
#359 = ORIENTED_EDGE('',*,*,#360,.T.);
#360 = EDGE_CURVE('',#338,#361,#363,.T.);
#361 = VERTEX_POINT('',#362);
#362 = CARTESIAN_POINT('',(74.44711303711,41.960319519043,
    224.39837610883));
#363 = LINE('',#364,#365);
#364 = CARTESIAN_POINT('',(75.977882385254,41.92854309082,
    223.29837763471));
#365 = VECTOR('',#366,1.);
#366 = DIRECTION('',(-0.811960847523,1.6855064169E-02,0.583468498637));
#367 = ORIENTED_EDGE('',*,*,#368,.F.);
#368 = EDGE_CURVE('',#315,#361,#369,.T.);
#369 = LINE('',#370,#371);
#370 = CARTESIAN_POINT('',(80.626007080078,41.818092346191,
    224.39837610883));
#371 = VECTOR('',#372,1.);
#372 = DIRECTION('',(-0.999735185888,2.301212937141E-02,0.));
#373 = PLANE('',#374);
#374 = AXIS2_PLACEMENT_3D('',#375,#376,#377);
#375 = CARTESIAN_POINT('',(77.480138898661,41.891401928899,
    224.11304478917));
#376 = DIRECTION('',(2.301201564746E-02,0.999730245283,
    3.143851461853E-03));
#377 = DIRECTION('',(0.999735185888,-2.301212937141E-02,
    -6.083182513533E-21));
#378 = ADVANCED_FACE('',(#379),#396,.T.);
#379 = FACE_BOUND('',#380,.T.);
#380 = EDGE_LOOP('',(#381,#382,#390));
#381 = ORIENTED_EDGE('',*,*,#360,.F.);
#382 = ORIENTED_EDGE('',*,*,#383,.T.);
#383 = EDGE_CURVE('',#338,#384,#386,.T.);
#384 = VERTEX_POINT('',#385);
#385 = CARTESIAN_POINT('',(72.24040222168,42.00182723999,223.29837763471
    ));
#386 = LINE('',#387,#388);
#387 = CARTESIAN_POINT('',(75.977882385254,41.92854309082,
    223.29837763471));
#388 = VECTOR('',#389,1.);
#389 = DIRECTION('',(-0.99980782048,1.960413493867E-02,0.));
#390 = ORIENTED_EDGE('',*,*,#391,.F.);
#391 = EDGE_CURVE('',#361,#384,#392,.T.);
#392 = LINE('',#393,#394);
#393 = CARTESIAN_POINT('',(74.447113037109,41.960319519043,
    224.39837610883));
#394 = VECTOR('',#395,1.);
#395 = DIRECTION('',(-0.894844327555,1.683181519739E-02,-0.446060892077)
  );
#396 = PLANE('',#397);
#397 = AXIS2_PLACEMENT_3D('',#398,#399,#400);
#398 = CARTESIAN_POINT('',(74.132959401919,41.965191846146,
    223.59421949424));
#399 = DIRECTION('',(1.960410981933E-02,0.999806539398,
    -1.600829790266E-03));
#400 = DIRECTION('',(0.99980782048,-1.960413493867E-02,
    1.308143320621E-21));
#401 = ADVANCED_FACE('',(#402),#426,.T.);
#402 = FACE_BOUND('',#403,.T.);
#403 = EDGE_LOOP('',(#404,#412,#420));
#404 = ORIENTED_EDGE('',*,*,#405,.T.);
#405 = EDGE_CURVE('',#361,#406,#408,.T.);
#406 = VERTEX_POINT('',#407);
#407 = CARTESIAN_POINT('',(71.530227661133,42.014194488525,
    223.29837763471));
#408 = LINE('',#409,#410);
#409 = CARTESIAN_POINT('',(74.447113037109,41.960319519043,
    224.39837610883));
#410 = VECTOR('',#411,1.);
#411 = DIRECTION('',(-0.935537549205,1.727940951269E-02,-0.352804359432)
  );
#412 = ORIENTED_EDGE('',*,*,#413,.T.);
#413 = EDGE_CURVE('',#406,#414,#416,.T.);
#414 = VERTEX_POINT('',#415);
#415 = CARTESIAN_POINT('',(68.192138671875,42.065525054932,
    224.39837610883));
#416 = LINE('',#417,#418);
#417 = CARTESIAN_POINT('',(71.530227661133,42.014194488525,
    223.29837763471));
#418 = VECTOR('',#419,1.);
#419 = DIRECTION('',(-0.94966029906,1.460314605187E-02,0.312940992065));
#420 = ORIENTED_EDGE('',*,*,#421,.F.);
#421 = EDGE_CURVE('',#361,#414,#422,.T.);
#422 = LINE('',#423,#424);
#423 = CARTESIAN_POINT('',(74.447113037109,41.960319519043,
    224.39837610883));
#424 = VECTOR('',#425,1.);
#425 = DIRECTION('',(-0.999858582229,1.681712055303E-02,0.));
#426 = PLANE('',#427);
#427 = AXIS2_PLACEMENT_3D('',#428,#429,#430);
#428 = CARTESIAN_POINT('',(71.325630200892,42.014060111635,
    224.1153316773));
#429 = DIRECTION('',(1.681695952701E-02,0.999849008458,
    4.376089256715E-03));
#430 = DIRECTION('',(0.999858582229,-1.681712055303E-02,
    2.245396670375E-20));
#431 = ADVANCED_FACE('',(#432),#449,.T.);
#432 = FACE_BOUND('',#433,.T.);
#433 = EDGE_LOOP('',(#434,#435,#443));
#434 = ORIENTED_EDGE('',*,*,#413,.F.);
#435 = ORIENTED_EDGE('',*,*,#436,.T.);
#436 = EDGE_CURVE('',#406,#437,#439,.T.);
#437 = VERTEX_POINT('',#438);
#438 = CARTESIAN_POINT('',(63.840888977051,42.116474151611,
    223.29837763471));
#439 = LINE('',#440,#441);
#440 = CARTESIAN_POINT('',(71.530227661133,42.014194488525,
    223.29837763471));
#441 = VECTOR('',#442,1.);
#442 = DIRECTION('',(-0.999911546917,1.330031363374E-02,0.));
#443 = ORIENTED_EDGE('',*,*,#444,.F.);
#444 = EDGE_CURVE('',#414,#437,#445,.T.);
#445 = LINE('',#446,#447);
#446 = CARTESIAN_POINT('',(68.192138671875,42.065525054932,
    224.39837610883));
#447 = VECTOR('',#448,1.);
#448 = DIRECTION('',(-0.969437809004,1.1351217264E-02,-0.245074446527));
#449 = PLANE('',#450);
#450 = AXIS2_PLACEMENT_3D('',#451,#452,#453);
#451 = CARTESIAN_POINT('',(67.695499684825,42.066968935018,
    223.57886974799));
#452 = DIRECTION('',(1.330004981834E-02,0.999891713394,
    -6.298425226267E-03));
#453 = DIRECTION('',(0.999911546917,-1.330031363374E-02,
    -1.271360002207E-20));
#454 = ADVANCED_FACE('',(#455),#479,.T.);
#455 = FACE_BOUND('',#456,.T.);
#456 = EDGE_LOOP('',(#457,#465,#473));
#457 = ORIENTED_EDGE('',*,*,#458,.T.);
#458 = EDGE_CURVE('',#414,#459,#461,.T.);
#459 = VERTEX_POINT('',#460);
#460 = CARTESIAN_POINT('',(63.202880859375,42.122409820557,
    223.29837763471));
#461 = LINE('',#462,#463);
#462 = CARTESIAN_POINT('',(68.192138671875,42.065525054932,
    224.39837610883));
#463 = VECTOR('',#464,1.);
#464 = DIRECTION('',(-0.976486839274,1.113336433504E-02,-0.215289342337)
  );
#465 = ORIENTED_EDGE('',*,*,#466,.T.);
#466 = EDGE_CURVE('',#459,#467,#469,.T.);
#467 = VERTEX_POINT('',#468);
#468 = CARTESIAN_POINT('',(61.869186401367,42.133720397949,
    224.39837610883));
#469 = LINE('',#470,#471);
#470 = CARTESIAN_POINT('',(63.202880859375,42.122409820557,
    223.29837763471));
#471 = VECTOR('',#472,1.);
#472 = DIRECTION('',(-0.771441790905,6.542317115818E-03,0.636266266065)
  );
#473 = ORIENTED_EDGE('',*,*,#474,.F.);
#474 = EDGE_CURVE('',#414,#467,#475,.T.);
#475 = LINE('',#476,#477);
#476 = CARTESIAN_POINT('',(68.192138671875,42.065525054932,
    224.39837610883));
#477 = VECTOR('',#478,1.);
#478 = DIRECTION('',(-0.999941843033,1.078473694976E-02,0.));
#479 = PLANE('',#480);
#480 = AXIS2_PLACEMENT_3D('',#481,#482,#483);
#481 = CARTESIAN_POINT('',(64.961855158872,42.101163353355,
    224.11261788697));
#482 = DIRECTION('',(1.078469484856E-02,0.999937939485,
    2.794196874656E-03));
#483 = DIRECTION('',(0.999941843033,-1.078473694976E-02,
    6.897088201283E-21));
#484 = ADVANCED_FACE('',(#485),#502,.T.);
#485 = FACE_BOUND('',#486,.T.);
#486 = EDGE_LOOP('',(#487,#488,#496));
#487 = ORIENTED_EDGE('',*,*,#466,.F.);
#488 = ORIENTED_EDGE('',*,*,#489,.T.);
#489 = EDGE_CURVE('',#459,#490,#492,.T.);
#490 = VERTEX_POINT('',#491);
#491 = CARTESIAN_POINT('',(55.486343383789,42.164920806885,
    223.29837763471));
#492 = LINE('',#493,#494);
#493 = CARTESIAN_POINT('',(63.202880859375,42.122409820557,
    223.29837763471));
#494 = VECTOR('',#495,1.);
#495 = DIRECTION('',(-0.99998482539,5.508991743379E-03,0.));
#496 = ORIENTED_EDGE('',*,*,#497,.F.);
#497 = EDGE_CURVE('',#467,#490,#498,.T.);
#498 = LINE('',#499,#500);
#499 = CARTESIAN_POINT('',(61.869186401367,42.133720397949,
    224.39837610883));
#500 = VECTOR('',#501,1.);
#501 = DIRECTION('',(-0.985461390304,4.81710082529E-03,-0.169831221394)
  );
#502 = PLANE('',#503);
#503 = AXIS2_PLACEMENT_3D('',#504,#505,#506);
#504 = CARTESIAN_POINT('',(59.419867940508,42.144271952389,
    223.58182609794));
#505 = DIRECTION('',(5.508955989557E-03,0.999978335404,
    -3.602794343848E-03));
#506 = DIRECTION('',(0.99998482539,-5.508991743379E-03,
    1.870365212653E-21));
#507 = ADVANCED_FACE('',(#508),#525,.T.);
#508 = FACE_BOUND('',#509,.T.);
#509 = EDGE_LOOP('',(#510,#511,#519));
#510 = ORIENTED_EDGE('',*,*,#497,.T.);
#511 = ORIENTED_EDGE('',*,*,#512,.T.);
#512 = EDGE_CURVE('',#490,#513,#515,.T.);
#513 = VERTEX_POINT('',#514);
#514 = CARTESIAN_POINT('',(55.486343383789,42.164920806885,
    224.39837610883));
#515 = LINE('',#516,#517);
#516 = CARTESIAN_POINT('',(55.486343383789,42.164920806885,
    223.29837763471));
#517 = VECTOR('',#518,1.);
#518 = DIRECTION('',(0.,0.,1.));
#519 = ORIENTED_EDGE('',*,*,#520,.F.);
#520 = EDGE_CURVE('',#467,#513,#521,.T.);
#521 = LINE('',#522,#523);
#522 = CARTESIAN_POINT('',(61.869186401367,42.133720397949,
    224.39837610883));
#523 = VECTOR('',#524,1.);
#524 = DIRECTION('',(-0.999988053121,4.888109593501E-03,0.));
#525 = PLANE('',#526);
#526 = AXIS2_PLACEMENT_3D('',#527,#528,#529);
#527 = CARTESIAN_POINT('',(58.426290893553,42.15054984957,
    224.09985387516));
#528 = DIRECTION('',(4.888109593501E-03,0.999988053121,0.));
#529 = DIRECTION('',(0.999988053121,-4.888109593501E-03,0.));
#530 = ADVANCED_FACE('',(#531),#548,.T.);
#531 = FACE_BOUND('',#532,.T.);
#532 = EDGE_LOOP('',(#533,#541,#547));
#533 = ORIENTED_EDGE('',*,*,#534,.T.);
#534 = EDGE_CURVE('',#490,#535,#537,.T.);
#535 = VERTEX_POINT('',#536);
#536 = CARTESIAN_POINT('',(55.201194763184,42.1279296875,223.29837763471
    ));
#537 = LINE('',#538,#539);
#538 = CARTESIAN_POINT('',(55.486343383789,42.164920806885,
    223.29837763471));
#539 = VECTOR('',#540,1.);
#540 = DIRECTION('',(-0.99169034961,-0.128647776858,-0.));
#541 = ORIENTED_EDGE('',*,*,#542,.T.);
#542 = EDGE_CURVE('',#535,#513,#543,.T.);
#543 = LINE('',#544,#545);
#544 = CARTESIAN_POINT('',(55.201194763184,42.1279296875,223.29837763471
    ));
#545 = VECTOR('',#546,1.);
#546 = DIRECTION('',(0.250799488775,3.253515241006E-02,0.967492160324));
#547 = ORIENTED_EDGE('',*,*,#512,.F.);
#548 = PLANE('',#549);
#549 = AXIS2_PLACEMENT_3D('',#550,#551,#552);
#550 = CARTESIAN_POINT('',(55.40589299346,42.15448431946,223.78573239812
    ));
#551 = DIRECTION('',(-0.128647776858,0.99169034961,0.));
#552 = DIRECTION('',(0.99169034961,0.128647776858,0.));
#553 = ADVANCED_FACE('',(#554),#571,.T.);
#554 = FACE_BOUND('',#555,.T.);
#555 = EDGE_LOOP('',(#556,#557,#565));
#556 = ORIENTED_EDGE('',*,*,#542,.F.);
#557 = ORIENTED_EDGE('',*,*,#558,.T.);
#558 = EDGE_CURVE('',#535,#559,#561,.T.);
#559 = VERTEX_POINT('',#560);
#560 = CARTESIAN_POINT('',(55.145889282227,42.111652374268,
    223.29837763471));
#561 = LINE('',#562,#563);
#562 = CARTESIAN_POINT('',(55.201194763184,42.1279296875,223.29837763471
    ));
#563 = VECTOR('',#564,1.);
#564 = DIRECTION('',(-0.959313857065,-0.282341855987,-0.));
#565 = ORIENTED_EDGE('',*,*,#566,.F.);
#566 = EDGE_CURVE('',#513,#559,#567,.T.);
#567 = LINE('',#568,#569);
#568 = CARTESIAN_POINT('',(55.486343383789,42.164920806885,
    224.39837610883));
#569 = VECTOR('',#570,1.);
#570 = DIRECTION('',(-0.295350730252,-4.62114287966E-02,-0.954270637706)
  );
#571 = PLANE('',#572);
#572 = AXIS2_PLACEMENT_3D('',#573,#574,#575);
#573 = CARTESIAN_POINT('',(55.326008656154,42.141774407826,
    223.83486868404));
#574 = DIRECTION('',(-0.28210565025,0.958511300053,4.089608500398E-02));
#575 = DIRECTION('',(0.959313857065,0.282341855987,-1.616756798102E-18)
  );
#576 = ADVANCED_FACE('',(#577),#594,.T.);
#577 = FACE_BOUND('',#578,.T.);
#578 = EDGE_LOOP('',(#579,#580,#588));
#579 = ORIENTED_EDGE('',*,*,#566,.T.);
#580 = ORIENTED_EDGE('',*,*,#581,.T.);
#581 = EDGE_CURVE('',#559,#582,#584,.T.);
#582 = VERTEX_POINT('',#583);
#583 = CARTESIAN_POINT('',(55.145881652832,42.11164855957,
    224.39837610883));
#584 = LINE('',#585,#586);
#585 = CARTESIAN_POINT('',(55.145889282227,42.111652374268,
    223.29837763471));
#586 = VECTOR('',#587,1.);
#587 = DIRECTION('',(-6.93582283113E-06,-3.46791141557E-06,0.99999999997
    ));
#588 = ORIENTED_EDGE('',*,*,#589,.F.);
#589 = EDGE_CURVE('',#513,#582,#590,.T.);
#590 = LINE('',#591,#592);
#591 = CARTESIAN_POINT('',(55.486343383789,42.164920806885,
    224.39837610883));
#592 = VECTOR('',#593,1.);
#593 = DIRECTION('',(-0.987978769818,-0.154589619277,-0.));
#594 = PLANE('',#595);
#595 = AXIS2_PLACEMENT_3D('',#596,#597,#598);
#596 = CARTESIAN_POINT('',(55.24402069608,42.127005569989,
    223.92134921996));
#597 = DIRECTION('',(-0.154589619277,0.987978769816,2.35401664342E-06));
#598 = DIRECTION('',(0.987978769818,0.154589619277,-8.368511175545E-23)
  );
#599 = ADVANCED_FACE('',(#600),#617,.T.);
#600 = FACE_BOUND('',#601,.T.);
#601 = EDGE_LOOP('',(#602,#603,#611));
#602 = ORIENTED_EDGE('',*,*,#581,.F.);
#603 = ORIENTED_EDGE('',*,*,#604,.T.);
#604 = EDGE_CURVE('',#559,#605,#607,.T.);
#605 = VERTEX_POINT('',#606);
#606 = CARTESIAN_POINT('',(54.935119628906,42.018161773682,
    223.29837763471));
#607 = LINE('',#608,#609);
#608 = CARTESIAN_POINT('',(55.145889282227,42.111652374268,
    223.29837763471));
#609 = VECTOR('',#610,1.);
#610 = DIRECTION('',(-0.914108760817,-0.405469078225,-0.));
#611 = ORIENTED_EDGE('',*,*,#612,.F.);
#612 = EDGE_CURVE('',#582,#605,#613,.T.);
#613 = LINE('',#614,#615);
#614 = CARTESIAN_POINT('',(55.145881652832,42.11164855957,
    224.39837610883));
#615 = VECTOR('',#616,1.);
#616 = DIRECTION('',(-0.187526947654,-8.318050508891E-02,-0.978731141569
    ));
#617 = PLANE('',#618);
#618 = AXIS2_PLACEMENT_3D('',#619,#620,#621);
#619 = CARTESIAN_POINT('',(55.087730304128,42.085854737763,
    223.79670981974));
#620 = DIRECTION('',(-0.405469078225,0.914108760817,3.5778651667E-07));
#621 = DIRECTION('',(0.914108760817,0.405469078225,-1.211219276798E-23)
  );
#622 = ADVANCED_FACE('',(#623),#647,.T.);
#623 = FACE_BOUND('',#624,.T.);
#624 = EDGE_LOOP('',(#625,#633,#641));
#625 = ORIENTED_EDGE('',*,*,#626,.T.);
#626 = EDGE_CURVE('',#582,#627,#629,.T.);
#627 = VERTEX_POINT('',#628);
#628 = CARTESIAN_POINT('',(54.838623046875,41.955661773682,
    223.29837763471));
#629 = LINE('',#630,#631);
#630 = CARTESIAN_POINT('',(55.145881652832,42.11164855957,
    224.39837610883));
#631 = VECTOR('',#632,1.);
#632 = DIRECTION('',(-0.266553656414,-0.135321996927,-0.954273076954));
#633 = ORIENTED_EDGE('',*,*,#634,.T.);
#634 = EDGE_CURVE('',#627,#635,#637,.T.);
#635 = VERTEX_POINT('',#636);
#636 = CARTESIAN_POINT('',(54.838600158691,41.955646514893,
    224.39837610883));
#637 = LINE('',#638,#639);
#638 = CARTESIAN_POINT('',(54.838623046875,41.955661773682,
    223.29837763471));
#639 = VECTOR('',#640,1.);
#640 = DIRECTION('',(-2.080746848752E-05,-1.387164565835E-05,
    0.999999999687));
#641 = ORIENTED_EDGE('',*,*,#642,.F.);
#642 = EDGE_CURVE('',#582,#635,#643,.T.);
#643 = LINE('',#644,#645);
#644 = CARTESIAN_POINT('',(55.145881652832,42.11164855957,
    224.39837610883));
#645 = VECTOR('',#646,1.);
#646 = DIRECTION('',(-0.891669587649,-0.452686808359,-0.));
#647 = PLANE('',#648);
#648 = AXIS2_PLACEMENT_3D('',#649,#650,#651);
#649 = CARTESIAN_POINT('',(54.927182005684,42.000619721571,
    223.92135101672));
#650 = DIRECTION('',(-0.452686808357,0.891669587645,2.94965806548E-06));
#651 = DIRECTION('',(0.891669587649,0.452686808359,1.860549628319E-22));
#652 = ADVANCED_FACE('',(#653),#670,.T.);
#653 = FACE_BOUND('',#654,.T.);
#654 = EDGE_LOOP('',(#655,#656,#664));
#655 = ORIENTED_EDGE('',*,*,#634,.F.);
#656 = ORIENTED_EDGE('',*,*,#657,.T.);
#657 = EDGE_CURVE('',#627,#658,#660,.T.);
#658 = VERTEX_POINT('',#659);
#659 = CARTESIAN_POINT('',(54.70662689209,41.843128204346,
    223.29837763471));
#660 = LINE('',#661,#662);
#661 = CARTESIAN_POINT('',(54.838623046875,41.955661773682,
    223.29837763471));
#662 = VECTOR('',#663,1.);
#663 = DIRECTION('',(-0.760980203409,-0.648775099722,-0.));
#664 = ORIENTED_EDGE('',*,*,#665,.F.);
#665 = EDGE_CURVE('',#635,#658,#666,.T.);
#666 = LINE('',#667,#668);
#667 = CARTESIAN_POINT('',(54.838600158691,41.955646514893,
    224.39837610883));
#668 = VECTOR('',#669,1.);
#669 = DIRECTION('',(-0.118511957931,-0.101041412624,-0.987798334055));
#670 = PLANE('',#671);
#671 = AXIS2_PLACEMENT_3D('',#672,#673,#674);
#672 = CARTESIAN_POINT('',(54.8030276658,41.92531683749,223.80841090593)
  );
#673 = DIRECTION('',(-0.648775099719,0.760980203406,-2.94331970915E-06)
  );
#674 = DIRECTION('',(0.760980203409,0.648775099722,2.929396337861E-23));
#675 = ADVANCED_FACE('',(#676),#700,.T.);
#676 = FACE_BOUND('',#677,.T.);
#677 = EDGE_LOOP('',(#678,#686,#694));
#678 = ORIENTED_EDGE('',*,*,#679,.T.);
#679 = EDGE_CURVE('',#635,#680,#682,.T.);
#680 = VERTEX_POINT('',#681);
#681 = CARTESIAN_POINT('',(54.594703674316,41.712261199951,
    223.29837763471));
#682 = LINE('',#683,#684);
#683 = CARTESIAN_POINT('',(54.838600158691,41.955646514893,
    224.39837610883));
#684 = VECTOR('',#685,1.);
#685 = DIRECTION('',(-0.211587029376,-0.21114357558,-0.954279476616));
#686 = ORIENTED_EDGE('',*,*,#687,.T.);
#687 = EDGE_CURVE('',#680,#688,#690,.T.);
#688 = VERTEX_POINT('',#689);
#689 = CARTESIAN_POINT('',(54.594673156738,41.712226867676,
    224.39837610883));
#690 = LINE('',#691,#692);
#691 = CARTESIAN_POINT('',(54.594703674316,41.712261199951,
    223.29837763471));
#692 = VECTOR('',#693,1.);
#693 = DIRECTION('',(-2.774329130118E-05,-3.121120271382E-05,
    0.999999999128));
#694 = ORIENTED_EDGE('',*,*,#695,.F.);
#695 = EDGE_CURVE('',#635,#688,#696,.T.);
#696 = LINE('',#697,#698);
#697 = CARTESIAN_POINT('',(54.838600158691,41.955646514893,
    224.39837610883));
#698 = VECTOR('',#699,1.);
#699 = DIRECTION('',(-0.707842534761,-0.706370261254,-0.));
#700 = PLANE('',#701);
#701 = AXIS2_PLACEMENT_3D('',#702,#703,#704);
#702 = CARTESIAN_POINT('',(54.664996486592,41.782405610685,
    223.92134988881));
#703 = DIRECTION('',(-0.706370261252,0.707842534758,2.49558091959E-06));
#704 = DIRECTION('',(0.707842534761,0.706370261254,-7.065860646877E-23)
  );
#705 = ADVANCED_FACE('',(#706),#723,.T.);
#706 = FACE_BOUND('',#707,.T.);
#707 = EDGE_LOOP('',(#708,#709,#717));
#708 = ORIENTED_EDGE('',*,*,#687,.F.);
#709 = ORIENTED_EDGE('',*,*,#710,.T.);
#710 = EDGE_CURVE('',#680,#711,#713,.T.);
#711 = VERTEX_POINT('',#712);
#712 = CARTESIAN_POINT('',(54.531356811523,41.614807128906,
    223.29837763471));
#713 = LINE('',#714,#715);
#714 = CARTESIAN_POINT('',(54.594703674316,41.712261199951,
    223.29837763471));
#715 = VECTOR('',#716,1.);
#716 = DIRECTION('',(-0.544998732785,-0.838436867786,-0.));
#717 = ORIENTED_EDGE('',*,*,#718,.F.);
#718 = EDGE_CURVE('',#688,#711,#719,.T.);
#719 = LINE('',#720,#721);
#720 = CARTESIAN_POINT('',(54.594673156738,41.712226867676,
    224.39837610883));
#721 = VECTOR('',#722,1.);
#722 = DIRECTION('',(-5.724196376751E-02,-8.807357938876E-02,
    -0.994467899028));
#723 = PLANE('',#724);
#724 = AXIS2_PLACEMENT_3D('',#725,#726,#727);
#725 = CARTESIAN_POINT('',(54.578018111381,41.686597791311,
    223.82084953521));
#726 = DIRECTION('',(-0.83843686777,0.544998732774,-6.25093233823E-06));
#727 = DIRECTION('',(-0.544998732785,-0.838436867786,-3.460720830597E-22
    ));
#728 = ADVANCED_FACE('',(#729),#753,.T.);
#729 = FACE_BOUND('',#730,.T.);
#730 = EDGE_LOOP('',(#731,#739,#747));
#731 = ORIENTED_EDGE('',*,*,#732,.T.);
#732 = EDGE_CURVE('',#688,#733,#735,.T.);
#733 = VERTEX_POINT('',#734);
#734 = CARTESIAN_POINT('',(54.438049316406,41.405330657959,
    223.29837763471));
#735 = LINE('',#736,#737);
#736 = CARTESIAN_POINT('',(54.594673156738,41.712226867676,
    224.39837610883));
#737 = VECTOR('',#738,1.);
#738 = DIRECTION('',(-0.135875853118,-0.266241615744,-0.954281486033));
#739 = ORIENTED_EDGE('',*,*,#740,.T.);
#740 = EDGE_CURVE('',#733,#741,#743,.T.);
#741 = VERTEX_POINT('',#742);
#742 = CARTESIAN_POINT('',(54.438034057617,41.405277252197,
    224.39837610883));
#743 = LINE('',#744,#745);
#744 = CARTESIAN_POINT('',(54.438049316406,41.405330657959,
    223.29837763471));
#745 = VECTOR('',#746,1.);
#746 = DIRECTION('',(-1.3871645645E-05,-4.85507597575E-05,0.999999998725
    ));
#747 = ORIENTED_EDGE('',*,*,#748,.F.);
#748 = EDGE_CURVE('',#688,#741,#749,.T.);
#749 = LINE('',#750,#751);
#750 = CARTESIAN_POINT('',(54.594673156738,41.712226867676,
    224.39837610883));
#751 = VECTOR('',#752,1.);
#752 = DIRECTION('',(-0.45454437108,-0.890724095733,-0.));
#753 = PLANE('',#754);
#754 = AXIS2_PLACEMENT_3D('',#755,#756,#757);
#755 = CARTESIAN_POINT('',(54.483190674701,41.493776247394,
    223.92135005476));
#756 = DIRECTION('',(-0.890724095691,0.454544371059,9.71266554793E-06));
#757 = DIRECTION('',(-0.45454437108,-0.890724095733,-2.920508765703E-22)
  );
#758 = ADVANCED_FACE('',(#759),#776,.T.);
#759 = FACE_BOUND('',#760,.T.);
#760 = EDGE_LOOP('',(#761,#762,#770));
#761 = ORIENTED_EDGE('',*,*,#740,.F.);
#762 = ORIENTED_EDGE('',*,*,#763,.T.);
#763 = EDGE_CURVE('',#733,#764,#766,.T.);
#764 = VERTEX_POINT('',#765);
#765 = CARTESIAN_POINT('',(54.421325683594,41.348831176758,
    223.29837763471));
#766 = LINE('',#767,#768);
#767 = CARTESIAN_POINT('',(54.438049316406,41.405330657959,
    223.29837763471));
#768 = VECTOR('',#769,1.);
#769 = DIRECTION('',(-0.283823804009,-0.958876450998,-0.));
#770 = ORIENTED_EDGE('',*,*,#771,.F.);
#771 = EDGE_CURVE('',#741,#764,#772,.T.);
#772 = LINE('',#773,#774);
#773 = CARTESIAN_POINT('',(54.438034057617,41.405277252197,
    224.39837610883));
#774 = VECTOR('',#775,1.);
#775 = DIRECTION('',(-1.516774794834E-02,-5.124136218988E-02,
    -0.998571110249));
#776 = PLANE('',#777);
#777 = AXIS2_PLACEMENT_3D('',#778,#779,#780);
#778 = CARTESIAN_POINT('',(54.433749085841,41.390801763028,
    223.83404045494));
#779 = DIRECTION('',(-0.958876450998,0.283823804009,4.7866697693E-07));
#780 = DIRECTION('',(-0.283823804009,-0.958876450998,9.323076220198E-24)
  );
#781 = ADVANCED_FACE('',(#782),#806,.T.);
#782 = FACE_BOUND('',#783,.T.);
#783 = EDGE_LOOP('',(#784,#792,#800));
#784 = ORIENTED_EDGE('',*,*,#785,.T.);
#785 = EDGE_CURVE('',#741,#786,#788,.T.);
#786 = VERTEX_POINT('',#787);
#787 = CARTESIAN_POINT('',(54.384056091309,41.064994812012,
    223.29837763471));
#788 = LINE('',#789,#790);
#789 = CARTESIAN_POINT('',(54.438034057617,41.405277252197,
    224.39837610883));
#790 = VECTOR('',#791,1.);
#791 = DIRECTION('',(-4.682768170075E-02,-0.295206338569,-0.954285274902
    ));
#792 = ORIENTED_EDGE('',*,*,#793,.T.);
#793 = EDGE_CURVE('',#786,#794,#796,.T.);
#794 = VERTEX_POINT('',#795);
#795 = CARTESIAN_POINT('',(54.384056091309,41.064922332764,
    224.39837610883));
#796 = LINE('',#797,#798);
#797 = CARTESIAN_POINT('',(54.384056091309,41.064994812012,
    223.29837763471));
#798 = VECTOR('',#799,1.);
#799 = DIRECTION('',(0.,-6.589031675471E-05,0.999999997829));
#800 = ORIENTED_EDGE('',*,*,#801,.F.);
#801 = EDGE_CURVE('',#741,#794,#802,.T.);
#802 = LINE('',#803,#804);
#803 = CARTESIAN_POINT('',(54.438034057617,41.405277252197,
    224.39837610883));
#804 = VECTOR('',#805,1.);
#805 = DIRECTION('',(-0.156635572094,-0.987656467379,-0.));
#806 = PLANE('',#807);
#807 = AXIS2_PLACEMENT_3D('',#808,#809,#810);
#808 = CARTESIAN_POINT('',(54.399614807187,41.163058339968,
    223.92135050795));
#809 = DIRECTION('',(-0.987656467326,0.156635572086,1.032076748222E-05)
  );
#810 = DIRECTION('',(-0.156635572094,-0.987656467379,1.99512365331E-22)
  );
#811 = ADVANCED_FACE('',(#812),#822,.T.);
#812 = FACE_BOUND('',#813,.T.);
#813 = EDGE_LOOP('',(#814,#815,#821));
#814 = ORIENTED_EDGE('',*,*,#771,.T.);
#815 = ORIENTED_EDGE('',*,*,#816,.T.);
#816 = EDGE_CURVE('',#764,#786,#817,.T.);
#817 = LINE('',#818,#819);
#818 = CARTESIAN_POINT('',(54.421325683594,41.348831176758,
    223.29837763471));
#819 = VECTOR('',#820,1.);
#820 = DIRECTION('',(-0.130189088567,-0.991489183611,-0.));
#821 = ORIENTED_EDGE('',*,*,#785,.F.);
#822 = PLANE('',#823);
#823 = AXIS2_PLACEMENT_3D('',#824,#825,#826);
#824 = CARTESIAN_POINT('',(54.418183718625,41.293491243277,
    223.78640190444));
#825 = DIRECTION('',(-0.99145437569,0.130184518056,8.379271086094E-03));
#826 = DIRECTION('',(-0.130189088567,-0.991489183611,1.962928249609E-19)
  );
#827 = ADVANCED_FACE('',(#828),#838,.T.);
#828 = FACE_BOUND('',#829,.T.);
#829 = EDGE_LOOP('',(#830,#831,#837));
#830 = ORIENTED_EDGE('',*,*,#718,.T.);
#831 = ORIENTED_EDGE('',*,*,#832,.T.);
#832 = EDGE_CURVE('',#711,#733,#833,.T.);
#833 = LINE('',#834,#835);
#834 = CARTESIAN_POINT('',(54.531356811523,41.614807128906,
    223.29837763471));
#835 = VECTOR('',#836,1.);
#836 = DIRECTION('',(-0.406891532403,-0.913476480737,-0.));
#837 = ORIENTED_EDGE('',*,*,#732,.F.);
#838 = PLANE('',#839);
#839 = AXIS2_PLACEMENT_3D('',#840,#841,#842);
#840 = CARTESIAN_POINT('',(54.534183731362,41.600851570075,
    223.79768640754));
#841 = DIRECTION('',(-0.913351490523,0.406835857779,1.654205502796E-02)
  );
#842 = DIRECTION('',(-0.406891532403,-0.913476480737,1.406695267907E-19)
  );
#843 = ADVANCED_FACE('',(#844),#854,.T.);
#844 = FACE_BOUND('',#845,.T.);
#845 = EDGE_LOOP('',(#846,#847,#853));
#846 = ORIENTED_EDGE('',*,*,#665,.T.);
#847 = ORIENTED_EDGE('',*,*,#848,.T.);
#848 = EDGE_CURVE('',#658,#680,#849,.T.);
#849 = LINE('',#850,#851);
#850 = CARTESIAN_POINT('',(54.70662689209,41.843128204346,
    223.29837763471));
#851 = VECTOR('',#852,1.);
#852 = DIRECTION('',(-0.649959085228,-0.759969201698,-0.));
#853 = ORIENTED_EDGE('',*,*,#679,.F.);
#854 = PLANE('',#855);
#855 = AXIS2_PLACEMENT_3D('',#856,#857,#858);
#856 = CARTESIAN_POINT('',(54.7375481292,41.859862540571,223.80953717723
    ));
#857 = DIRECTION('',(-0.759737596149,0.649761005976,2.468643576424E-02)
  );
#858 = DIRECTION('',(-0.649959085228,-0.759969201698,1.057042665312E-19)
  );
#859 = ADVANCED_FACE('',(#860),#870,.T.);
#860 = FACE_BOUND('',#861,.T.);
#861 = EDGE_LOOP('',(#862,#863,#869));
#862 = ORIENTED_EDGE('',*,*,#612,.T.);
#863 = ORIENTED_EDGE('',*,*,#864,.T.);
#864 = EDGE_CURVE('',#605,#627,#865,.T.);
#865 = LINE('',#866,#867);
#866 = CARTESIAN_POINT('',(54.935119628906,42.018161773682,
    223.29837763471));
#867 = VECTOR('',#868,1.);
#868 = DIRECTION('',(-0.839327938763,-0.543625432823,-0.));
#869 = ORIENTED_EDGE('',*,*,#626,.F.);
#870 = PLANE('',#871);
#871 = AXIS2_PLACEMENT_3D('',#872,#873,#874);
#872 = CARTESIAN_POINT('',(55.009860311402,42.046093773952,
    223.82193711401));
#873 = DIRECTION('',(-0.543332762737,0.838876072155,3.280921368888E-02)
  );
#874 = DIRECTION('',(0.839327938763,0.543625432823,-3.043055822263E-18)
  );
#875 = ADVANCED_FACE('',(#876),#886,.T.);
#876 = FACE_BOUND('',#877,.T.);
#877 = EDGE_LOOP('',(#878,#879,#885));
#878 = ORIENTED_EDGE('',*,*,#444,.T.);
#879 = ORIENTED_EDGE('',*,*,#880,.T.);
#880 = EDGE_CURVE('',#437,#459,#881,.T.);
#881 = LINE('',#882,#883);
#882 = CARTESIAN_POINT('',(63.840888977051,42.116474151611,
    223.29837763471));
#883 = VECTOR('',#884,1.);
#884 = DIRECTION('',(-0.99995672583,9.30303536856E-03,0.));
#885 = ORIENTED_EDGE('',*,*,#458,.F.);
#886 = PLANE('',#887);
#887 = AXIS2_PLACEMENT_3D('',#888,#889,#890);
#888 = CARTESIAN_POINT('',(65.701779038789,42.094253956694,
    223.81409355287));
#889 = DIRECTION('',(9.302614224557E-03,0.999911458263,
    9.515093428524E-03));
#890 = DIRECTION('',(2.157189556164E-20,9.515505166829E-03,
    -0.999954726556));
#891 = ADVANCED_FACE('',(#892),#902,.T.);
#892 = FACE_BOUND('',#893,.T.);
#893 = EDGE_LOOP('',(#894,#895,#901));
#894 = ORIENTED_EDGE('',*,*,#391,.T.);
#895 = ORIENTED_EDGE('',*,*,#896,.T.);
#896 = EDGE_CURVE('',#384,#406,#897,.T.);
#897 = LINE('',#898,#899);
#898 = CARTESIAN_POINT('',(72.24040222168,42.00182723999,223.29837763471
    ));
#899 = VECTOR('',#900,1.);
#900 = DIRECTION('',(-0.999848404191,1.741173846412E-02,0.));
#901 = ORIENTED_EDGE('',*,*,#405,.F.);
#902 = PLANE('',#903);
#903 = AXIS2_PLACEMENT_3D('',#904,#905,#906);
#904 = CARTESIAN_POINT('',(73.003280874624,41.987176311834,
    223.78631086206));
#905 = DIRECTION('',(1.74116702654E-02,0.999844487961,2.798862889374E-03
    ));
#906 = DIRECTION('',(0.999848404191,-1.741173846412E-02,
    1.981220154584E-20));
#907 = ADVANCED_FACE('',(#908),#925,.T.);
#908 = FACE_BOUND('',#909,.T.);
#909 = EDGE_LOOP('',(#910,#918,#924));
#910 = ORIENTED_EDGE('',*,*,#911,.T.);
#911 = EDGE_CURVE('',#262,#912,#914,.T.);
#912 = VERTEX_POINT('',#913);
#913 = CARTESIAN_POINT('',(80.928359985352,41.762950897217,
    223.29837763471));
#914 = LINE('',#915,#916);
#915 = CARTESIAN_POINT('',(80.997901916504,41.735542297363,
    224.39837610883));
#916 = VECTOR('',#917,1.);
#917 = DIRECTION('',(-6.307456546816E-02,2.485961343328E-02,
    -0.997699152456));
#918 = ORIENTED_EDGE('',*,*,#919,.T.);
#919 = EDGE_CURVE('',#912,#307,#920,.T.);
#920 = LINE('',#921,#922);
#921 = CARTESIAN_POINT('',(80.928359985352,41.762950897217,
    223.29837763471));
#922 = VECTOR('',#923,1.);
#923 = DIRECTION('',(-0.983773450529,0.179415155531,0.));
#924 = ORIENTED_EDGE('',*,*,#306,.F.);
#925 = PLANE('',#926);
#926 = AXIS2_PLACEMENT_3D('',#927,#928,#929);
#927 = CARTESIAN_POINT('',(80.872557711372,41.766644003874,
    223.78270526587));
#928 = DIRECTION('',(0.179399597882,0.983688144455,1.316885485587E-02));
#929 = DIRECTION('',(0.983773450529,-0.179415155531,1.570640075034E-19)
  );
#930 = ADVANCED_FACE('',(#931),#941,.T.);
#931 = FACE_BOUND('',#932,.T.);
#932 = EDGE_LOOP('',(#933,#934,#940));
#933 = ORIENTED_EDGE('',*,*,#292,.T.);
#934 = ORIENTED_EDGE('',*,*,#935,.T.);
#935 = EDGE_CURVE('',#285,#912,#936,.T.);
#936 = LINE('',#937,#938);
#937 = CARTESIAN_POINT('',(80.997413635254,41.736015319824,
    223.29837763471));
#938 = VECTOR('',#939,1.);
#939 = DIRECTION('',(-0.931633298924,0.363399774815,0.));
#940 = ORIENTED_EDGE('',*,*,#911,.F.);
#941 = PLANE('',#942);
#942 = AXIS2_PLACEMENT_3D('',#943,#944,#945);
#943 = CARTESIAN_POINT('',(80.979805135766,41.742747141083,
    223.83047054515));
#944 = DIRECTION('',(0.363399764409,0.931633272247,2.393113973402E-04));
#945 = DIRECTION('',(0.931633298924,-0.363399774815,-6.850153468046E-21)
  );
#946 = ADVANCED_FACE('',(#947),#957,.T.);
#947 = FACE_BOUND('',#948,.T.);
#948 = EDGE_LOOP('',(#949,#950,#956));
#949 = ORIENTED_EDGE('',*,*,#239,.T.);
#950 = ORIENTED_EDGE('',*,*,#951,.T.);
#951 = EDGE_CURVE('',#232,#254,#952,.T.);
#952 = LINE('',#953,#954);
#953 = CARTESIAN_POINT('',(81.315132141113,41.516773223877,
    223.29837000531));
#954 = VECTOR('',#955,1.);
#955 = DIRECTION('',(-0.751010494836,0.660290266963,0.));
#956 = ORIENTED_EDGE('',*,*,#253,.F.);
#957 = PLANE('',#958);
#958 = AXIS2_PLACEMENT_3D('',#959,#960,#961);
#959 = CARTESIAN_POINT('',(81.284702475144,41.543263840165,
    223.81285949146));
#960 = DIRECTION('',(0.660290218223,0.7510104394,3.842282690086E-04));
#961 = DIRECTION('',(0.751010494836,-0.660290266963,1.3697379781E-20));
#962 = ADVANCED_FACE('',(#963),#973,.T.);
#963 = FACE_BOUND('',#964,.T.);
#964 = EDGE_LOOP('',(#965,#966,#972));
#965 = ORIENTED_EDGE('',*,*,#186,.T.);
#966 = ORIENTED_EDGE('',*,*,#967,.T.);
#967 = EDGE_CURVE('',#179,#201,#968,.T.);
#968 = LINE('',#969,#970);
#969 = CARTESIAN_POINT('',(81.52653503418,41.193576812744,
    223.29836237592));
#970 = VECTOR('',#971,1.);
#971 = DIRECTION('',(-0.480663619334,0.876905060453,0.));
#972 = ORIENTED_EDGE('',*,*,#200,.F.);
#973 = PLANE('',#974);
#974 = AXIS2_PLACEMENT_3D('',#975,#976,#977);
#975 = CARTESIAN_POINT('',(81.49606585896,41.248747135663,
    223.79658218374));
#976 = DIRECTION('',(0.876904989652,0.480663580526,4.018443771496E-04));
#977 = DIRECTION('',(-0.480663619334,0.876905060453,4.104802131121E-21)
  );
#978 = ADVANCED_FACE('',(#979),#996,.T.);
#979 = FACE_BOUND('',#980,.T.);
#980 = EDGE_LOOP('',(#981,#989,#995));
#981 = ORIENTED_EDGE('',*,*,#982,.F.);
#982 = EDGE_CURVE('',#983,#146,#985,.T.);
#983 = VERTEX_POINT('',#984);
#984 = CARTESIAN_POINT('',(81.599998474122,40.81628036499,
    223.29837763471));
#985 = LINE('',#986,#987);
#986 = CARTESIAN_POINT('',(81.599998474121,40.81628036499,
    223.29837763471));
#987 = VECTOR('',#988,1.);
#988 = DIRECTION('',(0.,0.,1.));
#989 = ORIENTED_EDGE('',*,*,#990,.T.);
#990 = EDGE_CURVE('',#983,#148,#991,.T.);
#991 = LINE('',#992,#993);
#992 = CARTESIAN_POINT('',(81.599998474121,40.81628036499,
    223.29837763471));
#993 = VECTOR('',#994,1.);
#994 = DIRECTION('',(-0.153023576062,0.988222537039,-4.956229184209E-05)
  );
#995 = ORIENTED_EDGE('',*,*,#145,.F.);
#996 = PLANE('',#997);
#997 = AXIS2_PLACEMENT_3D('',#998,#999,#1000);
#998 = CARTESIAN_POINT('',(81.586603396023,40.902785453964,
    223.78197310792));
#999 = DIRECTION('',(0.988222538253,0.15302357625,0.));
#1000 = DIRECTION('',(-0.15302357625,0.988222538253,0.));
#1001 = ADVANCED_FACE('',(#1002),#1019,.T.);
#1002 = FACE_BOUND('',#1003,.T.);
#1003 = EDGE_LOOP('',(#1004,#1012,#1018));
#1004 = ORIENTED_EDGE('',*,*,#1005,.T.);
#1005 = EDGE_CURVE('',#459,#1006,#1008,.T.);
#1006 = VERTEX_POINT('',#1007);
#1007 = CARTESIAN_POINT('',(63.865951538086,42.071887969971,
    222.96191370648));
#1008 = LINE('',#1009,#1010);
#1009 = CARTESIAN_POINT('',(63.202880859375,42.122409820557,
    223.29837763471));
#1010 = VECTOR('',#1011,1.);
#1011 = DIRECTION('',(0.88970868946,-6.779025361414E-02,-0.451467528637)
  );
#1012 = ORIENTED_EDGE('',*,*,#1013,.T.);
#1013 = EDGE_CURVE('',#1006,#490,#1014,.T.);
#1014 = LINE('',#1015,#1016);
#1015 = CARTESIAN_POINT('',(63.865951538086,42.071887969971,
    222.96191370648));
#1016 = VECTOR('',#1017,1.);
#1017 = DIRECTION('',(-0.999133377606,1.109266816093E-02,
    4.01179070498E-02));
#1018 = ORIENTED_EDGE('',*,*,#489,.F.);
#1019 = PLANE('',#1020);
#1020 = AXIS2_PLACEMENT_3D('',#1021,#1022,#1023);
#1021 = CARTESIAN_POINT('',(59.694967636409,42.129033562792,
    223.20719496178));
#1022 = DIRECTION('',(5.456310300442E-03,0.990422160211,-0.137964391209)
  );
#1023 = DIRECTION('',(-9.793379601247E-20,-0.137966444946,
    -0.990436903628));
#1024 = ADVANCED_FACE('',(#1025),#1040,.T.);
#1025 = FACE_BOUND('',#1026,.T.);
#1026 = EDGE_LOOP('',(#1027,#1033,#1039));
#1027 = ORIENTED_EDGE('',*,*,#1028,.T.);
#1028 = EDGE_CURVE('',#1006,#124,#1029,.T.);
#1029 = LINE('',#1030,#1031);
#1030 = CARTESIAN_POINT('',(63.865951538086,42.071887969971,
    222.96191370648));
#1031 = VECTOR('',#1032,1.);
#1032 = DIRECTION('',(-0.999769866215,9.689570061049E-03,
    1.913966665256E-02));
#1033 = ORIENTED_EDGE('',*,*,#1034,.T.);
#1034 = EDGE_CURVE('',#124,#490,#1035,.T.);
#1035 = LINE('',#1036,#1037);
#1036 = CARTESIAN_POINT('',(55.488952636719,42.153076171875,
    223.12228357953));
#1037 = VECTOR('',#1038,1.);
#1038 = DIRECTION('',(-1.478236086204E-02,6.710413812374E-02,
    0.997636465078));
#1039 = ORIENTED_EDGE('',*,*,#1013,.F.);
#1040 = PLANE('',#1041);
#1041 = AXIS2_PLACEMENT_3D('',#1042,#1043,#1044);
#1042 = CARTESIAN_POINT('',(59.633155349607,42.115898393693,
    223.08743686153));
#1043 = DIRECTION('',(8.387317412529E-03,0.997718702951,
    -6.698539161109E-02));
#1044 = DIRECTION('',(2.424184869118E-20,-6.698774784921E-02,
    -0.997753798108));
#1045 = ADVANCED_FACE('',(#1046),#1056,.T.);
#1046 = FACE_BOUND('',#1047,.T.);
#1047 = EDGE_LOOP('',(#1048,#1054,#1055));
#1048 = ORIENTED_EDGE('',*,*,#1049,.T.);
#1049 = EDGE_CURVE('',#124,#535,#1050,.T.);
#1050 = LINE('',#1051,#1052);
#1051 = CARTESIAN_POINT('',(55.488952636719,42.153076171875,
    223.12228357953));
#1052 = VECTOR('',#1053,1.);
#1053 = DIRECTION('',(-0.850602785584,-7.433217862727E-02,0.520528220539
    ));
#1054 = ORIENTED_EDGE('',*,*,#534,.F.);
#1055 = ORIENTED_EDGE('',*,*,#1034,.F.);
#1056 = PLANE('',#1057);
#1057 = AXIS2_PLACEMENT_3D('',#1058,#1059,#1060);
#1058 = CARTESIAN_POINT('',(55.375971565102,42.146694215194,
    223.24188407717));
#1059 = DIRECTION('',(-0.128346044222,0.989364422566,-6.844948716079E-02
    ));
#1060 = DIRECTION('',(0.99169034961,0.128647776858,-1.105003136909E-18)
  );
#1061 = ADVANCED_FACE('',(#1062),#1072,.T.);
#1062 = FACE_BOUND('',#1063,.T.);
#1063 = EDGE_LOOP('',(#1064,#1070,#1071));
#1064 = ORIENTED_EDGE('',*,*,#1065,.T.);
#1065 = EDGE_CURVE('',#437,#1006,#1066,.T.);
#1066 = LINE('',#1067,#1068);
#1067 = CARTESIAN_POINT('',(63.840888977051,42.116474151611,
    223.29837763471));
#1068 = VECTOR('',#1069,1.);
#1069 = DIRECTION('',(7.364208960639E-02,-0.131008941145,-0.988642250755
    ));
#1070 = ORIENTED_EDGE('',*,*,#1005,.F.);
#1071 = ORIENTED_EDGE('',*,*,#880,.F.);
#1072 = PLANE('',#1073);
#1073 = AXIS2_PLACEMENT_3D('',#1074,#1075,#1076);
#1074 = CARTESIAN_POINT('',(63.592764507706,42.104815117427,
    223.19241997919));
#1075 = DIRECTION('',(9.223252173662E-03,0.991381057869,-0.130684848842)
  );
#1076 = DIRECTION('',(-4.845626272067E-20,-0.130690407771,
    -0.991423228151));
#1077 = ADVANCED_FACE('',(#1078),#1095,.T.);
#1078 = FACE_BOUND('',#1079,.T.);
#1079 = EDGE_LOOP('',(#1080,#1088,#1094));
#1080 = ORIENTED_EDGE('',*,*,#1081,.T.);
#1081 = EDGE_CURVE('',#406,#1082,#1084,.T.);
#1082 = VERTEX_POINT('',#1083);
#1083 = CARTESIAN_POINT('',(72.253768920898,41.95728302002,
    222.96191370648));
#1084 = LINE('',#1085,#1086);
#1085 = CARTESIAN_POINT('',(71.530227661133,42.014194488525,
    223.29837763471));
#1086 = VECTOR('',#1087,1.);
#1087 = DIRECTION('',(0.904455655667,-7.11416230487E-02,-0.420593433618)
  );
#1088 = ORIENTED_EDGE('',*,*,#1089,.T.);
#1089 = EDGE_CURVE('',#1082,#437,#1090,.T.);
#1090 = LINE('',#1091,#1092);
#1091 = CARTESIAN_POINT('',(72.253768920898,41.95728302002,
    222.96191370648));
#1092 = VECTOR('',#1093,1.);
#1093 = DIRECTION('',(-0.999022651504,1.890381741333E-02,
    3.995481784502E-02));
#1094 = ORIENTED_EDGE('',*,*,#436,.F.);
#1095 = PLANE('',#1096);
#1096 = AXIS2_PLACEMENT_3D('',#1097,#1098,#1099);
#1097 = CARTESIAN_POINT('',(68.064691127758,42.047399163875,
    223.20664611802));
#1098 = DIRECTION('',(1.317089646301E-02,0.990182022715,-0.139162097492)
  );
#1099 = DIRECTION('',(-2.46113187482E-20,-0.139174169462,-0.990267918573
    ));
#1100 = ADVANCED_FACE('',(#1101),#1111,.T.);
#1101 = FACE_BOUND('',#1102,.T.);
#1102 = EDGE_LOOP('',(#1103,#1104,#1110));
#1103 = ORIENTED_EDGE('',*,*,#1089,.F.);
#1104 = ORIENTED_EDGE('',*,*,#1105,.T.);
#1105 = EDGE_CURVE('',#1082,#1006,#1106,.T.);
#1106 = LINE('',#1107,#1108);
#1107 = CARTESIAN_POINT('',(72.253768920898,41.95728302002,
    222.96191370648));
#1108 = VECTOR('',#1109,1.);
#1109 = DIRECTION('',(-0.999906670697,1.366198722756E-02,0.));
#1110 = ORIENTED_EDGE('',*,*,#1065,.F.);
#1111 = PLANE('',#1112);
#1112 = AXIS2_PLACEMENT_3D('',#1113,#1114,#1115);
#1113 = CARTESIAN_POINT('',(67.970233494545,42.027111488031,
    223.0478583575));
#1114 = DIRECTION('',(1.354540224409E-02,0.991373936715,-0.130361956413)
  );
#1115 = DIRECTION('',(-1.610411919961E-20,-0.13037391733,-0.991464896847
    ));
#1116 = ADVANCED_FACE('',(#1117),#1127,.T.);
#1117 = FACE_BOUND('',#1118,.T.);
#1118 = EDGE_LOOP('',(#1119,#1125,#1126));
#1119 = ORIENTED_EDGE('',*,*,#1120,.T.);
#1120 = EDGE_CURVE('',#384,#1082,#1121,.T.);
#1121 = LINE('',#1122,#1123);
#1122 = CARTESIAN_POINT('',(72.24040222168,42.00182723999,
    223.29837763471));
#1123 = VECTOR('',#1124,1.);
#1124 = DIRECTION('',(3.935284770168E-02,-0.131142466499,-0.990582155532
    ));
#1125 = ORIENTED_EDGE('',*,*,#1081,.F.);
#1126 = ORIENTED_EDGE('',*,*,#896,.F.);
#1127 = PLANE('',#1128);
#1128 = AXIS2_PLACEMENT_3D('',#1129,#1130,#1131);
#1129 = CARTESIAN_POINT('',(71.954629607031,41.993154827278,
    223.19473885231));
#1130 = DIRECTION('',(1.726272276241E-02,0.991291354482,-0.130550560823)
  );
#1131 = DIRECTION('',(1.968697637267E-19,-0.13057001731,-0.991439090706)
  );
#1132 = ADVANCED_FACE('',(#1133),#1150,.T.);
#1133 = FACE_BOUND('',#1134,.T.);
#1134 = EDGE_LOOP('',(#1135,#1143,#1149));
#1135 = ORIENTED_EDGE('',*,*,#1136,.T.);
#1136 = EDGE_CURVE('',#338,#1137,#1139,.T.);
#1137 = VERTEX_POINT('',#1138);
#1138 = CARTESIAN_POINT('',(80.624267578125,41.802490234375,
    223.09741175336));
#1139 = LINE('',#1140,#1141);
#1140 = CARTESIAN_POINT('',(75.977882385254,41.92854309082,
    223.29837763471));
#1141 = VECTOR('',#1142,1.);
#1142 = DIRECTION('',(0.998699173307,-2.709394040727E-02,
    -4.319582885049E-02));
#1143 = ORIENTED_EDGE('',*,*,#1144,.T.);
#1144 = EDGE_CURVE('',#1137,#384,#1145,.T.);
#1145 = LINE('',#1146,#1147);
#1146 = CARTESIAN_POINT('',(80.624267578125,41.802490234375,
    223.09741175336));
#1147 = VECTOR('',#1148,1.);
#1148 = DIRECTION('',(-0.999430537724,2.376272545423E-02,
    2.395690177743E-02));
#1149 = ORIENTED_EDGE('',*,*,#383,.F.);
#1150 = PLANE('',#1151);
#1151 = AXIS2_PLACEMENT_3D('',#1152,#1153,#1154);
#1152 = CARTESIAN_POINT('',(76.432909456707,41.906040331614,
    223.22028094818));
#1153 = DIRECTION('',(1.931439156805E-02,0.985030953825,-0.171292073036)
  );
#1154 = DIRECTION('',(8.280333221977E-19,-0.171324031866,-0.985214736037
    ));
#1155 = ADVANCED_FACE('',(#1156),#1166,.T.);
#1156 = FACE_BOUND('',#1157,.T.);
#1157 = EDGE_LOOP('',(#1158,#1159,#1165));
#1158 = ORIENTED_EDGE('',*,*,#1144,.F.);
#1159 = ORIENTED_EDGE('',*,*,#1160,.T.);
#1160 = EDGE_CURVE('',#1137,#1082,#1161,.T.);
#1161 = LINE('',#1162,#1163);
#1162 = CARTESIAN_POINT('',(80.624267578125,41.802490234375,
    223.09741175336));
#1163 = VECTOR('',#1164,1.);
#1164 = DIRECTION('',(-0.999698128769,1.848707759152E-02,
    -1.618268510155E-02));
#1165 = ORIENTED_EDGE('',*,*,#1120,.F.);
#1166 = PLANE('',#1167);
#1167 = AXIS2_PLACEMENT_3D('',#1168,#1169,#1170);
#1168 = CARTESIAN_POINT('',(76.352480665566,41.892791262793,
    223.11418059964));
#1169 = DIRECTION('',(2.044197685924E-02,0.991248266725,-0.130418554269)
  );
#1170 = DIRECTION('',(-5.56015647853E-19,-0.130445812101,-0.991455440302
    ));
#1171 = ADVANCED_FACE('',(#1172),#1182,.T.);
#1172 = FACE_BOUND('',#1173,.T.);
#1173 = EDGE_LOOP('',(#1174,#1180,#1181));
#1174 = ORIENTED_EDGE('',*,*,#1175,.T.);
#1175 = EDGE_CURVE('',#307,#1137,#1176,.T.);
#1176 = LINE('',#1177,#1178);
#1177 = CARTESIAN_POINT('',(80.626007080078,41.818092346191,
    223.29837763471));
#1178 = VECTOR('',#1179,1.);
#1179 = DIRECTION('',(-8.629418607518E-03,-7.739982917708E-02,
    -0.996962787459));
#1180 = ORIENTED_EDGE('',*,*,#1136,.F.);
#1181 = ORIENTED_EDGE('',*,*,#337,.F.);
#1182 = PLANE('',#1183);
#1183 = AXIS2_PLACEMENT_3D('',#1184,#1185,#1186);
#1184 = CARTESIAN_POINT('',(78.350796278509,41.868161837164,
    223.24705462833));
#1185 = DIRECTION('',(2.368412007817E-02,0.996704402314,
    -7.758477210853E-02));
#1186 = DIRECTION('',(7.268880328026E-21,-7.760654137311E-02,
    -0.996984064434));
#1187 = ADVANCED_FACE('',(#1188),#1198,.T.);
#1188 = FACE_BOUND('',#1189,.T.);
#1189 = EDGE_LOOP('',(#1190,#1196,#1197));
#1190 = ORIENTED_EDGE('',*,*,#1191,.T.);
#1191 = EDGE_CURVE('',#912,#1137,#1192,.T.);
#1192 = LINE('',#1193,#1194);
#1193 = CARTESIAN_POINT('',(80.928359985352,41.762950897217,
    223.29837763471));
#1194 = VECTOR('',#1195,1.);
#1195 = DIRECTION('',(-0.829409582066,0.107843222416,-0.548132816529));
#1196 = ORIENTED_EDGE('',*,*,#1175,.F.);
#1197 = ORIENTED_EDGE('',*,*,#919,.F.);
#1198 = PLANE('',#1199);
#1199 = AXIS2_PLACEMENT_3D('',#1200,#1201,#1202);
#1200 = CARTESIAN_POINT('',(80.741813898348,41.791806492321,
    223.23316650905));
#1201 = DIRECTION('',(0.178872838957,0.980799807386,-7.769327714921E-02)
  );
#1202 = DIRECTION('',(0.983773450529,-0.179415155531,1.000595987051E-18)
  );
#1203 = ADVANCED_FACE('',(#1204),#1221,.T.);
#1204 = FACE_BOUND('',#1205,.T.);
#1205 = EDGE_LOOP('',(#1206,#1214,#1220));
#1206 = ORIENTED_EDGE('',*,*,#1207,.T.);
#1207 = EDGE_CURVE('',#285,#1208,#1210,.T.);
#1208 = VERTEX_POINT('',#1209);
#1209 = CARTESIAN_POINT('',(81.162567138672,41.601894378662,
    223.00782740277));
#1210 = LINE('',#1211,#1212);
#1211 = CARTESIAN_POINT('',(80.997413635254,41.736015319824,
    223.29837763471));
#1212 = VECTOR('',#1213,1.);
#1213 = DIRECTION('',(0.458611938416,-0.372438147152,-0.806823968712));
#1214 = ORIENTED_EDGE('',*,*,#1215,.T.);
#1215 = EDGE_CURVE('',#1208,#912,#1216,.T.);
#1216 = LINE('',#1217,#1218);
#1217 = CARTESIAN_POINT('',(81.162567138672,41.601894378662,
    223.00782740277));
#1218 = VECTOR('',#1219,1.);
#1219 = DIRECTION('',(-0.576208747806,0.396239711583,0.714826951029));
#1220 = ORIENTED_EDGE('',*,*,#935,.F.);
#1221 = PLANE('',#1222);
#1222 = AXIS2_PLACEMENT_3D('',#1223,#1224,#1225);
#1223 = CARTESIAN_POINT('',(81.052972769145,41.682566121967,
    223.16591083736));
#1224 = DIRECTION('',(0.354650759202,0.909203801596,-0.218108427532));
#1225 = DIRECTION('',(0.931633298924,-0.363399774815,9.778825555966E-18)
  );
#1226 = ADVANCED_FACE('',(#1227),#1244,.T.);
#1227 = FACE_BOUND('',#1228,.T.);
#1228 = EDGE_LOOP('',(#1229,#1237,#1243));
#1229 = ORIENTED_EDGE('',*,*,#1230,.T.);
#1230 = EDGE_CURVE('',#912,#1231,#1233,.T.);
#1231 = VERTEX_POINT('',#1232);
#1232 = CARTESIAN_POINT('',(80.881118774414,41.7405128479,
    223.00158655805));
#1233 = LINE('',#1234,#1235);
#1234 = CARTESIAN_POINT('',(80.928359985352,41.762950897217,
    223.29837763471));
#1235 = VECTOR('',#1236,1.);
#1236 = DIRECTION('',(-0.156758079765,-7.445502464295E-02,-0.98482656023
    ));
#1237 = ORIENTED_EDGE('',*,*,#1238,.T.);
#1238 = EDGE_CURVE('',#1231,#1137,#1239,.T.);
#1239 = LINE('',#1240,#1241);
#1240 = CARTESIAN_POINT('',(80.881118774414,41.7405128479,
    223.00158655805));
#1241 = VECTOR('',#1242,1.);
#1242 = DIRECTION('',(-0.913857516494,0.220510946808,0.340938941578));
#1243 = ORIENTED_EDGE('',*,*,#1191,.F.);
#1244 = PLANE('',#1245);
#1245 = AXIS2_PLACEMENT_3D('',#1246,#1247,#1248);
#1246 = CARTESIAN_POINT('',(80.810098615547,41.769557993165,
    223.1387336843));
#1247 = DIRECTION('',(0.196108386356,0.974952567259,-0.104923745627));
#1248 = DIRECTION('',(0.98036391126,-0.19719685976,1.215666387964E-17));
#1249 = ADVANCED_FACE('',(#1250),#1260,.T.);
#1250 = FACE_BOUND('',#1251,.T.);
#1251 = EDGE_LOOP('',(#1252,#1253,#1259));
#1252 = ORIENTED_EDGE('',*,*,#1215,.F.);
#1253 = ORIENTED_EDGE('',*,*,#1254,.T.);
#1254 = EDGE_CURVE('',#1208,#1231,#1255,.T.);
#1255 = LINE('',#1256,#1257);
#1256 = CARTESIAN_POINT('',(81.162567138672,41.601894378662,
    223.00782740277));
#1257 = VECTOR('',#1258,1.);
#1258 = DIRECTION('',(-0.896918357264,0.441748702443,-1.988829537115E-02
    ));
#1259 = ORIENTED_EDGE('',*,*,#1230,.F.);
#1260 = PLANE('',#1261);
#1261 = AXIS2_PLACEMENT_3D('',#1262,#1263,#1264);
#1262 = CARTESIAN_POINT('',(80.996696749801,41.699421918916,
    223.10660177243));
#1263 = DIRECTION('',(0.440106969683,0.887410577339,-0.137143437552));
#1264 = DIRECTION('',(0.895875527052,-0.444305120417,-1.619403984707E-18
    ));
#1265 = ADVANCED_FACE('',(#1266),#1276,.T.);
#1266 = FACE_BOUND('',#1267,.T.);
#1267 = EDGE_LOOP('',(#1268,#1274,#1275));
#1268 = ORIENTED_EDGE('',*,*,#1269,.T.);
#1269 = EDGE_CURVE('',#254,#1208,#1270,.T.);
#1270 = LINE('',#1271,#1272);
#1271 = CARTESIAN_POINT('',(81.200531005859,41.617530822754,
    223.29837000531));
#1272 = VECTOR('',#1273,1.);
#1273 = DIRECTION('',(-0.129379944132,-5.328862449733E-02,
    -0.990162184976));
#1274 = ORIENTED_EDGE('',*,*,#1207,.F.);
#1275 = ORIENTED_EDGE('',*,*,#284,.F.);
#1276 = PLANE('',#1277);
#1277 = AXIS2_PLACEMENT_3D('',#1278,#1279,#1280);
#1278 = CARTESIAN_POINT('',(81.1185456793,41.651462946596,
    223.19154017306));
#1279 = DIRECTION('',(0.500717016213,0.858383821352,-0.111622958735));
#1280 = DIRECTION('',(0.863781913932,-0.503865860288,-3.794978274628E-18
    ));
#1281 = ADVANCED_FACE('',(#1282),#1292,.T.);
#1282 = FACE_BOUND('',#1283,.T.);
#1283 = EDGE_LOOP('',(#1284,#1285,#1291));
#1284 = ORIENTED_EDGE('',*,*,#231,.F.);
#1285 = ORIENTED_EDGE('',*,*,#1286,.T.);
#1286 = EDGE_CURVE('',#201,#254,#1287,.T.);
#1287 = LINE('',#1288,#1289);
#1288 = CARTESIAN_POINT('',(81.415397644043,41.396331787109,
    223.29836237592));
#1289 = VECTOR('',#1290,1.);
#1290 = DIRECTION('',(-0.696764954161,0.717299517664,2.474043795621E-05)
  );
#1291 = ORIENTED_EDGE('',*,*,#951,.F.);
#1292 = PLANE('',#1293);
#1293 = AXIS2_PLACEMENT_3D('',#1294,#1295,#1296);
#1294 = CARTESIAN_POINT('',(81.310117118953,41.509026809878,
    223.29836713301));
#1295 = DIRECTION('',(2.077499905094E-04,2.362936892773E-04,
    -0.999999950503));
#1296 = DIRECTION('',(-1.025835923645E-21,0.999999972083,
    2.362936943766E-04));
#1297 = ADVANCED_FACE('',(#1298),#1308,.T.);
#1298 = FACE_BOUND('',#1299,.T.);
#1299 = EDGE_LOOP('',(#1300,#1306,#1307));
#1300 = ORIENTED_EDGE('',*,*,#1301,.T.);
#1301 = EDGE_CURVE('',#201,#1208,#1302,.T.);
#1302 = LINE('',#1303,#1304);
#1303 = CARTESIAN_POINT('',(81.415397644043,41.396331787109,
    223.29836237592));
#1304 = VECTOR('',#1305,1.);
#1305 = DIRECTION('',(-0.579134756264,0.470862648402,-0.6655007892));
#1306 = ORIENTED_EDGE('',*,*,#1269,.F.);
#1307 = ORIENTED_EDGE('',*,*,#1286,.F.);
#1308 = PLANE('',#1309);
#1309 = AXIS2_PLACEMENT_3D('',#1310,#1311,#1312);
#1310 = CARTESIAN_POINT('',(81.264260553212,41.532688794246,
    223.19623885767));
#1311 = DIRECTION('',(0.711199996284,0.690844535043,-0.130109160655));
#1312 = DIRECTION('',(-0.696767283122,0.717297255795,-4.157097785261E-18
    ));
#1313 = ADVANCED_FACE('',(#1314),#1324,.T.);
#1314 = FACE_BOUND('',#1315,.T.);
#1315 = EDGE_LOOP('',(#1316,#1317,#1323));
#1316 = ORIENTED_EDGE('',*,*,#178,.F.);
#1317 = ORIENTED_EDGE('',*,*,#1318,.T.);
#1318 = EDGE_CURVE('',#148,#201,#1319,.T.);
#1319 = LINE('',#1320,#1321);
#1320 = CARTESIAN_POINT('',(81.552886962891,41.120525360107,
    223.29836237592));
#1321 = VECTOR('',#1322,1.);
#1322 = DIRECTION('',(-0.446138836036,0.89496376406,0.));
#1323 = ORIENTED_EDGE('',*,*,#967,.F.);
#1324 = PLANE('',#1325);
#1325 = AXIS2_PLACEMENT_3D('',#1326,#1327,#1328);
#1326 = CARTESIAN_POINT('',(81.486198718859,41.259356318288,
    223.29836237592));
#1327 = DIRECTION('',(0.,0.,-1.));
#1328 = DIRECTION('',(0.,1.,0.));
#1329 = ADVANCED_FACE('',(#1330),#1347,.T.);
#1330 = FACE_BOUND('',#1331,.T.);
#1331 = EDGE_LOOP('',(#1332,#1340,#1346));
#1332 = ORIENTED_EDGE('',*,*,#1333,.T.);
#1333 = EDGE_CURVE('',#148,#1334,#1336,.T.);
#1334 = VERTEX_POINT('',#1335);
#1335 = CARTESIAN_POINT('',(81.37582397461,41.382221221924,
    222.98651850385));
#1336 = LINE('',#1337,#1338);
#1337 = CARTESIAN_POINT('',(81.552886962891,41.120525360107,
    223.29836237592));
#1338 = VECTOR('',#1339,1.);
#1339 = DIRECTION('',(-0.398844510335,0.58948489956,-0.702446161471));
#1340 = ORIENTED_EDGE('',*,*,#1341,.T.);
#1341 = EDGE_CURVE('',#1334,#201,#1342,.T.);
#1342 = LINE('',#1343,#1344);
#1343 = CARTESIAN_POINT('',(81.375823974609,41.382221221924,
    222.98651850385));
#1344 = VECTOR('',#1345,1.);
#1345 = DIRECTION('',(0.125765893051,4.484365128151E-02,0.99104590564));
#1346 = ORIENTED_EDGE('',*,*,#1318,.F.);
#1347 = PLANE('',#1348);
#1348 = AXIS2_PLACEMENT_3D('',#1349,#1350,#1351);
#1349 = CARTESIAN_POINT('',(81.449794360823,41.294088000559,
    223.18748396403));
#1350 = DIRECTION('',(0.887063379446,0.442200499606,-0.132579330949));
#1351 = DIRECTION('',(-0.446138836036,0.89496376406,1.126935617492E-17)
  );
#1352 = ADVANCED_FACE('',(#1353),#1363,.T.);
#1353 = FACE_BOUND('',#1354,.T.);
#1354 = EDGE_LOOP('',(#1355,#1356,#1362));
#1355 = ORIENTED_EDGE('',*,*,#1341,.F.);
#1356 = ORIENTED_EDGE('',*,*,#1357,.T.);
#1357 = EDGE_CURVE('',#1334,#1208,#1358,.T.);
#1358 = LINE('',#1359,#1360);
#1359 = CARTESIAN_POINT('',(81.375823974609,41.382221221924,
    222.98651850385));
#1360 = VECTOR('',#1361,1.);
#1361 = DIRECTION('',(-0.694869469032,0.715776209997,6.943225626096E-02)
  );
#1362 = ORIENTED_EDGE('',*,*,#1301,.F.);
#1363 = PLANE('',#1364);
#1364 = AXIS2_PLACEMENT_3D('',#1365,#1366,#1367);
#1365 = CARTESIAN_POINT('',(81.314952020236,41.46440408377,
    223.10470260108));
#1366 = DIRECTION('',(0.706318021378,0.697443476096,-0.121191791504));
#1367 = DIRECTION('',(-0.702622428853,0.711562873169,-9.312505220378E-17
    ));
#1368 = ADVANCED_FACE('',(#1369),#1386,.T.);
#1369 = FACE_BOUND('',#1370,.T.);
#1370 = EDGE_LOOP('',(#1371,#1379,#1385));
#1371 = ORIENTED_EDGE('',*,*,#1372,.T.);
#1372 = EDGE_CURVE('',#983,#1373,#1375,.T.);
#1373 = VERTEX_POINT('',#1374);
#1374 = CARTESIAN_POINT('',(81.584457397461,40.813743591309,
    223.09796869916));
#1375 = LINE('',#1376,#1377);
#1376 = CARTESIAN_POINT('',(81.599998474121,40.81628036499,
    223.29837763471));
#1377 = VECTOR('',#1378,1.);
#1378 = DIRECTION('',(-7.730855098646E-02,-1.261909337408E-02,
    -0.996927352632));
#1379 = ORIENTED_EDGE('',*,*,#1380,.T.);
#1380 = EDGE_CURVE('',#1373,#148,#1381,.T.);
#1381 = LINE('',#1382,#1383);
#1382 = CARTESIAN_POINT('',(81.584457397461,40.813743591309,
    223.09796869916));
#1383 = VECTOR('',#1384,1.);
#1384 = DIRECTION('',(-8.58382438018E-02,0.834122451037,0.544859186007)
  );
#1385 = ORIENTED_EDGE('',*,*,#990,.F.);
#1386 = PLANE('',#1387);
#1387 = AXIS2_PLACEMENT_3D('',#1388,#1389,#1390);
#1388 = CARTESIAN_POINT('',(81.5768023949,40.932697831612,223.2333566179
    ));
#1389 = DIRECTION('',(0.985186875166,0.15254958363,-7.832908486634E-02)
  );
#1390 = DIRECTION('',(-0.153019727979,0.98822313414,-9.953631810375E-19)
  );
#1391 = ADVANCED_FACE('',(#1392),#1409,.T.);
#1392 = FACE_BOUND('',#1393,.T.);
#1393 = EDGE_LOOP('',(#1394,#1402,#1408));
#1394 = ORIENTED_EDGE('',*,*,#1395,.T.);
#1395 = EDGE_CURVE('',#1373,#1396,#1398,.T.);
#1396 = VERTEX_POINT('',#1397);
#1397 = CARTESIAN_POINT('',(81.517951965332,41.110004425049,
    222.99919092816));
#1398 = LINE('',#1399,#1400);
#1399 = CARTESIAN_POINT('',(81.584457397461,40.813743591309,
    223.09796869916));
#1400 = VECTOR('',#1401,1.);
#1401 = DIRECTION('',(-0.208287129634,0.927853811447,-0.309360269286));
#1402 = ORIENTED_EDGE('',*,*,#1403,.T.);
#1403 = EDGE_CURVE('',#1396,#148,#1404,.T.);
#1404 = LINE('',#1405,#1406);
#1405 = CARTESIAN_POINT('',(81.517951965332,41.110004425049,
    222.99919092816));
#1406 = VECTOR('',#1407,1.);
#1407 = DIRECTION('',(0.115913715216,3.49082798171E-02,0.992645668215));
#1408 = ORIENTED_EDGE('',*,*,#1380,.F.);
#1409 = PLANE('',#1410);
#1410 = AXIS2_PLACEMENT_3D('',#1411,#1412,#1413);
#1411 = CARTESIAN_POINT('',(81.552891011226,41.010600507712,
    223.1347876161));
#1412 = DIRECTION('',(0.976449487502,0.179079499877,-0.120320119185));
#1413 = DIRECTION('',(-0.180390007049,0.983595163346,-2.868405906421E-18
    ));
#1414 = ADVANCED_FACE('',(#1415),#1425,.T.);
#1415 = FACE_BOUND('',#1416,.T.);
#1416 = EDGE_LOOP('',(#1417,#1418,#1424));
#1417 = ORIENTED_EDGE('',*,*,#1403,.F.);
#1418 = ORIENTED_EDGE('',*,*,#1419,.T.);
#1419 = EDGE_CURVE('',#1396,#1334,#1420,.T.);
#1420 = LINE('',#1421,#1422);
#1421 = CARTESIAN_POINT('',(81.517951965332,41.110004425049,
    222.99919092816));
#1422 = VECTOR('',#1423,1.);
#1423 = DIRECTION('',(-0.462433071869,0.88569499191,-4.123148490925E-02)
  );
#1424 = ORIENTED_EDGE('',*,*,#1333,.F.);
#1425 = PLANE('',#1426);
#1426 = AXIS2_PLACEMENT_3D('',#1427,#1428,#1429);
#1427 = CARTESIAN_POINT('',(81.479601589982,41.210868687687,
    223.10058022139));
#1428 = DIRECTION('',(0.882407780851,0.455174768395,-0.119048051262));
#1429 = DIRECTION('',(-0.458434931165,0.888727975191,1.386353620233E-18)
  );
#1430 = ADVANCED_FACE('',(#1431),#1448,.T.);
#1431 = FACE_BOUND('',#1432,.T.);
#1432 = EDGE_LOOP('',(#1433,#1441,#1442));
#1433 = ORIENTED_EDGE('',*,*,#1434,.T.);
#1434 = EDGE_CURVE('',#1435,#1373,#1437,.T.);
#1435 = VERTEX_POINT('',#1436);
#1436 = CARTESIAN_POINT('',(81.584449768067,-40.81425857544,
    223.09793055219));
#1437 = LINE('',#1438,#1439);
#1438 = CARTESIAN_POINT('',(81.584449768066,-40.81425857543,
    223.09793055219));
#1439 = VECTOR('',#1440,1.);
#1440 = DIRECTION('',(9.346540806E-08,1.,4.6732704028E-07));
#1441 = ORIENTED_EDGE('',*,*,#1372,.F.);
#1442 = ORIENTED_EDGE('',*,*,#1443,.F.);
#1443 = EDGE_CURVE('',#1435,#983,#1444,.T.);
#1444 = LINE('',#1445,#1446);
#1445 = CARTESIAN_POINT('',(81.584449768066,-40.81425857543,
    223.09793055219));
#1446 = VECTOR('',#1447,1.);
#1447 = DIRECTION('',(1.904760044196E-04,0.999996967034,
    2.455532906828E-03));
#1448 = PLANE('',#1449);
#1449 = AXIS2_PLACEMENT_3D('',#1450,#1451,#1452);
#1450 = CARTESIAN_POINT('',(81.588343700994,5.057148411821E-02,
    223.14811435333));
#1451 = DIRECTION('',(0.997006738282,-5.705438873E-08,
    -7.731470636931E-02));
#1452 = DIRECTION('',(-7.731470636931E-02,-3.832460402521E-25,
    -0.997006738282));
#1453 = ADVANCED_FACE('',(#1454),#1471,.T.);
#1454 = FACE_BOUND('',#1455,.T.);
#1455 = EDGE_LOOP('',(#1456,#1464,#1465));
#1456 = ORIENTED_EDGE('',*,*,#1457,.T.);
#1457 = EDGE_CURVE('',#1458,#1435,#1460,.T.);
#1458 = VERTEX_POINT('',#1459);
#1459 = CARTESIAN_POINT('',(81.599998474122,-40.81628036499,
    223.29837763471));
#1460 = LINE('',#1461,#1462);
#1461 = CARTESIAN_POINT('',(81.599998474121,-40.81628036499,
    223.29837763471));
#1462 = VECTOR('',#1463,1.);
#1463 = DIRECTION('',(-7.73338922087E-02,1.005568274549E-02,
    -0.996954538763));
#1464 = ORIENTED_EDGE('',*,*,#1443,.T.);
#1465 = ORIENTED_EDGE('',*,*,#1466,.F.);
#1466 = EDGE_CURVE('',#1458,#983,#1467,.T.);
#1467 = LINE('',#1468,#1469);
#1468 = CARTESIAN_POINT('',(81.599998474121,-40.81628036499,
    223.29837763471));
#1469 = VECTOR('',#1470,1.);
#1470 = DIRECTION('',(0.,1.,0.));
#1471 = PLANE('',#1472);
#1472 = AXIS2_PLACEMENT_3D('',#1473,#1474,#1475);
#1473 = CARTESIAN_POINT('',(81.596106558614,-4.969750704361E-02,
    223.24820477106));
#1474 = DIRECTION('',(0.99700494699,0.,-7.733780238138E-02));
#1475 = DIRECTION('',(-7.733780238138E-02,0.,-0.99700494699));
#1476 = ADVANCED_FACE('',(#1477),#1494,.T.);
#1477 = FACE_BOUND('',#1478,.T.);
#1478 = EDGE_LOOP('',(#1479,#1487,#1488));
#1479 = ORIENTED_EDGE('',*,*,#1480,.T.);
#1480 = EDGE_CURVE('',#1481,#1435,#1483,.T.);
#1481 = VERTEX_POINT('',#1482);
#1482 = CARTESIAN_POINT('',(81.552429199219,-41.12195587158,
    223.29837763471));
#1483 = LINE('',#1484,#1485);
#1484 = CARTESIAN_POINT('',(81.552429199219,-41.12195587158,
    223.29837763471));
#1485 = VECTOR('',#1486,1.);
#1486 = DIRECTION('',(8.686565853135E-02,0.834723717274,-0.543774469048)
  );
#1487 = ORIENTED_EDGE('',*,*,#1457,.F.);
#1488 = ORIENTED_EDGE('',*,*,#1489,.F.);
#1489 = EDGE_CURVE('',#1481,#1458,#1490,.T.);
#1490 = LINE('',#1491,#1492);
#1491 = CARTESIAN_POINT('',(81.552429199219,-41.12195587158,
    223.29837763471));
#1492 = VECTOR('',#1493,1.);
#1493 = DIRECTION('',(0.15376934543,0.98810676974,0.));
#1494 = PLANE('',#1495);
#1495 = AXIS2_PLACEMENT_3D('',#1496,#1497,#1498);
#1496 = CARTESIAN_POINT('',(81.576615666441,-40.93350483301,
    223.23342526764));
#1497 = DIRECTION('',(0.985099412365,-0.153301339958,-7.796054723438E-02
    ));
#1498 = DIRECTION('',(0.15376934543,0.98810676974,1.706918830316E-18));
#1499 = ADVANCED_FACE('',(#1500),#1526,.T.);
#1500 = FACE_BOUND('',#1501,.T.);
#1501 = EDGE_LOOP('',(#1502,#1512,#1520));
#1502 = ORIENTED_EDGE('',*,*,#1503,.T.);
#1503 = EDGE_CURVE('',#1504,#1506,#1508,.T.);
#1504 = VERTEX_POINT('',#1505);
#1505 = CARTESIAN_POINT('',(54.384056091309,-41.06492233276,
    224.39837610883));
#1506 = VERTEX_POINT('',#1507);
#1507 = CARTESIAN_POINT('',(54.421646118164,-41.35004425048,
    223.29837763471));
#1508 = LINE('',#1509,#1510);
#1509 = CARTESIAN_POINT('',(54.384056091309,-41.06492233276,
    224.39837610883));
#1510 = VECTOR('',#1511,1.);
#1511 = DIRECTION('',(3.306153874676E-02,-0.250773147001,-0.967481143692
    ));
#1512 = ORIENTED_EDGE('',*,*,#1513,.T.);
#1513 = EDGE_CURVE('',#1506,#1514,#1516,.T.);
#1514 = VERTEX_POINT('',#1515);
#1515 = CARTESIAN_POINT('',(54.438034057617,-41.40527725219,
    224.39837610883));
#1516 = LINE('',#1517,#1518);
#1517 = CARTESIAN_POINT('',(54.421646118164,-41.35004425048,
    223.29837763471));
#1518 = VECTOR('',#1519,1.);
#1519 = DIRECTION('',(1.487775517267E-02,-5.014316041551E-02,
    0.998631221155));
#1520 = ORIENTED_EDGE('',*,*,#1521,.F.);
#1521 = EDGE_CURVE('',#1504,#1514,#1522,.T.);
#1522 = LINE('',#1523,#1524);
#1523 = CARTESIAN_POINT('',(54.384056091309,-41.06492233276,
    224.39837610883));
#1524 = VECTOR('',#1525,1.);
#1525 = DIRECTION('',(0.156635572094,-0.987656467379,0.));
#1526 = PLANE('',#1527);
#1527 = AXIS2_PLACEMENT_3D('',#1528,#1529,#1530);
#1528 = CARTESIAN_POINT('',(54.415453178753,-41.28373641977,
    223.92175207103));
#1529 = DIRECTION('',(-0.987633301384,-0.156631898126,6.849122999128E-03
    ));
#1530 = DIRECTION('',(0.156635572094,-0.987656467379,1.020084694297E-19)
  );
#1531 = ADVANCED_FACE('',(#1532),#1549,.T.);
#1532 = FACE_BOUND('',#1533,.T.);
#1533 = EDGE_LOOP('',(#1534,#1542,#1543));
#1534 = ORIENTED_EDGE('',*,*,#1535,.T.);
#1535 = EDGE_CURVE('',#1536,#1506,#1538,.T.);
#1536 = VERTEX_POINT('',#1537);
#1537 = CARTESIAN_POINT('',(54.384056091309,-41.06510543823,
    223.29837763471));
#1538 = LINE('',#1539,#1540);
#1539 = CARTESIAN_POINT('',(54.384056091309,-41.06510543823,
    223.29837763471));
#1540 = VECTOR('',#1541,1.);
#1541 = DIRECTION('',(0.130789947672,-0.991410101617,0.));
#1542 = ORIENTED_EDGE('',*,*,#1503,.F.);
#1543 = ORIENTED_EDGE('',*,*,#1544,.F.);
#1544 = EDGE_CURVE('',#1536,#1504,#1545,.T.);
#1545 = LINE('',#1546,#1547);
#1546 = CARTESIAN_POINT('',(54.384056091309,-41.06510543823,
    223.29837763471));
#1547 = VECTOR('',#1548,1.);
#1548 = DIRECTION('',(0.,1.66459745646E-04,0.999999986146));
#1549 = PLANE('',#1550);
#1550 = AXIS2_PLACEMENT_3D('',#1551,#1552,#1553);
#1551 = CARTESIAN_POINT('',(54.39466117053,-41.14541261758,
    223.7857578843));
#1552 = DIRECTION('',(-0.991410101382,-0.130789947641,2.177126171895E-05
    ));
#1553 = DIRECTION('',(0.130789947672,-0.991410101617,2.978534411467E-22)
  );
#1554 = ADVANCED_FACE('',(#1555),#1572,.T.);
#1555 = FACE_BOUND('',#1556,.T.);
#1556 = EDGE_LOOP('',(#1557,#1558,#1566));
#1557 = ORIENTED_EDGE('',*,*,#1513,.F.);
#1558 = ORIENTED_EDGE('',*,*,#1559,.T.);
#1559 = EDGE_CURVE('',#1506,#1560,#1562,.T.);
#1560 = VERTEX_POINT('',#1561);
#1561 = CARTESIAN_POINT('',(54.438079833984,-41.4054107666,
    223.29837763471));
#1562 = LINE('',#1563,#1564);
#1563 = CARTESIAN_POINT('',(54.421646118164,-41.35004425048,
    223.29837763471));
#1564 = VECTOR('',#1565,1.);
#1565 = DIRECTION('',(0.284547071564,-0.958662069795,0.));
#1566 = ORIENTED_EDGE('',*,*,#1567,.F.);
#1567 = EDGE_CURVE('',#1514,#1560,#1568,.T.);
#1568 = LINE('',#1569,#1570);
#1569 = CARTESIAN_POINT('',(54.438034057617,-41.40527725219,
    224.39837610883));
#1570 = VECTOR('',#1571,1.);
#1571 = DIRECTION('',(4.161493664547E-05,-1.213768985493E-04,
    -0.999999991768));
#1572 = PLANE('',#1573);
#1573 = AXIS2_PLACEMENT_3D('',#1574,#1575,#1576);
#1574 = CARTESIAN_POINT('',(54.433841335485,-41.391141013,
    223.83431711552));
#1575 = DIRECTION('',(-0.958662069782,-0.28454707156,-5.35722030527E-06)
  );
#1576 = DIRECTION('',(0.284547071564,-0.958662069795,6.575346540637E-23)
  );
#1577 = ADVANCED_FACE('',(#1578),#1602,.T.);
#1578 = FACE_BOUND('',#1579,.T.);
#1579 = EDGE_LOOP('',(#1580,#1588,#1596));
#1580 = ORIENTED_EDGE('',*,*,#1581,.T.);
#1581 = EDGE_CURVE('',#1514,#1582,#1584,.T.);
#1582 = VERTEX_POINT('',#1583);
#1583 = CARTESIAN_POINT('',(54.531982421875,-41.61587905883,
    223.29837763471));
#1584 = LINE('',#1585,#1586);
#1585 = CARTESIAN_POINT('',(54.438034057617,-41.40527725219,
    224.39837610883));
#1586 = VECTOR('',#1587,1.);
#1587 = DIRECTION('',(8.359056871433E-02,-0.187382983498,-0.978723778355
    ));
#1588 = ORIENTED_EDGE('',*,*,#1589,.T.);
#1589 = EDGE_CURVE('',#1582,#1590,#1592,.T.);
#1590 = VERTEX_POINT('',#1591);
#1591 = CARTESIAN_POINT('',(54.594673156738,-41.71222686767,
    224.39837610883));
#1592 = LINE('',#1593,#1594);
#1593 = CARTESIAN_POINT('',(54.531982421875,-41.61587905883,
    223.29837763471));
#1594 = VECTOR('',#1595,1.);
#1595 = DIRECTION('',(5.6683010433E-02,-8.711468872497E-02,
    0.994584369139));
#1596 = ORIENTED_EDGE('',*,*,#1597,.F.);
#1597 = EDGE_CURVE('',#1514,#1590,#1598,.T.);
#1598 = LINE('',#1599,#1600);
#1599 = CARTESIAN_POINT('',(54.438034057617,-41.40527725219,
    224.39837610883));
#1600 = VECTOR('',#1601,1.);
#1601 = DIRECTION('',(0.45454437108,-0.890724095733,0.));
#1602 = PLANE('',#1603);
#1603 = AXIS2_PLACEMENT_3D('',#1604,#1605,#1606);
#1604 = CARTESIAN_POINT('',(54.522849409246,-41.58295800942,
    223.92199623774));
#1605 = DIRECTION('',(-0.890670693325,-0.45451711936,1.095008042233E-02)
  );
#1606 = DIRECTION('',(0.45454437108,-0.890724095733,2.026767991421E-19)
  );
#1607 = ADVANCED_FACE('',(#1608),#1625,.T.);
#1608 = FACE_BOUND('',#1609,.T.);
#1609 = EDGE_LOOP('',(#1610,#1611,#1619));
#1610 = ORIENTED_EDGE('',*,*,#1589,.F.);
#1611 = ORIENTED_EDGE('',*,*,#1612,.T.);
#1612 = EDGE_CURVE('',#1582,#1613,#1615,.T.);
#1613 = VERTEX_POINT('',#1614);
#1614 = CARTESIAN_POINT('',(54.594734191895,-41.71230316162,
    223.29837763471));
#1615 = LINE('',#1616,#1617);
#1616 = CARTESIAN_POINT('',(54.531982421875,-41.61587905883,
    223.29837763471));
#1617 = VECTOR('',#1618,1.);
#1618 = DIRECTION('',(0.545453298188,-0.838141216918,0.));
#1619 = ORIENTED_EDGE('',*,*,#1620,.F.);
#1620 = EDGE_CURVE('',#1590,#1613,#1621,.T.);
#1621 = LINE('',#1622,#1623);
#1622 = CARTESIAN_POINT('',(54.594673156738,-41.71222686767,
    224.39837610883));
#1623 = VECTOR('',#1624,1.);
#1624 = DIRECTION('',(5.548658243186E-05,-6.935822803982E-05,
    -0.999999996055));
#1625 = PLANE('',#1626);
#1626 = AXIS2_PLACEMENT_3D('',#1627,#1628,#1629);
#1627 = CARTESIAN_POINT('',(54.578199165651,-41.68690382334,
    223.82111539276));
#1628 = DIRECTION('',(-0.838141216886,-0.545453298167,-8.67391751513E-06
    ));
#1629 = DIRECTION('',(0.545453298188,-0.838141216918,2.334603353522E-24)
  );
#1630 = ADVANCED_FACE('',(#1631),#1655,.T.);
#1631 = FACE_BOUND('',#1632,.T.);
#1632 = EDGE_LOOP('',(#1633,#1641,#1649));
#1633 = ORIENTED_EDGE('',*,*,#1634,.T.);
#1634 = EDGE_CURVE('',#1590,#1635,#1637,.T.);
#1635 = VERTEX_POINT('',#1636);
#1636 = CARTESIAN_POINT('',(54.707481384277,-41.84398269653,
    223.29837763471));
#1637 = LINE('',#1638,#1639);
#1638 = CARTESIAN_POINT('',(54.594673156738,-41.71222686767,
    224.39837610883));
#1639 = VECTOR('',#1640,1.);
#1640 = DIRECTION('',(0.101301432008,-0.118316318143,-0.987795155249));
#1641 = ORIENTED_EDGE('',*,*,#1642,.T.);
#1642 = EDGE_CURVE('',#1635,#1643,#1645,.T.);
#1643 = VERTEX_POINT('',#1644);
#1644 = CARTESIAN_POINT('',(54.838600158691,-41.95564651489,
    224.39837610883));
#1645 = LINE('',#1646,#1647);
#1646 = CARTESIAN_POINT('',(54.707481384277,-41.84398269653,
    223.29837763471));
#1647 = VECTOR('',#1648,1.);
#1648 = DIRECTION('',(0.117764396348,-0.100290917313,0.9879642093));
#1649 = ORIENTED_EDGE('',*,*,#1650,.F.);
#1650 = EDGE_CURVE('',#1590,#1643,#1651,.T.);
#1651 = LINE('',#1652,#1653);
#1652 = CARTESIAN_POINT('',(54.594673156738,-41.71222686767,
    224.39837610883));
#1653 = VECTOR('',#1654,1.);
#1654 = DIRECTION('',(0.707842534761,-0.706370261254,0.));
#1655 = PLANE('',#1656);
#1656 = AXIS2_PLACEMENT_3D('',#1657,#1658,#1659);
#1657 = CARTESIAN_POINT('',(54.712667928054,-41.83828207778,
    223.92207945709));
#1658 = DIRECTION('',(-0.706316454053,-0.70778861541,1.234271568123E-02)
  );
#1659 = DIRECTION('',(-0.707842534761,0.706370261254,-1.060897522072E-19
    ));
#1660 = ADVANCED_FACE('',(#1661),#1678,.T.);
#1661 = FACE_BOUND('',#1662,.T.);
#1662 = EDGE_LOOP('',(#1663,#1664,#1672));
#1663 = ORIENTED_EDGE('',*,*,#1642,.F.);
#1664 = ORIENTED_EDGE('',*,*,#1665,.T.);
#1665 = EDGE_CURVE('',#1635,#1666,#1668,.T.);
#1666 = VERTEX_POINT('',#1667);
#1667 = CARTESIAN_POINT('',(54.838645935059,-41.95567703247,
    223.29837763471));
#1668 = LINE('',#1669,#1670);
#1669 = CARTESIAN_POINT('',(54.707481384277,-41.84398269653,
    223.29837763471));
#1670 = VECTOR('',#1671,1.);
#1671 = DIRECTION('',(0.761353334378,-0.648337180973,0.));
#1672 = ORIENTED_EDGE('',*,*,#1673,.F.);
#1673 = EDGE_CURVE('',#1643,#1666,#1674,.T.);
#1674 = LINE('',#1675,#1676);
#1675 = CARTESIAN_POINT('',(54.838600158691,-41.95564651489,
    224.39837610883));
#1676 = VECTOR('',#1677,1.);
#1677 = DIRECTION('',(4.1614936936E-05,-2.774329129067E-05,
    -0.999999998749));
#1678 = PLANE('',#1679);
#1679 = AXIS2_PLACEMENT_3D('',#1680,#1681,#1682);
#1680 = CARTESIAN_POINT('',(54.803281405051,-41.9255659797,
    223.80865946419));
#1681 = DIRECTION('',(-0.648337180962,-0.761353334365,-5.85806357593E-06
    ));
#1682 = DIRECTION('',(-0.761353334378,0.648337180973,-3.884837652351E-22
    ));
#1683 = ADVANCED_FACE('',(#1684),#1708,.T.);
#1684 = FACE_BOUND('',#1685,.T.);
#1685 = EDGE_LOOP('',(#1686,#1694,#1702));
#1686 = ORIENTED_EDGE('',*,*,#1687,.T.);
#1687 = EDGE_CURVE('',#1643,#1688,#1690,.T.);
#1688 = VERTEX_POINT('',#1689);
#1689 = CARTESIAN_POINT('',(54.936141967773,-42.01875305175,
    223.29837763471));
#1690 = LINE('',#1691,#1692);
#1691 = CARTESIAN_POINT('',(54.838600158691,-41.95564651489,
    224.39837610883));
#1692 = VECTOR('',#1693,1.);
#1693 = DIRECTION('',(8.818403686231E-02,-5.705234735288E-02,
    -0.994469006709));
#1694 = ORIENTED_EDGE('',*,*,#1695,.T.);
#1695 = EDGE_CURVE('',#1688,#1696,#1698,.T.);
#1696 = VERTEX_POINT('',#1697);
#1697 = CARTESIAN_POINT('',(55.145881652832,-42.11164855957,
    224.39837610883));
#1698 = LINE('',#1699,#1700);
#1699 = CARTESIAN_POINT('',(54.936141967773,-42.01875305175,
    223.29837763471));
#1700 = VECTOR('',#1701,1.);
#1701 = DIRECTION('',(0.186657224267,-8.267208768971E-02,0.97894045097)
  );
#1702 = ORIENTED_EDGE('',*,*,#1703,.F.);
#1703 = EDGE_CURVE('',#1643,#1696,#1704,.T.);
#1704 = LINE('',#1705,#1706);
#1705 = CARTESIAN_POINT('',(54.838600158691,-41.95564651489,
    224.39837610883));
#1706 = VECTOR('',#1707,1.);
#1707 = DIRECTION('',(0.891669587649,-0.452686808359,0.));
#1708 = PLANE('',#1709);
#1709 = AXIS2_PLACEMENT_3D('',#1710,#1711,#1712);
#1710 = CARTESIAN_POINT('',(54.96846977141,-42.02746300816,
    223.92200093924));
#1711 = DIRECTION('',(-0.452659358503,-0.891615518917,1.101233790125E-02
    ));
#1712 = DIRECTION('',(-0.891669587649,0.452686808359,1.90432699469E-19)
  );
#1713 = ADVANCED_FACE('',(#1714),#1731,.T.);
#1714 = FACE_BOUND('',#1715,.T.);
#1715 = EDGE_LOOP('',(#1716,#1717,#1725));
#1716 = ORIENTED_EDGE('',*,*,#1695,.F.);
#1717 = ORIENTED_EDGE('',*,*,#1718,.T.);
#1718 = EDGE_CURVE('',#1688,#1719,#1721,.T.);
#1719 = VERTEX_POINT('',#1720);
#1720 = CARTESIAN_POINT('',(55.145889282227,-42.11165237426,
    223.29837763471));
#1721 = LINE('',#1722,#1723);
#1722 = CARTESIAN_POINT('',(54.936141967773,-42.01875305175,
    223.29837763471));
#1723 = VECTOR('',#1724,1.);
#1724 = DIRECTION('',(0.91433127014,-0.404967070815,0.));
#1725 = ORIENTED_EDGE('',*,*,#1726,.F.);
#1726 = EDGE_CURVE('',#1696,#1719,#1727,.T.);
#1727 = LINE('',#1728,#1729);
#1728 = CARTESIAN_POINT('',(55.145881652832,-42.11164855957,
    224.39837610883));
#1729 = VECTOR('',#1730,1.);
#1730 = DIRECTION('',(6.93582283113E-06,-3.46791141557E-06,
    -0.99999999997));
#1731 = PLANE('',#1732);
#1732 = AXIS2_PLACEMENT_3D('',#1733,#1734,#1735);
#1733 = CARTESIAN_POINT('',(55.088039488459,-42.08602988623,
    223.79694330173));
#1734 = DIRECTION('',(-0.404967070815,-0.91433127014,3.6203999374E-07));
#1735 = DIRECTION('',(-0.91433127014,0.404967070815,2.63096010586E-23));
#1736 = ADVANCED_FACE('',(#1737),#1763,.T.);
#1737 = FACE_BOUND('',#1738,.T.);
#1738 = EDGE_LOOP('',(#1739,#1749,#1757));
#1739 = ORIENTED_EDGE('',*,*,#1740,.T.);
#1740 = EDGE_CURVE('',#1741,#1743,#1745,.T.);
#1741 = VERTEX_POINT('',#1742);
#1742 = CARTESIAN_POINT('',(55.486343383789,-42.16492080688,
    224.39837610883));
#1743 = VERTEX_POINT('',#1744);
#1744 = CARTESIAN_POINT('',(62.291717529297,-42.13023376464,
    223.29837763471));
#1745 = LINE('',#1746,#1747);
#1746 = CARTESIAN_POINT('',(55.486343383789,-42.16492080688,
    224.39837610883));
#1747 = VECTOR('',#1748,1.);
#1748 = DIRECTION('',(0.98717480891,5.031637285352E-03,-0.159563715422)
  );
#1749 = ORIENTED_EDGE('',*,*,#1750,.T.);
#1750 = EDGE_CURVE('',#1743,#1751,#1753,.T.);
#1751 = VERTEX_POINT('',#1752);
#1752 = CARTESIAN_POINT('',(61.869186401367,-42.13372039794,
    224.39837610883));
#1753 = LINE('',#1754,#1755);
#1754 = CARTESIAN_POINT('',(62.291717529297,-42.13023376464,
    223.29837763471));
#1755 = VECTOR('',#1756,1.);
#1756 = DIRECTION('',(-0.358574415988,-2.958876676655E-03,0.933496455937
    ));
#1757 = ORIENTED_EDGE('',*,*,#1758,.F.);
#1758 = EDGE_CURVE('',#1741,#1751,#1759,.T.);
#1759 = LINE('',#1760,#1761);
#1760 = CARTESIAN_POINT('',(55.486343383789,-42.16492080688,
    224.39837610883));
#1761 = VECTOR('',#1762,1.);
#1762 = DIRECTION('',(0.999988053121,4.888109593501E-03,0.));
#1763 = PLANE('',#1764);
#1764 = AXIS2_PLACEMENT_3D('',#1765,#1766,#1767);
#1765 = CARTESIAN_POINT('',(59.055903702191,-42.14707536728,
    224.09123978329));
#1766 = DIRECTION('',(4.888105513646E-03,-0.999987218482,
    -1.2920127015E-03));
#1767 = DIRECTION('',(-0.999988053121,-4.888109593501E-03,
    -5.951238810714E-21));
#1768 = ADVANCED_FACE('',(#1769),#1786,.T.);
#1769 = FACE_BOUND('',#1770,.T.);
#1770 = EDGE_LOOP('',(#1771,#1772,#1780));
#1771 = ORIENTED_EDGE('',*,*,#1750,.F.);
#1772 = ORIENTED_EDGE('',*,*,#1773,.T.);
#1773 = EDGE_CURVE('',#1743,#1774,#1776,.T.);
#1774 = VERTEX_POINT('',#1775);
#1775 = CARTESIAN_POINT('',(63.895698547363,-42.11594390869,
    223.29837763471));
#1776 = LINE('',#1777,#1778);
#1777 = CARTESIAN_POINT('',(62.291717529297,-42.13023376464,
    223.29837763471));
#1778 = VECTOR('',#1779,1.);
#1779 = DIRECTION('',(0.999960317282,8.908639650823E-03,0.));
#1780 = ORIENTED_EDGE('',*,*,#1781,.F.);
#1781 = EDGE_CURVE('',#1751,#1774,#1782,.T.);
#1782 = LINE('',#1783,#1784);
#1783 = CARTESIAN_POINT('',(61.869186401367,-42.13372039794,
    224.39837610883));
#1784 = VECTOR('',#1785,1.);
#1785 = DIRECTION('',(0.878846974661,7.709213011717E-03,-0.47704146902)
  );
#1786 = PLANE('',#1787);
#1787 = AXIS2_PLACEMENT_3D('',#1788,#1789,#1790);
#1788 = CARTESIAN_POINT('',(62.763314462406,-42.12593723441,
    223.67499361413));
#1789 = DIRECTION('',(8.908639366969E-03,-0.999960285421,
    2.524390860257E-04));
#1790 = DIRECTION('',(-0.999960317282,-8.908639650823E-03,
    -5.006165389118E-22));
#1791 = ADVANCED_FACE('',(#1792),#1809,.T.);
#1792 = FACE_BOUND('',#1793,.T.);
#1793 = EDGE_LOOP('',(#1794,#1795,#1803));
#1794 = ORIENTED_EDGE('',*,*,#1781,.T.);
#1795 = ORIENTED_EDGE('',*,*,#1796,.T.);
#1796 = EDGE_CURVE('',#1774,#1797,#1799,.T.);
#1797 = VERTEX_POINT('',#1798);
#1798 = CARTESIAN_POINT('',(68.19214630127,-42.06552505493,
    224.39837610883));
#1799 = LINE('',#1800,#1801);
#1800 = CARTESIAN_POINT('',(63.895698547363,-42.11594390869,
    223.29837763471));
#1801 = VECTOR('',#1802,1.);
#1802 = DIRECTION('',(0.968690978203,1.136759750518E-02,0.248009206431)
  );
#1803 = ORIENTED_EDGE('',*,*,#1804,.F.);
#1804 = EDGE_CURVE('',#1751,#1797,#1805,.T.);
#1805 = LINE('',#1806,#1807);
#1806 = CARTESIAN_POINT('',(61.869186401367,-42.13372039794,
    224.39837610883));
#1807 = VECTOR('',#1808,1.);
#1808 = DIRECTION('',(0.999941843174,1.078472393822E-02,0.));
#1809 = PLANE('',#1810);
#1810 = AXIS2_PLACEMENT_3D('',#1811,#1812,#1813);
#1811 = CARTESIAN_POINT('',(64.995500107659,-42.10105467109,
    224.11458077789));
#1812 = DIRECTION('',(1.07846497571E-02,-0.999934965222,
    3.708996558874E-03));
#1813 = DIRECTION('',(-0.999941843174,-1.078472393822E-02,
    4.382036150236E-21));
#1814 = ADVANCED_FACE('',(#1815),#1832,.T.);
#1815 = FACE_BOUND('',#1816,.T.);
#1816 = EDGE_LOOP('',(#1817,#1818,#1826));
#1817 = ORIENTED_EDGE('',*,*,#1796,.F.);
#1818 = ORIENTED_EDGE('',*,*,#1819,.T.);
#1819 = EDGE_CURVE('',#1774,#1820,#1822,.T.);
#1820 = VERTEX_POINT('',#1821);
#1821 = CARTESIAN_POINT('',(68.659530639648,-42.05911636352,
    223.29837763471));
#1822 = LINE('',#1823,#1824);
#1823 = CARTESIAN_POINT('',(63.895698547363,-42.11594390869,
    223.29837763471));
#1824 = VECTOR('',#1825,1.);
#1825 = DIRECTION('',(0.999928857593,1.192810771179E-02,0.));
#1826 = ORIENTED_EDGE('',*,*,#1827,.F.);
#1827 = EDGE_CURVE('',#1797,#1820,#1828,.T.);
#1828 = LINE('',#1829,#1830);
#1829 = CARTESIAN_POINT('',(68.19214630127,-42.06552505493,
    224.39837610883));
#1830 = VECTOR('',#1831,1.);
#1831 = DIRECTION('',(0.391053508324,5.362056561142E-03,-0.920352324915)
  );
#1832 = PLANE('',#1833);
#1833 = AXIS2_PLACEMENT_3D('',#1834,#1835,#1836);
#1834 = CARTESIAN_POINT('',(66.424905730932,-42.08599878988,
    223.59629684502));
#1835 = DIRECTION('',(1.192810428978E-02,-0.999928570727,
    -7.574778748252E-04));
#1836 = DIRECTION('',(-0.999928857593,-1.192810771179E-02,
    1.609356427918E-21));
#1837 = ADVANCED_FACE('',(#1838),#1862,.T.);
#1838 = FACE_BOUND('',#1839,.T.);
#1839 = EDGE_LOOP('',(#1840,#1848,#1856));
#1840 = ORIENTED_EDGE('',*,*,#1841,.T.);
#1841 = EDGE_CURVE('',#1797,#1842,#1844,.T.);
#1842 = VERTEX_POINT('',#1843);
#1843 = CARTESIAN_POINT('',(72.271766662598,-42.00127029419,
    223.29837763471));
#1844 = LINE('',#1845,#1846);
#1845 = CARTESIAN_POINT('',(68.19214630127,-42.06552505493,
    224.39837610883));
#1846 = VECTOR('',#1847,1.);
#1847 = DIRECTION('',(0.965406684463,1.5205330407E-02,-0.260305073943));
#1848 = ORIENTED_EDGE('',*,*,#1849,.T.);
#1849 = EDGE_CURVE('',#1842,#1850,#1852,.T.);
#1850 = VERTEX_POINT('',#1851);
#1851 = CARTESIAN_POINT('',(74.44711303711,-41.96031951904,
    224.39837610883));
#1852 = LINE('',#1853,#1854);
#1853 = CARTESIAN_POINT('',(72.271766662598,-42.00127029418,
    223.29837763471));
#1854 = VECTOR('',#1855,1.);
#1855 = DIRECTION('',(0.892269658481,1.6796926955E-02,0.451190336552));
#1856 = ORIENTED_EDGE('',*,*,#1857,.F.);
#1857 = EDGE_CURVE('',#1797,#1850,#1858,.T.);
#1858 = LINE('',#1859,#1860);
#1859 = CARTESIAN_POINT('',(68.19214630127,-42.06552505493,
    224.39837610883));
#1860 = VECTOR('',#1861,1.);
#1861 = DIRECTION('',(0.999858581884,1.681714105964E-02,0.));
#1862 = PLANE('',#1863);
#1863 = AXIS2_PLACEMENT_3D('',#1864,#1865,#1866);
#1864 = CARTESIAN_POINT('',(71.348790396071,-42.01355687817,
    224.11469321272));
#1865 = DIRECTION('',(1.681700884494E-02,-0.999850721095,
    3.965317172013E-03));
#1866 = DIRECTION('',(-0.999858581884,-1.681714105964E-02,
    1.337181954035E-20));
#1867 = ADVANCED_FACE('',(#1868),#1885,.T.);
#1868 = FACE_BOUND('',#1869,.T.);
#1869 = EDGE_LOOP('',(#1870,#1871,#1879));
#1870 = ORIENTED_EDGE('',*,*,#1849,.F.);
#1871 = ORIENTED_EDGE('',*,*,#1872,.T.);
#1872 = EDGE_CURVE('',#1842,#1873,#1875,.T.);
#1873 = VERTEX_POINT('',#1874);
#1874 = CARTESIAN_POINT('',(74.714401245118,-41.95486068725,
    223.29837763471));
#1875 = LINE('',#1876,#1877);
#1876 = CARTESIAN_POINT('',(72.271766662598,-42.00127029418,
    223.29837763471));
#1877 = VECTOR('',#1878,1.);
#1878 = DIRECTION('',(0.999819552355,1.899638724572E-02,0.));
#1879 = ORIENTED_EDGE('',*,*,#1880,.F.);
#1880 = EDGE_CURVE('',#1850,#1873,#1881,.T.);
#1881 = LINE('',#1882,#1883);
#1882 = CARTESIAN_POINT('',(74.447113037109,-41.96031951904,
    224.39837610883));
#1883 = VECTOR('',#1884,1.);
#1884 = DIRECTION('',(0.236116139829,4.822204088816E-03,-0.971712876759)
  );
#1885 = PLANE('',#1886);
#1886 = AXIS2_PLACEMENT_3D('',#1887,#1888,#1889);
#1887 = CARTESIAN_POINT('',(73.643662935047,-41.97531744241,
    223.6249160287));
#1888 = DIRECTION('',(1.89963861102E-02,-0.999819492591,
    -3.457608664489E-04));
#1889 = DIRECTION('',(-0.999819552355,-1.899638724572E-02,
    1.496158575062E-21));
#1890 = ADVANCED_FACE('',(#1891),#1915,.T.);
#1891 = FACE_BOUND('',#1892,.T.);
#1892 = EDGE_LOOP('',(#1893,#1901,#1909));
#1893 = ORIENTED_EDGE('',*,*,#1894,.T.);
#1894 = EDGE_CURVE('',#1850,#1895,#1897,.T.);
#1895 = VERTEX_POINT('',#1896);
#1896 = CARTESIAN_POINT('',(80.625999450684,-41.81809234619,
    223.29837763471));
#1897 = LINE('',#1898,#1899);
#1898 = CARTESIAN_POINT('',(74.447113037109,-41.96031951904,
    224.39837610883));
#1899 = VECTOR('',#1900,1.);
#1900 = DIRECTION('',(0.984267764234,2.265612475548E-02,-0.175224622418)
  );
#1901 = ORIENTED_EDGE('',*,*,#1902,.T.);
#1902 = EDGE_CURVE('',#1895,#1903,#1905,.T.);
#1903 = VERTEX_POINT('',#1904);
#1904 = CARTESIAN_POINT('',(80.625999450684,-41.81809234619,
    224.39837610883));
#1905 = LINE('',#1906,#1907);
#1906 = CARTESIAN_POINT('',(80.625999450684,-41.81809234619,
    223.29837763471));
#1907 = VECTOR('',#1908,1.);
#1908 = DIRECTION('',(0.,0.,1.));
#1909 = ORIENTED_EDGE('',*,*,#1910,.F.);
#1910 = EDGE_CURVE('',#1850,#1903,#1911,.T.);
#1911 = LINE('',#1912,#1913);
#1912 = CARTESIAN_POINT('',(74.447113037109,-41.96031951904,
    224.39837610883));
#1913 = VECTOR('',#1914,1.);
#1914 = DIRECTION('',(0.999735185234,2.301215777064E-02,0.));
#1915 = PLANE('',#1916);
#1916 = AXIS2_PLACEMENT_3D('',#1917,#1918,#1919);
#1917 = CARTESIAN_POINT('',(77.787208282922,-41.88343636048,
    224.09909530473));
#1918 = DIRECTION('',(2.301215777064E-02,-0.999735185234,0.));
#1919 = DIRECTION('',(-0.999735185234,-2.301215777064E-02,-0.));
#1920 = ADVANCED_FACE('',(#1921),#1938,.T.);
#1921 = FACE_BOUND('',#1922,.T.);
#1922 = EDGE_LOOP('',(#1923,#1924,#1932));
#1923 = ORIENTED_EDGE('',*,*,#1902,.F.);
#1924 = ORIENTED_EDGE('',*,*,#1925,.T.);
#1925 = EDGE_CURVE('',#1895,#1926,#1928,.T.);
#1926 = VERTEX_POINT('',#1927);
#1927 = CARTESIAN_POINT('',(80.926940917969,-41.76344299316,
    223.29836237592));
#1928 = LINE('',#1929,#1930);
#1929 = CARTESIAN_POINT('',(80.625999450684,-41.81809234619,
    223.29837763471));
#1930 = VECTOR('',#1931,1.);
#1931 = DIRECTION('',(0.98390859863,0.178672513423,-4.988762066828E-05)
  );
#1932 = ORIENTED_EDGE('',*,*,#1933,.F.);
#1933 = EDGE_CURVE('',#1903,#1926,#1934,.T.);
#1934 = LINE('',#1935,#1936);
#1935 = CARTESIAN_POINT('',(80.625999450684,-41.81809234619,
    224.39837610883));
#1936 = VECTOR('',#1937,1.);
#1937 = DIRECTION('',(0.263580190853,4.786474602818E-02,-0.963449245719)
  );
#1938 = PLANE('',#1939);
#1939 = AXIS2_PLACEMENT_3D('',#1940,#1941,#1942);
#1940 = CARTESIAN_POINT('',(80.711500363208,-41.80256584,223.78234016201
    ));
#1941 = DIRECTION('',(0.178672513646,-0.983908599854,0.));
#1942 = DIRECTION('',(-0.983908599854,-0.178672513646,-0.));
#1943 = ADVANCED_FACE('',(#1944),#1968,.T.);
#1944 = FACE_BOUND('',#1945,.T.);
#1945 = EDGE_LOOP('',(#1946,#1954,#1962));
#1946 = ORIENTED_EDGE('',*,*,#1947,.T.);
#1947 = EDGE_CURVE('',#1903,#1948,#1950,.T.);
#1948 = VERTEX_POINT('',#1949);
#1949 = CARTESIAN_POINT('',(80.997383117676,-41.73602676391,
    223.29836237592));
#1950 = LINE('',#1951,#1952);
#1951 = CARTESIAN_POINT('',(80.625999450684,-41.81809234619,
    224.39837610883));
#1952 = VECTOR('',#1953,1.);
#1953 = DIRECTION('',(0.319082296636,7.050841702142E-02,-0.945100550789)
  );
#1954 = ORIENTED_EDGE('',*,*,#1955,.T.);
#1955 = EDGE_CURVE('',#1948,#1956,#1958,.T.);
#1956 = VERTEX_POINT('',#1957);
#1957 = CARTESIAN_POINT('',(80.997901916504,-41.73554229736,
    224.39837610883));
#1958 = LINE('',#1959,#1960);
#1959 = CARTESIAN_POINT('',(80.997383117676,-41.73602676391,
    223.29836237592));
#1960 = VECTOR('',#1961,1.);
#1961 = DIRECTION('',(4.716293120613E-04,4.404185487631E-04,
    0.999999791799));
#1962 = ORIENTED_EDGE('',*,*,#1963,.F.);
#1963 = EDGE_CURVE('',#1903,#1956,#1964,.T.);
#1964 = LINE('',#1965,#1966);
#1965 = CARTESIAN_POINT('',(80.625999450684,-41.81809234619,
    224.39837610883));
#1966 = VECTOR('',#1967,1.);
#1967 = DIRECTION('',(0.976239808527,0.216692953848,0.));
#1968 = PLANE('',#1969);
#1969 = AXIS2_PLACEMENT_3D('',#1970,#1971,#1972);
#1970 = CARTESIAN_POINT('',(80.889066358127,-41.75985825066,
    223.92758921957));
#1971 = DIRECTION('',(0.216692942209,-0.976239756091,3.277554215993E-04)
  );
#1972 = DIRECTION('',(-0.976239808527,-0.216692953848,1.111004324291E-20
    ));
#1973 = ADVANCED_FACE('',(#1974),#1991,.T.);
#1974 = FACE_BOUND('',#1975,.T.);
#1975 = EDGE_LOOP('',(#1976,#1977,#1985));
#1976 = ORIENTED_EDGE('',*,*,#1955,.F.);
#1977 = ORIENTED_EDGE('',*,*,#1978,.T.);
#1978 = EDGE_CURVE('',#1948,#1979,#1981,.T.);
#1979 = VERTEX_POINT('',#1980);
#1980 = CARTESIAN_POINT('',(81.19906616211,-41.61863327026,
    223.29836237592));
#1981 = LINE('',#1982,#1983);
#1982 = CARTESIAN_POINT('',(80.997383117676,-41.73602676391,
    223.29836237592));
#1983 = VECTOR('',#1984,1.);
#1984 = DIRECTION('',(0.864254012638,0.503055664553,0.));
#1985 = ORIENTED_EDGE('',*,*,#1986,.F.);
#1986 = EDGE_CURVE('',#1956,#1979,#1987,.T.);
#1987 = LINE('',#1988,#1989);
#1988 = CARTESIAN_POINT('',(80.997901916504,-41.73554229736,
    224.39837610883));
#1989 = VECTOR('',#1990,1.);
#1990 = DIRECTION('',(0.178915890383,0.103979127177,-0.978354457893));
#1991 = PLANE('',#1992);
#1992 = AXIS2_PLACEMENT_3D('',#1993,#1994,#1995);
#1993 = CARTESIAN_POINT('',(81.053325372887,-41.70338191753,
    223.7961461385));
#1994 = DIRECTION('',(0.503055659382,-0.864254003755,1.433777293847E-04)
  );
#1995 = DIRECTION('',(-0.864254012638,-0.503055664553,
    -2.338623216147E-21));
#1996 = ADVANCED_FACE('',(#1997),#2021,.T.);
#1997 = FACE_BOUND('',#1998,.T.);
#1998 = EDGE_LOOP('',(#1999,#2007,#2015));
#1999 = ORIENTED_EDGE('',*,*,#2000,.T.);
#2000 = EDGE_CURVE('',#1956,#2001,#2003,.T.);
#2001 = VERTEX_POINT('',#2002);
#2002 = CARTESIAN_POINT('',(81.315010070801,-41.51689529419,
    223.29837000531));
#2003 = LINE('',#2004,#2005);
#2004 = CARTESIAN_POINT('',(80.997901916504,-41.73554229736,
    224.39837610883));
#2005 = VECTOR('',#2006,1.);
#2006 = DIRECTION('',(0.272080343225,0.187600195272,-0.943810602592));
#2007 = ORIENTED_EDGE('',*,*,#2008,.T.);
#2008 = EDGE_CURVE('',#2001,#2009,#2011,.T.);
#2009 = VERTEX_POINT('',#2010);
#2010 = CARTESIAN_POINT('',(81.315559387207,-41.51583480835,
    224.39837610883));
#2011 = LINE('',#2012,#2013);
#2012 = CARTESIAN_POINT('',(81.315010070801,-41.51689529418,
    223.29837000531));
#2013 = VECTOR('',#2014,1.);
#2014 = DIRECTION('',(4.993754859398E-04,9.640721186893E-04,
    0.999999410594));
#2015 = ORIENTED_EDGE('',*,*,#2016,.F.);
#2016 = EDGE_CURVE('',#1956,#2009,#2017,.T.);
#2017 = LINE('',#2018,#2019);
#2018 = CARTESIAN_POINT('',(80.997901916504,-41.73554229736,
    224.39837610883));
#2019 = VECTOR('',#2020,1.);
#2020 = DIRECTION('',(0.822445623095,0.568843736936,0.));
#2021 = PLANE('',#2022);
#2022 = AXIS2_PLACEMENT_3D('',#2023,#2024,#2025);
#2023 = CARTESIAN_POINT('',(81.22238213784,-41.5805714781,
    223.92848303458));
#2024 = DIRECTION('',(0.568843663297,-0.822445516626,5.08830510845E-04)
  );
#2025 = DIRECTION('',(-0.822445623095,-0.568843736936,
    -1.075803623055E-20));
#2026 = ADVANCED_FACE('',(#2027),#2044,.T.);
#2027 = FACE_BOUND('',#2028,.T.);
#2028 = EDGE_LOOP('',(#2029,#2030,#2038));
#2029 = ORIENTED_EDGE('',*,*,#2008,.F.);
#2030 = ORIENTED_EDGE('',*,*,#2031,.T.);
#2031 = EDGE_CURVE('',#2001,#2032,#2034,.T.);
#2032 = VERTEX_POINT('',#2033);
#2033 = CARTESIAN_POINT('',(81.414337158204,-41.39783096313,
    223.29837000531));
#2034 = LINE('',#2035,#2036);
#2035 = CARTESIAN_POINT('',(81.315010070801,-41.51689529418,
    223.29837000531));
#2036 = VECTOR('',#2037,1.);
#2037 = DIRECTION('',(0.640590850512,0.767882388286,0.));
#2038 = ORIENTED_EDGE('',*,*,#2039,.F.);
#2039 = EDGE_CURVE('',#2009,#2032,#2040,.T.);
#2040 = LINE('',#2041,#2042);
#2041 = CARTESIAN_POINT('',(81.315559387207,-41.51583480835,
    224.39837610883));
#2042 = VECTOR('',#2043,1.);
#2043 = DIRECTION('',(8.893142512755E-02,0.106241009689,-0.990355516714)
  );
#2044 = PLANE('',#2045);
#2045 = AXIS2_PLACEMENT_3D('',#2046,#2047,#2048);
#2046 = CARTESIAN_POINT('',(81.341838428562,-41.48454805148,
    223.81232535335));
#2047 = DIRECTION('',(0.767882367242,-0.640590832957,2.341142692439E-04)
  );
#2048 = DIRECTION('',(0.640590850512,0.767882388286,-1.971543691135E-20)
  );
#2049 = ADVANCED_FACE('',(#2050),#2074,.T.);
#2050 = FACE_BOUND('',#2051,.T.);
#2051 = EDGE_LOOP('',(#2052,#2060,#2068));
#2052 = ORIENTED_EDGE('',*,*,#2053,.T.);
#2053 = EDGE_CURVE('',#2009,#2054,#2056,.T.);
#2054 = VERTEX_POINT('',#2055);
#2055 = CARTESIAN_POINT('',(81.526527404786,-41.19360351562,
    223.29837763471));
#2056 = LINE('',#2057,#2058);
#2057 = CARTESIAN_POINT('',(81.315559387207,-41.51583480835,
    224.39837610883));
#2058 = VECTOR('',#2059,1.);
#2059 = DIRECTION('',(0.181014277852,0.276480129185,-0.94381808066));
#2060 = ORIENTED_EDGE('',*,*,#2061,.T.);
#2061 = EDGE_CURVE('',#2054,#2062,#2064,.T.);
#2062 = VERTEX_POINT('',#2063);
#2063 = CARTESIAN_POINT('',(81.526992797852,-41.191822052,
    224.39837610883));
#2064 = LINE('',#2065,#2066);
#2065 = CARTESIAN_POINT('',(81.526527404785,-41.19360351562,
    223.29837763471));
#2066 = VECTOR('',#2067,1.);
#2067 = DIRECTION('',(4.23084600007E-04,1.619512362322E-03,
    0.999998599089));
#2068 = ORIENTED_EDGE('',*,*,#2069,.F.);
#2069 = EDGE_CURVE('',#2009,#2062,#2070,.T.);
#2070 = LINE('',#2071,#2072);
#2071 = CARTESIAN_POINT('',(81.315559387207,-41.51583480835,
    224.39837610883));
#2072 = VECTOR('',#2073,1.);
#2073 = DIRECTION('',(0.546486716417,0.837467771786,0.));
#2074 = PLANE('',#2075);
#2075 = AXIS2_PLACEMENT_3D('',#2076,#2077,#2078);
#2076 = CARTESIAN_POINT('',(81.464920484753,-41.28740146687,
    223.92860404489));
#2077 = DIRECTION('',(0.837467653842,-0.546486639453,5.307229445892E-04)
  );
#2078 = DIRECTION('',(0.546486716417,0.837467771786,-3.204941316291E-20)
  );
#2079 = ADVANCED_FACE('',(#2080),#2095,.T.);
#2080 = FACE_BOUND('',#2081,.T.);
#2081 = EDGE_LOOP('',(#2082,#2083,#2089));
#2082 = ORIENTED_EDGE('',*,*,#2061,.F.);
#2083 = ORIENTED_EDGE('',*,*,#2084,.T.);
#2084 = EDGE_CURVE('',#2054,#1481,#2085,.T.);
#2085 = LINE('',#2086,#2087);
#2086 = CARTESIAN_POINT('',(81.526527404785,-41.19360351562,
    223.29837763471));
#2087 = VECTOR('',#2088,1.);
#2088 = DIRECTION('',(0.339981574789,0.94043209686,0.));
#2089 = ORIENTED_EDGE('',*,*,#2090,.F.);
#2090 = EDGE_CURVE('',#2062,#1481,#2091,.T.);
#2091 = LINE('',#2092,#2093);
#2092 = CARTESIAN_POINT('',(81.526992797852,-41.191822052,
    224.39837610883));
#2093 = VECTOR('',#2094,1.);
#2094 = DIRECTION('',(2.307138852106E-02,6.337019807485E-02,
    -0.997723372999));
#2095 = PLANE('',#2096);
#2096 = AXIS2_PLACEMENT_3D('',#2097,#2098,#2099);
#2097 = CARTESIAN_POINT('',(81.533451398506,-41.17421206862,
    223.82998819498));
#2098 = DIRECTION('',(0.940432085893,-0.339981570824,1.527222379673E-04)
  );
#2099 = DIRECTION('',(0.339981574789,0.94043209686,4.808209089283E-21));
#2100 = ADVANCED_FACE('',(#2101),#2123,.T.);
#2101 = FACE_BOUND('',#2102,.T.);
#2102 = EDGE_LOOP('',(#2103,#2109,#2117));
#2103 = ORIENTED_EDGE('',*,*,#2104,.T.);
#2104 = EDGE_CURVE('',#2062,#1458,#2105,.T.);
#2105 = LINE('',#2106,#2107);
#2106 = CARTESIAN_POINT('',(81.526992797852,-41.191822052,
    224.39837610883));
#2107 = VECTOR('',#2108,1.);
#2108 = DIRECTION('',(6.268584099934E-02,0.32245638536,-0.94450641336));
#2109 = ORIENTED_EDGE('',*,*,#2110,.T.);
#2110 = EDGE_CURVE('',#1458,#2111,#2113,.T.);
#2111 = VERTEX_POINT('',#2112);
#2112 = CARTESIAN_POINT('',(81.599998474122,-40.81628036499,
    224.39837610883));
#2113 = LINE('',#2114,#2115);
#2114 = CARTESIAN_POINT('',(81.599998474121,-40.81628036499,
    223.29837763471));
#2115 = VECTOR('',#2116,1.);
#2116 = DIRECTION('',(0.,0.,1.));
#2117 = ORIENTED_EDGE('',*,*,#2118,.F.);
#2118 = EDGE_CURVE('',#2062,#2111,#2119,.T.);
#2119 = LINE('',#2120,#2121);
#2120 = CARTESIAN_POINT('',(81.526992797852,-41.191822052,
    224.39837610883));
#2121 = VECTOR('',#2122,1.);
#2122 = DIRECTION('',(0.190828558373,0.981623380584,0.));
#2123 = PLANE('',#2124);
#2124 = AXIS2_PLACEMENT_3D('',#2125,#2126,#2127);
#2125 = CARTESIAN_POINT('',(81.578663772366,-40.92602621351,
    223.92786254471));
#2126 = DIRECTION('',(0.981623380584,-0.190828558373,0.));
#2127 = DIRECTION('',(0.190828558373,0.981623380584,0.));
#2128 = ADVANCED_FACE('',(#2129),#2134,.T.);
#2129 = FACE_BOUND('',#2130,.T.);
#2130 = EDGE_LOOP('',(#2131,#2132,#2133));
#2131 = ORIENTED_EDGE('',*,*,#2090,.T.);
#2132 = ORIENTED_EDGE('',*,*,#1489,.T.);
#2133 = ORIENTED_EDGE('',*,*,#2104,.F.);
#2134 = PLANE('',#2135);
#2135 = AXIS2_PLACEMENT_3D('',#2136,#2137,#2138);
#2136 = CARTESIAN_POINT('',(81.554844983505,-41.06525778668,
    223.78233943418));
#2137 = DIRECTION('',(0.988022223949,-0.1537561884,1.308126564464E-02));
#2138 = DIRECTION('',(0.15376934543,0.98810676974,3.443749562403E-20));
#2139 = ADVANCED_FACE('',(#2140),#2150,.T.);
#2140 = FACE_BOUND('',#2141,.T.);
#2141 = EDGE_LOOP('',(#2142,#2143,#2149));
#2142 = ORIENTED_EDGE('',*,*,#2039,.T.);
#2143 = ORIENTED_EDGE('',*,*,#2144,.T.);
#2144 = EDGE_CURVE('',#2032,#2054,#2145,.T.);
#2145 = LINE('',#2146,#2147);
#2146 = CARTESIAN_POINT('',(81.414337158203,-41.39783096313,
    223.29837000531));
#2147 = VECTOR('',#2148,1.);
#2148 = DIRECTION('',(0.481474373718,0.876460168165,3.274222194615E-05)
  );
#2149 = ORIENTED_EDGE('',*,*,#2053,.F.);
#2150 = PLANE('',#2151);
#2151 = AXIS2_PLACEMENT_3D('',#2152,#2153,#2154);
#2152 = CARTESIAN_POINT('',(81.400798938519,-41.39444136068,
    223.7972999818));
#2153 = DIRECTION('',(0.876139185415,-0.481299055418,2.704342865459E-02)
  );
#2154 = DIRECTION('',(0.481475150332,0.876459742152,1.350386356694E-19)
  );
#2155 = ADVANCED_FACE('',(#2156),#2166,.T.);
#2156 = FACE_BOUND('',#2157,.T.);
#2157 = EDGE_LOOP('',(#2158,#2159,#2165));
#2158 = ORIENTED_EDGE('',*,*,#1986,.T.);
#2159 = ORIENTED_EDGE('',*,*,#2160,.T.);
#2160 = EDGE_CURVE('',#1979,#2001,#2161,.T.);
#2161 = LINE('',#2162,#2163);
#2162 = CARTESIAN_POINT('',(81.199066162109,-41.61863327026,
    223.29836237592));
#2163 = VECTOR('',#2164,1.);
#2164 = DIRECTION('',(0.751653711303,0.659557954874,4.946066403257E-05)
  );
#2165 = ORIENTED_EDGE('',*,*,#2000,.F.);
#2166 = PLANE('',#2167);
#2167 = AXIS2_PLACEMENT_3D('',#2168,#2169,#2170);
#2168 = CARTESIAN_POINT('',(81.136135259216,-41.64593072923,
    223.81365929193));
#2169 = DIRECTION('',(0.659010032584,-0.75103233309,4.069657980614E-02)
  );
#2170 = DIRECTION('',(-0.751655040933,-0.659556441437,-2.68791003785E-18
    ));
#2171 = ADVANCED_FACE('',(#2172),#2182,.T.);
#2172 = FACE_BOUND('',#2173,.T.);
#2173 = EDGE_LOOP('',(#2174,#2175,#2181));
#2174 = ORIENTED_EDGE('',*,*,#1933,.T.);
#2175 = ORIENTED_EDGE('',*,*,#2176,.T.);
#2176 = EDGE_CURVE('',#1926,#1948,#2177,.T.);
#2177 = LINE('',#2178,#2179);
#2178 = CARTESIAN_POINT('',(80.926940917969,-41.76344299316,
    223.29836237592));
#2179 = VECTOR('',#2180,1.);
#2180 = DIRECTION('',(0.931906140379,0.362699525122,0.));
#2181 = ORIENTED_EDGE('',*,*,#1947,.F.);
#2182 = PLANE('',#2183);
#2183 = AXIS2_PLACEMENT_3D('',#2184,#2185,#2186);
#2184 = CARTESIAN_POINT('',(80.799580173998,-41.78276485304,
    223.83091003706));
#2185 = DIRECTION('',(0.362192531544,-0.930603490677,5.285558848281E-02)
  );
#2186 = DIRECTION('',(-0.931906140379,-0.362699525122,7.140136315629E-19
    ));
#2187 = ADVANCED_FACE('',(#2188),#2198,.T.);
#2188 = FACE_BOUND('',#2189,.T.);
#2189 = EDGE_LOOP('',(#2190,#2191,#2197));
#2190 = ORIENTED_EDGE('',*,*,#1880,.T.);
#2191 = ORIENTED_EDGE('',*,*,#2192,.T.);
#2192 = EDGE_CURVE('',#1873,#1895,#2193,.T.);
#2193 = LINE('',#2194,#2195);
#2194 = CARTESIAN_POINT('',(74.714401245117,-41.95486068725,
    223.29837763471));
#2195 = VECTOR('',#2196,1.);
#2196 = DIRECTION('',(0.999732479514,2.312940561533E-02,0.));
#2197 = ORIENTED_EDGE('',*,*,#1894,.F.);
#2198 = PLANE('',#2199);
#2199 = AXIS2_PLACEMENT_3D('',#2200,#2201,#2202);
#2200 = CARTESIAN_POINT('',(77.344723218915,-41.89380500372,
    223.60426656287));
#2201 = DIRECTION('',(2.312940059374E-02,-0.999732262464,
    6.589516268546E-04));
#2202 = DIRECTION('',(-0.999732479514,-2.312940561533E-02,
    -3.08993650159E-21));
#2203 = ADVANCED_FACE('',(#2204),#2214,.T.);
#2204 = FACE_BOUND('',#2205,.T.);
#2205 = EDGE_LOOP('',(#2206,#2207,#2213));
#2206 = ORIENTED_EDGE('',*,*,#1827,.T.);
#2207 = ORIENTED_EDGE('',*,*,#2208,.T.);
#2208 = EDGE_CURVE('',#1820,#1842,#2209,.T.);
#2209 = LINE('',#2210,#2211);
#2210 = CARTESIAN_POINT('',(68.659530639648,-42.05911636352,
    223.29837763471));
#2211 = VECTOR('',#2212,1.);
#2212 = DIRECTION('',(0.999871801792,1.601186999024E-02,0.));
#2213 = ORIENTED_EDGE('',*,*,#1841,.F.);
#2214 = PLANE('',#2215);
#2215 = AXIS2_PLACEMENT_3D('',#2216,#2217,#2218);
#2216 = CARTESIAN_POINT('',(70.086456831849,-42.03594284139,
    223.6284246419));
#2217 = DIRECTION('',(1.601186233229E-02,-0.999871323586,
    9.780258326504E-04));
#2218 = DIRECTION('',(-0.999871801792,-1.601186999024E-02,
    2.015801561983E-21));
#2219 = ADVANCED_FACE('',(#2220),#2237,.T.);
#2220 = FACE_BOUND('',#2221,.T.);
#2221 = EDGE_LOOP('',(#2222,#2230,#2231));
#2222 = ORIENTED_EDGE('',*,*,#2223,.T.);
#2223 = EDGE_CURVE('',#2224,#1743,#2226,.T.);
#2224 = VERTEX_POINT('',#2225);
#2225 = CARTESIAN_POINT('',(55.486305236816,-42.16492080688,
    223.29837763471));
#2226 = LINE('',#2227,#2228);
#2227 = CARTESIAN_POINT('',(55.486305236816,-42.16492080688,
    223.29837763471));
#2228 = VECTOR('',#2229,1.);
#2229 = DIRECTION('',(0.999987010657,5.096912601864E-03,0.));
#2230 = ORIENTED_EDGE('',*,*,#1740,.F.);
#2231 = ORIENTED_EDGE('',*,*,#2232,.F.);
#2232 = EDGE_CURVE('',#2224,#1741,#2233,.T.);
#2233 = LINE('',#2234,#2235);
#2234 = CARTESIAN_POINT('',(55.486305236816,-42.16492080688,
    223.29837763471));
#2235 = VECTOR('',#2236,1.);
#2236 = DIRECTION('',(3.467911413585E-05,0.,0.999999999399));
#2237 = PLANE('',#2238);
#2238 = AXIS2_PLACEMENT_3D('',#2239,#2240,#2241);
#2239 = CARTESIAN_POINT('',(58.636106024558,-42.14886639153,
    223.59545792569));
#2240 = DIRECTION('',(5.096912601864E-03,-0.999987010657,
    -1.7675641396E-07));
#2241 = DIRECTION('',(-0.999987010657,-5.096912601864E-03,
    1.679827323495E-25));
#2242 = ADVANCED_FACE('',(#2243),#2258,.T.);
#2243 = FACE_BOUND('',#2244,.T.);
#2244 = EDGE_LOOP('',(#2245,#2251,#2252));
#2245 = ORIENTED_EDGE('',*,*,#2246,.T.);
#2246 = EDGE_CURVE('',#1696,#2224,#2247,.T.);
#2247 = LINE('',#2248,#2249);
#2248 = CARTESIAN_POINT('',(55.145881652832,-42.11164855957,
    224.39837610883));
#2249 = VECTOR('',#2250,1.);
#2250 = DIRECTION('',(0.295326519628,-4.621509240937E-02,-0.954277953239
    ));
#2251 = ORIENTED_EDGE('',*,*,#2232,.T.);
#2252 = ORIENTED_EDGE('',*,*,#2253,.F.);
#2253 = EDGE_CURVE('',#1696,#1741,#2254,.T.);
#2254 = LINE('',#2255,#2256);
#2255 = CARTESIAN_POINT('',(55.145881652832,-42.11164855957,
    224.39837610883));
#2256 = VECTOR('',#2257,1.);
#2257 = DIRECTION('',(0.987978769818,-0.154589619277,0.));
#2258 = PLANE('',#2259);
#2259 = AXIS2_PLACEMENT_3D('',#2260,#2261,#2262);
#2260 = CARTESIAN_POINT('',(55.388191351565,-42.14956548913,
    223.92134946822));
#2261 = DIRECTION('',(-0.154589619275,-0.987978769804,5.36103105428E-06)
  );
#2262 = DIRECTION('',(-0.987978769818,0.154589619277,-1.125808032447E-22
    ));
#2263 = ADVANCED_FACE('',(#2264),#2281,.T.);
#2264 = FACE_BOUND('',#2265,.T.);
#2265 = EDGE_LOOP('',(#2266,#2274,#2280));
#2266 = ORIENTED_EDGE('',*,*,#2267,.T.);
#2267 = EDGE_CURVE('',#1696,#2268,#2270,.T.);
#2268 = VERTEX_POINT('',#2269);
#2269 = CARTESIAN_POINT('',(55.202308654785,-42.12822723388,
    223.29837763471));
#2270 = LINE('',#2271,#2272);
#2271 = CARTESIAN_POINT('',(55.145881652832,-42.11164855957,
    224.39837610883));
#2272 = VECTOR('',#2273,1.);
#2273 = DIRECTION('',(5.122418397348E-02,-1.505004756279E-02,
    -0.99857377246));
#2274 = ORIENTED_EDGE('',*,*,#2275,.T.);
#2275 = EDGE_CURVE('',#2268,#2224,#2276,.T.);
#2276 = LINE('',#2277,#2278);
#2277 = CARTESIAN_POINT('',(55.202308654785,-42.12822723388,
    223.29837763471));
#2278 = VECTOR('',#2279,1.);
#2279 = DIRECTION('',(0.991756199949,-0.128139142587,0.));
#2280 = ORIENTED_EDGE('',*,*,#2246,.F.);
#2281 = PLANE('',#2282);
#2282 = AXIS2_PLACEMENT_3D('',#2283,#2284,#2285);
#2283 = CARTESIAN_POINT('',(55.257705603533,-42.13126415865,
    223.78638582207));
#2284 = DIRECTION('',(-0.128134649911,-0.991721428067,8.373804731945E-03
    ));
#2285 = DIRECTION('',(-0.991756199949,0.128139142587,-3.550457636719E-20
    ));
#2286 = ADVANCED_FACE('',(#2287),#2297,.T.);
#2287 = FACE_BOUND('',#2288,.T.);
#2288 = EDGE_LOOP('',(#2289,#2290,#2296));
#2289 = ORIENTED_EDGE('',*,*,#1726,.T.);
#2290 = ORIENTED_EDGE('',*,*,#2291,.T.);
#2291 = EDGE_CURVE('',#1719,#2268,#2292,.T.);
#2292 = LINE('',#2293,#2294);
#2293 = CARTESIAN_POINT('',(55.145889282227,-42.11165237426,
    223.29837763471));
#2294 = VECTOR('',#2295,1.);
#2295 = DIRECTION('',(0.95945325925,-0.281867776298,0.));
#2296 = ORIENTED_EDGE('',*,*,#2267,.F.);
#2297 = PLANE('',#2298);
#2298 = AXIS2_PLACEMENT_3D('',#2299,#2300,#2301);
#2299 = CARTESIAN_POINT('',(55.160367151705,-42.11590491049,
    223.83406861734));
#2300 = DIRECTION('',(-0.281867776297,-0.959453259249,1.37231395229E-06)
  );
#2301 = DIRECTION('',(-0.95945325925,0.281867776298,5.022031466821E-23)
  );
#2302 = ADVANCED_FACE('',(#2303),#2313,.T.);
#2303 = FACE_BOUND('',#2304,.T.);
#2304 = EDGE_LOOP('',(#2305,#2306,#2312));
#2305 = ORIENTED_EDGE('',*,*,#1673,.T.);
#2306 = ORIENTED_EDGE('',*,*,#2307,.T.);
#2307 = EDGE_CURVE('',#1666,#1688,#2308,.T.);
#2308 = LINE('',#2309,#2310);
#2309 = CARTESIAN_POINT('',(54.838645935059,-41.95567703247,
    223.29837763471));
#2310 = VECTOR('',#2311,1.);
#2311 = DIRECTION('',(0.839608054045,-0.543192705753,0.));
#2312 = ORIENTED_EDGE('',*,*,#1687,.F.);
#2313 = PLANE('',#2314);
#2314 = AXIS2_PLACEMENT_3D('',#2315,#2316,#2317);
#2315 = CARTESIAN_POINT('',(54.864281208702,-41.97226159691,
    223.82087475469));
#2316 = DIRECTION('',(-0.543192705753,-0.839608054045,6.8856062022E-07)
  );
#2317 = DIRECTION('',(-0.839608054045,0.543192705753,4.008212299214E-23)
  );
#2318 = ADVANCED_FACE('',(#2319),#2329,.T.);
#2319 = FACE_BOUND('',#2320,.T.);
#2320 = EDGE_LOOP('',(#2321,#2322,#2328));
#2321 = ORIENTED_EDGE('',*,*,#1620,.T.);
#2322 = ORIENTED_EDGE('',*,*,#2323,.T.);
#2323 = EDGE_CURVE('',#1613,#1635,#2324,.T.);
#2324 = LINE('',#2325,#2326);
#2325 = CARTESIAN_POINT('',(54.594734191895,-41.71230316162,
    223.29837763471));
#2326 = VECTOR('',#2327,1.);
#2327 = DIRECTION('',(0.650388973233,-0.759601331948,0.));
#2328 = ORIENTED_EDGE('',*,*,#1634,.F.);
#2329 = PLANE('',#2330);
#2330 = AXIS2_PLACEMENT_3D('',#2331,#2332,#2333);
#2331 = CARTESIAN_POINT('',(54.625100271688,-41.74776594581,
    223.80843275194));
#2332 = DIRECTION('',(-0.759601331944,-0.65038897323,2.96214481132E-06)
  );
#2333 = DIRECTION('',(0.650388973233,-0.759601331948,6.481340753414E-24)
  );
#2334 = ADVANCED_FACE('',(#2335),#2345,.T.);
#2335 = FACE_BOUND('',#2336,.T.);
#2336 = EDGE_LOOP('',(#2337,#2338,#2344));
#2337 = ORIENTED_EDGE('',*,*,#1567,.T.);
#2338 = ORIENTED_EDGE('',*,*,#2339,.T.);
#2339 = EDGE_CURVE('',#1560,#1582,#2340,.T.);
#2340 = LINE('',#2341,#2342);
#2341 = CARTESIAN_POINT('',(54.438079833984,-41.4054107666,
    223.29837763471));
#2342 = VECTOR('',#2343,1.);
#2343 = DIRECTION('',(0.407446518886,-0.913229069975,0.));
#2344 = ORIENTED_EDGE('',*,*,#1581,.F.);
#2345 = PLANE('',#2346);
#2346 = AXIS2_PLACEMENT_3D('',#2347,#2348,#2349);
#2347 = CARTESIAN_POINT('',(54.46396782624,-41.4634207373,
    223.79673190351));
#2348 = DIRECTION('',(-0.913229069915,-0.407446518859,1.14506249908E-05)
  );
#2349 = DIRECTION('',(0.407446518886,-0.913229069975,-1.724974219388E-22
    ));
#2350 = ADVANCED_FACE('',(#2351),#2361,.T.);
#2351 = FACE_BOUND('',#2352,.T.);
#2352 = EDGE_LOOP('',(#2353,#2354,#2360));
#2353 = ORIENTED_EDGE('',*,*,#2144,.F.);
#2354 = ORIENTED_EDGE('',*,*,#2355,.T.);
#2355 = EDGE_CURVE('',#2032,#1481,#2356,.T.);
#2356 = LINE('',#2357,#2358);
#2357 = CARTESIAN_POINT('',(81.414337158203,-41.39783096313,
    223.29837000531));
#2358 = VECTOR('',#2359,1.);
#2359 = DIRECTION('',(0.447614177555,0.894226787476,2.473006505831E-05)
  );
#2360 = ORIENTED_EDGE('',*,*,#2084,.F.);
#2361 = PLANE('',#2362);
#2362 = AXIS2_PLACEMENT_3D('',#2363,#2364,#2365);
#2363 = CARTESIAN_POINT('',(81.485416370934,-41.26081266716,
    223.2983742905));
#2364 = DIRECTION('',(1.98896133634E-04,-7.190420335295E-05,
    -0.999999977635));
#2365 = DIRECTION('',(0.99999998022,-1.55720827846E-22,
    1.988961341482E-04));
#2366 = ADVANCED_FACE('',(#2367),#2384,.T.);
#2367 = FACE_BOUND('',#2368,.T.);
#2368 = EDGE_LOOP('',(#2369,#2377,#2383));
#2369 = ORIENTED_EDGE('',*,*,#2370,.T.);
#2370 = EDGE_CURVE('',#2032,#2371,#2373,.T.);
#2371 = VERTEX_POINT('',#2372);
#2372 = CARTESIAN_POINT('',(81.397857666016,-41.36038589477,
    223.00782740277));
#2373 = LINE('',#2374,#2375);
#2374 = CARTESIAN_POINT('',(81.414337158203,-41.39783096313,
    223.29837000531));
#2375 = VECTOR('',#2376,1.);
#2376 = DIRECTION('',(-5.616564142869E-02,0.12762081858,-0.990231461522)
  );
#2377 = ORIENTED_EDGE('',*,*,#2378,.T.);
#2378 = EDGE_CURVE('',#2371,#1481,#2379,.T.);
#2379 = LINE('',#2380,#2381);
#2380 = CARTESIAN_POINT('',(81.397857666016,-41.36038589477,
    223.00782740277));
#2381 = VECTOR('',#2382,1.);
#2382 = DIRECTION('',(0.380343671057,0.586688560515,0.714937217417));
#2383 = ORIENTED_EDGE('',*,*,#2355,.F.);
#2384 = PLANE('',#2385);
#2385 = AXIS2_PLACEMENT_3D('',#2386,#2387,#2388);
#2386 = CARTESIAN_POINT('',(81.45757284655,-41.2870376055,
    223.19754900657));
#2387 = DIRECTION('',(0.889019194761,-0.445004484249,-0.107776993576));
#2388 = DIRECTION('',(0.447611780315,0.894227987777,4.210550568242E-17)
  );
#2389 = ADVANCED_FACE('',(#2390),#2407,.T.);
#2390 = FACE_BOUND('',#2391,.T.);
#2391 = EDGE_LOOP('',(#2392,#2400,#2406));
#2392 = ORIENTED_EDGE('',*,*,#2393,.T.);
#2393 = EDGE_CURVE('',#1481,#2394,#2396,.T.);
#2394 = VERTEX_POINT('',#2395);
#2395 = CARTESIAN_POINT('',(81.529090881348,-41.07542419433,
    223.00159418744));
#2396 = LINE('',#2397,#2398);
#2397 = CARTESIAN_POINT('',(81.552429199219,-41.12195587158,
    223.29837763471));
#2398 = VECTOR('',#2399,1.);
#2399 = DIRECTION('',(-7.745507027179E-02,0.154429053151,-0.984963136179
    ));
#2400 = ORIENTED_EDGE('',*,*,#2401,.T.);
#2401 = EDGE_CURVE('',#2394,#1435,#2402,.T.);
#2402 = LINE('',#2403,#2404);
#2403 = CARTESIAN_POINT('',(81.529090881348,-41.07542419433,
    223.00159418744));
#2404 = VECTOR('',#2405,1.);
#2405 = DIRECTION('',(0.195050503518,0.920186233622,0.339429810904));
#2406 = ORIENTED_EDGE('',*,*,#1480,.F.);
#2407 = PLANE('',#2408);
#2408 = AXIS2_PLACEMENT_3D('',#2409,#2410,#2411);
#2409 = CARTESIAN_POINT('',(81.556222362089,-41.00243807562,
    223.13877817172));
#2410 = DIRECTION('',(0.98006307511,-0.169510274473,-0.103646686652));
#2411 = DIRECTION('',(0.170428170153,0.985370102458,2.251817126366E-18)
  );
#2412 = ADVANCED_FACE('',(#2413),#2423,.T.);
#2413 = FACE_BOUND('',#2414,.T.);
#2414 = EDGE_LOOP('',(#2415,#2416,#2422));
#2415 = ORIENTED_EDGE('',*,*,#2378,.F.);
#2416 = ORIENTED_EDGE('',*,*,#2417,.T.);
#2417 = EDGE_CURVE('',#2371,#2394,#2418,.T.);
#2418 = LINE('',#2419,#2420);
#2419 = CARTESIAN_POINT('',(81.397857666016,-41.36038589477,
    223.00782740277));
#2420 = VECTOR('',#2421,1.);
#2421 = DIRECTION('',(0.418219842586,0.908128610575,-1.986428762238E-02)
  );
#2422 = ORIENTED_EDGE('',*,*,#2393,.F.);
#2423 = PLANE('',#2424);
#2424 = AXIS2_PLACEMENT_3D('',#2425,#2426,#2427);
#2425 = CARTESIAN_POINT('',(81.490913860743,-41.19199623067,
    223.10659959369));
#2426 = DIRECTION('',(0.898730550129,-0.416867332404,-0.136033177717));
#2427 = DIRECTION('',(0.42077877318,0.907163284112,4.439731569689E-18));
#2428 = ADVANCED_FACE('',(#2429),#2439,.T.);
#2429 = FACE_BOUND('',#2430,.T.);
#2430 = EDGE_LOOP('',(#2431,#2432,#2438));
#2431 = ORIENTED_EDGE('',*,*,#2160,.F.);
#2432 = ORIENTED_EDGE('',*,*,#2433,.T.);
#2433 = EDGE_CURVE('',#1979,#2032,#2434,.T.);
#2434 = LINE('',#2435,#2436);
#2435 = CARTESIAN_POINT('',(81.199066162109,-41.61863327026,
    223.29836237592));
#2436 = VECTOR('',#2437,1.);
#2437 = DIRECTION('',(0.698081427613,0.71601837952,2.474062332055E-05));
#2438 = ORIENTED_EDGE('',*,*,#2031,.F.);
#2439 = PLANE('',#2440);
#2440 = AXIS2_PLACEMENT_3D('',#2441,#2442,#2443);
#2441 = CARTESIAN_POINT('',(81.308851919019,-41.51032935758,
    223.29836714821));
#2442 = DIRECTION('',(2.455471557022E-04,-2.048429078615E-04,
    -0.999999948873));
#2443 = DIRECTION('',(0.999999969853,-9.691877148855E-22,
    2.455471608539E-04));
#2444 = ADVANCED_FACE('',(#2445),#2455,.T.);
#2445 = FACE_BOUND('',#2446,.T.);
#2446 = EDGE_LOOP('',(#2447,#2453,#2454));
#2447 = ORIENTED_EDGE('',*,*,#2448,.T.);
#2448 = EDGE_CURVE('',#1979,#2371,#2449,.T.);
#2449 = LINE('',#2450,#2451);
#2450 = CARTESIAN_POINT('',(81.199066162109,-41.61863327026,
    223.29836237592));
#2451 = VECTOR('',#2452,1.);
#2452 = DIRECTION('',(0.45531630188,0.591495298677,-0.665447501224));
#2453 = ORIENTED_EDGE('',*,*,#2370,.F.);
#2454 = ORIENTED_EDGE('',*,*,#2433,.F.);
#2455 = PLANE('',#2456);
#2456 = AXIS2_PLACEMENT_3D('',#2457,#2458,#2459);
#2457 = CARTESIAN_POINT('',(81.331322690788,-41.46387448008,
    223.19623803076));
#2458 = DIRECTION('',(0.709993055396,-0.692202569695,-0.129481519135));
#2459 = DIRECTION('',(0.698079114618,0.716020634992,1.730841290078E-18)
  );
#2460 = ADVANCED_FACE('',(#2461),#2478,.T.);
#2461 = FACE_BOUND('',#2462,.T.);
#2462 = EDGE_LOOP('',(#2463,#2471,#2477));
#2463 = ORIENTED_EDGE('',*,*,#2464,.T.);
#2464 = EDGE_CURVE('',#1948,#2465,#2467,.T.);
#2465 = VERTEX_POINT('',#2466);
#2466 = CARTESIAN_POINT('',(81.183807373047,-41.57929229736,
    222.98651850385));
#2467 = LINE('',#2468,#2469);
#2468 = CARTESIAN_POINT('',(80.997383117676,-41.73602676391,
    223.29836237592));
#2469 = VECTOR('',#2470,1.);
#2470 = DIRECTION('',(0.47114358007,0.396109602503,-0.788112244394));
#2471 = ORIENTED_EDGE('',*,*,#2472,.T.);
#2472 = EDGE_CURVE('',#2465,#1979,#2473,.T.);
#2473 = LINE('',#2474,#2475);
#2474 = CARTESIAN_POINT('',(81.183807373047,-41.57929229736,
    222.98651850385));
#2475 = VECTOR('',#2476,1.);
#2476 = DIRECTION('',(4.848896831467E-02,-0.125016682557,0.990969045447)
  );
#2477 = ORIENTED_EDGE('',*,*,#1978,.F.);
#2478 = PLANE('',#2479);
#2479 = AXIS2_PLACEMENT_3D('',#2480,#2481,#2482);
#2480 = CARTESIAN_POINT('',(81.126107258552,-41.64295120026,
    223.18099598788));
#2481 = DIRECTION('',(0.498622378004,-0.856637587738,-0.132467986426));
#2482 = DIRECTION('',(-0.864254012638,-0.503055664553,
    -1.768215699607E-18));
#2483 = ADVANCED_FACE('',(#2484),#2494,.T.);
#2484 = FACE_BOUND('',#2485,.T.);
#2485 = EDGE_LOOP('',(#2486,#2487,#2493));
#2486 = ORIENTED_EDGE('',*,*,#2472,.F.);
#2487 = ORIENTED_EDGE('',*,*,#2488,.T.);
#2488 = EDGE_CURVE('',#2465,#2371,#2489,.T.);
#2489 = LINE('',#2490,#2491);
#2490 = CARTESIAN_POINT('',(81.183807373047,-41.57929229736,
    222.98651850385));
#2491 = VECTOR('',#2492,1.);
#2492 = DIRECTION('',(0.697444599904,0.713267364654,6.943123636769E-02)
  );
#2493 = ORIENTED_EDGE('',*,*,#2448,.F.);
#2494 = PLANE('',#2495);
#2495 = AXIS2_PLACEMENT_3D('',#2496,#2497,#2498);
#2496 = CARTESIAN_POINT('',(81.264422002143,-41.51635379795,
    223.10470461207));
#2497 = DIRECTION('',(0.715570691239,-0.687841600215,-0.121788828937));
#2498 = DIRECTION('',(0.693000270486,0.720937323979,-2.980812683273E-18)
  );
#2499 = ADVANCED_FACE('',(#2500),#2510,.T.);
#2500 = FACE_BOUND('',#2501,.T.);
#2501 = EDGE_LOOP('',(#2502,#2508,#2509));
#2502 = ORIENTED_EDGE('',*,*,#2503,.T.);
#2503 = EDGE_CURVE('',#1926,#2465,#2504,.T.);
#2504 = LINE('',#2505,#2506);
#2505 = CARTESIAN_POINT('',(80.926940917969,-41.76344299316,
    223.29836237592));
#2506 = VECTOR('',#2507,1.);
#2507 = DIRECTION('',(0.578524449628,0.414751236803,-0.702346689857));
#2508 = ORIENTED_EDGE('',*,*,#2464,.F.);
#2509 = ORIENTED_EDGE('',*,*,#2176,.F.);
#2510 = PLANE('',#2511);
#2511 = AXIS2_PLACEMENT_3D('',#2512,#2513,#2514);
#2512 = CARTESIAN_POINT('',(81.062902579417,-41.67191353501,
    223.15531746474));
#2513 = DIRECTION('',(0.351741168297,-0.903750161928,-0.243954494403));
#2514 = DIRECTION('',(-0.931906140379,-0.362699525122,
    -1.089305599899E-17));
#2515 = ADVANCED_FACE('',(#2516),#2533,.T.);
#2516 = FACE_BOUND('',#2517,.T.);
#2517 = EDGE_LOOP('',(#2518,#2526,#2532));
#2518 = ORIENTED_EDGE('',*,*,#2519,.T.);
#2519 = EDGE_CURVE('',#1895,#2520,#2522,.T.);
#2520 = VERTEX_POINT('',#2521);
#2521 = CARTESIAN_POINT('',(80.62109375,-41.80262756347,223.09775507611)
  );
#2522 = LINE('',#2523,#2524);
#2523 = CARTESIAN_POINT('',(80.625999450684,-41.81809234619,
    223.29837763471));
#2524 = VECTOR('',#2525,1.);
#2525 = DIRECTION('',(-2.437282068956E-02,7.683313769477E-02,
    -0.996746023099));
#2526 = ORIENTED_EDGE('',*,*,#2527,.T.);
#2527 = EDGE_CURVE('',#2520,#1926,#2528,.T.);
#2528 = LINE('',#2529,#2530);
#2529 = CARTESIAN_POINT('',(80.62109375,-41.80262756347,223.09775507611)
  );
#2530 = VECTOR('',#2531,1.);
#2531 = DIRECTION('',(0.831422030749,0.106520244211,0.545335533739));
#2532 = ORIENTED_EDGE('',*,*,#1925,.F.);
#2533 = PLANE('',#2534);
#2534 = AXIS2_PLACEMENT_3D('',#2535,#2536,#2537);
#2535 = CARTESIAN_POINT('',(80.740261788543,-41.79202372128,
    223.23312504708));
#2536 = DIRECTION('',(0.178096554322,-0.980759248447,-7.995569976538E-02
    ));
#2537 = DIRECTION('',(-0.983909314824,-0.178668576425,1.751080424825E-18
    ));
#2538 = ADVANCED_FACE('',(#2539),#2556,.T.);
#2539 = FACE_BOUND('',#2540,.T.);
#2540 = EDGE_LOOP('',(#2541,#2549,#2555));
#2541 = ORIENTED_EDGE('',*,*,#2542,.T.);
#2542 = EDGE_CURVE('',#2520,#2543,#2545,.T.);
#2543 = VERTEX_POINT('',#2544);
#2544 = CARTESIAN_POINT('',(80.915390014649,-41.72846221923,
    222.99919092816));
#2545 = LINE('',#2546,#2547);
#2546 = CARTESIAN_POINT('',(80.62109375,-41.80262756347,223.09775507611)
  );
#2547 = VECTOR('',#2548,1.);
#2548 = DIRECTION('',(0.922265766411,0.232419389104,-0.308880371138));
#2549 = ORIENTED_EDGE('',*,*,#2550,.T.);
#2550 = EDGE_CURVE('',#2543,#1926,#2551,.T.);
#2551 = LINE('',#2552,#2553);
#2552 = CARTESIAN_POINT('',(80.915390014648,-41.72846221923,
    222.99919092816));
#2553 = VECTOR('',#2554,1.);
#2554 = DIRECTION('',(3.832022670052E-02,-0.116049035285,0.992503995778)
  );
#2555 = ORIENTED_EDGE('',*,*,#2527,.F.);
#2556 = PLANE('',#2557);
#2557 = AXIS2_PLACEMENT_3D('',#2558,#2559,#2560);
#2558 = CARTESIAN_POINT('',(80.817028631635,-41.76607939308,
    223.13473555977));
#2559 = DIRECTION('',(0.204118310743,-0.971382064912,-0.121460278226));
#2560 = DIRECTION('',(-0.978627536486,-0.205640815092,
    -3.372084690642E-17));
#2561 = ADVANCED_FACE('',(#2562),#2572,.T.);
#2562 = FACE_BOUND('',#2563,.T.);
#2563 = EDGE_LOOP('',(#2564,#2565,#2571));
#2564 = ORIENTED_EDGE('',*,*,#2550,.F.);
#2565 = ORIENTED_EDGE('',*,*,#2566,.T.);
#2566 = EDGE_CURVE('',#2543,#2465,#2567,.T.);
#2567 = LINE('',#2568,#2569);
#2568 = CARTESIAN_POINT('',(80.915390014648,-41.72846221923,
    222.99919092816));
#2569 = VECTOR('',#2570,1.);
#2570 = DIRECTION('',(0.873345966483,0.485352178292,-4.123209738867E-02)
  );
#2571 = ORIENTED_EDGE('',*,*,#2503,.F.);
#2572 = PLANE('',#2573);
#2573 = AXIS2_PLACEMENT_3D('',#2574,#2575,#2576);
#2574 = CARTESIAN_POINT('',(81.015261486316,-41.68761671891,
    223.10058515804));
#2575 = DIRECTION('',(0.477902074088,-0.870151074746,-0.120194486978));
#2576 = DIRECTION('',(-0.876505419959,-0.481391990776,
    -1.113389249392E-17));
#2577 = ADVANCED_FACE('',(#2578),#2595,.T.);
#2578 = FACE_BOUND('',#2579,.T.);
#2579 = EDGE_LOOP('',(#2580,#2588,#2594));
#2580 = ORIENTED_EDGE('',*,*,#2581,.T.);
#2581 = EDGE_CURVE('',#1873,#2582,#2584,.T.);
#2582 = VERTEX_POINT('',#2583);
#2583 = CARTESIAN_POINT('',(72.245399475098,-41.95747756958,
    222.96191370648));
#2584 = LINE('',#2585,#2586);
#2585 = CARTESIAN_POINT('',(74.714401245117,-41.95486068725,
    223.29837763471));
#2586 = VECTOR('',#2587,1.);
#2587 = DIRECTION('',(-0.990841337121,-1.050187655879E-03,
    -0.135027188956));
#2588 = ORIENTED_EDGE('',*,*,#2589,.T.);
#2589 = EDGE_CURVE('',#2582,#1895,#2590,.T.);
#2590 = LINE('',#2591,#2592);
#2591 = CARTESIAN_POINT('',(72.245399475098,-41.95747756958,
    222.96191370648));
#2592 = VECTOR('',#2593,1.);
#2593 = DIRECTION('',(0.999057096347,1.661620850034E-02,
    4.011009666787E-02));
#2594 = ORIENTED_EDGE('',*,*,#2192,.F.);
#2595 = PLANE('',#2596);
#2596 = AXIS2_PLACEMENT_3D('',#2597,#2598,#2599);
#2597 = CARTESIAN_POINT('',(76.43179892589,-41.897471093,223.18938198954
    ));
#2598 = DIRECTION('',(2.283192759022E-02,-0.986874455897,-0.159867167923
    ));
#2599 = DIRECTION('',(3.960934240191E-19,-0.159908853353,0.987131783816)
  );
#2600 = ADVANCED_FACE('',(#2601),#2611,.T.);
#2601 = FACE_BOUND('',#2602,.T.);
#2602 = EDGE_LOOP('',(#2603,#2604,#2610));
#2603 = ORIENTED_EDGE('',*,*,#2589,.F.);
#2604 = ORIENTED_EDGE('',*,*,#2605,.T.);
#2605 = EDGE_CURVE('',#2582,#2520,#2606,.T.);
#2606 = LINE('',#2607,#2608);
#2607 = CARTESIAN_POINT('',(72.245399475098,-41.95747756958,
    222.96191370648));
#2608 = VECTOR('',#2609,1.);
#2609 = DIRECTION('',(0.999697713469,1.848243165897E-02,
    1.621361789904E-02));
#2610 = ORIENTED_EDGE('',*,*,#2519,.F.);
#2611 = PLANE('',#2612);
#2612 = AXIS2_PLACEMENT_3D('',#2613,#2614,#2615);
#2613 = CARTESIAN_POINT('',(76.484165294789,-41.88304853785,
    223.08142106706));
#2614 = DIRECTION('',(1.968308981047E-02,-0.99681205193,
    -7.731952601195E-02));
#2615 = DIRECTION('',(-1.727550350802E-19,-7.733450808637E-02,
    0.997005202524));
#2616 = ADVANCED_FACE('',(#2617),#2634,.T.);
#2617 = FACE_BOUND('',#2618,.T.);
#2618 = EDGE_LOOP('',(#2619,#2627,#2633));
#2619 = ORIENTED_EDGE('',*,*,#2620,.T.);
#2620 = EDGE_CURVE('',#2224,#2621,#2623,.T.);
#2621 = VERTEX_POINT('',#2622);
#2622 = CARTESIAN_POINT('',(55.48893737793,-42.15330123901,
    223.12226069135));
#2623 = LINE('',#2624,#2625);
#2624 = CARTESIAN_POINT('',(55.486305236816,-42.16492080688,
    223.29837763471));
#2625 = VECTOR('',#2626,1.);
#2626 = DIRECTION('',(1.491133664242E-02,6.582598755478E-02,
    -0.997719695807));
#2627 = ORIENTED_EDGE('',*,*,#2628,.T.);
#2628 = EDGE_CURVE('',#2621,#1743,#2629,.T.);
#2629 = LINE('',#2630,#2631);
#2630 = CARTESIAN_POINT('',(55.48893737793,-42.15330123901,
    223.12226069135));
#2631 = VECTOR('',#2632,1.);
#2632 = DIRECTION('',(0.999659305845,3.389734034976E-03,
    2.588014567997E-02));
#2633 = ORIENTED_EDGE('',*,*,#2223,.F.);
#2634 = PLANE('',#2635);
#2635 = AXIS2_PLACEMENT_3D('',#2636,#2637,#2638);
#2636 = CARTESIAN_POINT('',(58.846112241867,-42.1448573394,
    223.2537859671));
#2637 = DIRECTION('',(5.085881258055E-03,-0.997822719961,
    -6.575677410618E-02));
#2638 = DIRECTION('',(-4.243558284394E-20,-6.575762456122E-02,
    0.997835625147));
#2639 = ADVANCED_FACE('',(#2640),#2657,.T.);
#2640 = FACE_BOUND('',#2641,.T.);
#2641 = EDGE_LOOP('',(#2642,#2650,#2656));
#2642 = ORIENTED_EDGE('',*,*,#2643,.T.);
#2643 = EDGE_CURVE('',#2224,#2644,#2646,.T.);
#2644 = VERTEX_POINT('',#2645);
#2645 = CARTESIAN_POINT('',(55.242408752441,-42.10884857177,
    223.03148615521));
#2646 = LINE('',#2647,#2648);
#2647 = CARTESIAN_POINT('',(55.486305236816,-42.16492080688,
    223.29837763471));
#2648 = VECTOR('',#2649,1.);
#2649 = DIRECTION('',(-0.666621123941,0.153257380831,-0.729471351279));
#2650 = ORIENTED_EDGE('',*,*,#2651,.T.);
#2651 = EDGE_CURVE('',#2644,#2621,#2652,.T.);
#2652 = LINE('',#2653,#2654);
#2653 = CARTESIAN_POINT('',(55.242408752441,-42.10884857177,
    223.03148615521));
#2654 = VECTOR('',#2655,1.);
#2655 = DIRECTION('',(0.925254841673,-0.166836794325,0.340688952008));
#2656 = ORIENTED_EDGE('',*,*,#2620,.F.);
#2657 = PLANE('',#2658);
#2658 = AXIS2_PLACEMENT_3D('',#2659,#2660,#2661);
#2659 = CARTESIAN_POINT('',(55.391691689848,-42.13982151016,
    223.14582917084));
#2660 = DIRECTION('',(-0.152984383722,-0.985931953987,
    -6.733468975509E-02));
#2661 = DIRECTION('',(-0.988174671409,0.153332380093,-2.805731176333E-18
    ));
#2662 = ADVANCED_FACE('',(#2663),#2673,.T.);
#2663 = FACE_BOUND('',#2664,.T.);
#2664 = EDGE_LOOP('',(#2665,#2671,#2672));
#2665 = ORIENTED_EDGE('',*,*,#2666,.T.);
#2666 = EDGE_CURVE('',#2268,#2644,#2667,.T.);
#2667 = LINE('',#2668,#2669);
#2668 = CARTESIAN_POINT('',(55.202308654785,-42.12822723388,
    223.29837763471));
#2669 = VECTOR('',#2670,1.);
#2670 = DIRECTION('',(0.148199434708,7.161844827968E-02,-0.986360849496)
  );
#2671 = ORIENTED_EDGE('',*,*,#2643,.F.);
#2672 = ORIENTED_EDGE('',*,*,#2275,.F.);
#2673 = PLANE('',#2674);
#2674 = AXIS2_PLACEMENT_3D('',#2675,#2676,#2677);
#2675 = CARTESIAN_POINT('',(55.316499140419,-42.1345118258,223.206341501
    ));
#2676 = DIRECTION('',(-0.127608822469,-0.98765169094,-9.088523428858E-02
    ));
#2677 = DIRECTION('',(-0.991756199949,0.128139142587,-1.007465683162E-18
    ));
#2678 = ADVANCED_FACE('',(#2679),#2689,.T.);
#2679 = FACE_BOUND('',#2680,.T.);
#2680 = EDGE_LOOP('',(#2681,#2687,#2688));
#2681 = ORIENTED_EDGE('',*,*,#2682,.T.);
#2682 = EDGE_CURVE('',#1842,#2582,#2683,.T.);
#2683 = LINE('',#2684,#2685);
#2684 = CARTESIAN_POINT('',(72.271766662598,-42.00127029418,
    223.29837763471));
#2685 = VECTOR('',#2686,1.);
#2686 = DIRECTION('',(-7.747652627885E-02,0.128679184271,-0.98865517518)
  );
#2687 = ORIENTED_EDGE('',*,*,#2581,.F.);
#2688 = ORIENTED_EDGE('',*,*,#1872,.F.);
#2689 = PLANE('',#2690);
#2690 = AXIS2_PLACEMENT_3D('',#2691,#2692,#2693);
#2691 = CARTESIAN_POINT('',(73.407214133392,-41.96780685946,
    223.208057697));
#2692 = DIRECTION('',(1.883394738842E-02,-0.991270003259,-0.130495452277
    ));
#2693 = DIRECTION('',(1.411641096387E-19,-0.130518602952,0.99144586049)
  );
#2694 = ADVANCED_FACE('',(#2695),#2712,.T.);
#2695 = FACE_BOUND('',#2696,.T.);
#2696 = EDGE_LOOP('',(#2697,#2705,#2711));
#2697 = ORIENTED_EDGE('',*,*,#2698,.T.);
#2698 = EDGE_CURVE('',#1820,#2699,#2701,.T.);
#2699 = VERTEX_POINT('',#2700);
#2700 = CARTESIAN_POINT('',(63.857513427734,-42.07188034057,
    222.96191370648));
#2701 = LINE('',#2702,#2703);
#2702 = CARTESIAN_POINT('',(68.659530639648,-42.05911636352,
    223.29837763471));
#2703 = VECTOR('',#2704,1.);
#2704 = DIRECTION('',(-0.997550788167,-2.651534720775E-03,
    -6.989559636635E-02));
#2705 = ORIENTED_EDGE('',*,*,#2706,.T.);
#2706 = EDGE_CURVE('',#2699,#1842,#2707,.T.);
#2707 = LINE('',#2708,#2709);
#2708 = CARTESIAN_POINT('',(63.857513427734,-42.07188034057,
    222.96191370648));
#2709 = VECTOR('',#2710,1.);
#2710 = DIRECTION('',(0.999166337961,8.384722862764E-03,
    3.995404246037E-02));
#2711 = ORIENTED_EDGE('',*,*,#2208,.F.);
#2712 = PLANE('',#2713);
#2713 = AXIS2_PLACEMENT_3D('',#2714,#2715,#2716);
#2714 = CARTESIAN_POINT('',(68.063442131546,-42.04347080796,
    223.16621994691));
#2715 = DIRECTION('',(1.572874592708E-02,-0.982191932587,-0.187220763038
    ));
#2716 = DIRECTION('',(-1.439308102606E-19,-0.187243925931,0.982313449059
    ));
#2717 = ADVANCED_FACE('',(#2718),#2728,.T.);
#2718 = FACE_BOUND('',#2719,.T.);
#2719 = EDGE_LOOP('',(#2720,#2726,#2727));
#2720 = ORIENTED_EDGE('',*,*,#2721,.T.);
#2721 = EDGE_CURVE('',#2699,#2582,#2722,.T.);
#2722 = LINE('',#2723,#2724);
#2723 = CARTESIAN_POINT('',(63.857513427734,-42.07188034057,
    222.96191370648));
#2724 = VECTOR('',#2725,1.);
#2725 = DIRECTION('',(0.999907001175,1.363777846133E-02,0.));
#2726 = ORIENTED_EDGE('',*,*,#2682,.F.);
#2727 = ORIENTED_EDGE('',*,*,#2706,.F.);
#2728 = PLANE('',#2729);
#2729 = AXIS2_PLACEMENT_3D('',#2730,#2731,#2732);
#2730 = CARTESIAN_POINT('',(68.141414969532,-42.02473011674,
    223.04785879005));
#2731 = DIRECTION('',(1.352187420782E-02,-0.991409028072,-0.130097263518
    ));
#2732 = DIRECTION('',(1.344271454535E-19,-0.130109158711,0.991499675653)
  );
#2733 = ADVANCED_FACE('',(#2734),#2744,.T.);
#2734 = FACE_BOUND('',#2735,.T.);
#2735 = EDGE_LOOP('',(#2736,#2742,#2743));
#2736 = ORIENTED_EDGE('',*,*,#2737,.T.);
#2737 = EDGE_CURVE('',#1774,#2699,#2738,.T.);
#2738 = LINE('',#2739,#2740);
#2739 = CARTESIAN_POINT('',(63.895698547363,-42.11594390869,
    223.29837763471));
#2740 = VECTOR('',#2741,1.);
#2741 = DIRECTION('',(-0.111822857217,0.129037544826,-0.985314650571));
#2742 = ORIENTED_EDGE('',*,*,#2698,.F.);
#2743 = ORIENTED_EDGE('',*,*,#1819,.F.);
#2744 = PLANE('',#2745);
#2745 = AXIS2_PLACEMENT_3D('',#2746,#2747,#2748);
#2746 = CARTESIAN_POINT('',(66.185694127063,-42.0770580458,
    223.2109450384));
#2747 = DIRECTION('',(1.182505993E-02,-0.99129040016,-0.13116215349));
#2748 = DIRECTION('',(1.031581650781E-19,-0.131171324788,0.99135971451)
  );
#2749 = ADVANCED_FACE('',(#2750),#2760,.T.);
#2750 = FACE_BOUND('',#2751,.T.);
#2751 = EDGE_LOOP('',(#2752,#2753,#2759));
#2752 = ORIENTED_EDGE('',*,*,#2628,.F.);
#2753 = ORIENTED_EDGE('',*,*,#2754,.T.);
#2754 = EDGE_CURVE('',#2621,#1774,#2755,.T.);
#2755 = LINE('',#2756,#2757);
#2756 = CARTESIAN_POINT('',(55.48893737793,-42.15330123901,
    223.12226069135));
#2757 = VECTOR('',#2758,1.);
#2758 = DIRECTION('',(0.999770765973,4.44270581717E-03,
    2.094463822803E-02));
#2759 = ORIENTED_EDGE('',*,*,#1773,.F.);
#2760 = PLANE('',#2761);
#2761 = AXIS2_PLACEMENT_3D('',#2762,#2763,#2764);
#2762 = CARTESIAN_POINT('',(59.692220276299,-42.1364136079,
    223.21871796985));
#2763 = DIRECTION('',(8.712935454201E-03,-0.977993278743,-0.208454387073
    ));
#2764 = DIRECTION('',(2.434438280916E-20,-0.208462299957,0.978030403156)
  );
#2765 = ADVANCED_FACE('',(#2766),#2776,.T.);
#2766 = FACE_BOUND('',#2767,.T.);
#2767 = EDGE_LOOP('',(#2768,#2774,#2775));
#2768 = ORIENTED_EDGE('',*,*,#2769,.T.);
#2769 = EDGE_CURVE('',#2621,#2699,#2770,.T.);
#2770 = LINE('',#2771,#2772);
#2771 = CARTESIAN_POINT('',(55.48893737793,-42.15330123901,
    223.12226069135));
#2772 = VECTOR('',#2773,1.);
#2773 = DIRECTION('',(0.999769185301,9.727115439099E-03,
    -1.915618301945E-02));
#2774 = ORIENTED_EDGE('',*,*,#2737,.F.);
#2775 = ORIENTED_EDGE('',*,*,#2754,.F.);
#2776 = PLANE('',#2777);
#2777 = AXIS2_PLACEMENT_3D('',#2778,#2779,#2780);
#2778 = CARTESIAN_POINT('',(59.766440660109,-42.12303897853,
    223.12646940167));
#2779 = DIRECTION('',(7.142474371552E-03,-0.991403414674,-0.130645529709
    ));
#2780 = DIRECTION('',(-2.52519870115E-20,-0.130648862273,0.991428703834)
  );
#2781 = ADVANCED_FACE('',(#2782),#2799,.T.);
#2782 = FACE_BOUND('',#2783,.T.);
#2783 = EDGE_LOOP('',(#2784,#2792,#2793));
#2784 = ORIENTED_EDGE('',*,*,#2785,.T.);
#2785 = EDGE_CURVE('',#2786,#1506,#2788,.T.);
#2786 = VERTEX_POINT('',#2787);
#2787 = CARTESIAN_POINT('',(54.396041870117,-41.06299209594,
    223.12223780316));
#2788 = LINE('',#2789,#2790);
#2789 = CARTESIAN_POINT('',(54.396041870117,-41.06299209594,
    223.12223780316));
#2790 = VECTOR('',#2791,1.);
#2791 = DIRECTION('',(7.580672449531E-02,-0.849877862269,0.521498762939)
  );
#2792 = ORIENTED_EDGE('',*,*,#1535,.F.);
#2793 = ORIENTED_EDGE('',*,*,#2794,.F.);
#2794 = EDGE_CURVE('',#2786,#1536,#2795,.T.);
#2795 = LINE('',#2796,#2797);
#2796 = CARTESIAN_POINT('',(54.396041870117,-41.06299209594,
    223.12223780316));
#2797 = VECTOR('',#2798,1.);
#2798 = DIRECTION('',(-6.788509246886E-02,-1.196955481469E-02,
    0.997621342984));
#2799 = PLANE('',#2800);
#2800 = AXIS2_PLACEMENT_3D('',#2801,#2802,#2803);
#2801 = CARTESIAN_POINT('',(54.402556489148,-41.17552164077,
    223.24187962233));
#2802 = DIRECTION('',(-0.989056292399,-0.130479425735,
    -6.886777131233E-02));
#2803 = DIRECTION('',(0.130789947672,-0.991410101617,1.683625439262E-18)
  );
#2804 = ADVANCED_FACE('',(#2805),#2827,.T.);
#2805 = FACE_BOUND('',#2806,.T.);
#2806 = EDGE_LOOP('',(#2807,#2815,#2821));
#2807 = ORIENTED_EDGE('',*,*,#2808,.T.);
#2808 = EDGE_CURVE('',#786,#2809,#2811,.T.);
#2809 = VERTEX_POINT('',#2810);
#2810 = CARTESIAN_POINT('',(54.396041870117,41.062808990479,
    223.12226069135));
#2811 = LINE('',#2812,#2813);
#2812 = CARTESIAN_POINT('',(54.384056091309,41.064994812012,
    223.29837763471));
#2813 = VECTOR('',#2814,1.);
#2814 = DIRECTION('',(6.789353348719E-02,-1.238160238325E-02,
    -0.997615739668));
#2815 = ORIENTED_EDGE('',*,*,#2816,.T.);
#2816 = EDGE_CURVE('',#2809,#1536,#2817,.T.);
#2817 = LINE('',#2818,#2819);
#2818 = CARTESIAN_POINT('',(54.396041870117,41.062808990479,
    223.12226069135));
#2819 = VECTOR('',#2820,1.);
#2820 = DIRECTION('',(-1.459400400684E-04,-0.999997690085,
    2.144417495187E-03));
#2821 = ORIENTED_EDGE('',*,*,#2822,.F.);
#2822 = EDGE_CURVE('',#786,#1536,#2823,.T.);
#2823 = LINE('',#2824,#2825);
#2824 = CARTESIAN_POINT('',(54.384056091309,41.064994812012,
    223.29837763471));
#2825 = VECTOR('',#2826,1.);
#2826 = DIRECTION('',(0.,-1.,0.));
#2827 = PLANE('',#2828);
#2828 = AXIS2_PLACEMENT_3D('',#2829,#2830,#2831);
#2829 = CARTESIAN_POINT('',(54.387055716632,4.34852681605E-02,
    223.25430166337));
#2830 = DIRECTION('',(-0.997692217742,0.,-6.789873826339E-02));
#2831 = DIRECTION('',(-6.789873826339E-02,0.,0.997692217742));
#2832 = ADVANCED_FACE('',(#2833),#2843,.T.);
#2833 = FACE_BOUND('',#2834,.T.);
#2834 = EDGE_LOOP('',(#2835,#2841,#2842));
#2835 = ORIENTED_EDGE('',*,*,#2836,.T.);
#2836 = EDGE_CURVE('',#2809,#2786,#2837,.T.);
#2837 = LINE('',#2838,#2839);
#2838 = CARTESIAN_POINT('',(54.396041870117,41.062808990479,
    223.12226069135));
#2839 = VECTOR('',#2840,1.);
#2840 = DIRECTION('',(0.,-1.,-2.7869662507E-07));
#2841 = ORIENTED_EDGE('',*,*,#2794,.T.);
#2842 = ORIENTED_EDGE('',*,*,#2816,.F.);
#2843 = PLANE('',#2844);
#2844 = AXIS2_PLACEMENT_3D('',#2845,#2846,#2847);
#2845 = CARTESIAN_POINT('',(54.393042165966,-4.471240050169E-02,
    223.16633209285));
#2846 = DIRECTION('',(-0.997692815406,1.892070154E-08,
    -6.788995572232E-02));
#2847 = DIRECTION('',(-6.788995572232E-02,2.544829416097E-27,
    0.997692815406));
#2848 = ADVANCED_FACE('',(#2849),#2866,.T.);
#2849 = FACE_BOUND('',#2850,.T.);
#2850 = EDGE_LOOP('',(#2851,#2859,#2865));
#2851 = ORIENTED_EDGE('',*,*,#2852,.T.);
#2852 = EDGE_CURVE('',#786,#2853,#2855,.T.);
#2853 = VERTEX_POINT('',#2854);
#2854 = CARTESIAN_POINT('',(54.448989868164,41.341541290283,
    223.03115809125));
#2855 = LINE('',#2856,#2857);
#2856 = CARTESIAN_POINT('',(54.384056091309,41.064994812012,
    223.29837763471));
#2857 = VECTOR('',#2858,1.);
#2858 = DIRECTION('',(0.166496516494,0.709092055179,-0.685176887582));
#2859 = ORIENTED_EDGE('',*,*,#2860,.T.);
#2860 = EDGE_CURVE('',#2853,#2809,#2861,.T.);
#2861 = LINE('',#2862,#2863);
#2862 = CARTESIAN_POINT('',(54.448989868164,41.341541290283,
    223.03115809125));
#2863 = VECTOR('',#2864,1.);
#2864 = DIRECTION('',(-0.177686980894,-0.935391377519,0.305729141045));
#2865 = ORIENTED_EDGE('',*,*,#2808,.F.);
#2866 = PLANE('',#2867);
#2867 = AXIS2_PLACEMENT_3D('',#2868,#2869,#2870);
#2868 = CARTESIAN_POINT('',(54.413182556608,41.174432425189,
    223.1437174811));
#2869 = DIRECTION('',(-0.98398320152,0.164363231643,-6.900570418704E-02)
  );
#2870 = DIRECTION('',(-0.164755966157,-0.986334360963,
    -9.481558859834E-19));
#2871 = ADVANCED_FACE('',(#2872),#2882,.T.);
#2872 = FACE_BOUND('',#2873,.T.);
#2873 = EDGE_LOOP('',(#2874,#2880,#2881));
#2874 = ORIENTED_EDGE('',*,*,#2875,.T.);
#2875 = EDGE_CURVE('',#764,#2853,#2876,.T.);
#2876 = LINE('',#2877,#2878);
#2877 = CARTESIAN_POINT('',(54.421325683594,41.348831176758,
    223.29837763471));
#2878 = VECTOR('',#2879,1.);
#2879 = DIRECTION('',(0.10293780376,-2.712550234225E-02,-0.994317864508)
  );
#2880 = ORIENTED_EDGE('',*,*,#2852,.F.);
#2881 = ORIENTED_EDGE('',*,*,#816,.F.);
#2882 = PLANE('',#2883);
#2883 = AXIS2_PLACEMENT_3D('',#2884,#2885,#2886);
#2884 = CARTESIAN_POINT('',(54.417632253982,41.244731161788,
    223.20524196196));
#2885 = DIRECTION('',(-0.985945166426,0.129461122436,-0.105602777329));
#2886 = DIRECTION('',(-0.130189088567,-0.991489183611,
    -4.123897001789E-19));
#2887 = ADVANCED_FACE('',(#2888),#2905,.T.);
#2888 = FACE_BOUND('',#2889,.T.);
#2889 = EDGE_LOOP('',(#2890,#2891,#2899));
#2890 = ORIENTED_EDGE('',*,*,#2401,.F.);
#2891 = ORIENTED_EDGE('',*,*,#2892,.T.);
#2892 = EDGE_CURVE('',#2394,#2893,#2895,.T.);
#2893 = VERTEX_POINT('',#2894);
#2894 = CARTESIAN_POINT('',(81.538055419922,-40.80407714843,
    222.90187037152));
#2895 = LINE('',#2896,#2897);
#2896 = CARTESIAN_POINT('',(81.529090881348,-41.07542419433,
    223.00159418744));
#2897 = VECTOR('',#2898,1.);
#2898 = DIRECTION('',(3.099441827298E-02,0.938168068338,-0.344789822337)
  );
#2899 = ORIENTED_EDGE('',*,*,#2900,.F.);
#2900 = EDGE_CURVE('',#1435,#2893,#2901,.T.);
#2901 = LINE('',#2902,#2903);
#2902 = CARTESIAN_POINT('',(81.584449768066,-40.81425857543,
    223.09793055219));
#2903 = VECTOR('',#2904,1.);
#2904 = DIRECTION('',(-0.229980419202,5.047013146273E-02,-0.971885678778
    ));
#2905 = PLANE('',#2906);
#2906 = AXIS2_PLACEMENT_3D('',#2907,#2908,#2909);
#2907 = CARTESIAN_POINT('',(81.54927772717,-40.90761530814,
    223.00018441171));
#2908 = DIRECTION('',(0.964930561881,-0.118047665811,-0.23446483605));
#2909 = DIRECTION('',(-0.236115774124,1.079053661391E-18,-0.971724930837
    ));
#2910 = ADVANCED_FACE('',(#2911),#2928,.T.);
#2911 = FACE_BOUND('',#2912,.T.);
#2912 = EDGE_LOOP('',(#2913,#2914,#2922));
#2913 = ORIENTED_EDGE('',*,*,#2892,.F.);
#2914 = ORIENTED_EDGE('',*,*,#2915,.T.);
#2915 = EDGE_CURVE('',#2394,#2916,#2918,.T.);
#2916 = VERTEX_POINT('',#2917);
#2917 = CARTESIAN_POINT('',(81.465698242188,-40.94895172119,
    222.75210535687));
#2918 = LINE('',#2919,#2920);
#2919 = CARTESIAN_POINT('',(81.529090881348,-41.07542419433,
    223.00159418744));
#2920 = VECTOR('',#2921,1.);
#2921 = DIRECTION('',(-0.221028462597,0.440966280475,-0.869882266865));
#2922 = ORIENTED_EDGE('',*,*,#2923,.F.);
#2923 = EDGE_CURVE('',#2893,#2916,#2924,.T.);
#2924 = LINE('',#2925,#2926);
#2925 = CARTESIAN_POINT('',(81.538055419922,-40.80407714843,
    222.90187037152));
#2926 = VECTOR('',#2927,1.);
#2927 = DIRECTION('',(-0.32803743176,-0.656801222237,-0.678972457344));
#2928 = PLANE('',#2929);
#2929 = AXIS2_PLACEMENT_3D('',#2930,#2931,#2932);
#2930 = CARTESIAN_POINT('',(81.511771206729,-40.94832090192,
    222.89023138467));
#2931 = DIRECTION('',(0.938677311022,-0.14583610432,-0.312436771921));
#2932 = DIRECTION('',(-0.315813205408,3.032770469428E-19,-0.948821384292
    ));
#2933 = ADVANCED_FACE('',(#2934),#2960,.T.);
#2934 = FACE_BOUND('',#2935,.T.);
#2935 = EDGE_LOOP('',(#2936,#2946,#2954));
#2936 = ORIENTED_EDGE('',*,*,#2937,.T.);
#2937 = EDGE_CURVE('',#2938,#2940,#2942,.T.);
#2938 = VERTEX_POINT('',#2939);
#2939 = CARTESIAN_POINT('',(55.684051513672,40.864643096924,
    221.99837458295));
#2940 = VERTEX_POINT('',#2941);
#2941 = CARTESIAN_POINT('',(55.653388977051,41.06547164917,
    222.01397669476));
#2942 = LINE('',#2943,#2944);
#2943 = CARTESIAN_POINT('',(55.684051513672,40.864643096924,
    221.99837458295));
#2944 = VECTOR('',#2945,1.);
#2945 = DIRECTION('',(-0.150487965051,0.985641877094,7.657324919872E-02)
  );
#2946 = ORIENTED_EDGE('',*,*,#2947,.T.);
#2947 = EDGE_CURVE('',#2940,#2948,#2950,.T.);
#2948 = VERTEX_POINT('',#2949);
#2949 = CARTESIAN_POINT('',(63.805061340332,40.818157196045,
    221.99837458295));
#2950 = LINE('',#2951,#2952);
#2951 = CARTESIAN_POINT('',(55.653388977051,41.06547164917,
    222.01397669476));
#2952 = VECTOR('',#2953,1.);
#2953 = DIRECTION('',(0.999538257671,-3.032509729991E-02,
    -1.913093039805E-03));
#2954 = ORIENTED_EDGE('',*,*,#2955,.F.);
#2955 = EDGE_CURVE('',#2938,#2948,#2956,.T.);
#2956 = LINE('',#2957,#2958);
#2957 = CARTESIAN_POINT('',(55.684051513672,40.864643096924,
    221.99837458295));
#2958 = VECTOR('',#2959,1.);
#2959 = DIRECTION('',(0.99998361744,-5.724058991808E-03,0.));
#2960 = PLANE('',#2961);
#2961 = AXIS2_PLACEMENT_3D('',#2962,#2963,#2964);
#2962 = CARTESIAN_POINT('',(59.686578148492,40.892619862205,
    222.00233145186));
#2963 = DIRECTION('',(4.437515517585E-04,7.752266051193E-02,
    -0.996990491525));
#2964 = DIRECTION('',(3.280453470361E-21,0.996990589687,
    7.752266814464E-02));
#2965 = ADVANCED_FACE('',(#2966),#2983,.T.);
#2966 = FACE_BOUND('',#2967,.T.);
#2967 = EDGE_LOOP('',(#2968,#2969,#2977));
#2968 = ORIENTED_EDGE('',*,*,#2947,.F.);
#2969 = ORIENTED_EDGE('',*,*,#2970,.T.);
#2970 = EDGE_CURVE('',#2940,#2971,#2973,.T.);
#2971 = VERTEX_POINT('',#2972);
#2972 = CARTESIAN_POINT('',(55.64762878418,41.103664398193,
    222.02052271527));
#2973 = LINE('',#2974,#2975);
#2974 = CARTESIAN_POINT('',(55.653388977051,41.06547164917,
    222.01397669476));
#2975 = VECTOR('',#2976,1.);
#2976 = DIRECTION('',(-0.147035761359,0.974915260081,0.167094944696));
#2977 = ORIENTED_EDGE('',*,*,#2978,.F.);
#2978 = EDGE_CURVE('',#2948,#2971,#2979,.T.);
#2979 = LINE('',#2980,#2981);
#2980 = CARTESIAN_POINT('',(63.805061340332,40.818157196045,
    221.99837458295));
#2981 = VECTOR('',#2982,1.);
#2982 = DIRECTION('',(-0.999384395676,3.497809399173E-02,
    2.713414752231E-03));
#2983 = PLANE('',#2984);
#2984 = AXIS2_PLACEMENT_3D('',#2985,#2986,#2987);
#2985 = CARTESIAN_POINT('',(59.718019348569,40.951685736453,
    222.00783544937));
#2986 = DIRECTION('',(3.253347859239E-03,0.169406776623,-0.985540846318)
  );
#2987 = DIRECTION('',(2.818656462919E-20,0.985546061976,0.169407673154)
  );
#2988 = ADVANCED_FACE('',(#2989),#3015,.T.);
#2989 = FACE_BOUND('',#2990,.T.);
#2990 = EDGE_LOOP('',(#2991,#3001,#3009));
#2991 = ORIENTED_EDGE('',*,*,#2992,.T.);
#2992 = EDGE_CURVE('',#2993,#2995,#2997,.T.);
#2993 = VERTEX_POINT('',#2994);
#2994 = CARTESIAN_POINT('',(67.778053283691,-40.7710609436,
    221.99837458295));
#2995 = VERTEX_POINT('',#2996);
#2996 = CARTESIAN_POINT('',(72.229064941406,-41.03838348388,
    222.0426708476));
#2997 = LINE('',#2998,#2999);
#2998 = CARTESIAN_POINT('',(67.778053283691,-40.7710609436,
    221.99837458295));
#2999 = VECTOR('',#3000,1.);
#3000 = DIRECTION('',(0.998152082784,-5.994784351917E-02,
    9.933563921751E-03));
#3001 = ORIENTED_EDGE('',*,*,#3002,.T.);
#3002 = EDGE_CURVE('',#2995,#3003,#3005,.T.);
#3003 = VERTEX_POINT('',#3004);
#3004 = CARTESIAN_POINT('',(63.798316955566,-40.81815338134,
    221.99837458295));
#3005 = LINE('',#3006,#3007);
#3006 = CARTESIAN_POINT('',(72.229064941406,-41.03838348388,
    222.0426708476));
#3007 = VECTOR('',#3008,1.);
#3008 = DIRECTION('',(-0.999645200001,2.611298134741E-02,
    -5.25226805595E-03));
#3009 = ORIENTED_EDGE('',*,*,#3010,.F.);
#3010 = EDGE_CURVE('',#2993,#3003,#3011,.T.);
#3011 = LINE('',#3012,#3013);
#3012 = CARTESIAN_POINT('',(67.778053283691,-40.7710609436,
    221.99837458295));
#3013 = VECTOR('',#3014,1.);
#3014 = DIRECTION('',(-0.999929996759,-1.183222636839E-02,-0.));
#3015 = PLANE('',#3016);
#3016 = AXIS2_PLACEMENT_3D('',#3017,#3018,#3019);
#3017 = CARTESIAN_POINT('',(68.014625998785,-40.89051746339,
    222.01529840069));
#3018 = DIRECTION('',(1.622568566939E-03,-0.13712169894,-0.990552879432)
  );
#3019 = DIRECTION('',(-4.55822549808E-20,0.990554183363,-0.137121879443)
  );
#3020 = ADVANCED_FACE('',(#3021),#3038,.T.);
#3021 = FACE_BOUND('',#3022,.T.);
#3022 = EDGE_LOOP('',(#3023,#3024,#3032));
#3023 = ORIENTED_EDGE('',*,*,#3002,.F.);
#3024 = ORIENTED_EDGE('',*,*,#3025,.T.);
#3025 = EDGE_CURVE('',#2995,#3026,#3028,.T.);
#3026 = VERTEX_POINT('',#3027);
#3027 = CARTESIAN_POINT('',(63.848670959473,-41.15268325805,
    222.0426708476));
#3028 = LINE('',#3029,#3030);
#3029 = CARTESIAN_POINT('',(72.229064941406,-41.03838348388,
    222.0426708476));
#3030 = VECTOR('',#3031,1.);
#3031 = DIRECTION('',(-0.999907002496,-1.363768157233E-02,-0.));
#3032 = ORIENTED_EDGE('',*,*,#3033,.F.);
#3033 = EDGE_CURVE('',#3003,#3026,#3034,.T.);
#3034 = LINE('',#3035,#3036);
#3035 = CARTESIAN_POINT('',(63.798316955566,-40.81815338134,
    221.99837458295));
#3036 = VECTOR('',#3037,1.);
#3037 = DIRECTION('',(0.147585176394,-0.980491063933,0.129830232446));
#3038 = PLANE('',#3039);
#3039 = AXIS2_PLACEMENT_3D('',#3040,#3041,#3042);
#3040 = CARTESIAN_POINT('',(67.942659421838,-41.01111798582,
    222.03134261843));
#3041 = DIRECTION('',(1.786745750923E-03,-0.131003175177,-0.991380338535
    ));
#3042 = DIRECTION('',(-1.224628928072E-20,0.99138192101,-0.131003384289)
  );
#3043 = ADVANCED_FACE('',(#3044),#3068,.T.);
#3044 = FACE_BOUND('',#3045,.T.);
#3045 = EDGE_LOOP('',(#3046,#3056,#3062));
#3046 = ORIENTED_EDGE('',*,*,#3047,.T.);
#3047 = EDGE_CURVE('',#3048,#3050,#3052,.T.);
#3048 = VERTEX_POINT('',#3049);
#3049 = CARTESIAN_POINT('',(55.684051513672,-40.86487960815,
    221.99837458295));
#3050 = VERTEX_POINT('',#3051);
#3051 = CARTESIAN_POINT('',(55.483406066895,-40.89581298828,
    222.01395380658));
#3052 = LINE('',#3053,#3054);
#3053 = CARTESIAN_POINT('',(55.684051513672,-40.86487960815,
    221.99837458295));
#3054 = VECTOR('',#3055,1.);
#3055 = DIRECTION('',(-0.985426380393,-0.151922554443,7.65139613203E-02)
  );
#3056 = ORIENTED_EDGE('',*,*,#3057,.T.);
#3057 = EDGE_CURVE('',#3050,#2938,#3058,.T.);
#3058 = LINE('',#3059,#3060);
#3059 = CARTESIAN_POINT('',(55.483406066895,-40.89581298828,
    222.01395380658));
#3060 = VECTOR('',#3061,1.);
#3061 = DIRECTION('',(2.454057236931E-03,0.999996970643,
    -1.905465940839E-04));
#3062 = ORIENTED_EDGE('',*,*,#3063,.F.);
#3063 = EDGE_CURVE('',#3048,#2938,#3064,.T.);
#3064 = LINE('',#3065,#3066);
#3065 = CARTESIAN_POINT('',(55.684051513672,-40.86487960815,
    221.99837458295));
#3066 = VECTOR('',#3067,1.);
#3067 = DIRECTION('',(0.,1.,0.));
#3068 = PLANE('',#3069);
#3069 = AXIS2_PLACEMENT_3D('',#3070,#3071,#3072);
#3070 = CARTESIAN_POINT('',(55.633818203143,-5.86928857061E-02,
    222.00227497536));
#3071 = DIRECTION('',(-7.741253501975E-02,0.,-0.996999147152));
#3072 = DIRECTION('',(0.996999147152,0.,-7.741253501975E-02));
#3073 = ADVANCED_FACE('',(#3074),#3091,.T.);
#3074 = FACE_BOUND('',#3075,.T.);
#3075 = EDGE_LOOP('',(#3076,#3084,#3085));
#3076 = ORIENTED_EDGE('',*,*,#3077,.T.);
#3077 = EDGE_CURVE('',#3078,#3050,#3080,.T.);
#3078 = VERTEX_POINT('',#3079);
#3079 = CARTESIAN_POINT('',(55.653381347656,-41.06558227539,
    222.01395380658));
#3080 = LINE('',#3081,#3082);
#3081 = CARTESIAN_POINT('',(55.653381347656,-41.06558227539,
    222.01395380658));
#3082 = VECTOR('',#3083,1.);
#3083 = DIRECTION('',(-0.707535383547,0.706677918878,0.));
#3084 = ORIENTED_EDGE('',*,*,#3047,.F.);
#3085 = ORIENTED_EDGE('',*,*,#3086,.F.);
#3086 = EDGE_CURVE('',#3078,#3048,#3087,.T.);
#3087 = LINE('',#3088,#3089);
#3088 = CARTESIAN_POINT('',(55.653381347656,-41.06558227539,
    222.01395380658));
#3089 = VECTOR('',#3090,1.);
#3090 = DIRECTION('',(0.1506175741,0.98562716743,-7.650773291364E-02));
#3091 = PLANE('',#3092);
#3092 = AXIS2_PLACEMENT_3D('',#3093,#3094,#3095);
#3093 = CARTESIAN_POINT('',(55.60476726292,-40.94427586492,
    222.00905439834));
#3094 = DIRECTION('',(-6.696041921115E-02,-6.704166724812E-02,
    -0.995500736871));
#3095 = DIRECTION('',(-3.280062023358E-19,0.997740032136,
    -6.71924718457E-02));
#3096 = ADVANCED_FACE('',(#3097),#3112,.T.);
#3097 = FACE_BOUND('',#3098,.T.);
#3098 = EDGE_LOOP('',(#3099,#3100,#3106));
#3099 = ORIENTED_EDGE('',*,*,#3033,.T.);
#3100 = ORIENTED_EDGE('',*,*,#3101,.T.);
#3101 = EDGE_CURVE('',#3026,#3048,#3102,.T.);
#3102 = LINE('',#3103,#3104);
#3103 = CARTESIAN_POINT('',(63.848670959473,-41.15268325805,
    222.0426708476));
#3104 = VECTOR('',#3105,1.);
#3105 = DIRECTION('',(-0.999364603898,3.522770197611E-02,
    -5.421945170673E-03));
#3106 = ORIENTED_EDGE('',*,*,#3107,.F.);
#3107 = EDGE_CURVE('',#3003,#3048,#3108,.T.);
#3108 = LINE('',#3109,#3110);
#3109 = CARTESIAN_POINT('',(63.798316955566,-40.81815338134,
    221.99837458295));
#3110 = VECTOR('',#3111,1.);
#3111 = DIRECTION('',(-0.999983420089,-5.758432777992E-03,-0.));
#3112 = PLANE('',#3113);
#3113 = AXIS2_PLACEMENT_3D('',#3114,#3115,#3116);
#3114 = CARTESIAN_POINT('',(59.837333428718,-40.92666454783,
    222.00971281946));
#3115 = DIRECTION('',(7.552651630528E-04,-0.131155935988,-0.991361462853
    ));
#3116 = DIRECTION('',(3.598187064209E-21,0.991361745602,-0.131155973396)
  );
#3117 = ADVANCED_FACE('',(#3118),#3128,.T.);
#3118 = FACE_BOUND('',#3119,.T.);
#3119 = EDGE_LOOP('',(#3120,#3121,#3127));
#3120 = ORIENTED_EDGE('',*,*,#3101,.F.);
#3121 = ORIENTED_EDGE('',*,*,#3122,.T.);
#3122 = EDGE_CURVE('',#3026,#3078,#3123,.T.);
#3123 = LINE('',#3124,#3125);
#3124 = CARTESIAN_POINT('',(63.848670959473,-41.15268325805,
    222.0426708476));
#3125 = VECTOR('',#3126,1.);
#3126 = DIRECTION('',(-0.999937387488,1.062751082392E-02,
    -3.503871654292E-03));
#3127 = ORIENTED_EDGE('',*,*,#3086,.T.);
#3128 = PLANE('',#3129);
#3129 = AXIS2_PLACEMENT_3D('',#3130,#3131,#3132);
#3130 = CARTESIAN_POINT('',(59.708417474066,-41.05788395356,
    222.02419930487));
#3131 = DIRECTION('',(2.66663592837E-03,-7.77953738286E-02,
    -0.99696578119));
#3132 = DIRECTION('',(-3.655018610618E-20,0.996969325894,
    -7.779565042947E-02));
#3133 = ADVANCED_FACE('',(#3134),#3151,.T.);
#3134 = FACE_BOUND('',#3135,.T.);
#3135 = EDGE_LOOP('',(#3136,#3144,#3145));
#3136 = ORIENTED_EDGE('',*,*,#3137,.T.);
#3137 = EDGE_CURVE('',#3138,#2995,#3140,.T.);
#3138 = VERTEX_POINT('',#3139);
#3139 = CARTESIAN_POINT('',(72.173751831055,-40.70141983032,
    221.99837458295));
#3140 = LINE('',#3141,#3142);
#3141 = CARTESIAN_POINT('',(72.173751831055,-40.70141983032,
    221.99837458295));
#3142 = VECTOR('',#3143,1.);
#3143 = DIRECTION('',(0.1606377543,-0.978594120731,0.12864314503));
#3144 = ORIENTED_EDGE('',*,*,#2992,.F.);
#3145 = ORIENTED_EDGE('',*,*,#3146,.F.);
#3146 = EDGE_CURVE('',#3138,#2993,#3147,.T.);
#3147 = LINE('',#3148,#3149);
#3148 = CARTESIAN_POINT('',(72.173751831055,-40.70141983032,
    221.99837458295));
#3149 = VECTOR('',#3150,1.);
#3150 = DIRECTION('',(-0.999874523076,-1.584102598899E-02,-0.));
#3151 = PLANE('',#3152);
#3152 = AXIS2_PLACEMENT_3D('',#3153,#3154,#3155);
#3153 = CARTESIAN_POINT('',(70.072604909772,-40.82290791527,
    222.00993896962));
#3154 = DIRECTION('',(2.059641329508E-03,-0.130003125649,-0.991511444815
    ));
#3155 = DIRECTION('',(1.840992355637E-20,0.991513547878,-0.130003401394)
  );
#3156 = ADVANCED_FACE('',(#3157),#3174,.T.);
#3157 = FACE_BOUND('',#3158,.T.);
#3158 = EDGE_LOOP('',(#3159,#3167,#3168));
#3159 = ORIENTED_EDGE('',*,*,#3160,.T.);
#3160 = EDGE_CURVE('',#3161,#2995,#3163,.T.);
#3161 = VERTEX_POINT('',#3162);
#3162 = CARTESIAN_POINT('',(80.351394653321,-40.73052978515,
    222.01491511029));
#3163 = LINE('',#3164,#3165);
#3164 = CARTESIAN_POINT('',(80.35139465332,-40.73052978515,
    222.01491511029));
#3165 = VECTOR('',#3166,1.);
#3166 = DIRECTION('',(-0.999276660706,-3.787472645961E-02,
    3.414742010361E-03));
#3167 = ORIENTED_EDGE('',*,*,#3137,.F.);
#3168 = ORIENTED_EDGE('',*,*,#3169,.F.);
#3169 = EDGE_CURVE('',#3161,#3138,#3170,.T.);
#3170 = LINE('',#3171,#3172);
#3171 = CARTESIAN_POINT('',(80.35139465332,-40.73052978515,
    222.01491511029));
#3172 = VECTOR('',#3173,1.);
#3173 = DIRECTION('',(-0.999991618812,3.559670126303E-03,
    -2.022635259815E-03));
#3174 = PLANE('',#3175);
#3175 = AXIS2_PLACEMENT_3D('',#3176,#3177,#3178);
#3176 = CARTESIAN_POINT('',(76.192087796576,-40.80140640302,
    222.01774397277));
#3177 = DIRECTION('',(1.542392867616E-03,-0.130086715073,-0.991501420869
    ));
#3178 = DIRECTION('',(-4.159162088433E-20,0.99150260025,-0.13008686981)
  );
#3179 = ADVANCED_FACE('',(#3180),#3197,.T.);
#3180 = FACE_BOUND('',#3181,.T.);
#3181 = EDGE_LOOP('',(#3182,#3190,#3191));
#3182 = ORIENTED_EDGE('',*,*,#3183,.T.);
#3183 = EDGE_CURVE('',#3184,#3161,#3186,.T.);
#3184 = VERTEX_POINT('',#3185);
#3185 = CARTESIAN_POINT('',(80.299995422364,-40.52611541748,
    221.99837458295));
#3186 = LINE('',#3187,#3188);
#3187 = CARTESIAN_POINT('',(80.299995422363,-40.52611541748,
    221.99837458295));
#3188 = VECTOR('',#3189,1.);
#3189 = DIRECTION('',(0.243108106664,-0.966839172014,7.823339398074E-02)
  );
#3190 = ORIENTED_EDGE('',*,*,#3169,.T.);
#3191 = ORIENTED_EDGE('',*,*,#3192,.F.);
#3192 = EDGE_CURVE('',#3184,#3138,#3193,.T.);
#3193 = LINE('',#3194,#3195);
#3194 = CARTESIAN_POINT('',(80.299995422363,-40.52611541748,
    221.99837458295));
#3195 = VECTOR('',#3196,1.);
#3196 = DIRECTION('',(-0.999767392091,-2.156760792112E-02,-0.));
#3197 = PLANE('',#3198);
#3198 = AXIS2_PLACEMENT_3D('',#3199,#3200,#3201);
#3199 = CARTESIAN_POINT('',(76.301935511081,-40.66455677296,
    222.00257505728));
#3200 = DIRECTION('',(1.730569143993E-03,-8.022060704414E-02,
    -0.996775631391));
#3201 = DIRECTION('',(-2.684519551101E-20,0.996777124001,
    -8.022072716954E-02));
#3202 = ADVANCED_FACE('',(#3203),#3220,.T.);
#3203 = FACE_BOUND('',#3204,.T.);
#3204 = EDGE_LOOP('',(#3205,#3213,#3214));
#3205 = ORIENTED_EDGE('',*,*,#3206,.T.);
#3206 = EDGE_CURVE('',#3207,#3161,#3209,.T.);
#3207 = VERTEX_POINT('',#3208);
#3208 = CARTESIAN_POINT('',(80.504508972168,-40.57257461547,
    222.01456415814));
#3209 = LINE('',#3210,#3211);
#3210 = CARTESIAN_POINT('',(80.504508972168,-40.57257461547,
    222.01456415814));
#3211 = VECTOR('',#3212,1.);
#3212 = DIRECTION('',(-0.696017654368,-0.718022896368,1.595336693454E-03
    ));
#3213 = ORIENTED_EDGE('',*,*,#3183,.F.);
#3214 = ORIENTED_EDGE('',*,*,#3215,.F.);
#3215 = EDGE_CURVE('',#3207,#3184,#3216,.T.);
#3216 = LINE('',#3217,#3218);
#3217 = CARTESIAN_POINT('',(80.504508972168,-40.57257461547,
    222.01456415814));
#3218 = VECTOR('',#3219,1.);
#3219 = DIRECTION('',(-0.972262095035,0.220868090268,-7.696561089545E-02
    ));
#3220 = PLANE('',#3221);
#3221 = AXIS2_PLACEMENT_3D('',#3222,#3223,#3224);
#3222 = CARTESIAN_POINT('',(80.385840190804,-40.61039907747,
    222.00936211072));
#3223 = DIRECTION('',(6.419449812255E-02,-6.443976617521E-02,
    -0.995854699716));
#3224 = DIRECTION('',(-8.970735745727E-20,0.997912989001,
    -6.457295395882E-02));
#3225 = ADVANCED_FACE('',(#3226),#3250,.T.);
#3226 = FACE_BOUND('',#3227,.T.);
#3227 = EDGE_LOOP('',(#3228,#3238,#3244));
#3228 = ORIENTED_EDGE('',*,*,#3229,.T.);
#3229 = EDGE_CURVE('',#3230,#3232,#3234,.T.);
#3230 = VERTEX_POINT('',#3231);
#3231 = CARTESIAN_POINT('',(80.299995422364,40.526126861572,
    221.99837458295));
#3232 = VERTEX_POINT('',#3233);
#3233 = CARTESIAN_POINT('',(80.504531860352,40.57251739502,
    222.01456415814));
#3234 = LINE('',#3235,#3236);
#3235 = CARTESIAN_POINT('',(80.299995422363,40.526126861572,
    221.99837458295));
#3236 = VECTOR('',#3237,1.);
#3237 = DIRECTION('',(0.972338086859,0.220534213777,7.696301317895E-02)
  );
#3238 = ORIENTED_EDGE('',*,*,#3239,.T.);
#3239 = EDGE_CURVE('',#3232,#3184,#3240,.T.);
#3240 = LINE('',#3241,#3242);
#3241 = CARTESIAN_POINT('',(80.504531860352,40.57251739502,
    222.01456415814));
#3242 = VECTOR('',#3243,1.);
#3243 = DIRECTION('',(-2.522062041135E-03,-0.999996799671,
    -1.996275747431E-04));
#3244 = ORIENTED_EDGE('',*,*,#3245,.F.);
#3245 = EDGE_CURVE('',#3230,#3184,#3246,.T.);
#3246 = LINE('',#3247,#3248);
#3247 = CARTESIAN_POINT('',(80.299995422363,40.526126861572,
    221.99837458295));
#3248 = VECTOR('',#3249,1.);
#3249 = DIRECTION('',(0.,-1.,0.));
#3250 = PLANE('',#3251);
#3251 = AXIS2_PLACEMENT_3D('',#3252,#3253,#3254);
#3252 = CARTESIAN_POINT('',(80.351210473095,6.412728639891E-02,
    222.00242838345));
#3253 = DIRECTION('',(7.890573232857E-02,0.,-0.996882081997));
#3254 = DIRECTION('',(0.996882081997,0.,7.890573232857E-02));
#3255 = ADVANCED_FACE('',(#3256),#3266,.T.);
#3256 = FACE_BOUND('',#3257,.T.);
#3257 = EDGE_LOOP('',(#3258,#3259,#3265));
#3258 = ORIENTED_EDGE('',*,*,#3239,.F.);
#3259 = ORIENTED_EDGE('',*,*,#3260,.T.);
#3260 = EDGE_CURVE('',#3232,#3207,#3261,.T.);
#3261 = LINE('',#3262,#3263);
#3262 = CARTESIAN_POINT('',(80.504531860352,40.57251739502,
    222.01456415814));
#3263 = VECTOR('',#3264,1.);
#3264 = DIRECTION('',(-2.8206491639E-07,-1.,-0.));
#3265 = ORIENTED_EDGE('',*,*,#3215,.T.);
#3266 = PLANE('',#3267);
#3267 = AXIS2_PLACEMENT_3D('',#3268,#3269,#3270);
#3268 = CARTESIAN_POINT('',(80.453340352403,-4.09359811695E-02,
    222.01051267474));
#3269 = DIRECTION('',(7.891450306723E-02,-2.225901271E-08,
    -0.996881387732));
#3270 = DIRECTION('',(0.996881387732,-2.206132452179E-25,
    7.891450306723E-02));
#3271 = ADVANCED_FACE('',(#3272),#3289,.T.);
#3272 = FACE_BOUND('',#3273,.T.);
#3273 = EDGE_LOOP('',(#3274,#3282,#3288));
#3274 = ORIENTED_EDGE('',*,*,#3275,.T.);
#3275 = EDGE_CURVE('',#3230,#3276,#3278,.T.);
#3276 = VERTEX_POINT('',#3277);
#3277 = CARTESIAN_POINT('',(80.351112365723,40.731010437012,
    222.01499140424));
#3278 = LINE('',#3279,#3280);
#3279 = CARTESIAN_POINT('',(80.299995422363,40.526126861572,
    221.99837458295));
#3280 = VECTOR('',#3281,1.);
#3281 = DIRECTION('',(0.241326244341,0.967268004277,7.844903883207E-02)
  );
#3282 = ORIENTED_EDGE('',*,*,#3283,.T.);
#3283 = EDGE_CURVE('',#3276,#3232,#3284,.T.);
#3284 = LINE('',#3285,#3286);
#3285 = CARTESIAN_POINT('',(80.351112365723,40.731010437012,
    222.01499140424));
#3286 = VECTOR('',#3287,1.);
#3287 = DIRECTION('',(0.695511723959,-0.718512136532,-1.936876848262E-03
    ));
#3288 = ORIENTED_EDGE('',*,*,#3229,.F.);
#3289 = PLANE('',#3290);
#3290 = AXIS2_PLACEMENT_3D('',#3291,#3292,#3293);
#3291 = CARTESIAN_POINT('',(80.385755704799,40.61059390572,
    222.0093910967));
#3292 = DIRECTION('',(6.413376861033E-02,6.476522831152E-02,
    -0.995837499257));
#3293 = DIRECTION('',(-8.000921906487E-19,0.997891848466,
    6.489883484442E-02));
#3294 = ADVANCED_FACE('',(#3295),#3312,.T.);
#3295 = FACE_BOUND('',#3296,.T.);
#3296 = EDGE_LOOP('',(#3297,#3305,#3306));
#3297 = ORIENTED_EDGE('',*,*,#3298,.T.);
#3298 = EDGE_CURVE('',#3299,#3276,#3301,.T.);
#3299 = VERTEX_POINT('',#3300);
#3300 = CARTESIAN_POINT('',(72.237449645996,41.038192749023,
    222.0426708476));
#3301 = LINE('',#3302,#3303);
#3302 = CARTESIAN_POINT('',(72.237449645996,41.038192749023,
    222.0426708476));
#3303 = VECTOR('',#3304,1.);
#3304 = DIRECTION('',(0.999278277717,-3.783255753852E-02,
    -3.408998801623E-03));
#3305 = ORIENTED_EDGE('',*,*,#3275,.F.);
#3306 = ORIENTED_EDGE('',*,*,#3307,.F.);
#3307 = EDGE_CURVE('',#3299,#3230,#3308,.T.);
#3308 = LINE('',#3309,#3310);
#3309 = CARTESIAN_POINT('',(72.237449645996,41.038192749023,
    222.0426708476));
#3310 = VECTOR('',#3311,1.);
#3311 = DIRECTION('',(0.997974212716,-6.33830262875E-02,
    -5.482949314638E-03));
#3312 = PLANE('',#3313);
#3313 = AXIS2_PLACEMENT_3D('',#3314,#3315,#3316);
#3314 = CARTESIAN_POINT('',(76.333732352769,40.830863827175,
    222.02445494291));
#3315 = DIRECTION('',(-3.365861851536E-04,8.092171391954E-02,
    -0.996720403587));
#3316 = DIRECTION('',(-5.113567651444E-22,0.996720460046,
    8.092171850337E-02));
#3317 = ADVANCED_FACE('',(#3318),#3335,.T.);
#3318 = FACE_BOUND('',#3319,.T.);
#3319 = EDGE_LOOP('',(#3320,#3328,#3329));
#3320 = ORIENTED_EDGE('',*,*,#3321,.T.);
#3321 = EDGE_CURVE('',#3322,#3299,#3324,.T.);
#3322 = VERTEX_POINT('',#3323);
#3323 = CARTESIAN_POINT('',(72.180244445801,40.701396942139,
    221.99837458295));
#3324 = LINE('',#3325,#3326);
#3325 = CARTESIAN_POINT('',(72.180244445801,40.701396942139,
    221.99837458295));
#3326 = VECTOR('',#3327,1.);
#3327 = DIRECTION('',(0.166062794013,0.977695253443,0.128589034681));
#3328 = ORIENTED_EDGE('',*,*,#3307,.T.);
#3329 = ORIENTED_EDGE('',*,*,#3330,.F.);
#3330 = EDGE_CURVE('',#3322,#3230,#3331,.T.);
#3331 = LINE('',#3332,#3333);
#3332 = CARTESIAN_POINT('',(72.180244445801,40.701396942139,
    221.99837458295));
#3333 = VECTOR('',#3334,1.);
#3334 = DIRECTION('',(0.999767111297,-2.158062022474E-02,0.));
#3335 = PLANE('',#3336);
#3336 = AXIS2_PLACEMENT_3D('',#3337,#3338,#3339);
#3337 = CARTESIAN_POINT('',(76.170152575721,40.701321100398,
    222.00965061828));
#3338 = DIRECTION('',(2.804640652656E-03,0.129930810808,-0.991519096333)
  );
#3339 = DIRECTION('',(-5.974335182139E-20,0.991522996006,0.129931321829)
  );
#3340 = ADVANCED_FACE('',(#3341),#3358,.T.);
#3341 = FACE_BOUND('',#3342,.T.);
#3342 = EDGE_LOOP('',(#3343,#3351,#3352));
#3343 = ORIENTED_EDGE('',*,*,#3344,.T.);
#3344 = EDGE_CURVE('',#3345,#3299,#3347,.T.);
#3345 = VERTEX_POINT('',#3346);
#3346 = CARTESIAN_POINT('',(63.857078552246,41.152690887451,
    222.0426708476));
#3347 = LINE('',#3348,#3349);
#3348 = CARTESIAN_POINT('',(63.857078552246,41.152690887451,
    222.0426708476));
#3349 = VECTOR('',#3350,1.);
#3350 = DIRECTION('',(0.999906678962,-1.36613823018E-02,0.));
#3351 = ORIENTED_EDGE('',*,*,#3321,.F.);
#3352 = ORIENTED_EDGE('',*,*,#3353,.F.);
#3353 = EDGE_CURVE('',#3345,#3322,#3354,.T.);
#3354 = LINE('',#3355,#3356);
#3355 = CARTESIAN_POINT('',(63.857078552246,41.152690887451,
    222.0426708476));
#3356 = VECTOR('',#3357,1.);
#3357 = DIRECTION('',(0.99851915213,-5.414113492364E-02,
    -5.314164007416E-03));
#3358 = PLANE('',#3359);
#3359 = AXIS2_PLACEMENT_3D('',#3360,#3361,#3362);
#3360 = CARTESIAN_POINT('',(68.117315802514,41.008612165339,
    222.03140281286));
#3361 = DIRECTION('',(1.777547417996E-03,0.130102613056,-0.9914989412));
#3362 = DIRECTION('',(4.97991486969E-20,0.991500507611,0.130102818598));
#3363 = ADVANCED_FACE('',(#3364),#3381,.T.);
#3364 = FACE_BOUND('',#3365,.T.);
#3365 = EDGE_LOOP('',(#3366,#3374,#3375));
#3366 = ORIENTED_EDGE('',*,*,#3367,.T.);
#3367 = EDGE_CURVE('',#3368,#3345,#3370,.T.);
#3368 = VERTEX_POINT('',#3369);
#3369 = CARTESIAN_POINT('',(67.770111083984,40.771278381348,
    221.99837458295));
#3370 = LINE('',#3371,#3372);
#3371 = CARTESIAN_POINT('',(67.770111083984,40.771278381348,
    221.99837458295));
#3372 = VECTOR('',#3373,1.);
#3373 = DIRECTION('',(-0.995219988929,9.700643861832E-02,
    1.126607756399E-02));
#3374 = ORIENTED_EDGE('',*,*,#3353,.T.);
#3375 = ORIENTED_EDGE('',*,*,#3376,.F.);
#3376 = EDGE_CURVE('',#3368,#3322,#3377,.T.);
#3377 = LINE('',#3378,#3379);
#3378 = CARTESIAN_POINT('',(67.770111083984,40.771278381348,
    221.99837458295));
#3379 = VECTOR('',#3380,1.);
#3380 = DIRECTION('',(0.99987448129,-1.58436632293E-02,0.));
#3381 = PLANE('',#3382);
#3382 = AXIS2_PLACEMENT_3D('',#3383,#3384,#3385);
#3383 = CARTESIAN_POINT('',(68.016241593789,40.884846783568,
    222.01466539766));
#3384 = DIRECTION('',(2.176675905825E-03,0.137367391668,-0.990517774595)
  );
#3385 = DIRECTION('',(-2.955157812912E-20,0.990520121099,0.137367717087)
  );
#3386 = ADVANCED_FACE('',(#3387),#3402,.T.);
#3387 = FACE_BOUND('',#3388,.T.);
#3388 = EDGE_LOOP('',(#3389,#3395,#3396));
#3389 = ORIENTED_EDGE('',*,*,#3390,.T.);
#3390 = EDGE_CURVE('',#2948,#3345,#3391,.T.);
#3391 = LINE('',#3392,#3393);
#3392 = CARTESIAN_POINT('',(63.805061340332,40.818157196045,
    221.99837458295));
#3393 = VECTOR('',#3394,1.);
#3394 = DIRECTION('',(0.152346915824,0.979775236882,0.12973396792));
#3395 = ORIENTED_EDGE('',*,*,#3367,.F.);
#3396 = ORIENTED_EDGE('',*,*,#3397,.F.);
#3397 = EDGE_CURVE('',#2948,#3368,#3398,.T.);
#3398 = LINE('',#3399,#3400);
#3399 = CARTESIAN_POINT('',(63.805061340332,40.818157196045,
    221.99837458295));
#3400 = VECTOR('',#3401,1.);
#3401 = DIRECTION('',(0.999930115568,-1.18221817199E-02,0.));
#3402 = PLANE('',#3403);
#3403 = AXIS2_PLACEMENT_3D('',#3404,#3405,#3406);
#3404 = CARTESIAN_POINT('',(65.718913069964,40.882448650522,
    222.00986257145));
#3405 = DIRECTION('',(1.549160880265E-03,0.131029335764,-0.991377280993)
  );
#3406 = DIRECTION('',(1.085127619021E-21,0.991378470598,0.131029492993)
  );
#3407 = ADVANCED_FACE('',(#3408),#3418,.T.);
#3408 = FACE_BOUND('',#3409,.T.);
#3409 = EDGE_LOOP('',(#3410,#3411,#3417));
#3410 = ORIENTED_EDGE('',*,*,#2978,.T.);
#3411 = ORIENTED_EDGE('',*,*,#3412,.T.);
#3412 = EDGE_CURVE('',#2971,#3345,#3413,.T.);
#3413 = LINE('',#3414,#3415);
#3414 = CARTESIAN_POINT('',(55.64762878418,41.103664398193,
    222.02052271527));
#3415 = VECTOR('',#3416,1.);
#3416 = DIRECTION('',(0.999978529265,5.971829782521E-03,
    2.697824752359E-03));
#3417 = ORIENTED_EDGE('',*,*,#3390,.F.);
#3418 = PLANE('',#3419);
#3419 = AXIS2_PLACEMENT_3D('',#3420,#3421,#3422);
#3420 = CARTESIAN_POINT('',(59.822975498552,41.043572487474,
    222.02055396832));
#3421 = DIRECTION('',(1.89244878052E-03,0.130976797713,-0.991383627613)
  );
#3422 = DIRECTION('',(3.879431807013E-20,0.991385402869,0.130977032252)
  );
#3423 = ADVANCED_FACE('',(#3424),#3441,.T.);
#3424 = FACE_BOUND('',#3425,.T.);
#3425 = EDGE_LOOP('',(#3426,#3427,#3435));
#3426 = ORIENTED_EDGE('',*,*,#3057,.F.);
#3427 = ORIENTED_EDGE('',*,*,#3428,.T.);
#3428 = EDGE_CURVE('',#3050,#3429,#3431,.T.);
#3429 = VERTEX_POINT('',#3430);
#3430 = CARTESIAN_POINT('',(55.483283996582,40.895687103271,
    222.01397669476));
#3431 = LINE('',#3432,#3433);
#3432 = CARTESIAN_POINT('',(55.483406066895,-40.89581298828,
    222.01395380658));
#3433 = VECTOR('',#3434,1.);
#3434 = DIRECTION('',(-1.49245719131E-06,0.999999999999,2.7983572337E-07
    ));
#3435 = ORIENTED_EDGE('',*,*,#3436,.T.);
#3436 = EDGE_CURVE('',#3429,#2938,#3437,.T.);
#3437 = LINE('',#3438,#3439);
#3438 = CARTESIAN_POINT('',(55.483283996582,40.895687103271,
    222.01397669476));
#3439 = VECTOR('',#3440,1.);
#3440 = DIRECTION('',(0.985353862632,-0.152361955807,-7.657414588952E-02
    ));
#3441 = PLANE('',#3442);
#3442 = AXIS2_PLACEMENT_3D('',#3443,#3444,#3445);
#3443 = CARTESIAN_POINT('',(55.533589846606,4.305198251142E-02,
    222.01006061731));
#3444 = DIRECTION('',(-7.747870340633E-02,1.6336089115E-07,
    -0.996994007263));
#3445 = DIRECTION('',(0.996994007263,-1.167028187536E-25,
    -7.747870340633E-02));
#3446 = ADVANCED_FACE('',(#3447),#3457,.T.);
#3447 = FACE_BOUND('',#3448,.T.);
#3448 = EDGE_LOOP('',(#3449,#3455,#3456));
#3449 = ORIENTED_EDGE('',*,*,#3450,.T.);
#3450 = EDGE_CURVE('',#3429,#2940,#3451,.T.);
#3451 = LINE('',#3452,#3453);
#3452 = CARTESIAN_POINT('',(55.483283996582,40.895687103271,
    222.01397669476));
#3453 = VECTOR('',#3454,1.);
#3454 = DIRECTION('',(0.707773099309,0.70643983459,0.));
#3455 = ORIENTED_EDGE('',*,*,#2937,.F.);
#3456 = ORIENTED_EDGE('',*,*,#3436,.F.);
#3457 = PLANE('',#3458);
#3458 = AXIS2_PLACEMENT_3D('',#3459,#3460,#3461);
#3459 = CARTESIAN_POINT('',(55.604730077941,40.944116512129,
    222.00906968787));
#3460 = DIRECTION('',(-6.698497936286E-02,6.711140019207E-02,
    -0.995494385973));
#3461 = DIRECTION('',(3.156048690396E-19,0.99773531548,
    6.726247278376E-02));
#3462 = ADVANCED_FACE('',(#3463),#3480,.T.);
#3463 = FACE_BOUND('',#3464,.T.);
#3464 = EDGE_LOOP('',(#3465,#3466,#3474));
#3465 = ORIENTED_EDGE('',*,*,#3260,.F.);
#3466 = ORIENTED_EDGE('',*,*,#3467,.T.);
#3467 = EDGE_CURVE('',#3232,#3468,#3470,.T.);
#3468 = VERTEX_POINT('',#3469);
#3469 = CARTESIAN_POINT('',(80.585235595704,-40.5905303955,
    222.03005182904));
#3470 = LINE('',#3471,#3472);
#3471 = CARTESIAN_POINT('',(80.504531860352,40.57251739502,
    222.01456415814));
#3472 = VECTOR('',#3473,1.);
#3473 = DIRECTION('',(9.943403578696E-04,-0.999999487437,
    1.908216039398E-04));
#3474 = ORIENTED_EDGE('',*,*,#3475,.T.);
#3475 = EDGE_CURVE('',#3468,#3207,#3476,.T.);
#3476 = LINE('',#3477,#3478);
#3477 = CARTESIAN_POINT('',(80.585235595703,-40.5905303955,
    222.03005182904));
#3478 = VECTOR('',#3479,1.);
#3479 = DIRECTION('',(-0.959464290156,0.213410755778,-0.184076411399));
#3480 = PLANE('',#3481);
#3481 = AXIS2_PLACEMENT_3D('',#3482,#3483,#3484);
#3482 = CARTESIAN_POINT('',(80.524714759208,-2.554144525394E-02,
    222.01843851106));
#3483 = DIRECTION('',(0.188417046108,-5.314583836E-08,-0.982089108348));
#3484 = DIRECTION('',(0.982089108348,2.277449105713E-25,0.188417046108)
  );
#3485 = ADVANCED_FACE('',(#3486),#3496,.T.);
#3486 = FACE_BOUND('',#3487,.T.);
#3487 = EDGE_LOOP('',(#3488,#3494,#3495));
#3488 = ORIENTED_EDGE('',*,*,#3489,.T.);
#3489 = EDGE_CURVE('',#3468,#3161,#3490,.T.);
#3490 = LINE('',#3491,#3492);
#3491 = CARTESIAN_POINT('',(80.585235595703,-40.5905303955,
    222.03005182904));
#3492 = VECTOR('',#3493,1.);
#3493 = DIRECTION('',(-0.856666353186,-0.512881813408,
    -5.545272576575E-02));
#3494 = ORIENTED_EDGE('',*,*,#3206,.F.);
#3495 = ORIENTED_EDGE('',*,*,#3475,.F.);
#3496 = PLANE('',#3497);
#3497 = AXIS2_PLACEMENT_3D('',#3498,#3499,#3500);
#3498 = CARTESIAN_POINT('',(80.464090355969,-40.64559313134,
    222.01950594005));
#3499 = DIRECTION('',(0.153716032434,-0.151174692136,-0.976482254744));
#3500 = DIRECTION('',(0.987835385163,-4.274537430546E-18,0.155503221249)
  );
#3501 = ADVANCED_FACE('',(#3502),#3519,.T.);
#3502 = FACE_BOUND('',#3503,.T.);
#3503 = EDGE_LOOP('',(#3504,#3505,#3513));
#3504 = ORIENTED_EDGE('',*,*,#3467,.F.);
#3505 = ORIENTED_EDGE('',*,*,#3506,.T.);
#3506 = EDGE_CURVE('',#3232,#3507,#3509,.T.);
#3507 = VERTEX_POINT('',#3508);
#3508 = CARTESIAN_POINT('',(80.704566955567,40.616840362549,
    222.06293451947));
#3509 = LINE('',#3510,#3511);
#3510 = CARTESIAN_POINT('',(80.504531860352,40.57251739502,
    222.01456415814));
#3511 = VECTOR('',#3512,1.);
#3512 = DIRECTION('',(0.950199643858,0.210541394828,0.229767181893));
#3513 = ORIENTED_EDGE('',*,*,#3514,.F.);
#3514 = EDGE_CURVE('',#3468,#3507,#3515,.T.);
#3515 = LINE('',#3516,#3517);
#3516 = CARTESIAN_POINT('',(80.585235595703,-40.5905303955,
    222.03005182904));
#3517 = VECTOR('',#3518,1.);
#3518 = DIRECTION('',(1.46946293334E-03,0.999998838358,
    4.049220153886E-04));
#3519 = PLANE('',#3520);
#3520 = AXIS2_PLACEMENT_3D('',#3521,#3522,#3523);
#3521 = CARTESIAN_POINT('',(80.594918655778,5.463882844657E-02,
    222.03440951555));
#3522 = DIRECTION('',(0.235025422164,4.821874465248E-05,-0.971989222477)
  );
#3523 = DIRECTION('',(0.971989223607,5.332356534685E-22,0.235025422437)
  );
#3524 = ADVANCED_FACE('',(#3525),#3542,.T.);
#3525 = FACE_BOUND('',#3526,.T.);
#3526 = EDGE_LOOP('',(#3527,#3528,#3536));
#3527 = ORIENTED_EDGE('',*,*,#3514,.T.);
#3528 = ORIENTED_EDGE('',*,*,#3529,.T.);
#3529 = EDGE_CURVE('',#3507,#3530,#3532,.T.);
#3530 = VERTEX_POINT('',#3531);
#3531 = CARTESIAN_POINT('',(80.704544067383,-40.61687088012,
    222.06292689008));
#3532 = LINE('',#3533,#3534);
#3533 = CARTESIAN_POINT('',(80.704566955566,40.616840362549,
    222.06293451947));
#3534 = VECTOR('',#3535,1.);
#3535 = DIRECTION('',(-2.81757207E-07,-1.,-9.3919069E-08));
#3536 = ORIENTED_EDGE('',*,*,#3537,.T.);
#3537 = EDGE_CURVE('',#3530,#3468,#3538,.T.);
#3538 = LINE('',#3539,#3540);
#3539 = CARTESIAN_POINT('',(80.704544067383,-40.61687088012,
    222.06292689008));
#3540 = VECTOR('',#3541,1.);
#3541 = DIRECTION('',(-0.942948109606,0.208180608033,-0.259826282408));
#3542 = PLANE('',#3543);
#3543 = AXIS2_PLACEMENT_3D('',#3544,#3545,#3546);
#3544 = CARTESIAN_POINT('',(80.674709985599,-2.503833350652E-02,
    222.05470686675));
#3545 = DIRECTION('',(0.265646493446,1.569679033E-08,-0.96407050599));
#3546 = DIRECTION('',(0.96407050599,-5.611392695638E-25,0.265646493446)
  );
#3547 = ADVANCED_FACE('',(#3548),#3565,.T.);
#3548 = FACE_BOUND('',#3549,.T.);
#3549 = EDGE_LOOP('',(#3550,#3558,#3564));
#3550 = ORIENTED_EDGE('',*,*,#3551,.T.);
#3551 = EDGE_CURVE('',#3530,#3552,#3554,.T.);
#3552 = VERTEX_POINT('',#3553);
#3553 = CARTESIAN_POINT('',(80.650604248047,-40.83176422119,
    222.06893885297));
#3554 = LINE('',#3555,#3556);
#3555 = CARTESIAN_POINT('',(80.704544067383,-40.61687088012,
    222.06292689008));
#3556 = VECTOR('',#3557,1.);
#3557 = DIRECTION('',(-0.243365554072,-0.969555286954,2.712476048212E-02
    ));
#3558 = ORIENTED_EDGE('',*,*,#3559,.T.);
#3559 = EDGE_CURVE('',#3552,#3468,#3560,.T.);
#3560 = LINE('',#3561,#3562);
#3561 = CARTESIAN_POINT('',(80.650604248047,-40.83176422119,
    222.06893885297));
#3562 = VECTOR('',#3563,1.);
#3563 = DIRECTION('',(-0.258434648768,0.953716755297,-0.153739659754));
#3564 = ORIENTED_EDGE('',*,*,#3537,.F.);
#3565 = PLANE('',#3566);
#3566 = AXIS2_PLACEMENT_3D('',#3567,#3568,#3569);
#3567 = CARTESIAN_POINT('',(80.645592536684,-40.69338705753,
    222.05492346662));
#3568 = DIRECTION('',(0.246321319758,-8.882884158606E-02,-0.965108928741
    ));
#3569 = DIRECTION('',(0.968939237624,4.251398047972E-18,0.247298915873)
  );
#3570 = ADVANCED_FACE('',(#3571),#3588,.T.);
#3571 = FACE_BOUND('',#3572,.T.);
#3572 = EDGE_LOOP('',(#3573,#3581,#3582));
#3573 = ORIENTED_EDGE('',*,*,#3574,.T.);
#3574 = EDGE_CURVE('',#3575,#3161,#3577,.T.);
#3575 = VERTEX_POINT('',#3576);
#3576 = CARTESIAN_POINT('',(80.401184082032,-40.92831039428,
    222.06296503705));
#3577 = LINE('',#3578,#3579);
#3578 = CARTESIAN_POINT('',(80.401184082031,-40.92831039428,
    222.06296503705));
#3579 = VECTOR('',#3580,1.);
#3580 = DIRECTION('',(-0.237618576439,0.943902109457,-0.229316854798));
#3581 = ORIENTED_EDGE('',*,*,#3489,.F.);
#3582 = ORIENTED_EDGE('',*,*,#3583,.T.);
#3583 = EDGE_CURVE('',#3468,#3575,#3584,.T.);
#3584 = LINE('',#3585,#3586);
#3585 = CARTESIAN_POINT('',(80.585235595703,-40.5905303955,
    222.03005182904));
#3586 = VECTOR('',#3587,1.);
#3587 = DIRECTION('',(-0.476725307348,-0.874908717247,8.525091095586E-02
    ));
#3588 = PLANE('',#3589);
#3589 = AXIS2_PLACEMENT_3D('',#3590,#3591,#3592);
#3590 = CARTESIAN_POINT('',(80.457180335113,-40.74522898372,
    222.03713234973));
#3591 = DIRECTION('',(0.176399125119,-0.190221159477,-0.965763562755));
#3592 = DIRECTION('',(2.10728717634E-18,0.981149235592,-0.193251591189)
  );
#3593 = ADVANCED_FACE('',(#3594),#3604,.T.);
#3594 = FACE_BOUND('',#3595,.T.);
#3595 = EDGE_LOOP('',(#3596,#3597,#3603));
#3596 = ORIENTED_EDGE('',*,*,#3559,.F.);
#3597 = ORIENTED_EDGE('',*,*,#3598,.T.);
#3598 = EDGE_CURVE('',#3552,#3575,#3599,.T.);
#3599 = LINE('',#3600,#3601);
#3600 = CARTESIAN_POINT('',(80.650604248047,-40.83176422119,
    222.06893885297));
#3601 = VECTOR('',#3602,1.);
#3602 = DIRECTION('',(-0.932340050961,-0.360892486691,-2.23303028234E-02
    ));
#3603 = ORIENTED_EDGE('',*,*,#3583,.F.);
#3604 = PLANE('',#3605);
#3605 = AXIS2_PLACEMENT_3D('',#3606,#3607,#3608);
#3606 = CARTESIAN_POINT('',(80.537651533415,-40.78154558371,
    222.05307965722));
#3607 = DIRECTION('',(7.716557545505E-02,-0.138257063841,-0.987385668451
    ));
#3608 = DIRECTION('',(-2.445481129942E-19,0.990338569192,-0.13867053894)
  );
#3609 = ADVANCED_FACE('',(#3610),#3627,.T.);
#3610 = FACE_BOUND('',#3611,.T.);
#3611 = EDGE_LOOP('',(#3612,#3613,#3621));
#3612 = ORIENTED_EDGE('',*,*,#3529,.F.);
#3613 = ORIENTED_EDGE('',*,*,#3614,.T.);
#3614 = EDGE_CURVE('',#3507,#3615,#3617,.T.);
#3615 = VERTEX_POINT('',#3616);
#3616 = CARTESIAN_POINT('',(80.866165161133,-40.65300369262,
    222.12814295453));
#3617 = LINE('',#3618,#3619);
#3618 = CARTESIAN_POINT('',(80.704566955566,40.616840362549,
    222.06293451947));
#3619 = VECTOR('',#3620,1.);
#3620 = DIRECTION('',(1.988410780961E-03,-0.999997701212,
    8.023675437834E-04));
#3621 = ORIENTED_EDGE('',*,*,#3622,.T.);
#3622 = EDGE_CURVE('',#3615,#3530,#3623,.T.);
#3623 = LINE('',#3624,#3625);
#3624 = CARTESIAN_POINT('',(80.866165161133,-40.65300369262,
    222.12814295453));
#3625 = VECTOR('',#3626,1.);
#3626 = DIRECTION('',(-0.908039658218,0.20300584504,-0.36640497538));
#3627 = PLANE('',#3628);
#3628 = AXIS2_PLACEMENT_3D('',#3629,#3630,#3631);
#3629 = CARTESIAN_POINT('',(80.745014000249,-5.349899970808E-02,
    222.0792561948));
#3630 = DIRECTION('',(0.374196672516,-1.833682004E-08,-0.927349367972));
#3631 = DIRECTION('',(0.927349367972,-8.827053543927E-25,0.374196672516)
  );
#3632 = ADVANCED_FACE('',(#3633),#3643,.T.);
#3633 = FACE_BOUND('',#3634,.T.);
#3634 = EDGE_LOOP('',(#3635,#3641,#3642));
#3635 = ORIENTED_EDGE('',*,*,#3636,.T.);
#3636 = EDGE_CURVE('',#3615,#3552,#3637,.T.);
#3637 = LINE('',#3638,#3639);
#3638 = CARTESIAN_POINT('',(80.866165161133,-40.65300369262,
    222.12814295453));
#3639 = VECTOR('',#3640,1.);
#3640 = DIRECTION('',(-0.75310684667,-0.62453705567,-0.206841832312));
#3641 = ORIENTED_EDGE('',*,*,#3551,.F.);
#3642 = ORIENTED_EDGE('',*,*,#3622,.F.);
#3643 = PLANE('',#3644);
#3644 = AXIS2_PLACEMENT_3D('',#3645,#3646,#3647);
#3645 = CARTESIAN_POINT('',(80.739269123302,-40.70866188545,
    222.08722325257));
#3646 = DIRECTION('',(0.349778769659,-0.113812218048,-0.929893322548));
#3647 = DIRECTION('',(0.935975026831,4.939980858629E-19,0.352066398778)
  );
#3648 = ADVANCED_FACE('',(#3649),#3666,.T.);
#3649 = FACE_BOUND('',#3650,.T.);
#3650 = EDGE_LOOP('',(#3651,#3652,#3660));
#3651 = ORIENTED_EDGE('',*,*,#3614,.F.);
#3652 = ORIENTED_EDGE('',*,*,#3653,.T.);
#3653 = EDGE_CURVE('',#3507,#3654,#3656,.T.);
#3654 = VERTEX_POINT('',#3655);
#3655 = CARTESIAN_POINT('',(80.895423889161,40.659713745117,
    222.14275324506));
#3656 = LINE('',#3657,#3658);
#3657 = CARTESIAN_POINT('',(80.704566955566,40.616840362549,
    222.06293451947));
#3658 = VECTOR('',#3659,1.);
#3659 = DIRECTION('',(0.903374065286,0.202930546845,0.377802185442));
#3660 = ORIENTED_EDGE('',*,*,#3661,.F.);
#3661 = EDGE_CURVE('',#3615,#3654,#3662,.T.);
#3662 = LINE('',#3663,#3664);
#3663 = CARTESIAN_POINT('',(80.866165161133,-40.65300369262,
    222.12814295453));
#3664 = VECTOR('',#3665,1.);
#3665 = DIRECTION('',(3.598296377595E-04,0.999999919119,
    1.796802493636E-04));
#3666 = PLANE('',#3667);
#3667 = AXIS2_PLACEMENT_3D('',#3668,#3669,#3670);
#3668 = CARTESIAN_POINT('',(80.833049867965,4.538868573731E-02,
    222.11548223522));
#3669 = DIRECTION('',(0.385824950416,2.69367181898E-05,-0.922572006356)
  );
#3670 = DIRECTION('',(0.92257200669,-5.790388568209E-22,0.385824950556)
  );
#3671 = ADVANCED_FACE('',(#3672),#3689,.T.);
#3672 = FACE_BOUND('',#3673,.T.);
#3673 = EDGE_LOOP('',(#3674,#3675,#3683));
#3674 = ORIENTED_EDGE('',*,*,#3661,.T.);
#3675 = ORIENTED_EDGE('',*,*,#3676,.T.);
#3676 = EDGE_CURVE('',#3654,#3677,#3679,.T.);
#3677 = VERTEX_POINT('',#3678);
#3678 = CARTESIAN_POINT('',(80.895431518555,-40.65961456298,
    222.14275324506));
#3679 = LINE('',#3680,#3681);
#3680 = CARTESIAN_POINT('',(80.89542388916,40.659713745117,
    222.14275324506));
#3681 = VECTOR('',#3682,1.);
#3682 = DIRECTION('',(9.382018629E-08,-1.,0.));
#3683 = ORIENTED_EDGE('',*,*,#3684,.T.);
#3684 = EDGE_CURVE('',#3677,#3615,#3685,.T.);
#3685 = LINE('',#3686,#3687);
#3686 = CARTESIAN_POINT('',(80.895431518555,-40.65961456298,
    222.14275324506));
#3687 = VECTOR('',#3688,1.);
#3688 = DIRECTION('',(-0.876975997033,0.198096898183,-0.43780214659));
#3689 = PLANE('',#3690);
#3690 = AXIS2_PLACEMENT_3D('',#3691,#3692,#3693);
#3691 = CARTESIAN_POINT('',(80.888109911294,-6.639022103539E-03,
    222.13910007137));
#3692 = DIRECTION('',(0.44665374058,4.190513715E-08,-0.894706899507));
#3693 = DIRECTION('',(0.894706899507,5.770654347027E-25,0.44665374058));
#3694 = ADVANCED_FACE('',(#3695),#3712,.T.);
#3695 = FACE_BOUND('',#3696,.T.);
#3696 = EDGE_LOOP('',(#3697,#3705,#3711));
#3697 = ORIENTED_EDGE('',*,*,#3698,.T.);
#3698 = EDGE_CURVE('',#3677,#3699,#3701,.T.);
#3699 = VERTEX_POINT('',#3700);
#3700 = CARTESIAN_POINT('',(80.937927246094,-40.88265609741,
    222.1881786601));
#3701 = LINE('',#3702,#3703);
#3702 = CARTESIAN_POINT('',(80.895431518555,-40.65961456298,
    222.14275324506));
#3703 = VECTOR('',#3704,1.);
#3704 = DIRECTION('',(0.183524688028,-0.963241021932,0.196177018406));
#3705 = ORIENTED_EDGE('',*,*,#3706,.T.);
#3706 = EDGE_CURVE('',#3699,#3615,#3707,.T.);
#3707 = LINE('',#3708,#3709);
#3708 = CARTESIAN_POINT('',(80.937927246094,-40.88265609741,
    222.1881786601));
#3709 = VECTOR('',#3710,1.);
#3710 = DIRECTION('',(-0.289386043659,0.926090718711,-0.242098530465));
#3711 = ORIENTED_EDGE('',*,*,#3684,.F.);
#3712 = PLANE('',#3713);
#3713 = AXIS2_PLACEMENT_3D('',#3714,#3715,#3716);
#3714 = CARTESIAN_POINT('',(80.907269928678,-40.76206611249,
    222.1599809542));
#3715 = DIRECTION('',(0.425789439679,-0.101980123758,-0.899056954489));
#3716 = DIRECTION('',(0.903768810521,-4.629903672881E-18,0.428020954078)
  );
#3717 = ADVANCED_FACE('',(#3718),#3735,.T.);
#3718 = FACE_BOUND('',#3719,.T.);
#3719 = EDGE_LOOP('',(#3720,#3728,#3734));
#3720 = ORIENTED_EDGE('',*,*,#3721,.T.);
#3721 = EDGE_CURVE('',#3699,#3722,#3724,.T.);
#3722 = VERTEX_POINT('',#3723);
#3723 = CARTESIAN_POINT('',(80.71541595459,-41.06716537475,
    222.1576153056));
#3724 = LINE('',#3725,#3726);
#3725 = CARTESIAN_POINT('',(80.937927246094,-40.88265609741,
    222.1881786601));
#3726 = VECTOR('',#3727,1.);
#3727 = DIRECTION('',(-0.765511637897,-0.634772276733,-0.105147938331));
#3728 = ORIENTED_EDGE('',*,*,#3729,.T.);
#3729 = EDGE_CURVE('',#3722,#3615,#3730,.T.);
#3730 = LINE('',#3731,#3732);
#3731 = CARTESIAN_POINT('',(80.71541595459,-41.06716537475,
    222.1576153056));
#3732 = VECTOR('',#3733,1.);
#3733 = DIRECTION('',(0.341271377897,0.937593843268,-6.672054925939E-02)
  );
#3734 = ORIENTED_EDGE('',*,*,#3706,.F.);
#3735 = PLANE('',#3736);
#3736 = AXIS2_PLACEMENT_3D('',#3737,#3738,#3739);
#3737 = CARTESIAN_POINT('',(80.829570234288,-40.87079385187,
    222.15564444934));
#3738 = DIRECTION('',(0.267047533892,-0.164768966863,-0.949492918457));
#3739 = DIRECTION('',(0.962650239749,2.576459976291E-18,0.270748067235)
  );
#3740 = ADVANCED_FACE('',(#3741),#3751,.T.);
#3741 = FACE_BOUND('',#3742,.T.);
#3742 = EDGE_LOOP('',(#3743,#3744,#3750));
#3743 = ORIENTED_EDGE('',*,*,#3729,.F.);
#3744 = ORIENTED_EDGE('',*,*,#3745,.T.);
#3745 = EDGE_CURVE('',#3722,#3552,#3746,.T.);
#3746 = LINE('',#3747,#3748);
#3747 = CARTESIAN_POINT('',(80.71541595459,-41.06716537475,
    222.1576153056));
#3748 = VECTOR('',#3749,1.);
#3749 = DIRECTION('',(-0.249501455992,0.906208672619,-0.341372033313));
#3750 = ORIENTED_EDGE('',*,*,#3636,.F.);
#3751 = PLANE('',#3752);
#3752 = AXIS2_PLACEMENT_3D('',#3753,#3754,#3755);
#3753 = CARTESIAN_POINT('',(80.753054164612,-40.84948291501,
    222.12224533523));
#3754 = DIRECTION('',(0.421034419062,-0.215941544463,-0.880964963742));
#3755 = DIRECTION('',(0.902252443362,-4.576385787353E-19,0.431208219365)
  );
#3756 = ADVANCED_FACE('',(#3757),#3774,.T.);
#3757 = FACE_BOUND('',#3758,.T.);
#3758 = EDGE_LOOP('',(#3759,#3767,#3768));
#3759 = ORIENTED_EDGE('',*,*,#3760,.T.);
#3760 = EDGE_CURVE('',#3761,#3699,#3763,.T.);
#3761 = VERTEX_POINT('',#3762);
#3762 = CARTESIAN_POINT('',(81.071006774903,-40.6989364624,
    222.25169336957));
#3763 = LINE('',#3764,#3765);
#3764 = CARTESIAN_POINT('',(81.071006774902,-40.6989364624,
    222.25169336957));
#3765 = VECTOR('',#3766,1.);
#3766 = DIRECTION('',(-0.564905473299,-0.779866207062,-0.26961176777));
#3767 = ORIENTED_EDGE('',*,*,#3698,.F.);
#3768 = ORIENTED_EDGE('',*,*,#3769,.F.);
#3769 = EDGE_CURVE('',#3761,#3677,#3770,.T.);
#3770 = LINE('',#3771,#3772);
#3771 = CARTESIAN_POINT('',(81.071006774902,-40.6989364624,
    222.25169336957));
#3772 = VECTOR('',#3773,1.);
#3773 = DIRECTION('',(-0.834740841222,0.186948867842,-0.517936143563));
#3774 = PLANE('',#3775);
#3775 = AXIS2_PLACEMENT_3D('',#3776,#3777,#3778);
#3776 = CARTESIAN_POINT('',(80.967864948558,-40.74945213107,
    222.19426686132));
#3777 = DIRECTION('',(0.513301611467,-7.629513282672E-02,-0.854810217752
    ));
#3778 = DIRECTION('',(0.857309034782,-4.942739676149E-18,0.514802116236)
  );
#3779 = ADVANCED_FACE('',(#3780),#3797,.T.);
#3780 = FACE_BOUND('',#3781,.T.);
#3781 = EDGE_LOOP('',(#3782,#3790,#3796));
#3782 = ORIENTED_EDGE('',*,*,#3783,.T.);
#3783 = EDGE_CURVE('',#3677,#3784,#3786,.T.);
#3784 = VERTEX_POINT('',#3785);
#3785 = CARTESIAN_POINT('',(81.07096862793,40.699214935303,
    222.25167048139));
#3786 = LINE('',#3787,#3788);
#3787 = CARTESIAN_POINT('',(80.895431518555,-40.65961456298,
    222.14275324506));
#3788 = VECTOR('',#3789,1.);
#3789 = DIRECTION('',(2.157559844352E-03,0.999996776374,
    1.33872237213E-03));
#3790 = ORIENTED_EDGE('',*,*,#3791,.T.);
#3791 = EDGE_CURVE('',#3784,#3761,#3792,.T.);
#3792 = LINE('',#3793,#3794);
#3793 = CARTESIAN_POINT('',(81.07096862793,40.699214935303,
    222.25167048139));
#3794 = VECTOR('',#3795,1.);
#3795 = DIRECTION('',(4.6864667073E-07,-1.,2.8118800244E-07));
#3796 = ORIENTED_EDGE('',*,*,#3769,.T.);
#3797 = PLANE('',#3798);
#3798 = AXIS2_PLACEMENT_3D('',#3799,#3800,#3801);
#3799 = CARTESIAN_POINT('',(81.027047780491,-4.254845510631E-02,
    222.22441828569));
#3800 = DIRECTION('',(0.527231421614,8.15369296E-09,-0.849721735666));
#3801 = DIRECTION('',(0.849721735666,-1.833465996979E-25,0.527231421614)
  );
#3802 = ADVANCED_FACE('',(#3803),#3813,.T.);
#3803 = FACE_BOUND('',#3804,.T.);
#3804 = EDGE_LOOP('',(#3805,#3806,#3812));
#3805 = ORIENTED_EDGE('',*,*,#3676,.F.);
#3806 = ORIENTED_EDGE('',*,*,#3807,.T.);
#3807 = EDGE_CURVE('',#3654,#3784,#3808,.T.);
#3808 = LINE('',#3809,#3810);
#3809 = CARTESIAN_POINT('',(80.89542388916,40.659713745117,
    222.14275324506));
#3810 = VECTOR('',#3811,1.);
#3811 = DIRECTION('',(0.834610554899,0.187804604632,0.517836511006));
#3812 = ORIENTED_EDGE('',*,*,#3783,.F.);
#3813 = PLANE('',#3814);
#3814 = AXIS2_PLACEMENT_3D('',#3815,#3816,#3817);
#3815 = CARTESIAN_POINT('',(80.93938126523,6.24421463962E-02,
    222.17002436125));
#3816 = DIRECTION('',(0.527217597245,4.946365319E-08,-0.849730313191));
#3817 = DIRECTION('',(0.849730313191,1.107733075222E-24,0.527217597245)
  );
#3818 = ADVANCED_FACE('',(#3819),#3836,.T.);
#3819 = FACE_BOUND('',#3820,.T.);
#3820 = EDGE_LOOP('',(#3821,#3829,#3830));
#3821 = ORIENTED_EDGE('',*,*,#3822,.T.);
#3822 = EDGE_CURVE('',#3823,#3699,#3825,.T.);
#3823 = VERTEX_POINT('',#3824);
#3824 = CARTESIAN_POINT('',(81.13404083252,-40.71280670166,
    222.30120051068));
#3825 = LINE('',#3826,#3827);
#3826 = CARTESIAN_POINT('',(81.13404083252,-40.71280670166,
    222.30120051068));
#3827 = VECTOR('',#3828,1.);
#3828 = DIRECTION('',(-0.693005554899,-0.600195921647,-0.399384722438));
#3829 = ORIENTED_EDGE('',*,*,#3760,.F.);
#3830 = ORIENTED_EDGE('',*,*,#3831,.F.);
#3831 = EDGE_CURVE('',#3823,#3761,#3832,.T.);
#3832 = LINE('',#3833,#3834);
#3833 = CARTESIAN_POINT('',(81.13404083252,-40.71280670166,
    222.30120051068));
#3834 = VECTOR('',#3835,1.);
#3835 = DIRECTION('',(-0.774919771563,0.170516115311,-0.608624352175));
#3836 = PLANE('',#3837);
#3837 = AXIS2_PLACEMENT_3D('',#3838,#3839,#3840);
#3838 = CARTESIAN_POINT('',(81.032629861899,-40.78255266675,
    222.23927515237));
#3839 = DIRECTION('',(0.58942344535,-0.152714439399,-0.793258029944));
#3840 = DIRECTION('',(0.802673098234,-1.300055990383E-17,0.596419229546)
  );
#3841 = ADVANCED_FACE('',(#3842),#3859,.T.);
#3842 = FACE_BOUND('',#3843,.T.);
#3843 = EDGE_LOOP('',(#3844,#3852,#3858));
#3844 = ORIENTED_EDGE('',*,*,#3845,.T.);
#3845 = EDGE_CURVE('',#3761,#3846,#3848,.T.);
#3846 = VERTEX_POINT('',#3847);
#3847 = CARTESIAN_POINT('',(81.225860595704,40.73371887207,
    222.38581049603));
#3848 = LINE('',#3849,#3850);
#3849 = CARTESIAN_POINT('',(81.071006774902,-40.6989364624,
    222.25169336957));
#3850 = VECTOR('',#3851,1.);
#3851 = DIRECTION('',(1.901612199165E-03,0.999996835684,
    1.64696461788E-03));
#3852 = ORIENTED_EDGE('',*,*,#3853,.T.);
#3853 = EDGE_CURVE('',#3846,#3823,#3854,.T.);
#3854 = LINE('',#3855,#3856);
#3855 = CARTESIAN_POINT('',(81.225860595703,40.73371887207,
    222.38581049603));
#3856 = VECTOR('',#3857,1.);
#3857 = DIRECTION('',(-1.127361230482E-03,-0.999998824934,
    -1.038839721317E-03));
#3858 = ORIENTED_EDGE('',*,*,#3831,.T.);
#3859 = PLANE('',#3860);
#3860 = AXIS2_PLACEMENT_3D('',#3861,#3862,#3863);
#3861 = CARTESIAN_POINT('',(81.164162743243,-6.402124060225E-03,
    222.33110246455));
#3862 = DIRECTION('',(0.617686611739,1.206130403725E-04,-0.786424335287)
  );
#3863 = DIRECTION('',(0.786424341007,1.659179684238E-21,0.617686616231)
  );
#3864 = ADVANCED_FACE('',(#3865),#3875,.T.);
#3865 = FACE_BOUND('',#3866,.T.);
#3866 = EDGE_LOOP('',(#3867,#3868,#3874));
#3867 = ORIENTED_EDGE('',*,*,#3791,.F.);
#3868 = ORIENTED_EDGE('',*,*,#3869,.T.);
#3869 = EDGE_CURVE('',#3784,#3846,#3870,.T.);
#3870 = LINE('',#3871,#3872);
#3871 = CARTESIAN_POINT('',(81.07096862793,40.699214935303,
    222.25167048139));
#3872 = VECTOR('',#3873,1.);
#3873 = DIRECTION('',(0.745434986881,0.166054069952,0.645563882343));
#3874 = ORIENTED_EDGE('',*,*,#3845,.F.);
#3875 = PLANE('',#3876);
#3876 = AXIS2_PLACEMENT_3D('',#3877,#3878,#3879);
#3877 = CARTESIAN_POINT('',(81.109768276314,6.06476131798E-02,
    222.28526680377));
#3878 = DIRECTION('',(0.654652642798,9.42423809E-08,-0.755929836213));
#3879 = DIRECTION('',(0.755929836213,-8.666530889385E-24,0.654652642798)
  );
#3880 = ADVANCED_FACE('',(#3881),#3898,.T.);
#3881 = FACE_BOUND('',#3882,.T.);
#3882 = EDGE_LOOP('',(#3883,#3884,#3892));
#3883 = ORIENTED_EDGE('',*,*,#3853,.F.);
#3884 = ORIENTED_EDGE('',*,*,#3885,.T.);
#3885 = EDGE_CURVE('',#3846,#3886,#3888,.T.);
#3886 = VERTEX_POINT('',#3887);
#3887 = CARTESIAN_POINT('',(81.225906372071,-40.73314666748,
    222.3858639018));
#3888 = LINE('',#3889,#3890);
#3889 = CARTESIAN_POINT('',(81.225860595703,40.73371887207,
    222.38581049603));
#3890 = VECTOR('',#3891,1.);
#3891 = DIRECTION('',(5.6190166253E-07,-1.,6.5555193961E-07));
#3892 = ORIENTED_EDGE('',*,*,#3893,.T.);
#3893 = EDGE_CURVE('',#3886,#3823,#3894,.T.);
#3894 = LINE('',#3895,#3896);
#3895 = CARTESIAN_POINT('',(81.22590637207,-40.73314666748,
    222.3858639018));
#3896 = VECTOR('',#3897,1.);
#3897 = DIRECTION('',(-0.725787405917,0.160696721549,-0.668886541272));
#3898 = PLANE('',#3899);
#3899 = AXIS2_PLACEMENT_3D('',#3900,#3901,#3902);
#3900 = CARTESIAN_POINT('',(81.202902138848,-2.624835827939E-02,
    222.3646575682));
#3901 = DIRECTION('',(0.677693954026,-1.0125887343E-07,-0.735344072307)
  );
#3902 = DIRECTION('',(0.735344072307,-3.44077417389E-24,0.677693954026)
  );
#3903 = ADVANCED_FACE('',(#3904),#3921,.T.);
#3904 = FACE_BOUND('',#3905,.T.);
#3905 = EDGE_LOOP('',(#3906,#3914,#3920));
#3906 = ORIENTED_EDGE('',*,*,#3907,.T.);
#3907 = EDGE_CURVE('',#3886,#3908,#3910,.T.);
#3908 = VERTEX_POINT('',#3909);
#3909 = CARTESIAN_POINT('',(81.210876464844,-40.91540527343,
    222.39207422894));
#3910 = LINE('',#3911,#3912);
#3911 = CARTESIAN_POINT('',(81.22590637207,-40.73314666748,
    222.3858639018));
#3912 = VECTOR('',#3913,1.);
#3913 = DIRECTION('',(-8.213840898823E-02,-0.996042869198,
    3.393942381544E-02));
#3914 = ORIENTED_EDGE('',*,*,#3915,.T.);
#3915 = EDGE_CURVE('',#3908,#3823,#3916,.T.);
#3916 = LINE('',#3917,#3918);
#3917 = CARTESIAN_POINT('',(81.210876464844,-40.91540527343,
    222.39207422894));
#3918 = VECTOR('',#3919,1.);
#3919 = DIRECTION('',(-0.327010685698,0.86225486632,-0.386756456891));
#3920 = ORIENTED_EDGE('',*,*,#3893,.F.);
#3921 = PLANE('',#3922);
#3922 = AXIS2_PLACEMENT_3D('',#3923,#3924,#3925);
#3923 = CARTESIAN_POINT('',(81.189640932137,-40.79634055162,
    222.36014088852));
#3924 = DIRECTION('',(0.665853937699,-8.018441535472E-02,-0.741760738503
    ));
#3925 = DIRECTION('',(0.744156889669,-1.102358007394E-17,0.668004882885)
  );
#3926 = ADVANCED_FACE('',(#3927),#3944,.T.);
#3927 = FACE_BOUND('',#3928,.T.);
#3928 = EDGE_LOOP('',(#3929,#3937,#3943));
#3929 = ORIENTED_EDGE('',*,*,#3930,.T.);
#3930 = EDGE_CURVE('',#3908,#3931,#3933,.T.);
#3931 = VERTEX_POINT('',#3932);
#3932 = CARTESIAN_POINT('',(81.010818481446,-41.10411071777,
    222.30279505414));
#3933 = LINE('',#3934,#3935);
#3934 = CARTESIAN_POINT('',(81.210876464844,-40.91540527343,
    222.39207422894));
#3935 = VECTOR('',#3936,1.);
#3936 = DIRECTION('',(-0.691899640921,-0.652636935343,-0.308771626804));
#3937 = ORIENTED_EDGE('',*,*,#3938,.T.);
#3938 = EDGE_CURVE('',#3931,#3823,#3939,.T.);
#3939 = LINE('',#3940,#3941);
#3940 = CARTESIAN_POINT('',(81.010818481445,-41.10411071777,
    222.30279505414));
#3941 = VECTOR('',#3942,1.);
#3942 = DIRECTION('',(0.300359119515,0.953818270125,-3.886759703953E-03)
  );
#3943 = ORIENTED_EDGE('',*,*,#3915,.F.);
#3944 = PLANE('',#3945);
#3945 = AXIS2_PLACEMENT_3D('',#3946,#3947,#3948);
#3946 = CARTESIAN_POINT('',(81.109472705267,-40.91607948549,
    222.32728409045));
#3947 = DIRECTION('',(0.531319119405,-0.170694743519,-0.829797142613));
#3948 = DIRECTION('',(0.842156668253,-1.018952860484E-17,0.539232923806)
  );
#3949 = ADVANCED_FACE('',(#3950),#3960,.T.);
#3950 = FACE_BOUND('',#3951,.T.);
#3951 = EDGE_LOOP('',(#3952,#3953,#3959));
#3952 = ORIENTED_EDGE('',*,*,#3938,.F.);
#3953 = ORIENTED_EDGE('',*,*,#3954,.T.);
#3954 = EDGE_CURVE('',#3931,#3699,#3955,.T.);
#3955 = LINE('',#3956,#3957);
#3956 = CARTESIAN_POINT('',(81.010818481445,-41.10411071777,
    222.30279505414));
#3957 = VECTOR('',#3958,1.);
#3958 = DIRECTION('',(-0.280574709512,0.852428491277,-0.441184201487));
#3959 = ORIENTED_EDGE('',*,*,#3822,.F.);
#3960 = PLANE('',#3961);
#3961 = AXIS2_PLACEMENT_3D('',#3962,#3963,#3964);
#3962 = CARTESIAN_POINT('',(81.034877770141,-40.89872986736,
    222.26957626539));
#3963 = DIRECTION('',(0.611349944278,-0.195639870902,-0.766796117977));
#3964 = DIRECTION('',(0.781905815883,9.402249350666E-19,0.623396579304)
  );
#3965 = ADVANCED_FACE('',(#3966),#3983,.T.);
#3966 = FACE_BOUND('',#3967,.T.);
#3967 = EDGE_LOOP('',(#3968,#3976,#3977));
#3968 = ORIENTED_EDGE('',*,*,#3969,.T.);
#3969 = EDGE_CURVE('',#3970,#3908,#3972,.T.);
#3970 = VERTEX_POINT('',#3971);
#3971 = CARTESIAN_POINT('',(81.357124328614,-40.76231765747,
    222.54175532025));
#3972 = LINE('',#3973,#3974);
#3973 = CARTESIAN_POINT('',(81.357124328613,-40.76231765747,
    222.54175532025));
#3974 = VECTOR('',#3975,1.);
#3975 = DIRECTION('',(-0.564043012078,-0.590422299487,-0.577284149093));
#3976 = ORIENTED_EDGE('',*,*,#3907,.F.);
#3977 = ORIENTED_EDGE('',*,*,#3978,.F.);
#3978 = EDGE_CURVE('',#3970,#3886,#3979,.T.);
#3979 = LINE('',#3980,#3981);
#3980 = CARTESIAN_POINT('',(81.357124328613,-40.76231765747,
    222.54175532025));
#3981 = VECTOR('',#3982,1.);
#3982 = DIRECTION('',(-0.637467016302,0.141714933242,-0.757332609111));
#3983 = PLANE('',#3984);
#3984 = AXIS2_PLACEMENT_3D('',#3985,#3986,#3987);
#3985 = CARTESIAN_POINT('',(81.26786362563,-40.80580043279,
    222.44392194566));
#3986 = DIRECTION('',(0.754487844922,-8.43963842461E-02,-0.650865072186)
  );
#3987 = DIRECTION('',(-0.653195503401,-1.131614083389E-17,
    -0.757189298879));
#3988 = ADVANCED_FACE('',(#3989),#4006,.T.);
#3989 = FACE_BOUND('',#3990,.T.);
#3990 = EDGE_LOOP('',(#3991,#3999,#4005));
#3991 = ORIENTED_EDGE('',*,*,#3992,.T.);
#3992 = EDGE_CURVE('',#3886,#3993,#3995,.T.);
#3993 = VERTEX_POINT('',#3994);
#3994 = CARTESIAN_POINT('',(81.357078552246,40.762985229492,
    222.5416866557));
#3995 = LINE('',#3996,#3997);
#3996 = CARTESIAN_POINT('',(81.22590637207,-40.73314666748,
    222.3858639018));
#3997 = VECTOR('',#3998,1.);
#3998 = DIRECTION('',(1.6095459679E-03,0.999996876765,1.912020406467E-03
    ));
#3999 = ORIENTED_EDGE('',*,*,#4000,.T.);
#4000 = EDGE_CURVE('',#3993,#3970,#4001,.T.);
#4001 = LINE('',#4002,#4003);
#4002 = CARTESIAN_POINT('',(81.357078552246,40.762985229492,
    222.5416866557));
#4003 = VECTOR('',#4004,1.);
#4004 = DIRECTION('',(5.6149889134E-07,-0.999999999999,8.4224833702E-07)
  );
#4005 = ORIENTED_EDGE('',*,*,#3978,.T.);
#4006 = PLANE('',#4007);
#4007 = AXIS2_PLACEMENT_3D('',#4008,#4009,#4010);
#4008 = CARTESIAN_POINT('',(81.324261422576,-4.377046692639E-02,
    222.50270593304));
#4009 = DIRECTION('',(0.765053897885,-1.1280258911E-07,-0.643966251702)
  );
#4010 = DIRECTION('',(-0.643966251702,-1.128938184104E-23,
    -0.765053897885));
#4011 = ADVANCED_FACE('',(#4012),#4022,.T.);
#4012 = FACE_BOUND('',#4013,.T.);
#4013 = EDGE_LOOP('',(#4014,#4015,#4021));
#4014 = ORIENTED_EDGE('',*,*,#3885,.F.);
#4015 = ORIENTED_EDGE('',*,*,#4016,.T.);
#4016 = EDGE_CURVE('',#3846,#3993,#4017,.T.);
#4017 = LINE('',#4018,#4019);
#4018 = CARTESIAN_POINT('',(81.225860595703,40.73371887207,
    222.38581049603));
#4019 = VECTOR('',#4020,1.);
#4020 = DIRECTION('',(0.637460879433,0.142176866882,0.757251190633));
#4021 = ORIENTED_EDGE('',*,*,#3992,.F.);
#4022 = PLANE('',#4023);
#4023 = AXIS2_PLACEMENT_3D('',#4024,#4025,#4026);
#4024 = CARTESIAN_POINT('',(81.258735263455,5.900019477017E-02,
    222.4248624166));
#4025 = DIRECTION('',(0.765022851008,7.69010782E-09,-0.644003134648));
#4026 = DIRECTION('',(-0.644003134648,-2.027525111562E-25,
    -0.765022851008));
#4027 = ADVANCED_FACE('',(#4028),#4045,.T.);
#4028 = FACE_BOUND('',#4029,.T.);
#4029 = EDGE_LOOP('',(#4030,#4038,#4039));
#4030 = ORIENTED_EDGE('',*,*,#4031,.T.);
#4031 = EDGE_CURVE('',#4032,#3908,#4034,.T.);
#4032 = VERTEX_POINT('',#4033);
#4033 = CARTESIAN_POINT('',(81.380897521973,-40.76763916015,
    222.57611811322));
#4034 = LINE('',#4035,#4036);
#4035 = CARTESIAN_POINT('',(81.380897521973,-40.76763916015,
    222.57611811322));
#4036 = VECTOR('',#4037,1.);
#4037 = DIRECTION('',(-0.584495607088,-0.507987925425,-0.632703052717));
#4038 = ORIENTED_EDGE('',*,*,#3969,.F.);
#4039 = ORIENTED_EDGE('',*,*,#4040,.F.);
#4040 = EDGE_CURVE('',#4032,#3970,#4041,.T.);
#4041 = LINE('',#4042,#4043);
#4042 = CARTESIAN_POINT('',(81.380897521973,-40.76763916015,
    222.57611811322));
#4043 = VECTOR('',#4044,1.);
#4044 = DIRECTION('',(-0.564385535205,0.12633469538,-0.815787050887));
#4045 = PLANE('',#4046);
#4046 = AXIS2_PLACEMENT_3D('',#4047,#4048,#4049);
#4047 = CARTESIAN_POINT('',(81.295883835403,-40.83491383972,
    222.48189721506));
#4048 = DIRECTION('',(0.792901540629,-0.192050035001,-0.578293983129));
#4049 = DIRECTION('',(-0.589263034713,1.721428848483E-17,-0.807941257717
    ));
#4050 = ADVANCED_FACE('',(#4051),#4068,.T.);
#4051 = FACE_BOUND('',#4052,.T.);
#4052 = EDGE_LOOP('',(#4053,#4061,#4067));
#4053 = ORIENTED_EDGE('',*,*,#4054,.T.);
#4054 = EDGE_CURVE('',#3970,#4055,#4057,.T.);
#4055 = VERTEX_POINT('',#4056);
#4056 = CARTESIAN_POINT('',(81.461791992188,40.786361694336,
    222.71507990521));
#4057 = LINE('',#4058,#4059);
#4058 = CARTESIAN_POINT('',(81.357124328613,-40.76231765747,
    222.54175532025));
#4059 = VECTOR('',#4060,1.);
#4060 = DIRECTION('',(1.283495229877E-03,0.99999691764,
    2.125405979469E-03));
#4061 = ORIENTED_EDGE('',*,*,#4062,.T.);
#4062 = EDGE_CURVE('',#4055,#4032,#4063,.T.);
#4063 = LINE('',#4064,#4065);
#4064 = CARTESIAN_POINT('',(81.461791992188,40.786361694336,
    222.71507990521));
#4065 = VECTOR('',#4066,1.);
#4066 = DIRECTION('',(-9.919110299841E-04,-0.999998056382,
    -1.703920352743E-03));
#4067 = ORIENTED_EDGE('',*,*,#4040,.T.);
#4068 = PLANE('',#4069);
#4069 = AXIS2_PLACEMENT_3D('',#4070,#4071,#4072);
#4070 = CARTESIAN_POINT('',(81.415389671704,1.637808497717E-04,
    222.63698842909));
#4071 = DIRECTION('',(0.822387322311,1.536732401623E-04,-0.568927999387)
  );
#4072 = DIRECTION('',(-0.568928006104,-1.362064930414E-20,
    -0.822387332022));
#4073 = ADVANCED_FACE('',(#4074),#4084,.T.);
#4074 = FACE_BOUND('',#4075,.T.);
#4075 = EDGE_LOOP('',(#4076,#4077,#4083));
#4076 = ORIENTED_EDGE('',*,*,#4000,.F.);
#4077 = ORIENTED_EDGE('',*,*,#4078,.T.);
#4078 = EDGE_CURVE('',#3993,#4055,#4079,.T.);
#4079 = LINE('',#4080,#4081);
#4080 = CARTESIAN_POINT('',(81.357078552246,40.762985229492,
    222.5416866557));
#4081 = VECTOR('',#4082,1.);
#4082 = DIRECTION('',(0.513544440646,0.114644820848,0.850369726963));
#4083 = ORIENTED_EDGE('',*,*,#4054,.F.);
#4084 = PLANE('',#4085);
#4085 = AXIS2_PLACEMENT_3D('',#4086,#4087,#4088);
#4086 = CARTESIAN_POINT('',(81.383316251875,5.709085175575E-02,
    222.58512966418));
#4087 = DIRECTION('',(0.856013812226,4.524804346E-08,-0.516952950739));
#4088 = DIRECTION('',(-0.516952950739,1.355993953438E-24,-0.856013812226
    ));
#4089 = ADVANCED_FACE('',(#4090),#4107,.T.);
#4090 = FACE_BOUND('',#4091,.T.);
#4091 = EDGE_LOOP('',(#4092,#4093,#4101));
#4092 = ORIENTED_EDGE('',*,*,#4062,.F.);
#4093 = ORIENTED_EDGE('',*,*,#4094,.T.);
#4094 = EDGE_CURVE('',#4055,#4095,#4097,.T.);
#4095 = VERTEX_POINT('',#4096);
#4096 = CARTESIAN_POINT('',(81.461799621582,-40.78633117675,
    222.7151027934));
#4097 = LINE('',#4098,#4099);
#4098 = CARTESIAN_POINT('',(81.461791992188,40.786361694336,
    222.71507990521));
#4099 = VECTOR('',#4100,1.);
#4100 = DIRECTION('',(9.352878105E-08,-1.,2.8058634315E-07));
#4101 = ORIENTED_EDGE('',*,*,#4102,.T.);
#4102 = EDGE_CURVE('',#4095,#4032,#4103,.T.);
#4103 = LINE('',#4104,#4105);
#4104 = CARTESIAN_POINT('',(81.461799621582,-40.78633117675,
    222.7151027934));
#4105 = VECTOR('',#4106,1.);
#4106 = DIRECTION('',(-0.499707257461,0.115454807693,-0.858465400713));
#4107 = PLANE('',#4108);
#4108 = AXIS2_PLACEMENT_3D('',#4109,#4110,#4111);
#4109 = CARTESIAN_POINT('',(81.441552528007,-3.574684506453E-02,
    222.68031468391));
#4110 = DIRECTION('',(0.864244832356,-6.032320888E-08,-0.503071436027));
#4111 = DIRECTION('',(-0.503071436027,-4.933262030176E-24,
    -0.864244832356));
#4112 = ADVANCED_FACE('',(#4113),#4128,.T.);
#4113 = FACE_BOUND('',#4114,.T.);
#4114 = EDGE_LOOP('',(#4115,#4121,#4127));
#4115 = ORIENTED_EDGE('',*,*,#4116,.T.);
#4116 = EDGE_CURVE('',#4095,#2916,#4117,.T.);
#4117 = LINE('',#4118,#4119);
#4118 = CARTESIAN_POINT('',(81.461799621582,-40.78633117675,
    222.7151027934));
#4119 = VECTOR('',#4120,1.);
#4120 = DIRECTION('',(2.336983756947E-02,-0.974810347932,0.221807655992)
  );
#4121 = ORIENTED_EDGE('',*,*,#4122,.T.);
#4122 = EDGE_CURVE('',#2916,#4032,#4123,.T.);
#4123 = LINE('',#4124,#4125);
#4124 = CARTESIAN_POINT('',(81.465698242188,-40.94895172119,
    222.75210535687));
#4125 = VECTOR('',#4126,1.);
#4126 = DIRECTION('',(-0.318168725837,0.680277082278,-0.66029671605));
#4127 = ORIENTED_EDGE('',*,*,#4102,.F.);
#4128 = PLANE('',#4129);
#4129 = AXIS2_PLACEMENT_3D('',#4130,#4131,#4132);
#4130 = CARTESIAN_POINT('',(81.434104387077,-40.83879953388,
    222.67855537271));
#4131 = DIRECTION('',(0.85463800354,-9.563379852791E-02,-0.510341120707)
  );
#4132 = DIRECTION('',(-0.512690996598,1.551410511399E-17,-0.85857320131)
  );
#4133 = ADVANCED_FACE('',(#4134),#4151,.T.);
#4134 = FACE_BOUND('',#4135,.T.);
#4135 = EDGE_LOOP('',(#4136,#4144,#4150));
#4136 = ORIENTED_EDGE('',*,*,#4137,.T.);
#4137 = EDGE_CURVE('',#2916,#4138,#4140,.T.);
#4138 = VERTEX_POINT('',#4139);
#4139 = CARTESIAN_POINT('',(81.285751342774,-41.10132980346,
    222.54096949262));
#4140 = LINE('',#4141,#4142);
#4141 = CARTESIAN_POINT('',(81.465698242188,-40.94895172119,
    222.75210535687));
#4142 = VECTOR('',#4143,1.);
#4143 = DIRECTION('',(-0.568535380397,-0.481432751844,-0.667075727852));
#4144 = ORIENTED_EDGE('',*,*,#4145,.T.);
#4145 = EDGE_CURVE('',#4138,#4032,#4146,.T.);
#4146 = LINE('',#4147,#4148);
#4147 = CARTESIAN_POINT('',(81.285751342773,-41.10132980346,
    222.54096949262));
#4148 = VECTOR('',#4149,1.);
#4149 = DIRECTION('',(0.272808132812,0.95677537558,0.100779974971));
#4150 = ORIENTED_EDGE('',*,*,#4122,.F.);
#4151 = PLANE('',#4152);
#4152 = AXIS2_PLACEMENT_3D('',#4153,#4154,#4155);
#4153 = CARTESIAN_POINT('',(81.373462229358,-40.94348542509,
    222.61862901658));
#4154 = DIRECTION('',(0.807327145192,-0.170695369122,-0.564876952616));
#4155 = DIRECTION('',(-0.573290651755,3.444884287343E-18,-0.819352078542
    ));
#4156 = ADVANCED_FACE('',(#4157),#4167,.T.);
#4157 = FACE_BOUND('',#4158,.T.);
#4158 = EDGE_LOOP('',(#4159,#4160,#4166));
#4159 = ORIENTED_EDGE('',*,*,#4145,.F.);
#4160 = ORIENTED_EDGE('',*,*,#4161,.T.);
#4161 = EDGE_CURVE('',#4138,#3908,#4162,.T.);
#4162 = LINE('',#4163,#4164);
#4163 = CARTESIAN_POINT('',(81.285751342773,-41.10132980346,
    222.54096949262));
#4164 = VECTOR('',#4165,1.);
#4165 = DIRECTION('',(-0.299874041773,0.744628129305,-0.596325840559));
#4166 = ORIENTED_EDGE('',*,*,#4031,.F.);
#4167 = PLANE('',#4168);
#4168 = AXIS2_PLACEMENT_3D('',#4169,#4170,#4171);
#4169 = CARTESIAN_POINT('',(81.297212117927,-40.9248215253,
    222.50835768684));
#4170 = DIRECTION('',(0.786089212928,-0.161287799468,-0.596699250093));
#4171 = DIRECTION('',(-0.604615226348,4.45983782523E-17,-0.796517688484)
  );
#4172 = ADVANCED_FACE('',(#4173),#4183,.T.);
#4173 = FACE_BOUND('',#4174,.T.);
#4174 = EDGE_LOOP('',(#4175,#4176,#4177));
#4175 = ORIENTED_EDGE('',*,*,#2923,.T.);
#4176 = ORIENTED_EDGE('',*,*,#4116,.F.);
#4177 = ORIENTED_EDGE('',*,*,#4178,.F.);
#4178 = EDGE_CURVE('',#2893,#4095,#4179,.T.);
#4179 = LINE('',#4180,#4181);
#4180 = CARTESIAN_POINT('',(81.538055419922,-40.80407714843,
    222.90187037152));
#4181 = VECTOR('',#4182,1.);
#4182 = DIRECTION('',(-0.376545469613,8.762829037721E-02,-0.922244431829
    ));
#4183 = PLANE('',#4184);
#4184 = AXIS2_PLACEMENT_3D('',#4185,#4186,#4187);
#4185 = CARTESIAN_POINT('',(81.490425371238,-40.84609180993,
    222.79422826166));
#4186 = DIRECTION('',(0.92167764072,-6.493405559388E-02,-0.382483849359)
  );
#4187 = DIRECTION('',(-0.383292766808,-9.291367044505E-19,
    -0.923626902441));
#4188 = ADVANCED_FACE('',(#4189),#4206,.T.);
#4189 = FACE_BOUND('',#4190,.T.);
#4190 = EDGE_LOOP('',(#4191,#4199,#4205));
#4191 = ORIENTED_EDGE('',*,*,#4192,.T.);
#4192 = EDGE_CURVE('',#4095,#4193,#4195,.T.);
#4193 = VERTEX_POINT('',#4194);
#4194 = CARTESIAN_POINT('',(81.538063049317,40.803493499756,
    222.90190851849));
#4195 = LINE('',#4196,#4197);
#4196 = CARTESIAN_POINT('',(81.461799621582,-40.78633117675,
    222.7151027934));
#4197 = VECTOR('',#4198,1.);
#4198 = DIRECTION('',(9.347145288104E-04,0.999996942097,
    2.289564349532E-03));
#4199 = ORIENTED_EDGE('',*,*,#4200,.T.);
#4200 = EDGE_CURVE('',#4193,#2893,#4201,.T.);
#4201 = LINE('',#4202,#4203);
#4202 = CARTESIAN_POINT('',(81.538063049316,40.803493499756,
    222.90190851849));
#4203 = VECTOR('',#4204,1.);
#4204 = DIRECTION('',(-9.348880834E-08,-1.,-4.6744404169E-07));
#4205 = ORIENTED_EDGE('',*,*,#4178,.T.);
#4206 = PLANE('',#4207);
#4207 = AXIS2_PLACEMENT_3D('',#4208,#4209,#4210);
#4208 = CARTESIAN_POINT('',(81.518973694231,-4.642152725841E-02,
    222.85514465769));
#4209 = DIRECTION('',(0.925805785077,9.014115071E-08,-0.377999534811));
#4210 = DIRECTION('',(-0.377999534811,-7.656459187853E-24,
    -0.925805785077));
#4211 = ADVANCED_FACE('',(#4212),#4222,.T.);
#4212 = FACE_BOUND('',#4213,.T.);
#4213 = EDGE_LOOP('',(#4214,#4215,#4221));
#4214 = ORIENTED_EDGE('',*,*,#4094,.F.);
#4215 = ORIENTED_EDGE('',*,*,#4216,.T.);
#4216 = EDGE_CURVE('',#4055,#4193,#4217,.T.);
#4217 = LINE('',#4218,#4219);
#4218 = CARTESIAN_POINT('',(81.461791992188,40.786361694336,
    222.71507990521));
#4219 = VECTOR('',#4220,1.);
#4220 = DIRECTION('',(0.37660378675,8.459175784204E-02,0.922504104224));
#4221 = ORIENTED_EDGE('',*,*,#4192,.F.);
#4222 = PLANE('',#4223);
#4223 = AXIS2_PLACEMENT_3D('',#4224,#4225,#4226);
#4224 = CARTESIAN_POINT('',(81.480889233395,5.486665690007E-02,
    222.76186136054));
#4225 = DIRECTION('',(0.925822536465,-1.945894128E-08,-0.377958504302));
#4226 = DIRECTION('',(-0.377958504302,-1.306625448196E-25,
    -0.925822536465));
#4227 = ADVANCED_FACE('',(#4228),#4243,.T.);
#4228 = FACE_BOUND('',#4229,.T.);
#4229 = EDGE_LOOP('',(#4230,#4236,#4237));
#4230 = ORIENTED_EDGE('',*,*,#4231,.T.);
#4231 = EDGE_CURVE('',#4193,#1396,#4232,.T.);
#4232 = LINE('',#4233,#4234);
#4233 = CARTESIAN_POINT('',(81.538063049316,40.803493499756,
    222.90190851849));
#4234 = VECTOR('',#4235,1.);
#4235 = DIRECTION('',(-6.24166817936E-02,0.951286111934,0.301925307113)
  );
#4236 = ORIENTED_EDGE('',*,*,#1395,.F.);
#4237 = ORIENTED_EDGE('',*,*,#4238,.F.);
#4238 = EDGE_CURVE('',#4193,#1373,#4239,.T.);
#4239 = LINE('',#4240,#4241);
#4240 = CARTESIAN_POINT('',(81.538063049316,40.803493499756,
    222.90190851849));
#4241 = VECTOR('',#4242,1.);
#4242 = DIRECTION('',(0.229976455195,5.08096312373E-02,0.971868927083));
#4243 = PLANE('',#4244);
#4244 = AXIS2_PLACEMENT_3D('',#4245,#4246,#4247);
#4245 = CARTESIAN_POINT('',(81.544746568935,40.923251092454,
    222.99948505631));
#4246 = DIRECTION('',(0.962220674557,0.13768553934,-0.234891604175));
#4247 = DIRECTION('',(-0.237150224628,5.881326918689E-18,-0.971472990339
    ));
#4248 = ADVANCED_FACE('',(#4249),#4266,.T.);
#4249 = FACE_BOUND('',#4250,.T.);
#4250 = EDGE_LOOP('',(#4251,#4259,#4265));
#4251 = ORIENTED_EDGE('',*,*,#4252,.T.);
#4252 = EDGE_CURVE('',#4055,#4253,#4255,.T.);
#4253 = VERTEX_POINT('',#4254);
#4254 = CARTESIAN_POINT('',(81.418113708496,41.07982635498,
    222.72344172162));
#4255 = LINE('',#4256,#4257);
#4256 = CARTESIAN_POINT('',(81.461791992188,40.786361694336,
    222.71507990521));
#4257 = VECTOR('',#4258,1.);
#4258 = DIRECTION('',(-0.147156528594,0.988711942769,2.817180005914E-02)
  );
#4259 = ORIENTED_EDGE('',*,*,#4260,.T.);
#4260 = EDGE_CURVE('',#4253,#4193,#4261,.T.);
#4261 = LINE('',#4262,#4263);
#4262 = CARTESIAN_POINT('',(81.418113708496,41.07982635498,
    222.72344172162));
#4263 = VECTOR('',#4264,1.);
#4264 = DIRECTION('',(0.342575275475,-0.789206537977,0.509701109522));
#4265 = ORIENTED_EDGE('',*,*,#4216,.F.);
#4266 = PLANE('',#4267);
#4267 = AXIS2_PLACEMENT_3D('',#4268,#4269,#4270);
#4268 = CARTESIAN_POINT('',(81.469970144915,40.903684618118,
    222.77903859067));
#4269 = DIRECTION('',(0.911047157176,0.146577608606,-0.385367463672));
#4270 = DIRECTION('',(-0.389575197832,-1.331314052474E-17,
    -0.920994660807));
#4271 = ADVANCED_FACE('',(#4272),#4282,.T.);
#4272 = FACE_BOUND('',#4273,.T.);
#4273 = EDGE_LOOP('',(#4274,#4280,#4281));
#4274 = ORIENTED_EDGE('',*,*,#4275,.T.);
#4275 = EDGE_CURVE('',#4253,#1396,#4276,.T.);
#4276 = LINE('',#4277,#4278);
#4277 = CARTESIAN_POINT('',(81.418113708496,41.07982635498,
    222.72344172162));
#4278 = VECTOR('',#4279,1.);
#4279 = DIRECTION('',(0.338646879578,0.102362657204,0.935328913999));
#4280 = ORIENTED_EDGE('',*,*,#4231,.F.);
#4281 = ORIENTED_EDGE('',*,*,#4260,.F.);
#4282 = PLANE('',#4283);
#4283 = AXIS2_PLACEMENT_3D('',#4284,#4285,#4286);
#4284 = CARTESIAN_POINT('',(81.491653590047,40.993402887174,
    222.87343464193));
#4285 = DIRECTION('',(0.920065453698,0.172073084869,-0.351952289912));
#4286 = DIRECTION('',(-0.357281433325,-1.319476602904E-17,
    -0.933996775905));
#4287 = ADVANCED_FACE('',(#4288),#4305,.T.);
#4288 = FACE_BOUND('',#4289,.T.);
#4289 = EDGE_LOOP('',(#4290,#4298,#4304));
#4290 = ORIENTED_EDGE('',*,*,#4291,.T.);
#4291 = EDGE_CURVE('',#3993,#4292,#4294,.T.);
#4292 = VERTEX_POINT('',#4293);
#4293 = CARTESIAN_POINT('',(81.265037536622,41.036254882812,
    222.48654139203));
#4294 = LINE('',#4295,#4296);
#4295 = CARTESIAN_POINT('',(81.357078552246,40.762985229492,
    222.5416866557));
#4296 = VECTOR('',#4297,1.);
#4297 = DIRECTION('',(-0.313513216666,0.930820324481,-0.187837659985));
#4298 = ORIENTED_EDGE('',*,*,#4299,.T.);
#4299 = EDGE_CURVE('',#4292,#4055,#4300,.T.);
#4300 = LINE('',#4301,#4302);
#4301 = CARTESIAN_POINT('',(81.265037536621,41.036254882812,
    222.48654139203));
#4302 = VECTOR('',#4303,1.);
#4303 = DIRECTION('',(0.502374733188,-0.638054287132,0.583529223027));
#4304 = ORIENTED_EDGE('',*,*,#4078,.F.);
#4305 = PLANE('',#4306);
#4306 = AXIS2_PLACEMENT_3D('',#4307,#4308,#4309);
#4307 = CARTESIAN_POINT('',(81.356681095991,40.87611470486,
    222.57850777428));
#4308 = DIRECTION('',(0.832362609781,0.174174948327,-0.5261516637));
#4309 = DIRECTION('',(-0.534318875258,-2.935953339762E-19,
    -0.845282993762));
#4310 = ADVANCED_FACE('',(#4311),#4321,.T.);
#4311 = FACE_BOUND('',#4312,.T.);
#4312 = EDGE_LOOP('',(#4313,#4319,#4320));
#4313 = ORIENTED_EDGE('',*,*,#4314,.T.);
#4314 = EDGE_CURVE('',#4292,#4253,#4315,.T.);
#4315 = LINE('',#4316,#4317);
#4316 = CARTESIAN_POINT('',(81.265037536621,41.036254882812,
    222.48654139203));
#4317 = VECTOR('',#4318,1.);
#4318 = DIRECTION('',(0.536358589883,0.152668655643,0.83006731332));
#4319 = ORIENTED_EDGE('',*,*,#4252,.F.);
#4320 = ORIENTED_EDGE('',*,*,#4299,.F.);
#4321 = PLANE('',#4322);
#4322 = AXIS2_PLACEMENT_3D('',#4323,#4324,#4325);
#4323 = CARTESIAN_POINT('',(81.380341987517,40.960949351577,
    222.63813728792));
#4324 = DIRECTION('',(0.820137235739,0.137888935269,-0.555303120904));
#4325 = DIRECTION('',(-0.560658702415,6.425608348535E-18,-0.828046991062
    ));
#4326 = ADVANCED_FACE('',(#4327),#4344,.T.);
#4327 = FACE_BOUND('',#4328,.T.);
#4328 = EDGE_LOOP('',(#4329,#4337,#4343));
#4329 = ORIENTED_EDGE('',*,*,#4330,.T.);
#4330 = EDGE_CURVE('',#3846,#4331,#4333,.T.);
#4331 = VERTEX_POINT('',#4332);
#4332 = CARTESIAN_POINT('',(81.072219848633,40.984157562256,
    222.29701197308));
#4333 = LINE('',#4334,#4335);
#4334 = CARTESIAN_POINT('',(81.225860595703,40.73371887207,
    222.38581049603));
#4335 = VECTOR('',#4336,1.);
#4336 = DIRECTION('',(-0.500561519491,0.815929196448,-0.28930556785));
#4337 = ORIENTED_EDGE('',*,*,#4338,.T.);
#4338 = EDGE_CURVE('',#4331,#3993,#4339,.T.);
#4339 = LINE('',#4340,#4341);
#4340 = CARTESIAN_POINT('',(81.072219848633,40.984157562256,
    222.29701197308));
#4341 = VECTOR('',#4342,1.);
#4342 = DIRECTION('',(0.653635606887,-0.507501122904,0.561429517981));
#4343 = ORIENTED_EDGE('',*,*,#4016,.F.);
#4344 = PLANE('',#4345);
#4345 = AXIS2_PLACEMENT_3D('',#4346,#4347,#4348);
#4346 = CARTESIAN_POINT('',(81.21009006565,40.841663761778,
    222.40376540539));
#4347 = DIRECTION('',(0.726949922011,0.214699564728,-0.652263679652));
#4348 = DIRECTION('',(-0.667837557645,3.897642001479E-17,-0.744307058007
    ));
#4349 = ADVANCED_FACE('',(#4350),#4360,.T.);
#4350 = FACE_BOUND('',#4351,.T.);
#4351 = EDGE_LOOP('',(#4352,#4358,#4359));
#4352 = ORIENTED_EDGE('',*,*,#4353,.T.);
#4353 = EDGE_CURVE('',#4331,#4292,#4354,.T.);
#4354 = LINE('',#4355,#4356);
#4355 = CARTESIAN_POINT('',(81.072219848633,40.984157562256,
    222.29701197308));
#4356 = VECTOR('',#4357,1.);
#4357 = DIRECTION('',(0.700279825663,0.189208277195,0.688337412619));
#4358 = ORIENTED_EDGE('',*,*,#4291,.F.);
#4359 = ORIENTED_EDGE('',*,*,#4338,.F.);
#4360 = PLANE('',#4361);
#4361 = AXIS2_PLACEMENT_3D('',#4362,#4363,#4364);
#4362 = CARTESIAN_POINT('',(81.230207800762,40.918627191691,
    222.43948309904));
#4363 = DIRECTION('',(0.686577950599,8.554973902987E-02,-0.722005512377)
  );
#4364 = DIRECTION('',(0.724662195775,-1.098471845328E-17,0.689104275138)
  );
#4365 = ADVANCED_FACE('',(#4366),#4376,.T.);
#4366 = FACE_BOUND('',#4367,.T.);
#4367 = EDGE_LOOP('',(#4368,#4374,#4375));
#4368 = ORIENTED_EDGE('',*,*,#4369,.T.);
#4369 = EDGE_CURVE('',#3784,#4331,#4370,.T.);
#4370 = LINE('',#4371,#4372);
#4371 = CARTESIAN_POINT('',(81.07096862793,40.699214935303,
    222.25167048139));
#4372 = VECTOR('',#4373,1.);
#4373 = DIRECTION('',(4.336531831942E-03,0.987565797923,0.157146394373)
  );
#4374 = ORIENTED_EDGE('',*,*,#4330,.F.);
#4375 = ORIENTED_EDGE('',*,*,#3869,.F.);
#4376 = PLANE('',#4377);
#4377 = AXIS2_PLACEMENT_3D('',#4378,#4379,#4380);
#4378 = CARTESIAN_POINT('',(81.121059667086,40.81588653615,
    222.31145506985));
#4379 = DIRECTION('',(0.634781470401,0.118707515062,-0.763518834544));
#4380 = DIRECTION('',(0.768955917843,1.189521427815E-16,0.639301803856)
  );
#4381 = ADVANCED_FACE('',(#4382),#4399,.T.);
#4382 = FACE_BOUND('',#4383,.T.);
#4383 = EDGE_LOOP('',(#4384,#4392,#4398));
#4384 = ORIENTED_EDGE('',*,*,#4385,.T.);
#4385 = EDGE_CURVE('',#3654,#4386,#4388,.T.);
#4386 = VERTEX_POINT('',#4387);
#4387 = CARTESIAN_POINT('',(80.851638793946,40.927368164062,
    222.1576153056));
#4388 = LINE('',#4389,#4390);
#4389 = CARTESIAN_POINT('',(80.89542388916,40.659713745117,
    222.14275324506));
#4390 = VECTOR('',#4391,1.);
#4391 = DIRECTION('',(-0.161200389587,0.985403740635,5.471656367243E-02)
  );
#4392 = ORIENTED_EDGE('',*,*,#4393,.T.);
#4393 = EDGE_CURVE('',#4386,#3784,#4394,.T.);
#4394 = LINE('',#4395,#4396);
#4395 = CARTESIAN_POINT('',(80.851638793945,40.927368164062,
    222.1576153056));
#4396 = VECTOR('',#4397,1.);
#4397 = DIRECTION('',(0.664313091469,-0.691037666754,0.284877271171));
#4398 = ORIENTED_EDGE('',*,*,#3807,.F.);
#4399 = PLANE('',#4400);
#4400 = AXIS2_PLACEMENT_3D('',#4401,#4402,#4403);
#4401 = CARTESIAN_POINT('',(80.937617336086,40.772025388172,
    222.18450404284));
#4402 = DIRECTION('',(0.501563955155,0.129545893556,-0.855366272629));
#4403 = DIRECTION('',(0.862635332084,-6.517697901344E-18,0.505826337631)
  );
#4404 = ADVANCED_FACE('',(#4405),#4415,.T.);
#4405 = FACE_BOUND('',#4406,.T.);
#4406 = EDGE_LOOP('',(#4407,#4413,#4414));
#4407 = ORIENTED_EDGE('',*,*,#4408,.T.);
#4408 = EDGE_CURVE('',#4386,#4331,#4409,.T.);
#4409 = LINE('',#4410,#4411);
#4410 = CARTESIAN_POINT('',(80.851638793945,40.927368164062,
    222.1576153056));
#4411 = VECTOR('',#4412,1.);
#4412 = DIRECTION('',(0.826010322126,0.212659374403,0.521998982968));
#4413 = ORIENTED_EDGE('',*,*,#4369,.F.);
#4414 = ORIENTED_EDGE('',*,*,#4393,.F.);
#4415 = PLANE('',#4416);
#4416 = AXIS2_PLACEMENT_3D('',#4417,#4418,#4419);
#4417 = CARTESIAN_POINT('',(80.997419747157,40.865495487818,
    222.23418240331));
#4418 = DIRECTION('',(0.504645672923,0.133508253953,-0.852940965675));
#4419 = DIRECTION('',(0.86064572332,-3.466404008006E-17,0.509204221243)
  );
#4420 = ADVANCED_FACE('',(#4421),#4438,.T.);
#4421 = FACE_BOUND('',#4422,.T.);
#4422 = EDGE_LOOP('',(#4423,#4431,#4437));
#4423 = ORIENTED_EDGE('',*,*,#4424,.T.);
#4424 = EDGE_CURVE('',#3507,#4425,#4427,.T.);
#4425 = VERTEX_POINT('',#4426);
#4426 = CARTESIAN_POINT('',(80.614631652832,40.868690490723,
    222.06893885297));
#4427 = LINE('',#4428,#4429);
#4428 = CARTESIAN_POINT('',(80.704566955566,40.616840362549,
    222.06293451947));
#4429 = VECTOR('',#4430,1.);
#4430 = DIRECTION('',(-0.336214614714,0.941517860452,2.244663231929E-02)
  );
#4431 = ORIENTED_EDGE('',*,*,#4432,.T.);
#4432 = EDGE_CURVE('',#4425,#3654,#4433,.T.);
#4433 = LINE('',#4434,#4435);
#4434 = CARTESIAN_POINT('',(80.614631652832,40.868690490723,
    222.06893885297));
#4435 = VECTOR('',#4436,1.);
#4436 = DIRECTION('',(0.784948168775,-0.584189634032,0.206346417044));
#4437 = ORIENTED_EDGE('',*,*,#3653,.F.);
#4438 = PLANE('',#4439);
#4439 = AXIS2_PLACEMENT_3D('',#4440,#4441,#4442);
#4440 = CARTESIAN_POINT('',(80.73586886957,40.725542135793,
    222.09232546386));
#4441 = DIRECTION('',(0.353073828087,0.148106317281,-0.923798349588));
#4442 = DIRECTION('',(0.934100124299,-2.917097602596E-18,0.357011145181)
  );
#4443 = ADVANCED_FACE('',(#4444),#4454,.T.);
#4444 = FACE_BOUND('',#4445,.T.);
#4445 = EDGE_LOOP('',(#4446,#4452,#4453));
#4446 = ORIENTED_EDGE('',*,*,#4447,.T.);
#4447 = EDGE_CURVE('',#4425,#4386,#4448,.T.);
#4448 = LINE('',#4449,#4450);
#4449 = CARTESIAN_POINT('',(80.614631652832,40.868690490723,
    222.06893885297));
#4450 = VECTOR('',#4451,1.);
#4451 = DIRECTION('',(0.912383068188,0.225885664814,0.341369013409));
#4452 = ORIENTED_EDGE('',*,*,#4385,.F.);
#4453 = ORIENTED_EDGE('',*,*,#4432,.F.);
#4454 = PLANE('',#4455);
#4455 = AXIS2_PLACEMENT_3D('',#4456,#4457,#4458);
#4456 = CARTESIAN_POINT('',(80.784833929465,40.812264839544,
    222.12156231859));
#4457 = DIRECTION('',(0.325473611955,0.105419962204,-0.939656085752));
#4458 = DIRECTION('',(0.944921385172,-5.295799699313E-19,0.32729738136)
  );
#4459 = ADVANCED_FACE('',(#4460),#4477,.T.);
#4460 = FACE_BOUND('',#4461,.T.);
#4461 = EDGE_LOOP('',(#4462,#4470,#4476));
#4462 = ORIENTED_EDGE('',*,*,#4463,.T.);
#4463 = EDGE_CURVE('',#3232,#4464,#4466,.T.);
#4464 = VERTEX_POINT('',#4465);
#4465 = CARTESIAN_POINT('',(80.371215820313,40.810619354248,
    222.03036463422));
#4466 = LINE('',#4467,#4468);
#4467 = CARTESIAN_POINT('',(80.504531860352,40.57251739502,
    222.01456415814));
#4468 = VECTOR('',#4469,1.);
#4469 = DIRECTION('',(-0.487727726438,0.871079933075,5.780497433066E-02)
  );
#4470 = ORIENTED_EDGE('',*,*,#4471,.T.);
#4471 = EDGE_CURVE('',#4464,#3507,#4472,.T.);
#4472 = LINE('',#4473,#4474);
#4473 = CARTESIAN_POINT('',(80.371215820313,40.810619354248,
    222.03036463422));
#4474 = VECTOR('',#4475,1.);
#4475 = DIRECTION('',(0.861472894516,-0.500779302126,8.416972482291E-02)
  );
#4476 = ORIENTED_EDGE('',*,*,#3506,.F.);
#4477 = PLANE('',#4478);
#4478 = AXIS2_PLACEMENT_3D('',#4479,#4480,#4481);
#4479 = CARTESIAN_POINT('',(80.522611303269,40.677993060447,
    222.03714818502));
#4480 = DIRECTION('',(0.195042941031,0.173268768065,-0.965368419396));
#4481 = DIRECTION('',(0.980194271583,1.037108026665E-18,0.198038354757)
  );
#4482 = ADVANCED_FACE('',(#4483),#4493,.T.);
#4483 = FACE_BOUND('',#4484,.T.);
#4484 = EDGE_LOOP('',(#4485,#4491,#4492));
#4485 = ORIENTED_EDGE('',*,*,#4486,.T.);
#4486 = EDGE_CURVE('',#4464,#4425,#4487,.T.);
#4487 = LINE('',#4488,#4489);
#4488 = CARTESIAN_POINT('',(80.371215820313,40.810619354248,
    222.03036463422));
#4489 = VECTOR('',#4490,1.);
#4490 = DIRECTION('',(0.961348540635,0.229346635858,0.152345344662));
#4491 = ORIENTED_EDGE('',*,*,#4424,.F.);
#4492 = ORIENTED_EDGE('',*,*,#4471,.F.);
#4493 = PLANE('',#4494);
#4494 = AXIS2_PLACEMENT_3D('',#4495,#4496,#4497);
#4495 = CARTESIAN_POINT('',(80.561215531512,40.757415555948,
    222.05317117645));
#4496 = DIRECTION('',(0.139039825661,7.319566069259E-02,-0.987578008127)
  );
#4497 = DIRECTION('',(0.990234212385,4.981156946733E-19,0.139413789211)
  );
#4498 = ADVANCED_FACE('',(#4499),#4509,.T.);
#4499 = FACE_BOUND('',#4500,.T.);
#4500 = EDGE_LOOP('',(#4501,#4507,#4508));
#4501 = ORIENTED_EDGE('',*,*,#4502,.T.);
#4502 = EDGE_CURVE('',#3276,#4464,#4503,.T.);
#4503 = LINE('',#4504,#4505);
#4504 = CARTESIAN_POINT('',(80.351112365723,40.731010437012,
    222.01499140424));
#4505 = VECTOR('',#4506,1.);
#4506 = DIRECTION('',(0.240659602216,0.953002891583,0.184033813459));
#4507 = ORIENTED_EDGE('',*,*,#4463,.F.);
#4508 = ORIENTED_EDGE('',*,*,#3283,.F.);
#4509 = PLANE('',#4510);
#4510 = AXIS2_PLACEMENT_3D('',#4511,#4512,#4513);
#4511 = CARTESIAN_POINT('',(80.422937428358,40.687827125117,
    222.01955907876));
#4512 = DIRECTION('',(0.152398540277,0.150153347366,-0.976846281252));
#4513 = DIRECTION('',(0.988048059578,4.370379944031E-19,0.154146138337)
  );
#4514 = ADVANCED_FACE('',(#4515),#4532,.T.);
#4515 = FACE_BOUND('',#4516,.T.);
#4516 = EDGE_LOOP('',(#4517,#4518,#4526));
#4517 = ORIENTED_EDGE('',*,*,#3122,.F.);
#4518 = ORIENTED_EDGE('',*,*,#4519,.T.);
#4519 = EDGE_CURVE('',#3026,#4520,#4522,.T.);
#4520 = VERTEX_POINT('',#4521);
#4521 = CARTESIAN_POINT('',(55.647453308106,-41.10487747192,
    222.02070582074));
#4522 = LINE('',#4523,#4524);
#4523 = CARTESIAN_POINT('',(63.848670959473,-41.15268325805,
    222.0426708476));
#4524 = VECTOR('',#4525,1.);
#4525 = DIRECTION('',(-0.999979424834,5.828988395747E-03,
    -2.678208999578E-03));
#4526 = ORIENTED_EDGE('',*,*,#4527,.T.);
#4527 = EDGE_CURVE('',#4520,#3078,#4528,.T.);
#4528 = LINE('',#4529,#4530);
#4529 = CARTESIAN_POINT('',(55.647453308105,-41.10487747192,
    222.02070582074));
#4530 = VECTOR('',#4531,1.);
#4531 = DIRECTION('',(0.14706362989,0.974840702381,-0.167504906632));
#4532 = PLANE('',#4533);
#4533 = AXIS2_PLACEMENT_3D('',#4534,#4535,#4536);
#4534 = CARTESIAN_POINT('',(59.73949143289,-41.11887719558,
    222.02996983237));
#4535 = DIRECTION('',(1.650919805509E-03,-0.169587880173,-0.985513686035
    ));
#4536 = DIRECTION('',(-5.577513692448E-20,0.985515029064,-0.169588111282
    ));
#4537 = ADVANCED_FACE('',(#4538),#4548,.T.);
#4538 = FACE_BOUND('',#4539,.T.);
#4539 = EDGE_LOOP('',(#4540,#4546,#4547));
#4540 = ORIENTED_EDGE('',*,*,#4541,.T.);
#4541 = EDGE_CURVE('',#4520,#3050,#4542,.T.);
#4542 = LINE('',#4543,#4544);
#4543 = CARTESIAN_POINT('',(55.647453308105,-41.10487747192,
    222.02070582074));
#4544 = VECTOR('',#4545,1.);
#4545 = DIRECTION('',(-0.617115720994,0.78646235441,-2.539984248346E-02)
  );
#4546 = ORIENTED_EDGE('',*,*,#3077,.F.);
#4547 = ORIENTED_EDGE('',*,*,#4527,.F.);
#4548 = PLANE('',#4549);
#4549 = AXIS2_PLACEMENT_3D('',#4550,#4551,#4552);
#4550 = CARTESIAN_POINT('',(55.57300299748,-40.99796881747,
    222.01584541389));
#4551 = DIRECTION('',(-0.145932083308,-0.146109153515,-0.978445676735));
#4552 = DIRECTION('',(-1.170382375816E-19,0.98903366702,-0.147690234954)
  );
#4553 = ADVANCED_FACE('',(#4554),#4571,.T.);
#4554 = FACE_BOUND('',#4555,.T.);
#4555 = EDGE_LOOP('',(#4556,#4557,#4565));
#4556 = ORIENTED_EDGE('',*,*,#4519,.F.);
#4557 = ORIENTED_EDGE('',*,*,#4558,.T.);
#4558 = EDGE_CURVE('',#3026,#4559,#4561,.T.);
#4559 = VERTEX_POINT('',#4560);
#4560 = CARTESIAN_POINT('',(55.624885559082,-41.25484848022,
    222.05820429486));
#4561 = LINE('',#4562,#4563);
#4562 = CARTESIAN_POINT('',(63.848670959473,-41.15268325805,
    222.0426708476));
#4563 = VECTOR('',#4564,1.);
#4564 = DIRECTION('',(-0.999921058302,-1.242215744917E-02,
    1.888694837317E-03));
#4565 = ORIENTED_EDGE('',*,*,#4566,.T.);
#4566 = EDGE_CURVE('',#4559,#4520,#4567,.T.);
#4567 = LINE('',#4568,#4569);
#4568 = CARTESIAN_POINT('',(55.624885559082,-41.25484848022,
    222.05820429486));
#4569 = VECTOR('',#4570,1.);
#4570 = DIRECTION('',(0.144455252103,0.959958380862,-0.240026221801));
#4571 = PLANE('',#4572);
#4572 = AXIS2_PLACEMENT_3D('',#4573,#4574,#4575);
#4573 = CARTESIAN_POINT('',(59.703725607236,-41.16645326608,
    222.0410608343));
#4574 = DIRECTION('',(1.183215128754E-03,-0.242737863432,-0.970091196568
    ));
#4575 = DIRECTION('',(1.991139452737E-20,0.970091875631,-0.242738033348)
  );
#4576 = ADVANCED_FACE('',(#4577),#4594,.T.);
#4577 = FACE_BOUND('',#4578,.T.);
#4578 = EDGE_LOOP('',(#4579,#4587,#4593));
#4579 = ORIENTED_EDGE('',*,*,#4580,.T.);
#4580 = EDGE_CURVE('',#4559,#4581,#4583,.T.);
#4581 = VERTEX_POINT('',#4582);
#4582 = CARTESIAN_POINT('',(55.425788879395,-41.14261627197,
    222.04734766644));
#4583 = LINE('',#4584,#4585);
#4584 = CARTESIAN_POINT('',(55.624885559082,-41.25484848022,
    222.05820429486));
#4585 = VECTOR('',#4586,1.);
#4586 = DIRECTION('',(-0.870144695606,0.490506726882,-4.744849409288E-02
    ));
#4587 = ORIENTED_EDGE('',*,*,#4588,.T.);
#4588 = EDGE_CURVE('',#4581,#4520,#4589,.T.);
#4589 = LINE('',#4590,#4591);
#4590 = CARTESIAN_POINT('',(55.425788879395,-41.14261627197,
    222.04734766644));
#4591 = VECTOR('',#4592,1.);
#4592 = DIRECTION('',(0.978967011925,0.166671037533,-0.117662036403));
#4593 = ORIENTED_EDGE('',*,*,#4566,.F.);
#4594 = PLANE('',#4595);
#4595 = AXIS2_PLACEMENT_3D('',#4596,#4597,#4598);
#4596 = CARTESIAN_POINT('',(55.557832950513,-41.16614387576,
    222.04242961145));
#4597 = DIRECTION('',(-7.726422670961E-02,-0.230887203354,
    -0.969907902122));
#4598 = DIRECTION('',(-5.636134608478E-19,0.972815988104,-0.231579475102
    ));
#4599 = ADVANCED_FACE('',(#4600),#4617,.T.);
#4600 = FACE_BOUND('',#4601,.T.);
#4601 = EDGE_LOOP('',(#4602,#4610,#4611));
#4602 = ORIENTED_EDGE('',*,*,#4603,.T.);
#4603 = EDGE_CURVE('',#4604,#3050,#4606,.T.);
#4604 = VERTEX_POINT('',#4605);
#4605 = CARTESIAN_POINT('',(55.294204711914,-40.92487716674,
    222.05821192426));
#4606 = LINE('',#4607,#4608);
#4607 = CARTESIAN_POINT('',(55.294204711914,-40.92487716674,
    222.05821192426));
#4608 = VECTOR('',#4609,1.);
#4609 = DIRECTION('',(0.963001306063,0.147931508345,-0.225265961388));
#4610 = ORIENTED_EDGE('',*,*,#4541,.F.);
#4611 = ORIENTED_EDGE('',*,*,#4612,.T.);
#4612 = EDGE_CURVE('',#4520,#4604,#4613,.T.);
#4613 = LINE('',#4614,#4615);
#4614 = CARTESIAN_POINT('',(55.647453308105,-41.10487747192,
    222.02070582074));
#4615 = VECTOR('',#4616,1.);
#4616 = DIRECTION('',(-0.887034770881,0.451994802475,9.418075060258E-02)
  );
#4617 = PLANE('',#4618);
#4618 = AXIS2_PLACEMENT_3D('',#4619,#4620,#4621);
#4619 = CARTESIAN_POINT('',(55.481325248807,-40.98652221713,
    222.03185217176));
#4620 = DIRECTION('',(-0.196720866164,-0.185455154811,-0.962760243451));
#4621 = DIRECTION('',(0.979756342364,1.257988416024E-17,-0.200193680214)
  );
#4622 = ADVANCED_FACE('',(#4623),#4633,.T.);
#4623 = FACE_BOUND('',#4624,.T.);
#4624 = EDGE_LOOP('',(#4625,#4626,#4632));
#4625 = ORIENTED_EDGE('',*,*,#4588,.F.);
#4626 = ORIENTED_EDGE('',*,*,#4627,.T.);
#4627 = EDGE_CURVE('',#4581,#4604,#4628,.T.);
#4628 = LINE('',#4629,#4630);
#4629 = CARTESIAN_POINT('',(55.425788879395,-41.14261627197,
    222.04734766644));
#4630 = VECTOR('',#4631,1.);
#4631 = DIRECTION('',(-0.516741031,0.85507802251,4.266476651847E-02));
#4632 = ORIENTED_EDGE('',*,*,#4612,.F.);
#4633 = PLANE('',#4634);
#4634 = AXIS2_PLACEMENT_3D('',#4635,#4636,#4637);
#4635 = CARTESIAN_POINT('',(55.455674438695,-41.048376451,
    222.04191773791));
#4636 = DIRECTION('',(-0.115869491606,-2.047313511738E-02,
    -0.993053428398));
#4637 = DIRECTION('',(0.993261612651,-1.050085353503E-19,-0.115893782548
    ));
#4638 = ADVANCED_FACE('',(#4639),#4656,.T.);
#4639 = FACE_BOUND('',#4640,.T.);
#4640 = EDGE_LOOP('',(#4641,#4649,#4650));
#4641 = ORIENTED_EDGE('',*,*,#4642,.T.);
#4642 = EDGE_CURVE('',#4643,#4581,#4645,.T.);
#4643 = VERTEX_POINT('',#4644);
#4644 = CARTESIAN_POINT('',(55.611564636231,-41.34259796142,
    222.08927118939));
#4645 = LINE('',#4646,#4647);
#4646 = CARTESIAN_POINT('',(55.61156463623,-41.34259796142,
    222.08927118939));
#4647 = VECTOR('',#4648,1.);
#4648 = DIRECTION('',(-0.672717012174,0.724158452694,-0.151810266197));
#4649 = ORIENTED_EDGE('',*,*,#4580,.F.);
#4650 = ORIENTED_EDGE('',*,*,#4651,.F.);
#4651 = EDGE_CURVE('',#4643,#4559,#4652,.T.);
#4652 = LINE('',#4653,#4654);
#4653 = CARTESIAN_POINT('',(55.61156463623,-41.34259796142,
    222.08927118939));
#4654 = VECTOR('',#4655,1.);
#4655 = DIRECTION('',(0.141659286712,0.933158239471,-0.330376068437));
#4656 = PLANE('',#4657);
#4657 = AXIS2_PLACEMENT_3D('',#4658,#4659,#4660);
#4658 = CARTESIAN_POINT('',(55.536848670309,-41.2346571336,
    222.06322807302));
#4659 = DIRECTION('',(-0.125733630798,-0.314077513018,-0.941034733632));
#4660 = DIRECTION('',(-2.044046815296E-18,0.948562490182,-0.316589959128
    ));
#4661 = ADVANCED_FACE('',(#4662),#4679,.T.);
#4662 = FACE_BOUND('',#4663,.T.);
#4663 = EDGE_LOOP('',(#4664,#4672,#4678));
#4664 = ORIENTED_EDGE('',*,*,#4665,.T.);
#4665 = EDGE_CURVE('',#4559,#4666,#4668,.T.);
#4666 = VERTEX_POINT('',#4667);
#4667 = CARTESIAN_POINT('',(63.851692199707,-41.46620178222,
    222.1725460307));
#4668 = LINE('',#4669,#4670);
#4669 = CARTESIAN_POINT('',(55.624885559082,-41.25484848022,
    222.05820429486));
#4670 = VECTOR('',#4671,1.);
#4671 = DIRECTION('',(0.999573677374,-2.567985447282E-02,
    1.389275260298E-02));
#4672 = ORIENTED_EDGE('',*,*,#4673,.T.);
#4673 = EDGE_CURVE('',#4666,#4643,#4674,.T.);
#4674 = LINE('',#4675,#4676);
#4675 = CARTESIAN_POINT('',(63.851692199707,-41.46620178222,
    222.1725460307));
#4676 = VECTOR('',#4677,1.);
#4677 = DIRECTION('',(-0.999836470894,1.499777849632E-02,
    -1.010436098311E-02));
#4678 = ORIENTED_EDGE('',*,*,#4651,.T.);
#4679 = PLANE('',#4680);
#4680 = AXIS2_PLACEMENT_3D('',#4681,#4682,#4683);
#4681 = CARTESIAN_POINT('',(59.711588007498,-41.3820019389,
    222.12286667887));
#4682 = DIRECTION('',(4.509031036542E-03,-0.334346490213,-0.942439437376
    ));
#4683 = DIRECTION('',(1.732492498446E-19,0.94244901806,-0.334349889124)
  );
#4684 = ADVANCED_FACE('',(#4685),#4695,.T.);
#4685 = FACE_BOUND('',#4686,.T.);
#4686 = EDGE_LOOP('',(#4687,#4688,#4694));
#4687 = ORIENTED_EDGE('',*,*,#4558,.F.);
#4688 = ORIENTED_EDGE('',*,*,#4689,.T.);
#4689 = EDGE_CURVE('',#3026,#4666,#4690,.T.);
#4690 = LINE('',#4691,#4692);
#4691 = CARTESIAN_POINT('',(63.848670959473,-41.15268325805,
    222.0426708476));
#4692 = VECTOR('',#4693,1.);
#4693 = DIRECTION('',(8.902552178126E-03,-0.923830878616,0.382697337698)
  );
#4694 = ORIENTED_EDGE('',*,*,#4665,.F.);
#4695 = PLANE('',#4696);
#4696 = AXIS2_PLACEMENT_3D('',#4697,#4698,#4699);
#4697 = CARTESIAN_POINT('',(59.820640349448,-41.28272455193,
    222.08341690474));
#4698 = DIRECTION('',(3.009108327349E-03,-0.38268602097,-0.923873559867)
  );
#4699 = DIRECTION('',(6.584383754225E-20,0.92387774261,-0.382687753541)
  );
#4700 = ADVANCED_FACE('',(#4701),#4718,.T.);
#4701 = FACE_BOUND('',#4702,.T.);
#4702 = EDGE_LOOP('',(#4703,#4704,#4712));
#4703 = ORIENTED_EDGE('',*,*,#4673,.F.);
#4704 = ORIENTED_EDGE('',*,*,#4705,.T.);
#4705 = EDGE_CURVE('',#4666,#4706,#4708,.T.);
#4706 = VERTEX_POINT('',#4707);
#4707 = CARTESIAN_POINT('',(55.598175048828,-41.42974090576,
    222.12742579144));
#4708 = LINE('',#4709,#4710);
#4709 = CARTESIAN_POINT('',(63.851692199707,-41.46620178222,
    222.1725460307));
#4710 = VECTOR('',#4711,1.);
#4711 = DIRECTION('',(-0.999975300353,4.417507739739E-03,
    -5.466654273449E-03));
#4712 = ORIENTED_EDGE('',*,*,#4713,.T.);
#4713 = EDGE_CURVE('',#4706,#4643,#4714,.T.);
#4714 = LINE('',#4715,#4716);
#4715 = CARTESIAN_POINT('',(55.598175048828,-41.42974090576,
    222.12742579144));
#4716 = VECTOR('',#4717,1.);
#4717 = DIRECTION('',(0.139376998538,0.90710203835,-0.397164883014));
#4718 = PLANE('',#4719);
#4719 = AXIS2_PLACEMENT_3D('',#4720,#4721,#4722);
#4720 = CARTESIAN_POINT('',(59.704403007084,-41.42596998431,
    222.14026844127));
#4721 = DIRECTION('',(3.233142183701E-03,-0.401494388195,-0.915855776331
    ));
#4722 = DIRECTION('',(1.277774682191E-19,0.915860563184,-0.401496486664)
  );
#4723 = ADVANCED_FACE('',(#4724),#4741,.T.);
#4724 = FACE_BOUND('',#4725,.T.);
#4725 = EDGE_LOOP('',(#4726,#4734,#4740));
#4726 = ORIENTED_EDGE('',*,*,#4727,.T.);
#4727 = EDGE_CURVE('',#4706,#4728,#4730,.T.);
#4728 = VERTEX_POINT('',#4729);
#4729 = CARTESIAN_POINT('',(55.393203735352,-41.38703918457,
    222.12735712689));
#4730 = LINE('',#4731,#4732);
#4731 = CARTESIAN_POINT('',(55.598175048828,-41.42974090576,
    222.12742579144));
#4732 = VECTOR('',#4733,1.);
#4733 = DIRECTION('',(-0.978980973399,0.203951332841,-3.279546177546E-04
    ));
#4734 = ORIENTED_EDGE('',*,*,#4735,.T.);
#4735 = EDGE_CURVE('',#4728,#4643,#4736,.T.);
#4736 = LINE('',#4737,#4738);
#4737 = CARTESIAN_POINT('',(55.393203735352,-41.38703918457,
    222.12735712689));
#4738 = VECTOR('',#4739,1.);
#4739 = DIRECTION('',(0.965905182558,0.196582847853,-0.168470656907));
#4740 = ORIENTED_EDGE('',*,*,#4713,.F.);
#4741 = PLANE('',#4742);
#4742 = AXIS2_PLACEMENT_3D('',#4743,#4744,#4745);
#4743 = CARTESIAN_POINT('',(55.518270730381,-41.38584134022,
    222.11583530845));
#4744 = DIRECTION('',(-8.080064359445E-02,-0.389324288026,
    -0.917549919485));
#4745 = DIRECTION('',(-3.621740887592E-18,0.920559890295,-0.390601444416
    ));
#4746 = ADVANCED_FACE('',(#4747),#4764,.T.);
#4747 = FACE_BOUND('',#4748,.T.);
#4748 = EDGE_LOOP('',(#4749,#4757,#4758));
#4749 = ORIENTED_EDGE('',*,*,#4750,.T.);
#4750 = EDGE_CURVE('',#4751,#4581,#4753,.T.);
#4751 = VERTEX_POINT('',#4752);
#4752 = CARTESIAN_POINT('',(55.207786560059,-41.18153381347,
    222.11447107953));
#4753 = LINE('',#4754,#4755);
#4754 = CARTESIAN_POINT('',(55.207786560059,-41.18153381347,
    222.11447107953));
#4755 = VECTOR('',#4756,1.);
#4756 = DIRECTION('',(0.942108863095,0.168184269288,-0.29007747524));
#4757 = ORIENTED_EDGE('',*,*,#4642,.F.);
#4758 = ORIENTED_EDGE('',*,*,#4759,.T.);
#4759 = EDGE_CURVE('',#4643,#4751,#4760,.T.);
#4760 = LINE('',#4761,#4762);
#4761 = CARTESIAN_POINT('',(55.61156463623,-41.34259796142,
    222.08927118939));
#4762 = VECTOR('',#4763,1.);
#4763 = DIRECTION('',(-0.927274225671,0.369882967616,5.787141499869E-02)
  );
#4764 = PLANE('',#4765);
#4765 = AXIS2_PLACEMENT_3D('',#4766,#4767,#4768);
#4766 = CARTESIAN_POINT('',(55.418803239677,-41.23183117744,
    222.08689891876));
#4767 = DIRECTION('',(-0.208801410208,-0.382640695711,-0.899993371687));
#4768 = DIRECTION('',(1.041307524355E-18,0.92027808413,-0.391264933095)
  );
#4769 = ADVANCED_FACE('',(#4770),#4780,.T.);
#4770 = FACE_BOUND('',#4771,.T.);
#4771 = EDGE_LOOP('',(#4772,#4773,#4779));
#4772 = ORIENTED_EDGE('',*,*,#4735,.F.);
#4773 = ORIENTED_EDGE('',*,*,#4774,.T.);
#4774 = EDGE_CURVE('',#4728,#4751,#4775,.T.);
#4775 = LINE('',#4776,#4777);
#4776 = CARTESIAN_POINT('',(55.393203735352,-41.38703918457,
    222.12735712689));
#4777 = VECTOR('',#4778,1.);
#4778 = DIRECTION('',(-0.669162291118,0.741659691131,-4.650516848534E-02
    ));
#4779 = ORIENTED_EDGE('',*,*,#4759,.F.);
#4780 = PLANE('',#4781);
#4781 = AXIS2_PLACEMENT_3D('',#4782,#4783,#4784);
#4782 = CARTESIAN_POINT('',(55.399773503292,-41.29337435981,
    222.10904472168));
#4783 = DIRECTION('',(-0.133080910653,-0.181171535967,-0.974405637183));
#4784 = DIRECTION('',(1.225905506205E-18,0.983150587971,-0.182797487322)
  );
#4785 = ADVANCED_FACE('',(#4786),#4803,.T.);
#4786 = FACE_BOUND('',#4787,.T.);
#4787 = EDGE_LOOP('',(#4788,#4789,#4797));
#4788 = ORIENTED_EDGE('',*,*,#4705,.F.);
#4789 = ORIENTED_EDGE('',*,*,#4790,.T.);
#4790 = EDGE_CURVE('',#4666,#4791,#4793,.T.);
#4791 = VERTEX_POINT('',#4792);
#4792 = CARTESIAN_POINT('',(55.576606750488,-41.57004928588,
    222.20610773724));
#4793 = LINE('',#4794,#4795);
#4794 = CARTESIAN_POINT('',(63.851692199707,-41.46620178222,
    222.1725460307));
#4795 = VECTOR('',#4796,1.);
#4796 = DIRECTION('',(-0.999913042833,-1.254832642088E-02,
    4.055400795315E-03));
#4797 = ORIENTED_EDGE('',*,*,#4798,.T.);
#4798 = EDGE_CURVE('',#4791,#4706,#4799,.T.);
#4799 = LINE('',#4800,#4801);
#4800 = CARTESIAN_POINT('',(55.576606750488,-41.57004928588,
    222.20610773724));
#4801 = VECTOR('',#4802,1.);
#4802 = DIRECTION('',(0.132888542854,0.864480632243,-0.484782293049));
#4803 = PLANE('',#4804);
#4804 = AXIS2_PLACEMENT_3D('',#4805,#4806,#4807);
#4805 = CARTESIAN_POINT('',(59.679355284447,-41.4832586568,
    222.16965432504));
#4806 = DIRECTION('',(2.605187901699E-03,-0.489423280323,-0.872042467816
    ));
#4807 = DIRECTION('',(-5.165466091621E-20,0.872045427108,-0.48942494119)
  );
#4808 = ADVANCED_FACE('',(#4809),#4819,.T.);
#4809 = FACE_BOUND('',#4810,.T.);
#4810 = EDGE_LOOP('',(#4811,#4817,#4818));
#4811 = ORIENTED_EDGE('',*,*,#4812,.T.);
#4812 = EDGE_CURVE('',#4791,#4728,#4813,.T.);
#4813 = LINE('',#4814,#4815);
#4814 = CARTESIAN_POINT('',(55.576606750488,-41.57004928588,
    222.20610773724));
#4815 = VECTOR('',#4816,1.);
#4816 = DIRECTION('',(-0.677271191793,0.675820238493,-0.290810484699));
#4817 = ORIENTED_EDGE('',*,*,#4727,.F.);
#4818 = ORIENTED_EDGE('',*,*,#4798,.F.);
#4819 = PLANE('',#4820);
#4820 = AXIS2_PLACEMENT_3D('',#4821,#4822,#4823);
#4821 = CARTESIAN_POINT('',(55.514309909631,-41.46107577906,
    222.15392048053));
#4822 = DIRECTION('',(-9.869467268785E-02,-0.475147446682,
    -0.874353627256));
#4823 = DIRECTION('',(9.403275968226E-18,0.878643372729,-0.477478610578)
  );
#4824 = ADVANCED_FACE('',(#4825),#4842,.T.);
#4825 = FACE_BOUND('',#4826,.T.);
#4826 = EDGE_LOOP('',(#4827,#4828,#4836));
#4827 = ORIENTED_EDGE('',*,*,#4790,.F.);
#4828 = ORIENTED_EDGE('',*,*,#4829,.T.);
#4829 = EDGE_CURVE('',#4666,#4830,#4832,.T.);
#4830 = VERTEX_POINT('',#4831);
#4831 = CARTESIAN_POINT('',(63.854278564453,-41.73543167114,
    222.37913477582));
#4832 = LINE('',#4833,#4834);
#4833 = CARTESIAN_POINT('',(63.851692199707,-41.46620178222,
    222.1725460307));
#4834 = VECTOR('',#4835,1.);
#4835 = DIRECTION('',(7.621131627716E-03,-0.793328328745,0.608746319219)
  );
#4836 = ORIENTED_EDGE('',*,*,#4837,.T.);
#4837 = EDGE_CURVE('',#4830,#4791,#4838,.T.);
#4838 = LINE('',#4839,#4840);
#4839 = CARTESIAN_POINT('',(63.854278564453,-41.73543167114,
    222.37913477582));
#4840 = VECTOR('',#4841,1.);
#4841 = DIRECTION('',(-0.9995822102,1.997098869049E-02,
    -2.089412983862E-02));
#4842 = PLANE('',#4843);
#4843 = AXIS2_PLACEMENT_3D('',#4844,#4845,#4846);
#4844 = CARTESIAN_POINT('',(59.797913094882,-41.58576321154,
    222.24169065302));
#4845 = DIRECTION('',(4.421534189699E-03,-0.60873131304,-0.793364127347)
  );
#4846 = DIRECTION('',(1.387258357918E-19,0.793371882581,-0.608737263465)
  );
#4847 = ADVANCED_FACE('',(#4848),#4865,.T.);
#4848 = FACE_BOUND('',#4849,.T.);
#4849 = EDGE_LOOP('',(#4850,#4858,#4859));
#4850 = ORIENTED_EDGE('',*,*,#4851,.T.);
#4851 = EDGE_CURVE('',#4852,#4728,#4854,.T.);
#4852 = VERTEX_POINT('',#4853);
#4853 = CARTESIAN_POINT('',(55.179649353027,-41.43555450439,
    222.21047938031));
#4854 = LINE('',#4855,#4856);
#4855 = CARTESIAN_POINT('',(55.179649353027,-41.43555450439,
    222.21047938031));
#4856 = VECTOR('',#4857,1.);
#4857 = DIRECTION('',(0.91168931957,0.207117730097,-0.354858888097));
#4858 = ORIENTED_EDGE('',*,*,#4812,.F.);
#4859 = ORIENTED_EDGE('',*,*,#4860,.T.);
#4860 = EDGE_CURVE('',#4791,#4852,#4861,.T.);
#4861 = LINE('',#4862,#4863);
#4862 = CARTESIAN_POINT('',(55.576606750488,-41.57004928588,
    222.20610773724));
#4863 = VECTOR('',#4864,1.);
#4864 = DIRECTION('',(-0.947062991273,0.320878338298,1.042988841052E-02)
  );
#4865 = PLANE('',#4866);
#4866 = AXIS2_PLACEMENT_3D('',#4867,#4868,#4869);
#4867 = CARTESIAN_POINT('',(55.386172730312,-41.47250154163,
    222.18613570518));
#4868 = DIRECTION('',(-0.193666056682,-0.545085848695,-0.81570514038));
#4869 = DIRECTION('',(1.124597543232E-16,0.831446493087,-0.555604831812)
  );
#4870 = ADVANCED_FACE('',(#4871),#4895,.T.);
#4871 = FACE_BOUND('',#4872,.T.);
#4872 = EDGE_LOOP('',(#4873,#4883,#4889));
#4873 = ORIENTED_EDGE('',*,*,#4874,.T.);
#4874 = EDGE_CURVE('',#4875,#4877,#4879,.T.);
#4875 = VERTEX_POINT('',#4876);
#4876 = CARTESIAN_POINT('',(55.554023742676,-41.72005844116,
    222.31902277631));
#4877 = VERTEX_POINT('',#4878);
#4878 = CARTESIAN_POINT('',(55.369918823242,-41.62559890747,
    222.2637859599));
#4879 = LINE('',#4880,#4881);
#4880 = CARTESIAN_POINT('',(55.554023742676,-41.72005844116,
    222.31902277631));
#4881 = VECTOR('',#4882,1.);
#4882 = DIRECTION('',(-0.859624778832,0.441051526531,-0.257912369929));
#4883 = ORIENTED_EDGE('',*,*,#4884,.T.);
#4884 = EDGE_CURVE('',#4877,#4791,#4885,.T.);
#4885 = LINE('',#4886,#4887);
#4886 = CARTESIAN_POINT('',(55.369918823242,-41.62559890747,
    222.2637859599));
#4887 = VECTOR('',#4888,1.);
#4888 = DIRECTION('',(0.93246160121,0.250609166085,-0.260212236726));
#4889 = ORIENTED_EDGE('',*,*,#4890,.T.);
#4890 = EDGE_CURVE('',#4791,#4875,#4891,.T.);
#4891 = LINE('',#4892,#4893);
#4892 = CARTESIAN_POINT('',(55.576606750488,-41.57004928588,
    222.20610773724));
#4893 = VECTOR('',#4894,1.);
#4894 = DIRECTION('',(-0.119417390398,-0.793238084459,0.597086951988));
#4895 = PLANE('',#4896);
#4896 = AXIS2_PLACEMENT_3D('',#4897,#4898,#4899);
#4897 = CARTESIAN_POINT('',(55.497248781342,-41.63782054126,
    222.2626526096));
#4898 = DIRECTION('',(-6.414937925746E-02,-0.593969248729,
    -0.801926049399));
#4899 = DIRECTION('',(-1.231044344044E-18,0.803581179606,-0.595195167809
    ));
#4900 = ADVANCED_FACE('',(#4901),#4911,.T.);
#4901 = FACE_BOUND('',#4902,.T.);
#4902 = EDGE_LOOP('',(#4903,#4904,#4910));
#4903 = ORIENTED_EDGE('',*,*,#4884,.F.);
#4904 = ORIENTED_EDGE('',*,*,#4905,.T.);
#4905 = EDGE_CURVE('',#4877,#4852,#4906,.T.);
#4906 = LINE('',#4907,#4908);
#4907 = CARTESIAN_POINT('',(55.369918823242,-41.62559890747,
    222.2637859599));
#4908 = VECTOR('',#4909,1.);
#4909 = DIRECTION('',(-0.694021642239,0.693200693587,-0.1944396012));
#4910 = ORIENTED_EDGE('',*,*,#4860,.F.);
#4911 = PLANE('',#4912);
#4912 = AXIS2_PLACEMENT_3D('',#4913,#4914,#4915);
#4913 = CARTESIAN_POINT('',(55.370209830473,-41.534144357,
    222.22339184128));
#4914 = DIRECTION('',(-0.145276629112,-0.399356521555,-0.905212168348));
#4915 = DIRECTION('',(1.367287404616E-18,0.91491846896,-0.403638693829)
  );
#4916 = ADVANCED_FACE('',(#4917),#4927,.T.);
#4917 = FACE_BOUND('',#4918,.T.);
#4918 = EDGE_LOOP('',(#4919,#4920,#4926));
#4919 = ORIENTED_EDGE('',*,*,#4837,.F.);
#4920 = ORIENTED_EDGE('',*,*,#4921,.T.);
#4921 = EDGE_CURVE('',#4830,#4875,#4922,.T.);
#4922 = LINE('',#4923,#4924);
#4923 = CARTESIAN_POINT('',(63.854278564453,-41.73543167114,
    222.37913477582));
#4924 = VECTOR('',#4925,1.);
#4925 = DIRECTION('',(-0.999972061323,1.852087773549E-03,
    -7.241984897167E-03));
#4926 = ORIENTED_EDGE('',*,*,#4890,.F.);
#4927 = PLANE('',#4928);
#4928 = AXIS2_PLACEMENT_3D('',#4929,#4930,#4931);
#4929 = CARTESIAN_POINT('',(59.663056437517,-41.68977649026,
    222.32022536531));
#4930 = DIRECTION('',(4.668996329357E-03,-0.601832443239,-0.798608734449
    ));
#4931 = DIRECTION('',(-4.201701109807E-19,0.798617439237,-0.601839003178
    ));
#4932 = ADVANCED_FACE('',(#4933),#4950,.T.);
#4933 = FACE_BOUND('',#4934,.T.);
#4934 = EDGE_LOOP('',(#4935,#4936,#4944));
#4935 = ORIENTED_EDGE('',*,*,#4921,.F.);
#4936 = ORIENTED_EDGE('',*,*,#4937,.T.);
#4937 = EDGE_CURVE('',#4830,#4938,#4940,.T.);
#4938 = VERTEX_POINT('',#4939);
#4939 = CARTESIAN_POINT('',(55.544036865234,-41.78677749633,
    222.38151514691));
#4940 = LINE('',#4941,#4942);
#4941 = CARTESIAN_POINT('',(63.854278564453,-41.73543167114,
    222.37913477582));
#4942 = VECTOR('',#4943,1.);
#4943 = DIRECTION('',(-0.999980871853,-6.178501769648E-03,
    2.864327714904E-04));
#4944 = ORIENTED_EDGE('',*,*,#4945,.T.);
#4945 = EDGE_CURVE('',#4938,#4875,#4946,.T.);
#4946 = LINE('',#4947,#4948);
#4947 = CARTESIAN_POINT('',(55.544036865234,-41.78677749633,
    222.38151514691));
#4948 = VECTOR('',#4949,1.);
#4949 = DIRECTION('',(0.108601357954,0.725530080452,-0.679567397253));
#4950 = PLANE('',#4951);
#4951 = AXIS2_PLACEMENT_3D('',#4952,#4953,#4954);
#4952 = CARTESIAN_POINT('',(59.678790300616,-41.74448423278,
    222.36463168008));
#4953 = DIRECTION('',(4.016746607054E-03,-0.683925384414,-0.72954090653)
  );
#4954 = DIRECTION('',(-1.947350060442E-19,0.7295467919,-0.683930901793)
  );
#4955 = ADVANCED_FACE('',(#4956),#4966,.T.);
#4956 = FACE_BOUND('',#4957,.T.);
#4957 = EDGE_LOOP('',(#4958,#4964,#4965));
#4958 = ORIENTED_EDGE('',*,*,#4959,.T.);
#4959 = EDGE_CURVE('',#4938,#4877,#4960,.T.);
#4960 = LINE('',#4961,#4962);
#4961 = CARTESIAN_POINT('',(55.544036865234,-41.78677749633,
    222.38151514691));
#4962 = VECTOR('',#4963,1.);
#4963 = DIRECTION('',(-0.657373223675,0.608521020216,-0.444480160132));
#4964 = ORIENTED_EDGE('',*,*,#4874,.F.);
#4965 = ORIENTED_EDGE('',*,*,#4945,.F.);
#4966 = PLANE('',#4967);
#4967 = AXIS2_PLACEMENT_3D('',#4968,#4969,#4970);
#4968 = CARTESIAN_POINT('',(55.473675812664,-41.70128210225,
    222.31537871673));
#4969 = DIRECTION('',(-0.122969901749,-0.668555323617,-0.73342496721));
#4970 = DIRECTION('',(5.812570086452E-17,0.739033938732,-0.673668195333)
  );
#4971 = ADVANCED_FACE('',(#4972),#4989,.T.);
#4972 = FACE_BOUND('',#4973,.T.);
#4973 = EDGE_LOOP('',(#4974,#4975,#4983));
#4974 = ORIENTED_EDGE('',*,*,#4937,.F.);
#4975 = ORIENTED_EDGE('',*,*,#4976,.T.);
#4976 = EDGE_CURVE('',#4830,#4977,#4979,.T.);
#4977 = VERTEX_POINT('',#4978);
#4978 = CARTESIAN_POINT('',(63.856269836426,-41.94201278686,
    222.64837610883));
#4979 = LINE('',#4980,#4981);
#4980 = CARTESIAN_POINT('',(63.854278564453,-41.73543167114,
    222.37913477582));
#4981 = VECTOR('',#4982,1.);
#4982 = DIRECTION('',(5.867589632516E-03,-0.608723082297,0.793361065638)
  );
#4983 = ORIENTED_EDGE('',*,*,#4984,.F.);
#4984 = EDGE_CURVE('',#4938,#4977,#4985,.T.);
#4985 = LINE('',#4986,#4987);
#4986 = CARTESIAN_POINT('',(55.544036865234,-41.78677749633,
    222.38151514691));
#4987 = VECTOR('',#4988,1.);
#4988 = DIRECTION('',(0.999310972377,-1.866265414622E-02,
    3.208248472633E-02));
#4989 = PLANE('',#4990);
#4990 = AXIS2_PLACEMENT_3D('',#4991,#4992,#4993);
#4991 = CARTESIAN_POINT('',(59.782771387933,-41.81329235201,
    222.44898775401));
#4992 = DIRECTION('',(4.727432856021E-03,-0.793348971649,-0.608748766374
    ));
#4993 = DIRECTION('',(-2.403997882256E-19,-0.608755568836,0.793357836926
    ));
#4994 = ADVANCED_FACE('',(#4995),#5012,.T.);
#4995 = FACE_BOUND('',#4996,.T.);
#4996 = EDGE_LOOP('',(#4997,#4998,#5006));
#4997 = ORIENTED_EDGE('',*,*,#4984,.T.);
#4998 = ORIENTED_EDGE('',*,*,#4999,.T.);
#4999 = EDGE_CURVE('',#4977,#5000,#5002,.T.);
#5000 = VERTEX_POINT('',#5001);
#5001 = CARTESIAN_POINT('',(55.53687286377,-41.83420562744,
    222.43176996869));
#5002 = LINE('',#5003,#5004);
#5003 = CARTESIAN_POINT('',(63.856269836426,-41.94201278686,
    222.64837610883));
#5004 = VECTOR('',#5005,1.);
#5005 = DIRECTION('',(-0.999577362418,1.295305373945E-02,
    -2.602527502331E-02));
#5006 = ORIENTED_EDGE('',*,*,#5007,.F.);
#5007 = EDGE_CURVE('',#4938,#5000,#5008,.T.);
#5008 = LINE('',#5009,#5010);
#5009 = CARTESIAN_POINT('',(55.544036865234,-41.78677749633,
    222.38151514691));
#5010 = VECTOR('',#5011,1.);
#5011 = DIRECTION('',(-0.103121355917,-0.682698518696,0.723386977021));
#5012 = PLANE('',#5013);
#5013 = AXIS2_PLACEMENT_3D('',#5014,#5015,#5016);
#5014 = CARTESIAN_POINT('',(59.681075747932,-41.87598229393,
    222.52701056402));
#5015 = DIRECTION('',(8.421324074548E-03,-0.727837355181,-0.685698086409
    ));
#5016 = DIRECTION('',(-7.661915750542E-19,-0.68572240211,0.727863165193)
  );
#5017 = ADVANCED_FACE('',(#5018),#5035,.T.);
#5018 = FACE_BOUND('',#5019,.T.);
#5019 = EDGE_LOOP('',(#5020,#5028,#5034));
#5020 = ORIENTED_EDGE('',*,*,#5021,.T.);
#5021 = EDGE_CURVE('',#5000,#5022,#5024,.T.);
#5022 = VERTEX_POINT('',#5023);
#5023 = CARTESIAN_POINT('',(55.522308349609,-41.92873001098,
    222.5507580058));
#5024 = LINE('',#5025,#5026);
#5025 = CARTESIAN_POINT('',(55.53687286377,-41.83420562744,
    222.43176996869));
#5026 = VECTOR('',#5027,1.);
#5027 = DIRECTION('',(-9.540478797881E-02,-0.619181571851,0.779430630339
    ));
#5028 = ORIENTED_EDGE('',*,*,#5029,.T.);
#5029 = EDGE_CURVE('',#5022,#4938,#5030,.T.);
#5030 = LINE('',#5031,#5032);
#5031 = CARTESIAN_POINT('',(55.522308349609,-41.92873001098,
    222.5507580058));
#5032 = VECTOR('',#5033,1.);
#5033 = DIRECTION('',(9.789428362399E-02,0.639543904883,-0.762496100292)
  );
#5034 = ORIENTED_EDGE('',*,*,#5007,.T.);
#5035 = PLANE('',#5036);
#5036 = AXIS2_PLACEMENT_3D('',#5037,#5038,#5039);
#5037 = CARTESIAN_POINT('',(55.533080465907,-41.85851219287,
    222.46546737378));
#5038 = DIRECTION('',(-0.990907975638,0.133693127713,-1.508414463266E-02
    ));
#5039 = DIRECTION('',(-0.133708340003,-0.991020726228,
    -3.525613996755E-19));
#5040 = ADVANCED_FACE('',(#5041),#5058,.T.);
#5041 = FACE_BOUND('',#5042,.T.);
#5042 = EDGE_LOOP('',(#5043,#5051,#5057));
#5043 = ORIENTED_EDGE('',*,*,#5044,.T.);
#5044 = EDGE_CURVE('',#5022,#5045,#5047,.T.);
#5045 = VERTEX_POINT('',#5046);
#5046 = CARTESIAN_POINT('',(55.319183349609,-41.86513519287,
    222.49759638471));
#5047 = LINE('',#5048,#5049);
#5048 = CARTESIAN_POINT('',(55.522308349609,-41.92873001098,
    222.5507580058));
#5049 = VECTOR('',#5050,1.);
#5050 = DIRECTION('',(-0.925879428138,0.289876351158,-0.242320006583));
#5051 = ORIENTED_EDGE('',*,*,#5052,.T.);
#5052 = EDGE_CURVE('',#5045,#4938,#5053,.T.);
#5053 = LINE('',#5054,#5055);
#5054 = CARTESIAN_POINT('',(55.319183349609,-41.86513519287,
    222.49759638471));
#5055 = VECTOR('',#5056,1.);
#5056 = DIRECTION('',(0.848812798242,0.295797090267,-0.438201911144));
#5057 = ORIENTED_EDGE('',*,*,#5029,.F.);
#5058 = PLANE('',#5059);
#5059 = AXIS2_PLACEMENT_3D('',#5060,#5061,#5062);
#5060 = CARTESIAN_POINT('',(55.460154227221,-41.85799735803,
    222.47419599036));
#5061 = DIRECTION('',(-6.879755160716E-02,-0.75999431745,-0.646278217439
    ));
#5062 = DIRECTION('',(6.73849264536E-19,-0.647813118948,0.761799293068)
  );
#5063 = ADVANCED_FACE('',(#5064),#5081,.T.);
#5064 = FACE_BOUND('',#5065,.T.);
#5065 = EDGE_LOOP('',(#5066,#5074,#5075));
#5066 = ORIENTED_EDGE('',*,*,#5067,.T.);
#5067 = EDGE_CURVE('',#5068,#4877,#5070,.T.);
#5068 = VERTEX_POINT('',#5069);
#5069 = CARTESIAN_POINT('',(55.170463562012,-41.68446350097,
    222.37184107465));
#5070 = LINE('',#5071,#5072);
#5071 = CARTESIAN_POINT('',(55.170463562012,-41.68446350097,
    222.37184107465));
#5072 = VECTOR('',#5073,1.);
#5073 = DIRECTION('',(0.851073346112,0.251174555404,-0.461069953754));
#5074 = ORIENTED_EDGE('',*,*,#4959,.F.);
#5075 = ORIENTED_EDGE('',*,*,#5076,.T.);
#5076 = EDGE_CURVE('',#4938,#5068,#5077,.T.);
#5077 = LINE('',#5078,#5079);
#5078 = CARTESIAN_POINT('',(55.544036865234,-41.78677749633,
    222.38151514691));
#5079 = VECTOR('',#5080,1.);
#5080 = DIRECTION('',(-0.964180528528,0.264069089713,-2.496846543802E-02
    ));
#5081 = PLANE('',#5082);
#5082 = AXIS2_PLACEMENT_3D('',#5083,#5084,#5085);
#5083 = CARTESIAN_POINT('',(55.364030438295,-41.70552795623,
    222.34498048898));
#5084 = DIRECTION('',(-0.172473126,-0.695677031957,-0.697342446733));
#5085 = DIRECTION('',(-8.162259017701E-18,0.707951651849,-0.706260899841
    ));
#5086 = ADVANCED_FACE('',(#5087),#5097,.T.);
#5087 = FACE_BOUND('',#5088,.T.);
#5088 = EDGE_LOOP('',(#5089,#5090,#5096));
#5089 = ORIENTED_EDGE('',*,*,#5052,.F.);
#5090 = ORIENTED_EDGE('',*,*,#5091,.T.);
#5091 = EDGE_CURVE('',#5045,#5068,#5092,.T.);
#5092 = LINE('',#5093,#5094);
#5093 = CARTESIAN_POINT('',(55.319183349609,-41.86513519287,
    222.49759638471));
#5094 = VECTOR('',#5095,1.);
#5095 = DIRECTION('',(-0.55981647017,0.680090998311,-0.473372742923));
#5096 = ORIENTED_EDGE('',*,*,#5076,.F.);
#5097 = PLANE('',#5098);
#5098 = AXIS2_PLACEMENT_3D('',#5099,#5100,#5101);
#5099 = CARTESIAN_POINT('',(55.34617316102,-41.77302569257,
    222.41161821006));
#5100 = DIRECTION('',(-0.158346225965,-0.64855647446,-0.744513916699));
#5101 = DIRECTION('',(2.050713496974E-17,0.754026984884,-0.656843441063)
  );
#5102 = ADVANCED_FACE('',(#5103),#5113,.T.);
#5103 = FACE_BOUND('',#5104,.T.);
#5104 = EDGE_LOOP('',(#5105,#5106,#5112));
#5105 = ORIENTED_EDGE('',*,*,#4999,.F.);
#5106 = ORIENTED_EDGE('',*,*,#5107,.T.);
#5107 = EDGE_CURVE('',#4977,#5022,#5108,.T.);
#5108 = LINE('',#5109,#5110);
#5109 = CARTESIAN_POINT('',(63.856269836426,-41.94201278686,
    222.64837610883));
#5110 = VECTOR('',#5111,1.);
#5111 = DIRECTION('',(-0.999930136627,1.59370161722E-03,
    -1.171247110415E-02));
#5112 = ORIENTED_EDGE('',*,*,#5021,.F.);
#5113 = PLANE('',#5114);
#5114 = AXIS2_PLACEMENT_3D('',#5115,#5116,#5117);
#5115 = CARTESIAN_POINT('',(59.655118554287,-41.91148173304,
    222.56912722427));
#5116 = DIRECTION('',(6.03194179828E-03,-0.783347470048,-0.621554789899)
  );
#5117 = DIRECTION('',(3.062500713418E-19,-0.621566097633,0.783361721221)
  );
#5118 = ADVANCED_FACE('',(#5119),#5136,.T.);
#5119 = FACE_BOUND('',#5120,.T.);
#5120 = EDGE_LOOP('',(#5121,#5122,#5130));
#5121 = ORIENTED_EDGE('',*,*,#5107,.F.);
#5122 = ORIENTED_EDGE('',*,*,#5123,.T.);
#5123 = EDGE_CURVE('',#4977,#5124,#5126,.T.);
#5124 = VERTEX_POINT('',#5125);
#5125 = CARTESIAN_POINT('',(55.51350402832,-41.98612594604,
    222.63989222211));
#5126 = LINE('',#5127,#5128);
#5127 = CARTESIAN_POINT('',(63.856269836426,-41.94201278686,
    222.64837610883));
#5128 = VECTOR('',#5129,1.);
#5129 = DIRECTION('',(-0.999985503931,-5.287517440492E-03,
    -1.016900621554E-03));
#5130 = ORIENTED_EDGE('',*,*,#5131,.T.);
#5131 = EDGE_CURVE('',#5124,#5022,#5132,.T.);
#5132 = LINE('',#5133,#5134);
#5133 = CARTESIAN_POINT('',(55.51350402832,-41.98612594604,
    222.63989222211));
#5134 = VECTOR('',#5135,1.);
#5135 = DIRECTION('',(8.276288792589E-02,0.539536573541,-0.837884592407)
  );
#5136 = PLANE('',#5137);
#5137 = AXIS2_PLACEMENT_3D('',#5138,#5139,#5140);
#5138 = CARTESIAN_POINT('',(59.660661582923,-41.94977636806,
    222.62169356286));
#5139 = DIRECTION('',(4.996967621239E-03,-0.840983148547,-0.541038237258
    ));
#5140 = DIRECTION('',(5.448201696446E-20,-0.541044992162,0.840993648286)
  );
#5141 = ADVANCED_FACE('',(#5142),#5152,.T.);
#5142 = FACE_BOUND('',#5143,.T.);
#5143 = EDGE_LOOP('',(#5144,#5150,#5151));
#5144 = ORIENTED_EDGE('',*,*,#5145,.T.);
#5145 = EDGE_CURVE('',#5124,#5045,#5146,.T.);
#5146 = LINE('',#5147,#5148);
#5147 = CARTESIAN_POINT('',(55.51350402832,-41.98612594604,
    222.63989222211));
#5148 = VECTOR('',#5149,1.);
#5149 = DIRECTION('',(-0.720956396072,0.448892304951,-0.527937092388));
#5150 = ORIENTED_EDGE('',*,*,#5044,.F.);
#5151 = ORIENTED_EDGE('',*,*,#5131,.F.);
#5152 = PLANE('',#5153);
#5153 = AXIS2_PLACEMENT_3D('',#5154,#5155,#5156);
#5154 = CARTESIAN_POINT('',(55.436115299099,-41.92073667942,
    222.55706992626));
#5155 = DIRECTION('',(-0.116915260788,-0.829706361956,-0.545818811259));
#5156 = DIRECTION('',(5.24315032232E-18,-0.549587943584,0.835435869632)
  );
#5157 = ADVANCED_FACE('',(#5158),#5175,.T.);
#5158 = FACE_BOUND('',#5159,.T.);
#5159 = EDGE_LOOP('',(#5160,#5161,#5169));
#5160 = ORIENTED_EDGE('',*,*,#5123,.F.);
#5161 = ORIENTED_EDGE('',*,*,#5162,.T.);
#5162 = EDGE_CURVE('',#4977,#5163,#5165,.T.);
#5163 = VERTEX_POINT('',#5164);
#5164 = CARTESIAN_POINT('',(55.510345458984,-42.00721740722,
    222.67717707318));
#5165 = LINE('',#5166,#5167);
#5166 = CARTESIAN_POINT('',(63.856269836426,-41.94201278686,
    222.64837610883));
#5167 = VECTOR('',#5168,1.);
#5168 = DIRECTION('',(-0.999963528103,-7.812465016024E-03,
    3.450775807113E-03));
#5169 = ORIENTED_EDGE('',*,*,#5170,.F.);
#5170 = EDGE_CURVE('',#5124,#5163,#5171,.T.);
#5171 = LINE('',#5172,#5173);
#5172 = CARTESIAN_POINT('',(55.51350402832,-41.98612594604,
    222.63989222211));
#5173 = VECTOR('',#5174,1.);
#5174 = DIRECTION('',(-7.353495458188E-02,-0.49103232353,0.86803218126)
  );
#5175 = PLANE('',#5176);
#5176 = AXIS2_PLACEMENT_3D('',#5177,#5178,#5179);
#5177 = CARTESIAN_POINT('',(59.673386645653,-41.96941344303,
    222.65347027916));
#5178 = DIRECTION('',(5.103535478127E-03,-0.870562520093,-0.492031353204
    ));
#5179 = DIRECTION('',(6.709601981371E-20,-0.492037761072,0.870573857682)
  );
#5180 = ADVANCED_FACE('',(#5181),#5198,.T.);
#5181 = FACE_BOUND('',#5182,.T.);
#5182 = EDGE_LOOP('',(#5183,#5191,#5197));
#5183 = ORIENTED_EDGE('',*,*,#5184,.T.);
#5184 = EDGE_CURVE('',#5163,#5185,#5187,.T.);
#5185 = VERTEX_POINT('',#5186);
#5186 = CARTESIAN_POINT('',(55.500885009766,-42.07094573974,
    222.81224787396));
#5187 = LINE('',#5188,#5189);
#5188 = CARTESIAN_POINT('',(55.510345458984,-42.00721740722,
    222.67717707318));
#5189 = VECTOR('',#5190,1.);
#5190 = DIRECTION('',(-6.321745161186E-02,-0.425851107511,0.902582067207
    ));
#5191 = ORIENTED_EDGE('',*,*,#5192,.T.);
#5192 = EDGE_CURVE('',#5185,#5124,#5193,.T.);
#5193 = LINE('',#5194,#5195);
#5194 = CARTESIAN_POINT('',(55.500885009766,-42.07094573974,
    222.81224787396));
#5195 = VECTOR('',#5196,1.);
#5196 = DIRECTION('',(6.554993117596E-02,0.44059937113,-0.895307433613)
  );
#5197 = ORIENTED_EDGE('',*,*,#5170,.T.);
#5198 = PLANE('',#5199);
#5199 = AXIS2_PLACEMENT_3D('',#5200,#5201,#5202);
#5200 = CARTESIAN_POINT('',(55.507108414081,-42.02907981425,
    222.72578171116));
#5201 = DIRECTION('',(-0.987994684185,0.154444296998,3.669216247057E-03)
  );
#5202 = DIRECTION('',(-0.154445336662,-0.988001335011,3.531974108197E-20
    ));
#5203 = ADVANCED_FACE('',(#5204),#5221,.T.);
#5204 = FACE_BOUND('',#5205,.T.);
#5205 = EDGE_LOOP('',(#5206,#5214,#5220));
#5206 = ORIENTED_EDGE('',*,*,#5207,.T.);
#5207 = EDGE_CURVE('',#5185,#5208,#5210,.T.);
#5208 = VERTEX_POINT('',#5209);
#5209 = CARTESIAN_POINT('',(55.353309631348,-42.05729675293,
    222.80380213422));
#5210 = LINE('',#5211,#5212);
#5211 = CARTESIAN_POINT('',(55.500885009766,-42.07094573974,
    222.81224787396));
#5212 = VECTOR('',#5213,1.);
#5213 = DIRECTION('',(-0.994137289142,9.194600683843E-02,
    -5.689448271109E-02));
#5214 = ORIENTED_EDGE('',*,*,#5215,.T.);
#5215 = EDGE_CURVE('',#5208,#5124,#5216,.T.);
#5216 = LINE('',#5217,#5218);
#5217 = CARTESIAN_POINT('',(55.353309631348,-42.05729675293,
    222.80380213422));
#5218 = VECTOR('',#5219,1.);
#5219 = DIRECTION('',(0.667511491519,0.296560506198,-0.682993612601));
#5220 = ORIENTED_EDGE('',*,*,#5192,.F.);
#5221 = PLANE('',#5222);
#5222 = AXIS2_PLACEMENT_3D('',#5223,#5224,#5225);
#5223 = CARTESIAN_POINT('',(55.456245983351,-42.03480961702,
    222.74526714566));
#5224 = DIRECTION('',(-5.727205635128E-02,-0.894096825297,
    -0.444196779091));
#5225 = DIRECTION('',(3.486370066478E-18,-0.444927078528,0.895566800854)
  );
#5226 = ADVANCED_FACE('',(#5227),#5244,.T.);
#5227 = FACE_BOUND('',#5228,.T.);
#5228 = EDGE_LOOP('',(#5229,#5237,#5238));
#5229 = ORIENTED_EDGE('',*,*,#5230,.T.);
#5230 = EDGE_CURVE('',#5231,#5045,#5233,.T.);
#5231 = VERTEX_POINT('',#5232);
#5232 = CARTESIAN_POINT('',(55.123718261719,-41.94065475463,
    222.69660914105));
#5233 = LINE('',#5234,#5235);
#5234 = CARTESIAN_POINT('',(55.123718261719,-41.94065475463,
    222.69660914105));
#5235 = VECTOR('',#5236,1.);
#5236 = DIRECTION('',(0.676370508793,0.261321369293,-0.688646554327));
#5237 = ORIENTED_EDGE('',*,*,#5145,.F.);
#5238 = ORIENTED_EDGE('',*,*,#5239,.T.);
#5239 = EDGE_CURVE('',#5124,#5231,#5240,.T.);
#5240 = LINE('',#5241,#5242);
#5241 = CARTESIAN_POINT('',(55.51350402832,-41.98612594604,
    222.63989222211));
#5242 = VECTOR('',#5243,1.);
#5243 = DIRECTION('',(-0.983050201096,0.114679569359,0.143041597083));
#5244 = PLANE('',#5245);
#5245 = AXIS2_PLACEMENT_3D('',#5246,#5247,#5248);
#5246 = CARTESIAN_POINT('',(55.316792930077,-41.93442779754,
    222.61863833338));
#5247 = DIRECTION('',(-0.171170813725,-0.853584758513,-0.492030093148));
#5248 = DIRECTION('',(9.058328844697E-18,-0.499400562445,0.86637121272)
  );
#5249 = ADVANCED_FACE('',(#5250),#5260,.T.);
#5250 = FACE_BOUND('',#5251,.T.);
#5251 = EDGE_LOOP('',(#5252,#5253,#5259));
#5252 = ORIENTED_EDGE('',*,*,#5215,.F.);
#5253 = ORIENTED_EDGE('',*,*,#5254,.T.);
#5254 = EDGE_CURVE('',#5208,#5231,#5255,.T.);
#5255 = LINE('',#5256,#5257);
#5256 = CARTESIAN_POINT('',(55.353309631348,-42.05729675293,
    222.80380213422));
#5257 = VECTOR('',#5258,1.);
#5258 = DIRECTION('',(-0.823083201513,0.418160619623,-0.384286012736));
#5259 = ORIENTED_EDGE('',*,*,#5239,.F.);
#5260 = PLANE('',#5261);
#5261 = AXIS2_PLACEMENT_3D('',#5262,#5263,#5264);
#5262 = CARTESIAN_POINT('',(55.324299329863,-41.98952277425,
    222.7072737391));
#5263 = DIRECTION('',(-0.173961884895,-0.8297652657,-0.530308274913));
#5264 = DIRECTION('',(1.797163340497E-18,-0.538519410782,0.8426131047));
#5265 = ADVANCED_FACE('',(#5266),#5281,.T.);
#5266 = FACE_BOUND('',#5267,.T.);
#5267 = EDGE_LOOP('',(#5268,#5274,#5280));
#5268 = ORIENTED_EDGE('',*,*,#5269,.T.);
#5269 = EDGE_CURVE('',#5163,#2699,#5270,.T.);
#5270 = LINE('',#5271,#5272);
#5271 = CARTESIAN_POINT('',(55.510345458984,-42.00721740722,
    222.67717707318));
#5272 = VECTOR('',#5273,1.);
#5273 = DIRECTION('',(0.999388749025,-7.741956111404E-03,
    3.409091428632E-02));
#5274 = ORIENTED_EDGE('',*,*,#5275,.T.);
#5275 = EDGE_CURVE('',#2699,#5185,#5276,.T.);
#5276 = LINE('',#5277,#5278);
#5277 = CARTESIAN_POINT('',(63.857513427734,-42.07188034057,
    222.96191370648));
#5278 = VECTOR('',#5279,1.);
#5279 = DIRECTION('',(-0.999839651235,1.118215291205E-04,
    -1.790696274903E-02));
#5280 = ORIENTED_EDGE('',*,*,#5184,.F.);
#5281 = PLANE('',#5282);
#5282 = AXIS2_PLACEMENT_3D('',#5283,#5284,#5285);
#5283 = CARTESIAN_POINT('',(59.644497576494,-42.05534077708,
    222.85236055173));
#5284 = DIRECTION('',(7.533095720859E-03,-0.90456890104,-0.426260901022)
  );
#5285 = DIRECTION('',(9.395449366466E-20,-0.426272996164,0.904594568158)
  );
#5286 = ADVANCED_FACE('',(#5287),#5297,.T.);
#5287 = FACE_BOUND('',#5288,.T.);
#5288 = EDGE_LOOP('',(#5289,#5290,#5296));
#5289 = ORIENTED_EDGE('',*,*,#5162,.F.);
#5290 = ORIENTED_EDGE('',*,*,#5291,.T.);
#5291 = EDGE_CURVE('',#4977,#2699,#5292,.T.);
#5292 = LINE('',#5293,#5294);
#5293 = CARTESIAN_POINT('',(63.856269836426,-41.94201278686,
    222.64837610883));
#5294 = VECTOR('',#5295,1.);
#5295 = DIRECTION('',(3.664396222035E-03,-0.382670874181,0.923877467121)
  );
#5296 = ORIENTED_EDGE('',*,*,#5269,.F.);
#5297 = PLANE('',#5298);
#5298 = AXIS2_PLACEMENT_3D('',#5299,#5300,#5301);
#5299 = CARTESIAN_POINT('',(59.766744614455,-42.00709080632,
    222.74246327198));
#5300 = DIRECTION('',(5.897267623853E-03,-0.923859334744,-0.382686754201
    ));
#5301 = DIRECTION('',(4.279454998206E-19,-0.382693408869,0.923875400045)
  );
#5302 = ADVANCED_FACE('',(#5303),#5320,.T.);
#5303 = FACE_BOUND('',#5304,.T.);
#5304 = EDGE_LOOP('',(#5305,#5306,#5314));
#5305 = ORIENTED_EDGE('',*,*,#5275,.F.);
#5306 = ORIENTED_EDGE('',*,*,#5307,.T.);
#5307 = EDGE_CURVE('',#2699,#5308,#5310,.T.);
#5308 = VERTEX_POINT('',#5309);
#5309 = CARTESIAN_POINT('',(55.493812561035,-42.12015914917,
    222.95886957806));
#5310 = LINE('',#5311,#5312);
#5311 = CARTESIAN_POINT('',(63.857513427734,-42.07188034057,
    222.96191370648));
#5312 = VECTOR('',#5313,1.);
#5313 = DIRECTION('',(-0.999983273757,-5.772325175195E-03,
    -3.639629811793E-04));
#5314 = ORIENTED_EDGE('',*,*,#5315,.T.);
#5315 = EDGE_CURVE('',#5308,#5185,#5316,.T.);
#5316 = LINE('',#5317,#5318);
#5317 = CARTESIAN_POINT('',(55.493812561035,-42.12015914917,
    222.95886957807));
#5318 = VECTOR('',#5319,1.);
#5319 = DIRECTION('',(4.568111194748E-02,0.317870563773,-0.947033019856)
  );
#5320 = PLANE('',#5321);
#5321 = AXIS2_PLACEMENT_3D('',#5322,#5323,#5324);
#5322 = CARTESIAN_POINT('',(59.639083419513,-42.08382925451,
    222.92339873922));
#5323 = DIRECTION('',(5.588496485641E-03,-0.948089169633,-0.317955492376
    ));
#5324 = DIRECTION('',(-8.594514756861E-20,-0.317960457572,0.948103975005
    ));
#5325 = ADVANCED_FACE('',(#5326),#5336,.T.);
#5326 = FACE_BOUND('',#5327,.T.);
#5327 = EDGE_LOOP('',(#5328,#5334,#5335));
#5328 = ORIENTED_EDGE('',*,*,#5329,.T.);
#5329 = EDGE_CURVE('',#5308,#5208,#5330,.T.);
#5330 = LINE('',#5331,#5332);
#5331 = CARTESIAN_POINT('',(55.493812561035,-42.12015914917,
    222.95886957807));
#5332 = VECTOR('',#5333,1.);
#5333 = DIRECTION('',(-0.643058139009,0.287710552583,-0.709717456307));
#5334 = ORIENTED_EDGE('',*,*,#5207,.F.);
#5335 = ORIENTED_EDGE('',*,*,#5315,.F.);
#5336 = PLANE('',#5337);
#5337 = AXIS2_PLACEMENT_3D('',#5338,#5339,#5340);
#5338 = CARTESIAN_POINT('',(55.446462268013,-42.08375214268,
    222.86173126407));
#5339 = DIRECTION('',(-6.903988942219E-02,-0.944751270862,
    -0.320434907388));
#5340 = DIRECTION('',(9.144099311727E-18,-0.321201325841,0.947010933558)
  );
#5341 = ADVANCED_FACE('',(#5342),#5352,.T.);
#5342 = FACE_BOUND('',#5343,.T.);
#5343 = EDGE_LOOP('',(#5344,#5345,#5346));
#5344 = ORIENTED_EDGE('',*,*,#5307,.F.);
#5345 = ORIENTED_EDGE('',*,*,#2769,.F.);
#5346 = ORIENTED_EDGE('',*,*,#5347,.T.);
#5347 = EDGE_CURVE('',#2621,#5308,#5348,.T.);
#5348 = LINE('',#5349,#5350);
#5349 = CARTESIAN_POINT('',(55.48893737793,-42.15330123901,
    223.12226069135));
#5350 = VECTOR('',#5351,1.);
#5351 = DIRECTION('',(2.922951225751E-02,0.198705792248,-0.979623215191)
  );
#5352 = PLANE('',#5353);
#5353 = AXIS2_PLACEMENT_3D('',#5354,#5355,#5356);
#5354 = CARTESIAN_POINT('',(59.633162884809,-42.10462852293,
    223.00164362244));
#5355 = DIRECTION('',(5.729607553025E-03,-0.980059167068,-0.198623263098
    ));
#5356 = DIRECTION('',(-2.298157286148E-20,-0.198626523421,0.980075254352
    ));
#5357 = ADVANCED_FACE('',(#5358),#5368,.T.);
#5358 = FACE_BOUND('',#5359,.T.);
#5359 = EDGE_LOOP('',(#5360,#5361,#5367));
#5360 = ORIENTED_EDGE('',*,*,#2651,.F.);
#5361 = ORIENTED_EDGE('',*,*,#5362,.T.);
#5362 = EDGE_CURVE('',#2644,#5308,#5363,.T.);
#5363 = LINE('',#5364,#5365);
#5364 = CARTESIAN_POINT('',(55.242408752441,-42.10884857177,
    223.03148615521));
#5365 = VECTOR('',#5366,1.);
#5366 = DIRECTION('',(0.959829422931,-4.318242047509E-02,-0.277241334288
    ));
#5367 = ORIENTED_EDGE('',*,*,#5347,.F.);
#5368 = PLANE('',#5369);
#5369 = AXIS2_PLACEMENT_3D('',#5370,#5371,#5372);
#5370 = CARTESIAN_POINT('',(55.396751204117,-42.12618806116,
    223.03738031554));
#5371 = DIRECTION('',(-0.101799605199,-0.974354440249,-0.200674525409));
#5372 = DIRECTION('',(1.178746330174E-18,-0.201722488707,0.97944271785)
  );
#5373 = ADVANCED_FACE('',(#5374),#5384,.T.);
#5374 = FACE_BOUND('',#5375,.T.);
#5375 = EDGE_LOOP('',(#5376,#5382,#5383));
#5376 = ORIENTED_EDGE('',*,*,#5377,.T.);
#5377 = EDGE_CURVE('',#2644,#5208,#5378,.T.);
#5378 = LINE('',#5379,#5380);
#5379 = CARTESIAN_POINT('',(55.242408752441,-42.10884857177,
    223.03148615521));
#5380 = VECTOR('',#5381,1.);
#5381 = DIRECTION('',(0.429099276427,0.199465039269,-0.880958290204));
#5382 = ORIENTED_EDGE('',*,*,#5329,.F.);
#5383 = ORIENTED_EDGE('',*,*,#5362,.F.);
#5384 = PLANE('',#5385);
#5385 = AXIS2_PLACEMENT_3D('',#5386,#5387,#5388);
#5386 = CARTESIAN_POINT('',(55.3599345614,-42.0958872253,222.93439274001
    ));
#5387 = DIRECTION('',(-0.122483559797,-0.953454747845,-0.275539146748));
#5388 = DIRECTION('',(-1.887121902799E-17,-0.277629546641,0.960688208958
    ));
#5389 = ADVANCED_FACE('',(#5390),#5400,.T.);
#5390 = FACE_BOUND('',#5391,.T.);
#5391 = EDGE_LOOP('',(#5392,#5398,#5399));
#5392 = ORIENTED_EDGE('',*,*,#5393,.T.);
#5393 = EDGE_CURVE('',#4977,#2582,#5394,.T.);
#5394 = LINE('',#5395,#5396);
#5395 = CARTESIAN_POINT('',(63.856269836426,-41.94201278686,
    222.64837610883));
#5396 = VECTOR('',#5397,1.);
#5397 = DIRECTION('',(0.999300617234,-1.842141864288E-03,
    3.734813125545E-02));
#5398 = ORIENTED_EDGE('',*,*,#2721,.F.);
#5399 = ORIENTED_EDGE('',*,*,#5291,.F.);
#5400 = PLANE('',#5401);
#5401 = AXIS2_PLACEMENT_3D('',#5402,#5403,#5404);
#5402 = CARTESIAN_POINT('',(67.968017093188,-41.98269028263,
    222.88194676251));
#5403 = DIRECTION('',(1.259965144977E-02,-0.923792664085,-0.382685722972
    ));
#5404 = DIRECTION('',(-6.177868650017E-20,-0.382716102501,0.923865999421
    ));
#5405 = ADVANCED_FACE('',(#5406),#5423,.T.);
#5406 = FACE_BOUND('',#5407,.T.);
#5407 = EDGE_LOOP('',(#5408,#5416,#5422));
#5408 = ORIENTED_EDGE('',*,*,#5409,.T.);
#5409 = EDGE_CURVE('',#4830,#5410,#5412,.T.);
#5410 = VERTEX_POINT('',#5411);
#5411 = CARTESIAN_POINT('',(72.243087768555,-41.82762908935,
    222.64837610883));
#5412 = LINE('',#5413,#5414);
#5413 = CARTESIAN_POINT('',(63.854278564453,-41.73543167114,
    222.37913477582));
#5414 = VECTOR('',#5415,1.);
#5415 = DIRECTION('',(0.999425046333,-1.098420606874E-02,
    3.207684489768E-02));
#5416 = ORIENTED_EDGE('',*,*,#5417,.T.);
#5417 = EDGE_CURVE('',#5410,#4977,#5418,.T.);
#5418 = LINE('',#5419,#5420);
#5419 = CARTESIAN_POINT('',(72.243087768555,-41.82762908935,
    222.64837610883));
#5420 = VECTOR('',#5421,1.);
#5421 = DIRECTION('',(-0.9999070085,-1.363724140952E-02,-0.));
#5422 = ORIENTED_EDGE('',*,*,#4976,.F.);
#5423 = PLANE('',#5424);
#5424 = AXIS2_PLACEMENT_3D('',#5425,#5426,#5427);
#5425 = CARTESIAN_POINT('',(67.966048352203,-41.83326739268,
    222.57970780104));
#5426 = DIRECTION('',(1.081928843256E-02,-0.793289640172,-0.608748297569
    ));
#5427 = DIRECTION('',(-5.046403625434E-19,-0.608783929823,0.793336074302
    ));
#5428 = ADVANCED_FACE('',(#5429),#5439,.T.);
#5429 = FACE_BOUND('',#5430,.T.);
#5430 = EDGE_LOOP('',(#5431,#5437,#5438));
#5431 = ORIENTED_EDGE('',*,*,#5432,.T.);
#5432 = EDGE_CURVE('',#5410,#2582,#5433,.T.);
#5433 = LINE('',#5434,#5435);
#5434 = CARTESIAN_POINT('',(72.243087768555,-41.82762908935,
    222.64837610883));
#5435 = VECTOR('',#5436,1.);
#5436 = DIRECTION('',(6.811764592241E-03,-0.382616592335,0.923882104564)
  );
#5437 = ORIENTED_EDGE('',*,*,#5393,.F.);
#5438 = ORIENTED_EDGE('',*,*,#5417,.F.);
#5439 = PLANE('',#5440);
#5440 = AXIS2_PLACEMENT_3D('',#5441,#5442,#5443);
#5441 = CARTESIAN_POINT('',(68.133384809219,-41.91680693288,
    222.72834803447));
#5442 = DIRECTION('',(1.259921928602E-02,-0.923797363954,-0.38267439165)
  );
#5443 = DIRECTION('',(-2.585398106775E-19,-0.382704768196,0.923870694632
    ));
#5444 = ADVANCED_FACE('',(#5445),#5462,.T.);
#5445 = FACE_BOUND('',#5446,.T.);
#5446 = EDGE_LOOP('',(#5447,#5455,#5461));
#5447 = ORIENTED_EDGE('',*,*,#5448,.T.);
#5448 = EDGE_CURVE('',#4666,#5449,#5451,.T.);
#5449 = VERTEX_POINT('',#5450);
#5450 = CARTESIAN_POINT('',(72.239418029785,-41.62106704711,
    222.37913477582));
#5451 = LINE('',#5452,#5453);
#5452 = CARTESIAN_POINT('',(63.851692199707,-41.46620178222,
    222.1725460307));
#5453 = VECTOR('',#5454,1.);
#5454 = DIRECTION('',(0.999526573637,-1.84545788369E-02,
    2.461822724564E-02));
#5455 = ORIENTED_EDGE('',*,*,#5456,.T.);
#5456 = EDGE_CURVE('',#5449,#4830,#5457,.T.);
#5457 = LINE('',#5458,#5459);
#5458 = CARTESIAN_POINT('',(72.239418029785,-41.62106704711,
    222.37913477582));
#5459 = VECTOR('',#5460,1.);
#5460 = DIRECTION('',(-0.999907002291,-1.363769664753E-02,-0.));
#5461 = ORIENTED_EDGE('',*,*,#4829,.F.);
#5462 = PLANE('',#5463);
#5463 = AXIS2_PLACEMENT_3D('',#5464,#5465,#5466);
#5464 = CARTESIAN_POINT('',(67.963065264095,-41.61071841625,
    222.32644617569));
#5465 = DIRECTION('',(8.301940109602E-03,-0.608692821283,-0.793362544559
    ));
#5466 = DIRECTION('',(1.829289273855E-19,0.793389886122,-0.608713798595)
  );
#5467 = ADVANCED_FACE('',(#5468),#5478,.T.);
#5468 = FACE_BOUND('',#5469,.T.);
#5469 = EDGE_LOOP('',(#5470,#5476,#5477));
#5470 = ORIENTED_EDGE('',*,*,#5471,.T.);
#5471 = EDGE_CURVE('',#5449,#5410,#5472,.T.);
#5472 = LINE('',#5473,#5474);
#5473 = CARTESIAN_POINT('',(72.239418029785,-41.62106704711,
    222.37913477582));
#5474 = VECTOR('',#5475,1.);
#5475 = DIRECTION('',(1.081337449317E-02,-0.608662594003,0.793355479967)
  );
#5476 = ORIENTED_EDGE('',*,*,#5409,.F.);
#5477 = ORIENTED_EDGE('',*,*,#5456,.F.);
#5478 = PLANE('',#5479);
#5479 = AXIS2_PLACEMENT_3D('',#5480,#5481,#5482);
#5480 = CARTESIAN_POINT('',(68.130899008649,-41.7298032828,
    222.44780982598));
#5481 = DIRECTION('',(1.081957549552E-02,-0.793284201826,-0.608755379376
    ));
#5482 = DIRECTION('',(-8.165101437172E-20,-0.608791013935,0.793330638103
    ));
#5483 = ADVANCED_FACE('',(#5484),#5501,.T.);
#5484 = FACE_BOUND('',#5485,.T.);
#5485 = EDGE_LOOP('',(#5486,#5494,#5500));
#5486 = ORIENTED_EDGE('',*,*,#5487,.T.);
#5487 = EDGE_CURVE('',#3026,#5488,#5490,.T.);
#5488 = VERTEX_POINT('',#5489);
#5489 = CARTESIAN_POINT('',(72.234634399414,-41.35187149047,
    222.1725460307));
#5490 = LINE('',#5491,#5492);
#5491 = CARTESIAN_POINT('',(63.848670959473,-41.15268325805,
    222.0426708476));
#5492 = VECTOR('',#5493,1.);
#5493 = DIRECTION('',(0.99959822299,-2.374303258001E-02,
    1.548098834111E-02));
#5494 = ORIENTED_EDGE('',*,*,#5495,.T.);
#5495 = EDGE_CURVE('',#5488,#4666,#5496,.T.);
#5496 = LINE('',#5497,#5498);
#5497 = CARTESIAN_POINT('',(72.234634399414,-41.35187149047,
    222.1725460307));
#5498 = VECTOR('',#5499,1.);
#5499 = DIRECTION('',(-0.999907009389,-1.363717623012E-02,-0.));
#5500 = ORIENTED_EDGE('',*,*,#4689,.F.);
#5501 = PLANE('',#5502);
#5502 = AXIS2_PLACEMENT_3D('',#5503,#5504,#5505);
#5503 = CARTESIAN_POINT('',(67.959268906695,-41.33021058095,
    222.13942267598));
#5504 = DIRECTION('',(5.218946697486E-03,-0.382664365143,-0.923872689414
    ));
#5505 = DIRECTION('',(2.122050186462E-19,0.923885271618,-0.382669576642)
  );
#5506 = ADVANCED_FACE('',(#5507),#5517,.T.);
#5507 = FACE_BOUND('',#5508,.T.);
#5508 = EDGE_LOOP('',(#5509,#5515,#5516));
#5509 = ORIENTED_EDGE('',*,*,#5510,.T.);
#5510 = EDGE_CURVE('',#5488,#5449,#5511,.T.);
#5511 = LINE('',#5512,#5513);
#5512 = CARTESIAN_POINT('',(72.234634399414,-41.35187149047,
    222.1725460307));
#5513 = VECTOR('',#5514,1.);
#5514 = DIRECTION('',(1.409586156188E-02,-0.793235054784,0.608752375395)
  );
#5515 = ORIENTED_EDGE('',*,*,#5448,.F.);
#5516 = ORIENTED_EDGE('',*,*,#5495,.F.);
#5517 = PLANE('',#5518);
#5518 = AXIS2_PLACEMENT_3D('',#5519,#5520,#5521);
#5519 = CARTESIAN_POINT('',(68.12749495969,-41.47656783133,
    222.22524138604));
#5520 = DIRECTION('',(8.301708000537E-03,-0.608699035604,-0.793357779126
    ));
#5521 = DIRECTION('',(7.632932388761E-19,0.793385118996,-0.608720011956)
  );
#5522 = ADVANCED_FACE('',(#5523),#5533,.T.);
#5523 = FACE_BOUND('',#5524,.T.);
#5524 = EDGE_LOOP('',(#5525,#5531,#5532));
#5525 = ORIENTED_EDGE('',*,*,#5526,.T.);
#5526 = EDGE_CURVE('',#2995,#5488,#5527,.T.);
#5527 = LINE('',#5528,#5529);
#5528 = CARTESIAN_POINT('',(72.229064941406,-41.03838348388,
    222.0426708476));
#5529 = VECTOR('',#5530,1.);
#5530 = DIRECTION('',(1.641107405653E-02,-0.923729900611,0.382692758444)
  );
#5531 = ORIENTED_EDGE('',*,*,#5487,.F.);
#5532 = ORIENTED_EDGE('',*,*,#3025,.F.);
#5533 = PLANE('',#5534);
#5534 = AXIS2_PLACEMENT_3D('',#5535,#5536,#5537);
#5535 = CARTESIAN_POINT('',(68.123400536443,-41.17436369018,
    222.07579914336));
#5536 = DIRECTION('',(5.219079900231E-03,-0.382659949285,-0.92387451768)
  );
#5537 = DIRECTION('',(1.122002471077E-19,0.923887100551,-0.382665160989)
  );
#5538 = ADVANCED_FACE('',(#5539),#5556,.T.);
#5539 = FACE_BOUND('',#5540,.T.);
#5540 = EDGE_LOOP('',(#5541,#5542,#5550));
#5541 = ORIENTED_EDGE('',*,*,#2605,.F.);
#5542 = ORIENTED_EDGE('',*,*,#5543,.T.);
#5543 = EDGE_CURVE('',#2582,#5544,#5546,.T.);
#5544 = VERTEX_POINT('',#5545);
#5545 = CARTESIAN_POINT('',(80.609466552735,-41.75637817382,
    222.90145075482));
#5546 = LINE('',#5547,#5548);
#5547 = CARTESIAN_POINT('',(72.245399475098,-41.95747756958,
    222.96191370648));
#5548 = VECTOR('',#5549,1.);
#5549 = DIRECTION('',(0.999684981415,2.403568070879E-02,
    -7.226616446958E-03));
#5550 = ORIENTED_EDGE('',*,*,#5551,.T.);
#5551 = EDGE_CURVE('',#5544,#2520,#5552,.T.);
#5552 = LINE('',#5553,#5554);
#5553 = CARTESIAN_POINT('',(80.609466552734,-41.75637817382,
    222.90145075482));
#5554 = VECTOR('',#5555,1.);
#5555 = DIRECTION('',(5.75564441347E-02,-0.228941708887,0.971737078468)
  );
#5556 = PLANE('',#5557);
#5557 = AXIS2_PLACEMENT_3D('',#5558,#5559,#5560);
#5558 = CARTESIAN_POINT('',(76.480227823599,-41.8674373196,
    222.98101631803));
#5559 = DIRECTION('',(2.172390772657E-02,-0.972832971415,-0.230486619048
    ));
#5560 = DIRECTION('',(3.690333646479E-19,-0.230541024869,0.973062606338)
  );
#5561 = ADVANCED_FACE('',(#5562),#5572,.T.);
#5562 = FACE_BOUND('',#5563,.T.);
#5563 = EDGE_LOOP('',(#5564,#5570,#5571));
#5564 = ORIENTED_EDGE('',*,*,#5565,.T.);
#5565 = EDGE_CURVE('',#5544,#2543,#5566,.T.);
#5566 = LINE('',#5567,#5568);
#5567 = CARTESIAN_POINT('',(80.609466552734,-41.75637817382,
    222.90145075482));
#5568 = VECTOR('',#5569,1.);
#5569 = DIRECTION('',(0.948986117366,8.659634404316E-02,0.303193704164)
  );
#5570 = ORIENTED_EDGE('',*,*,#2542,.F.);
#5571 = ORIENTED_EDGE('',*,*,#5551,.F.);
#5572 = PLANE('',#5573);
#5573 = AXIS2_PLACEMENT_3D('',#5574,#5575,#5576);
#5574 = CARTESIAN_POINT('',(80.729385769923,-41.76004985547,
    222.99925615261));
#5575 = DIRECTION('',(0.162640552235,-0.958197242508,-0.235384993614));
#5576 = DIRECTION('',(-3.60847884307E-18,-0.238561345871,0.971127429463)
  );
#5577 = ADVANCED_FACE('',(#5578),#5588,.T.);
#5578 = FACE_BOUND('',#5579,.T.);
#5579 = EDGE_LOOP('',(#5580,#5581,#5582));
#5580 = ORIENTED_EDGE('',*,*,#5543,.F.);
#5581 = ORIENTED_EDGE('',*,*,#5432,.F.);
#5582 = ORIENTED_EDGE('',*,*,#5583,.F.);
#5583 = EDGE_CURVE('',#5544,#5410,#5584,.T.);
#5584 = LINE('',#5585,#5586);
#5585 = CARTESIAN_POINT('',(80.609466552734,-41.75637817382,
    222.90145075482));
#5586 = VECTOR('',#5587,1.);
#5587 = DIRECTION('',(-0.999506600197,-8.512136753155E-03,
    -3.02340816189E-02));
#5588 = PLANE('',#5589);
#5589 = AXIS2_PLACEMENT_3D('',#5590,#5591,#5592);
#5590 = CARTESIAN_POINT('',(76.34373225371,-41.82581164802,
    222.8523233986));
#5591 = DIRECTION('',(1.944191046046E-02,-0.92367822897,-0.382675504108)
  );
#5592 = DIRECTION('',(1.621157367532E-19,-0.382747847969,0.923852848063)
  );
#5593 = ADVANCED_FACE('',(#5594),#5611,.T.);
#5594 = FACE_BOUND('',#5595,.T.);
#5595 = EDGE_LOOP('',(#5596,#5597,#5605));
#5596 = ORIENTED_EDGE('',*,*,#5583,.T.);
#5597 = ORIENTED_EDGE('',*,*,#5598,.T.);
#5598 = EDGE_CURVE('',#5410,#5599,#5601,.T.);
#5599 = VERTEX_POINT('',#5600);
#5600 = CARTESIAN_POINT('',(80.590370178223,-41.68053817749,
    222.71466791791));
#5601 = LINE('',#5602,#5603);
#5602 = CARTESIAN_POINT('',(72.243087768555,-41.82762908935,
    222.64837610883));
#5603 = VECTOR('',#5604,1.);
#5604 = DIRECTION('',(0.999813259734,1.761812250403E-02,
    7.940240485361E-03));
#5605 = ORIENTED_EDGE('',*,*,#5606,.T.);
#5606 = EDGE_CURVE('',#5599,#5544,#5607,.T.);
#5607 = LINE('',#5608,#5609);
#5608 = CARTESIAN_POINT('',(80.590370178223,-41.68053817749,
    222.71466791791));
#5609 = VECTOR('',#5610,1.);
#5610 = DIRECTION('',(9.430543587574E-02,-0.37452784072,0.922407383584)
  );
#5611 = PLANE('',#5612);
#5612 = AXIS2_PLACEMENT_3D('',#5613,#5614,#5615);
#5613 = CARTESIAN_POINT('',(76.471510109834,-41.77241471368,
    222.7292329366));
#5614 = DIRECTION('',(1.931229651498E-02,-0.925674088099,-0.377828688462
    ));
#5615 = DIRECTION('',(-6.513532836494E-19,-0.377899166577,0.925846758325
    ));
#5616 = ADVANCED_FACE('',(#5617),#5634,.T.);
#5617 = FACE_BOUND('',#5618,.T.);
#5618 = EDGE_LOOP('',(#5619,#5627,#5633));
#5619 = ORIENTED_EDGE('',*,*,#5620,.T.);
#5620 = EDGE_CURVE('',#5599,#5621,#5623,.T.);
#5621 = VERTEX_POINT('',#5622);
#5622 = CARTESIAN_POINT('',(80.882606506348,-41.6294555664,
    222.72344172162));
#5623 = LINE('',#5624,#5625);
#5624 = CARTESIAN_POINT('',(80.590370178223,-41.68053817749,
    222.71466791791));
#5625 = VECTOR('',#5626,1.);
#5626 = DIRECTION('',(0.984633559526,0.172112938539,2.956162785755E-02)
  );
#5627 = ORIENTED_EDGE('',*,*,#5628,.T.);
#5628 = EDGE_CURVE('',#5621,#5544,#5629,.T.);
#5629 = LINE('',#5630,#5631);
#5630 = CARTESIAN_POINT('',(80.882606506348,-41.6294555664,
    222.72344172162));
#5631 = VECTOR('',#5632,1.);
#5632 = DIRECTION('',(-0.78071221982,-0.362781165021,0.508800802013));
#5633 = ORIENTED_EDGE('',*,*,#5606,.F.);
#5634 = PLANE('',#5635);
#5635 = AXIS2_PLACEMENT_3D('',#5636,#5637,#5638);
#5636 = CARTESIAN_POINT('',(80.707854831209,-41.68575377306,
    222.77875777783));
#5637 = DIRECTION('',(0.170093609525,-0.906851417268,-0.385601699942));
#5638 = DIRECTION('',(7.297287811919E-17,-0.391303814707,0.920261552275)
  );
#5639 = ADVANCED_FACE('',(#5640),#5650,.T.);
#5640 = FACE_BOUND('',#5641,.T.);
#5641 = EDGE_LOOP('',(#5642,#5648,#5649));
#5642 = ORIENTED_EDGE('',*,*,#5643,.T.);
#5643 = EDGE_CURVE('',#5621,#2543,#5644,.T.);
#5644 = LINE('',#5645,#5646);
#5645 = CARTESIAN_POINT('',(80.882606506348,-41.6294555664,
    222.72344172162));
#5646 = VECTOR('',#5647,1.);
#5647 = DIRECTION('',(0.111201029531,-0.335828661908,0.935336004264));
#5648 = ORIENTED_EDGE('',*,*,#5565,.F.);
#5649 = ORIENTED_EDGE('',*,*,#5628,.F.);
#5650 = PLANE('',#5651);
#5651 = AXIS2_PLACEMENT_3D('',#5652,#5653,#5654);
#5652 = CARTESIAN_POINT('',(80.798132829585,-41.70516384146,
    222.87330607367));
#5653 = DIRECTION('',(0.195959039652,-0.915285464845,-0.351926942165));
#5654 = DIRECTION('',(1.400241578025E-17,-0.358884974734,0.933381794825)
  );
#5655 = ADVANCED_FACE('',(#5656),#5673,.T.);
#5656 = FACE_BOUND('',#5657,.T.);
#5657 = EDGE_LOOP('',(#5658,#5659,#5667));
#5658 = ORIENTED_EDGE('',*,*,#5598,.F.);
#5659 = ORIENTED_EDGE('',*,*,#5660,.T.);
#5660 = EDGE_CURVE('',#5410,#5661,#5663,.T.);
#5661 = VERTEX_POINT('',#5662);
#5662 = CARTESIAN_POINT('',(80.56421661377,-41.57650756835,
    222.54147303265));
#5663 = LINE('',#5664,#5665);
#5664 = CARTESIAN_POINT('',(72.243087768555,-41.82762908935,
    222.64837610883));
#5665 = VECTOR('',#5666,1.);
#5666 = DIRECTION('',(0.999462529154,3.016256029301E-02,
    -1.284027935062E-02));
#5667 = ORIENTED_EDGE('',*,*,#5668,.T.);
#5668 = EDGE_CURVE('',#5661,#5599,#5669,.T.);
#5669 = LINE('',#5670,#5671);
#5670 = CARTESIAN_POINT('',(80.56421661377,-41.57650756835,
    222.54147303265));
#5671 = VECTOR('',#5672,1.);
#5672 = DIRECTION('',(0.128378398478,-0.510648673411,0.850151115478));
#5673 = PLANE('',#5674);
#5674 = AXIS2_PLACEMENT_3D('',#5675,#5676,#5677);
#5675 = CARTESIAN_POINT('',(76.460497252941,-41.72691016483,
    222.63816035944));
#5676 = DIRECTION('',(1.91859105243E-02,-0.855805326183,-0.516942109442)
  );
#5677 = DIRECTION('',(1.239331404725E-18,-0.517037278695,0.855962880293)
  );
#5678 = ADVANCED_FACE('',(#5679),#5696,.T.);
#5679 = FACE_BOUND('',#5680,.T.);
#5680 = EDGE_LOOP('',(#5681,#5689,#5695));
#5681 = ORIENTED_EDGE('',*,*,#5682,.T.);
#5682 = EDGE_CURVE('',#5661,#5683,#5685,.T.);
#5683 = VERTEX_POINT('',#5684);
#5684 = CARTESIAN_POINT('',(80.835052490235,-41.47757339477,
    222.48654902142));
#5685 = LINE('',#5686,#5687);
#5686 = CARTESIAN_POINT('',(80.56421661377,-41.57650756835,
    222.54147303265));
#5687 = VECTOR('',#5688,1.);
#5688 = DIRECTION('',(0.92270248631,0.337055818227,-0.187118938532));
#5689 = ORIENTED_EDGE('',*,*,#5690,.T.);
#5690 = EDGE_CURVE('',#5683,#5599,#5691,.T.);
#5691 = LINE('',#5692,#5693);
#5692 = CARTESIAN_POINT('',(80.835052490234,-41.47757339477,
    222.48654902142));
#5693 = VECTOR('',#5694,1.);
#5694 = DIRECTION('',(-0.625333394633,-0.51871610793,0.583002354137));
#5695 = ORIENTED_EDGE('',*,*,#5668,.F.);
#5696 = PLANE('',#5697);
#5697 = AXIS2_PLACEMENT_3D('',#5698,#5699,#5700);
#5698 = CARTESIAN_POINT('',(80.67734276756,-41.57321443694,
    222.57829762938));
#5699 = DIRECTION('',(0.195470958528,-0.827398950968,-0.526499838851));
#5700 = DIRECTION('',(-2.407585570918E-17,-0.536856065997,0.843673849543
    ));
#5701 = ADVANCED_FACE('',(#5702),#5712,.T.);
#5702 = FACE_BOUND('',#5703,.T.);
#5703 = EDGE_LOOP('',(#5704,#5710,#5711));
#5704 = ORIENTED_EDGE('',*,*,#5705,.T.);
#5705 = EDGE_CURVE('',#5683,#5621,#5706,.T.);
#5706 = LINE('',#5707,#5708);
#5707 = CARTESIAN_POINT('',(80.835052490234,-41.47757339477,
    222.48654902142));
#5708 = VECTOR('',#5709,1.);
#5709 = DIRECTION('',(0.1666278952,-0.532190730579,0.830065160591));
#5710 = ORIENTED_EDGE('',*,*,#5620,.F.);
#5711 = ORIENTED_EDGE('',*,*,#5690,.F.);
#5712 = PLANE('',#5713);
#5713 = AXIS2_PLACEMENT_3D('',#5714,#5715,#5716);
#5714 = CARTESIAN_POINT('',(80.762797781993,-41.59472122637,
    222.63800714402));
#5715 = DIRECTION('',(0.159348940434,-0.816233952756,-0.555310768445));
#5716 = DIRECTION('',(1.021272473106E-17,-0.562498188568,0.826798517087)
  );
#5717 = ADVANCED_FACE('',(#5718),#5728,.T.);
#5718 = FACE_BOUND('',#5719,.T.);
#5719 = EDGE_LOOP('',(#5720,#5721,#5722));
#5720 = ORIENTED_EDGE('',*,*,#5660,.F.);
#5721 = ORIENTED_EDGE('',*,*,#5471,.F.);
#5722 = ORIENTED_EDGE('',*,*,#5723,.F.);
#5723 = EDGE_CURVE('',#5661,#5449,#5724,.T.);
#5724 = LINE('',#5725,#5726);
#5725 = CARTESIAN_POINT('',(80.56421661377,-41.57650756835,
    222.54147303265));
#5726 = VECTOR('',#5727,1.);
#5727 = DIRECTION('',(-0.999795601445,-5.351525375328E-03,
    -1.949657682326E-02));
#5728 = PLANE('',#5729);
#5729 = AXIS2_PLACEMENT_3D('',#5730,#5731,#5732);
#5730 = CARTESIAN_POINT('',(76.319617519596,-41.65190150003,
    222.5273338831));
#5731 = DIRECTION('',(1.611677047112E-02,-0.793192717169,-0.608757392678
    ));
#5732 = DIRECTION('',(-1.169458685688E-18,-0.608836470538,0.793295753262
    ));
#5733 = ADVANCED_FACE('',(#5734),#5751,.T.);
#5734 = FACE_BOUND('',#5735,.T.);
#5735 = EDGE_LOOP('',(#5736,#5737,#5745));
#5736 = ORIENTED_EDGE('',*,*,#5723,.T.);
#5737 = ORIENTED_EDGE('',*,*,#5738,.T.);
#5738 = EDGE_CURVE('',#5449,#5739,#5741,.T.);
#5739 = VERTEX_POINT('',#5740);
#5740 = CARTESIAN_POINT('',(80.53158569336,-41.44608688354,
    222.38562739056));
#5741 = LINE('',#5742,#5743);
#5742 = CARTESIAN_POINT('',(72.239418029785,-41.62106704711,
    222.37913477582));
#5743 = VECTOR('',#5744,1.);
#5744 = DIRECTION('',(0.999777123749,2.109715719085E-02,
    7.828070969878E-04));
#5745 = ORIENTED_EDGE('',*,*,#5746,.T.);
#5746 = EDGE_CURVE('',#5739,#5661,#5747,.T.);
#5747 = LINE('',#5748,#5749);
#5748 = CARTESIAN_POINT('',(80.531585693359,-41.44608688354,
    222.38562739057));
#5749 = VECTOR('',#5750,1.);
#5750 = DIRECTION('',(0.158540451458,-0.633661385891,0.757190975436));
#5751 = PLANE('',#5752);
#5752 = AXIS2_PLACEMENT_3D('',#5753,#5754,#5755);
#5753 = CARTESIAN_POINT('',(76.444490276835,-41.5655737273,
    222.42193399855));
#5754 = DIRECTION('',(1.664834122671E-02,-0.765065575598,-0.643737134062
    ));
#5755 = DIRECTION('',(-4.938380122245E-19,-0.643826364041,0.76517162321)
  );
#5756 = ADVANCED_FACE('',(#5757),#5774,.T.);
#5757 = FACE_BOUND('',#5758,.T.);
#5758 = EDGE_LOOP('',(#5759,#5767,#5773));
#5759 = ORIENTED_EDGE('',*,*,#5760,.T.);
#5760 = EDGE_CURVE('',#5739,#5761,#5763,.T.);
#5761 = VERTEX_POINT('',#5762);
#5762 = CARTESIAN_POINT('',(80.777931213379,-41.28618621826,
    222.29701960248));
#5763 = LINE('',#5764,#5765);
#5764 = CARTESIAN_POINT('',(80.531585693359,-41.44608688354,
    222.38562739057));
#5765 = VECTOR('',#5766,1.);
#5766 = DIRECTION('',(0.803039216253,0.521245545351,-0.288844419386));
#5767 = ORIENTED_EDGE('',*,*,#5768,.T.);
#5768 = EDGE_CURVE('',#5761,#5661,#5769,.T.);
#5769 = LINE('',#5770,#5771);
#5770 = CARTESIAN_POINT('',(80.777931213379,-41.28618621826,
    222.29701960248));
#5771 = VECTOR('',#5772,1.);
#5772 = DIRECTION('',(-0.490659307617,-0.666537863514,0.561231432077));
#5773 = ORIENTED_EDGE('',*,*,#5746,.F.);
#5774 = PLANE('',#5775);
#5775 = AXIS2_PLACEMENT_3D('',#5776,#5777,#5778);
#5776 = CARTESIAN_POINT('',(80.63905741807,-41.42760392601,
    222.40365237781));
#5777 = DIRECTION('',(0.233421690507,-0.721096799596,-0.65232945665));
#5778 = DIRECTION('',(-4.388524195481E-17,-0.670861603542,0.741582570516
    ));
#5779 = ADVANCED_FACE('',(#5780),#5790,.T.);
#5780 = FACE_BOUND('',#5781,.T.);
#5781 = EDGE_LOOP('',(#5782,#5788,#5789));
#5782 = ORIENTED_EDGE('',*,*,#5783,.T.);
#5783 = EDGE_CURVE('',#5761,#5683,#5784,.T.);
#5784 = LINE('',#5785,#5786);
#5785 = CARTESIAN_POINT('',(80.777931213379,-41.28618621826,
    222.29701960248));
#5786 = VECTOR('',#5787,1.);
#5787 = DIRECTION('',(0.207455631519,-0.695088586146,0.688341498357));
#5788 = ORIENTED_EDGE('',*,*,#5682,.F.);
#5789 = ORIENTED_EDGE('',*,*,#5768,.F.);
#5790 = PLANE('',#5791);
#5791 = AXIS2_PLACEMENT_3D('',#5792,#5793,#5794);
#5792 = CARTESIAN_POINT('',(80.716541872428,-41.44575108941,
    222.43941125411));
#5793 = DIRECTION('',(0.103481420645,-0.684108687523,-0.722002007779));
#5794 = DIRECTION('',(2.289783138451E-17,0.725899079166,-0.687801226275)
  );
#5795 = ADVANCED_FACE('',(#5796),#5813,.T.);
#5796 = FACE_BOUND('',#5797,.T.);
#5797 = EDGE_LOOP('',(#5798,#5799,#5807));
#5798 = ORIENTED_EDGE('',*,*,#5738,.F.);
#5799 = ORIENTED_EDGE('',*,*,#5800,.T.);
#5800 = EDGE_CURVE('',#5449,#5801,#5803,.T.);
#5801 = VERTEX_POINT('',#5802);
#5802 = CARTESIAN_POINT('',(80.492965698243,-41.29203033447,
    222.2515102641));
#5803 = LINE('',#5804,#5805);
#5804 = CARTESIAN_POINT('',(72.239418029785,-41.62106704711,
    222.37913477582));
#5805 = VECTOR('',#5806,1.);
#5806 = DIRECTION('',(0.999087046992,3.982969879076E-02,
    -1.544887140159E-02));
#5807 = ORIENTED_EDGE('',*,*,#5808,.T.);
#5808 = EDGE_CURVE('',#5801,#5739,#5809,.T.);
#5809 = LINE('',#5810,#5811);
#5810 = CARTESIAN_POINT('',(80.492965698242,-41.29203033447,
    222.2515102641));
#5811 = VECTOR('',#5812,1.);
#5812 = DIRECTION('',(0.18578403152,-0.741099181442,0.645179275007));
#5813 = PLANE('',#5814);
#5814 = AXIS2_PLACEMENT_3D('',#5815,#5816,#5817);
#5815 = CARTESIAN_POINT('',(76.427161192002,-41.49357591573,
    222.34854212561));
#5816 = DIRECTION('',(1.440275679585E-02,-0.654485997624,-0.755936928262
    ));
#5817 = DIRECTION('',(9.949922149997E-19,0.756015346015,-0.65455389128)
  );
#5818 = ADVANCED_FACE('',(#5819),#5829,.T.);
#5819 = FACE_BOUND('',#5820,.T.);
#5820 = EDGE_LOOP('',(#5821,#5827,#5828));
#5821 = ORIENTED_EDGE('',*,*,#5822,.T.);
#5822 = EDGE_CURVE('',#5801,#5761,#5823,.T.);
#5823 = LINE('',#5824,#5825);
#5824 = CARTESIAN_POINT('',(80.492965698242,-41.29203033447,
    222.2515102641));
#5825 = VECTOR('',#5826,1.);
#5826 = DIRECTION('',(0.987284185524,2.024737453111E-02,0.157670481825)
  );
#5827 = ORIENTED_EDGE('',*,*,#5760,.F.);
#5828 = ORIENTED_EDGE('',*,*,#5808,.F.);
#5829 = PLANE('',#5830);
#5830 = AXIS2_PLACEMENT_3D('',#5831,#5832,#5833);
#5831 = CARTESIAN_POINT('',(80.610947635351,-41.33921475141,
    222.31133930287));
#5832 = DIRECTION('',(0.134929256737,-0.631148434519,-0.763836205793));
#5833 = DIRECTION('',(2.046483640233E-17,0.77088577546,-0.636973406975)
  );
#5834 = ADVANCED_FACE('',(#5835),#5845,.T.);
#5835 = FACE_BOUND('',#5836,.T.);
#5836 = EDGE_LOOP('',(#5837,#5838,#5839));
#5837 = ORIENTED_EDGE('',*,*,#5800,.F.);
#5838 = ORIENTED_EDGE('',*,*,#5510,.F.);
#5839 = ORIENTED_EDGE('',*,*,#5840,.F.);
#5840 = EDGE_CURVE('',#5801,#5488,#5841,.T.);
#5841 = LINE('',#5842,#5843);
#5842 = CARTESIAN_POINT('',(80.492965698242,-41.29203033447,
    222.2515102641));
#5843 = VECTOR('',#5844,1.);
#5844 = DIRECTION('',(-0.999928040694,-7.245634464467E-03,
    -9.561078180306E-03));
#5845 = PLANE('',#5846);
#5846 = AXIS2_PLACEMENT_3D('',#5847,#5848,#5849);
#5847 = CARTESIAN_POINT('',(76.281903785303,-41.39121538062,
    222.26392683498));
#5848 = DIRECTION('',(1.199618358283E-02,-0.608634885028,-0.793359734487
    ));
#5849 = DIRECTION('',(-1.169270369027E-18,0.793416826223,-0.608678683598
    ));
#5850 = ADVANCED_FACE('',(#5851),#5868,.T.);
#5851 = FACE_BOUND('',#5852,.T.);
#5852 = EDGE_LOOP('',(#5853,#5854,#5862));
#5853 = ORIENTED_EDGE('',*,*,#5840,.T.);
#5854 = ORIENTED_EDGE('',*,*,#5855,.T.);
#5855 = EDGE_CURVE('',#5488,#5856,#5858,.T.);
#5856 = VERTEX_POINT('',#5857);
#5857 = CARTESIAN_POINT('',(80.448913574219,-41.11740112304,
    222.14261591596));
#5858 = LINE('',#5859,#5860);
#5859 = CARTESIAN_POINT('',(72.234634399414,-41.35187149047,
    222.1725460307));
#5860 = VECTOR('',#5861,1.);
#5861 = DIRECTION('',(0.999586231928,2.853243067251E-02,
    -3.642161409852E-03));
#5862 = ORIENTED_EDGE('',*,*,#5863,.T.);
#5863 = EDGE_CURVE('',#5856,#5801,#5864,.T.);
#5864 = LINE('',#5865,#5866);
#5865 = CARTESIAN_POINT('',(80.448913574219,-41.11740112304,
    222.14261591596));
#5866 = VECTOR('',#5867,1.);
#5867 = DIRECTION('',(0.209312297597,-0.82974526839,0.517408109386));
#5868 = PLANE('',#5869);
#5869 = AXIS2_PLACEMENT_3D('',#5870,#5871,#5872);
#5870 = CARTESIAN_POINT('',(76.404753355569,-41.27747353779,
    222.18502645768));
#5871 = DIRECTION('',(1.194402942832E-02,-0.526920016666,-0.849830945658
    ));
#5872 = DIRECTION('',(-3.392693038133E-19,0.849891570518,-0.52695760585)
  );
#5873 = ADVANCED_FACE('',(#5874),#5889,.T.);
#5874 = FACE_BOUND('',#5875,.T.);
#5875 = EDGE_LOOP('',(#5876,#5882,#5888));
#5876 = ORIENTED_EDGE('',*,*,#5877,.T.);
#5877 = EDGE_CURVE('',#5856,#3722,#5878,.T.);
#5878 = LINE('',#5879,#5880);
#5879 = CARTESIAN_POINT('',(80.448913574219,-41.11740112304,
    222.14261591596));
#5880 = VECTOR('',#5881,1.);
#5881 = DIRECTION('',(0.981194100998,0.18495527062,5.522394442075E-02));
#5882 = ORIENTED_EDGE('',*,*,#5883,.T.);
#5883 = EDGE_CURVE('',#3722,#5801,#5884,.T.);
#5884 = LINE('',#5885,#5886);
#5885 = CARTESIAN_POINT('',(80.71541595459,-41.06716537475,
    222.1576153056));
#5886 = VECTOR('',#5887,1.);
#5887 = DIRECTION('',(-0.674201183182,-0.681519654715,0.284576395426));
#5888 = ORIENTED_EDGE('',*,*,#5863,.F.);
#5889 = PLANE('',#5890);
#5890 = AXIS2_PLACEMENT_3D('',#5891,#5892,#5893);
#5891 = CARTESIAN_POINT('',(80.562286929573,-41.15690229112,
    222.18440706411));
#5892 = DIRECTION('',(0.141979754703,-0.497733412444,-0.855630293638));
#5893 = DIRECTION('',(-1.858273845702E-17,0.864386911884,-0.502827273091
    ));
#5894 = ADVANCED_FACE('',(#5895),#5905,.T.);
#5895 = FACE_BOUND('',#5896,.T.);
#5896 = EDGE_LOOP('',(#5897,#5903,#5904));
#5897 = ORIENTED_EDGE('',*,*,#5898,.T.);
#5898 = EDGE_CURVE('',#3722,#5761,#5899,.T.);
#5899 = LINE('',#5900,#5901);
#5900 = CARTESIAN_POINT('',(80.71541595459,-41.06716537475,
    222.1576153056));
#5901 = VECTOR('',#5902,1.);
#5902 = DIRECTION('',(0.234102038557,-0.820171378065,0.522029832622));
#5903 = ORIENTED_EDGE('',*,*,#5822,.F.);
#5904 = ORIENTED_EDGE('',*,*,#5883,.F.);
#5905 = PLANE('',#5906);
#5906 = AXIS2_PLACEMENT_3D('',#5907,#5908,#5909);
#5907 = CARTESIAN_POINT('',(80.657340934228,-41.21440752103,
    222.23414077114));
#5908 = DIRECTION('',(0.146488634662,-0.501063194656,-0.85292247882));
#5909 = DIRECTION('',(-4.618066773745E-19,0.862223845039,-0.506527433655
    ));
#5910 = ADVANCED_FACE('',(#5911),#5926,.T.);
#5911 = FACE_BOUND('',#5912,.T.);
#5912 = EDGE_LOOP('',(#5913,#5914,#5920));
#5913 = ORIENTED_EDGE('',*,*,#3598,.F.);
#5914 = ORIENTED_EDGE('',*,*,#5915,.T.);
#5915 = EDGE_CURVE('',#3552,#5856,#5916,.T.);
#5916 = LINE('',#5917,#5918);
#5917 = CARTESIAN_POINT('',(80.650604248047,-40.83176422119,
    222.06893885297));
#5918 = VECTOR('',#5919,1.);
#5919 = DIRECTION('',(-0.56441348184,-0.799329563724,0.206178733323));
#5920 = ORIENTED_EDGE('',*,*,#5921,.F.);
#5921 = EDGE_CURVE('',#3575,#5856,#5922,.T.);
#5922 = LINE('',#5923,#5924);
#5923 = CARTESIAN_POINT('',(80.401184082031,-40.92831039428,
    222.06296503705));
#5924 = VECTOR('',#5925,1.);
#5925 = DIRECTION('',(0.226571125726,-0.897610624288,0.378101431038));
#5926 = PLANE('',#5927);
#5927 = AXIS2_PLACEMENT_3D('',#5928,#5929,#5930);
#5928 = CARTESIAN_POINT('',(80.510674865058,-40.956481961,
    222.09227290487));
#5929 = DIRECTION('',(0.157355399665,-0.349363581762,-0.923679796215));
#5930 = DIRECTION('',(-1.304156064218E-17,0.935332127665,-0.353770845262
    ));
#5931 = ADVANCED_FACE('',(#5932),#5947,.T.);
#5932 = FACE_BOUND('',#5933,.T.);
#5933 = EDGE_LOOP('',(#5934,#5940,#5946));
#5934 = ORIENTED_EDGE('',*,*,#5935,.T.);
#5935 = EDGE_CURVE('',#5856,#2995,#5936,.T.);
#5936 = LINE('',#5937,#5938);
#5937 = CARTESIAN_POINT('',(80.448913574219,-41.11740112304,
    222.14261591596));
#5938 = VECTOR('',#5939,1.);
#5939 = DIRECTION('',(-0.999879895947,9.611873934766E-03,
    -1.215753099792E-02));
#5940 = ORIENTED_EDGE('',*,*,#5941,.T.);
#5941 = EDGE_CURVE('',#2995,#3575,#5942,.T.);
#5942 = LINE('',#5943,#5944);
#5943 = CARTESIAN_POINT('',(72.229064941406,-41.03838348388,
    222.0426708476));
#5944 = VECTOR('',#5945,1.);
#5945 = DIRECTION('',(0.99990621807,1.346808151459E-02,
    2.483111892483E-03));
#5946 = ORIENTED_EDGE('',*,*,#5921,.T.);
#5947 = PLANE('',#5948);
#5948 = AXIS2_PLACEMENT_3D('',#5949,#5950,#5951);
#5949 = CARTESIAN_POINT('',(76.379082639291,-41.03065763576,
    222.07316953569));
#5950 = DIRECTION('',(7.497156921253E-03,-0.386577908031,-0.922226281159
    ));
#5951 = DIRECTION('',(-3.880319567716E-19,0.922252200205,-0.386588772751
    ));
#5952 = ADVANCED_FACE('',(#5953),#5958,.T.);
#5953 = FACE_BOUND('',#5954,.T.);
#5954 = EDGE_LOOP('',(#5955,#5956,#5957));
#5955 = ORIENTED_EDGE('',*,*,#5855,.F.);
#5956 = ORIENTED_EDGE('',*,*,#5526,.F.);
#5957 = ORIENTED_EDGE('',*,*,#5935,.F.);
#5958 = PLANE('',#5959);
#5959 = AXIS2_PLACEMENT_3D('',#5960,#5961,#5962);
#5960 = CARTESIAN_POINT('',(76.257276710475,-41.15703565874,
    222.12475201489));
#5961 = DIRECTION('',(7.55526750222E-03,-0.382618811712,-0.923875404401)
  );
#5962 = DIRECTION('',(-9.312568528139E-20,0.923901773889,-0.382629732516
    ));
#5963 = ADVANCED_FACE('',(#5964),#5969,.T.);
#5964 = FACE_BOUND('',#5965,.T.);
#5965 = EDGE_LOOP('',(#5966,#5967,#5968));
#5966 = ORIENTED_EDGE('',*,*,#3745,.F.);
#5967 = ORIENTED_EDGE('',*,*,#5877,.F.);
#5968 = ORIENTED_EDGE('',*,*,#5915,.F.);
#5969 = PLANE('',#5970);
#5970 = AXIS2_PLACEMENT_3D('',#5971,#5972,#5973);
#5971 = CARTESIAN_POINT('',(80.598610858321,-41.00321252529,
    222.1215200965));
#5972 = DIRECTION('',(0.113708740426,-0.322665711884,-0.939658002001));
#5973 = DIRECTION('',(-1.371168900103E-18,0.94579228982,-0.32477214246)
  );
#5974 = ADVANCED_FACE('',(#5975),#5980,.T.);
#5975 = FACE_BOUND('',#5976,.T.);
#5976 = EDGE_LOOP('',(#5977,#5978,#5979));
#5977 = ORIENTED_EDGE('',*,*,#5941,.F.);
#5978 = ORIENTED_EDGE('',*,*,#3160,.F.);
#5979 = ORIENTED_EDGE('',*,*,#3574,.F.);
#5980 = PLANE('',#5981);
#5981 = AXIS2_PLACEMENT_3D('',#5982,#5983,#5984);
#5982 = CARTESIAN_POINT('',(76.354408723472,-40.93270961255,
    222.04081429197));
#5983 = DIRECTION('',(5.575827865744E-03,-0.234749165636,-0.972039988569
    ));
#5984 = DIRECTION('',(1.500806287731E-19,0.972055099213,-0.23475281488)
  );
#5985 = ADVANCED_FACE('',(#5986),#6003,.T.);
#5986 = FACE_BOUND('',#5987,.T.);
#5987 = EDGE_LOOP('',(#5988,#5996,#5997));
#5988 = ORIENTED_EDGE('',*,*,#5989,.T.);
#5989 = EDGE_CURVE('',#5990,#2940,#5992,.T.);
#5990 = VERTEX_POINT('',#5991);
#5991 = CARTESIAN_POINT('',(55.294021606445,40.924667358398,
    222.05826533002));
#5992 = LINE('',#5993,#5994);
#5993 = CARTESIAN_POINT('',(55.294021606445,40.924667358398,
    222.05826533002));
#5994 = VECTOR('',#5995,1.);
#5995 = DIRECTION('',(0.925012571982,0.362430620602,-0.11399906546));
#5996 = ORIENTED_EDGE('',*,*,#3450,.F.);
#5997 = ORIENTED_EDGE('',*,*,#5998,.F.);
#5998 = EDGE_CURVE('',#5990,#3429,#5999,.T.);
#5999 = LINE('',#6000,#6001);
#6000 = CARTESIAN_POINT('',(55.294021606445,40.924667358398,
    222.05826533002));
#6001 = VECTOR('',#6002,1.);
#6002 = DIRECTION('',(0.96305090067,-0.147464378852,-0.225360199879));
#6003 = PLANE('',#6004);
#6004 = AXIS2_PLACEMENT_3D('',#6005,#6006,#6007);
#6005 = CARTESIAN_POINT('',(55.481009558347,40.970636732931,
    222.02967277846));
#6006 = DIRECTION('',(-0.194999880251,0.195367903752,-0.961148494711));
#6007 = DIRECTION('',(1.29409985187E-17,0.979960536406,0.199191734483));
#6008 = ADVANCED_FACE('',(#6009),#6024,.T.);
#6009 = FACE_BOUND('',#6010,.T.);
#6010 = EDGE_LOOP('',(#6011,#6017,#6023));
#6011 = ORIENTED_EDGE('',*,*,#6012,.T.);
#6012 = EDGE_CURVE('',#3429,#4604,#6013,.T.);
#6013 = LINE('',#6014,#6015);
#6014 = CARTESIAN_POINT('',(55.483283996582,40.895687103271,
    222.01397669476));
#6015 = VECTOR('',#6016,1.);
#6016 = DIRECTION('',(-2.310895235903E-03,-0.999997183734,
    5.406355395942E-04));
#6017 = ORIENTED_EDGE('',*,*,#6018,.T.);
#6018 = EDGE_CURVE('',#4604,#5990,#6019,.T.);
#6019 = LINE('',#6020,#6021);
#6020 = CARTESIAN_POINT('',(55.294204711914,-40.92487716674,
    222.05821192426));
#6021 = VECTOR('',#6022,1.);
#6022 = DIRECTION('',(-2.23709820026E-06,0.999999999997,6.5248697508E-07
    ));
#6023 = ORIENTED_EDGE('',*,*,#5998,.T.);
#6024 = PLANE('',#6025);
#6025 = AXIS2_PLACEMENT_3D('',#6026,#6027,#6028);
#6026 = CARTESIAN_POINT('',(55.341477090659,4.172325343968E-02,
    222.0471551642));
#6027 = DIRECTION('',(-0.227851195283,1.2559843614E-07,-0.973695965283)
  );
#6028 = DIRECTION('',(0.973695965283,1.065652846577E-24,-0.227851195283)
  );
#6029 = ADVANCED_FACE('',(#6030),#6035,.T.);
#6030 = FACE_BOUND('',#6031,.T.);
#6031 = EDGE_LOOP('',(#6032,#6033,#6034));
#6032 = ORIENTED_EDGE('',*,*,#3428,.F.);
#6033 = ORIENTED_EDGE('',*,*,#4603,.F.);
#6034 = ORIENTED_EDGE('',*,*,#6012,.F.);
#6035 = PLANE('',#6036);
#6036 = AXIS2_PLACEMENT_3D('',#6037,#6038,#6039);
#6037 = CARTESIAN_POINT('',(55.435979575753,-5.638893306661E-02,
    222.02504501576));
#6038 = DIRECTION('',(-0.22777198835,-6.745984142E-08,-0.973714496823));
#6039 = DIRECTION('',(0.973714496823,1.233949133583E-24,-0.22777198835)
  );
#6040 = ADVANCED_FACE('',(#6041),#6058,.T.);
#6041 = FACE_BOUND('',#6042,.T.);
#6042 = EDGE_LOOP('',(#6043,#6044,#6052));
#6043 = ORIENTED_EDGE('',*,*,#6018,.F.);
#6044 = ORIENTED_EDGE('',*,*,#6045,.T.);
#6045 = EDGE_CURVE('',#4604,#6046,#6048,.T.);
#6046 = VERTEX_POINT('',#6047);
#6047 = CARTESIAN_POINT('',(55.119361877441,-40.95193862915,
    222.12742579144));
#6048 = LINE('',#6049,#6050);
#6049 = CARTESIAN_POINT('',(55.294204711914,-40.92487716674,
    222.05821192426));
#6050 = VECTOR('',#6051,1.);
#6051 = DIRECTION('',(-0.920315964735,-0.142442759825,0.364319345118));
#6052 = ORIENTED_EDGE('',*,*,#6053,.F.);
#6053 = EDGE_CURVE('',#5990,#6046,#6054,.T.);
#6054 = LINE('',#6055,#6056);
#6055 = CARTESIAN_POINT('',(55.294021606445,40.924667358398,
    222.05826533002));
#6056 = VECTOR('',#6057,1.);
#6057 = DIRECTION('',(-2.133201140767E-03,-0.999997367973,
    8.446891338425E-04));
#6058 = PLANE('',#6059);
#6059 = AXIS2_PLACEMENT_3D('',#6060,#6061,#6062);
#6060 = CARTESIAN_POINT('',(55.250344621553,-5.431161341137E-02,
    222.07556499737));
#6061 = DIRECTION('',(-0.368072536944,-2.1673392665E-07,-0.929797078694)
  );
#6062 = DIRECTION('',(0.929797078694,-1.434712622601E-24,-0.368072536944
    ));
#6063 = ADVANCED_FACE('',(#6064),#6081,.T.);
#6064 = FACE_BOUND('',#6065,.T.);
#6065 = EDGE_LOOP('',(#6066,#6067,#6075));
#6066 = ORIENTED_EDGE('',*,*,#6053,.T.);
#6067 = ORIENTED_EDGE('',*,*,#6068,.T.);
#6068 = EDGE_CURVE('',#6046,#6069,#6071,.T.);
#6069 = VERTEX_POINT('',#6070);
#6070 = CARTESIAN_POINT('',(55.119194030762,40.951717376709,
    222.12750971478));
#6071 = LINE('',#6072,#6073);
#6072 = CARTESIAN_POINT('',(55.119361877441,-40.95193862915,
    222.12742579144));
#6073 = VECTOR('',#6074,1.);
#6074 = DIRECTION('',(-2.04931852706E-06,0.999999999997,
    1.02465926353E-06));
#6075 = ORIENTED_EDGE('',*,*,#6076,.T.);
#6076 = EDGE_CURVE('',#6069,#5990,#6077,.T.);
#6077 = LINE('',#6078,#6079);
#6078 = CARTESIAN_POINT('',(55.119194030762,40.951717376709,
    222.12750971478));
#6079 = VECTOR('',#6080,1.);
#6080 = DIRECTION('',(0.920257694782,-0.142385933094,-0.364488712103));
#6081 = PLANE('',#6082);
#6082 = AXIS2_PLACEMENT_3D('',#6083,#6084,#6085);
#6083 = CARTESIAN_POINT('',(55.16302823692,4.05670766819E-02,
    222.11013948188));
#6084 = DIRECTION('',(-0.36824060941,1.9801469421E-07,-0.929730527401));
#6085 = DIRECTION('',(0.929730527401,-8.710325842091E-24,-0.36824060941)
  );
#6086 = ADVANCED_FACE('',(#6087),#6104,.T.);
#6087 = FACE_BOUND('',#6088,.T.);
#6088 = EDGE_LOOP('',(#6089,#6097,#6103));
#6089 = ORIENTED_EDGE('',*,*,#6090,.T.);
#6090 = EDGE_CURVE('',#6069,#6091,#6093,.T.);
#6091 = VERTEX_POINT('',#6092);
#6092 = CARTESIAN_POINT('',(55.425796508789,41.141426086426,
    222.04715693158));
#6093 = LINE('',#6094,#6095);
#6094 = CARTESIAN_POINT('',(55.119194030762,40.951717376709,
    222.12750971478));
#6095 = VECTOR('',#6096,1.);
#6096 = DIRECTION('',(0.830017462405,0.513569045,-0.217526660712));
#6097 = ORIENTED_EDGE('',*,*,#6098,.T.);
#6098 = EDGE_CURVE('',#6091,#5990,#6099,.T.);
#6099 = LINE('',#6100,#6101);
#6100 = CARTESIAN_POINT('',(55.425796508789,41.141426086426,
    222.04715693158));
#6101 = VECTOR('',#6102,1.);
#6102 = DIRECTION('',(-0.518974349987,-0.853669537835,4.37486483083E-02)
  );
#6103 = ORIENTED_EDGE('',*,*,#6076,.F.);
#6104 = PLANE('',#6105);
#6105 = AXIS2_PLACEMENT_3D('',#6106,#6107,#6108);
#6106 = CARTESIAN_POINT('',(55.284395801864,41.017032528789,
    222.07782139733));
#6107 = DIRECTION('',(-0.341918685624,0.16041163486,-0.925937211598));
#6108 = DIRECTION('',(0.938085222826,2.221438411301E-18,-0.346404553542)
  );
#6109 = ADVANCED_FACE('',(#6110),#6120,.T.);
#6110 = FACE_BOUND('',#6111,.T.);
#6111 = EDGE_LOOP('',(#6112,#6113,#6114));
#6112 = ORIENTED_EDGE('',*,*,#2970,.F.);
#6113 = ORIENTED_EDGE('',*,*,#5989,.F.);
#6114 = ORIENTED_EDGE('',*,*,#6115,.T.);
#6115 = EDGE_CURVE('',#5990,#2971,#6116,.T.);
#6116 = LINE('',#6117,#6118);
#6117 = CARTESIAN_POINT('',(55.294021606445,40.924667358398,
    222.05826533002));
#6118 = VECTOR('',#6119,1.);
#6119 = DIRECTION('',(0.888184191917,0.449601566813,-9.480122545554E-02)
  );
#6120 = PLANE('',#6121);
#6121 = AXIS2_PLACEMENT_3D('',#6122,#6123,#6124);
#6122 = CARTESIAN_POINT('',(55.480704241152,41.008521763528,
    222.03680370976));
#6123 = DIRECTION('',(-0.175177855448,0.140594444589,-0.974446469085));
#6124 = DIRECTION('',(0.984222483772,1.321966340209E-17,-0.176935305797)
  );
#6125 = ADVANCED_FACE('',(#6126),#6136,.T.);
#6126 = FACE_BOUND('',#6127,.T.);
#6127 = EDGE_LOOP('',(#6128,#6129,#6135));
#6128 = ORIENTED_EDGE('',*,*,#6098,.F.);
#6129 = ORIENTED_EDGE('',*,*,#6130,.T.);
#6130 = EDGE_CURVE('',#6091,#2971,#6131,.T.);
#6131 = LINE('',#6132,#6133);
#6132 = CARTESIAN_POINT('',(55.425796508789,41.141426086426,
    222.04715693158));
#6133 = VECTOR('',#6134,1.);
#6134 = DIRECTION('',(0.978985233619,-0.166649037481,-0.117541527396));
#6135 = ORIENTED_EDGE('',*,*,#6115,.F.);
#6136 = PLANE('',#6137);
#6137 = AXIS2_PLACEMENT_3D('',#6138,#6139,#6140);
#6138 = CARTESIAN_POINT('',(55.455763753449,41.047572628987,
    222.04181011148));
#6139 = DIRECTION('',(-0.115901402453,1.956784625379E-02,-0.993067955531
    ));
#6140 = DIRECTION('',(0.993258133309,1.292247184032E-19,-0.115923598186)
  );
#6141 = ADVANCED_FACE('',(#6142),#6159,.T.);
#6142 = FACE_BOUND('',#6143,.T.);
#6143 = EDGE_LOOP('',(#6144,#6145,#6153));
#6144 = ORIENTED_EDGE('',*,*,#6068,.F.);
#6145 = ORIENTED_EDGE('',*,*,#6146,.T.);
#6146 = EDGE_CURVE('',#6046,#6147,#6149,.T.);
#6147 = VERTEX_POINT('',#6148);
#6148 = CARTESIAN_POINT('',(54.963241577148,-40.97620010376,
    222.21651423139));
#6149 = LINE('',#6150,#6151);
#6150 = CARTESIAN_POINT('',(55.119361877441,-40.95193862915,
    222.12742579144));
#6151 = VECTOR('',#6152,1.);
#6152 = DIRECTION('',(-0.860733238475,-0.133760039992,0.491168549366));
#6153 = ORIENTED_EDGE('',*,*,#6154,.F.);
#6154 = EDGE_CURVE('',#6069,#6147,#6155,.T.);
#6155 = LINE('',#6156,#6157);
#6156 = CARTESIAN_POINT('',(55.119194030762,40.951717376709,
    222.12750971478));
#6157 = VECTOR('',#6158,1.);
#6158 = DIRECTION('',(-1.903527928455E-03,-0.999997598184,
    1.0863733092E-03));
#6159 = PLANE('',#6160);
#6160 = AXIS2_PLACEMENT_3D('',#6161,#6162,#6163);
#6161 = CARTESIAN_POINT('',(55.080198988539,-5.147184501448E-02,
    222.14976776851));
#6162 = DIRECTION('',(-0.495622321089,-1.2573234577E-07,-0.868538148177)
  );
#6163 = DIRECTION('',(0.868538148177,7.887870821357E-24,-0.495622321089)
  );
#6164 = ADVANCED_FACE('',(#6165),#6182,.T.);
#6165 = FACE_BOUND('',#6166,.T.);
#6166 = EDGE_LOOP('',(#6167,#6168,#6176));
#6167 = ORIENTED_EDGE('',*,*,#6154,.T.);
#6168 = ORIENTED_EDGE('',*,*,#6169,.T.);
#6169 = EDGE_CURVE('',#6147,#6170,#6172,.T.);
#6170 = VERTEX_POINT('',#6171);
#6171 = CARTESIAN_POINT('',(54.963111877441,40.97599029541,
    222.21659815472));
#6172 = LINE('',#6173,#6174);
#6173 = CARTESIAN_POINT('',(54.963241577148,-40.97620010376,
    222.21651423139));
#6174 = VECTOR('',#6175,1.);
#6175 = DIRECTION('',(-1.58262648502E-06,0.999999999998,
    1.02405243148E-06));
#6176 = ORIENTED_EDGE('',*,*,#6177,.T.);
#6177 = EDGE_CURVE('',#6170,#6069,#6178,.T.);
#6178 = LINE('',#6179,#6180);
#6179 = CARTESIAN_POINT('',(54.963111877441,40.97599029541,
    222.21659815473));
#6180 = VECTOR('',#6181,1.);
#6181 = DIRECTION('',(0.860671455171,-0.133846232996,-0.491253327893));
#6182 = PLANE('',#6183);
#6183 = AXIS2_PLACEMENT_3D('',#6184,#6185,#6186);
#6184 = CARTESIAN_POINT('',(55.002234599896,3.911490898631E-02,
    222.19426277891));
#6185 = DIRECTION('',(-0.495713692005,1.0484558404E-07,-0.868486001936)
  );
#6186 = DIRECTION('',(0.868486001936,1.027242836576E-24,-0.495713692005)
  );
#6187 = ADVANCED_FACE('',(#6188),#6205,.T.);
#6188 = FACE_BOUND('',#6189,.T.);
#6189 = EDGE_LOOP('',(#6190,#6198,#6204));
#6190 = ORIENTED_EDGE('',*,*,#6191,.T.);
#6191 = EDGE_CURVE('',#6170,#6192,#6194,.T.);
#6192 = VERTEX_POINT('',#6193);
#6193 = CARTESIAN_POINT('',(55.207695007324,41.180332183838,
    222.11429560346));
#6194 = LINE('',#6195,#6196);
#6195 = CARTESIAN_POINT('',(54.963111877441,40.97599029541,
    222.21659815473));
#6196 = VECTOR('',#6197,1.);
#6197 = DIRECTION('',(0.730693827457,0.610472834478,-0.305629594247));
#6198 = ORIENTED_EDGE('',*,*,#6199,.T.);
#6199 = EDGE_CURVE('',#6192,#6069,#6200,.T.);
#6200 = LINE('',#6201,#6202);
#6201 = CARTESIAN_POINT('',(55.207695007324,41.180332183838,
    222.11429560346));
#6202 = VECTOR('',#6203,1.);
#6203 = DIRECTION('',(-0.360488243612,-0.931209501709,5.382462395996E-02
    ));
#6204 = ORIENTED_EDGE('',*,*,#6177,.F.);
#6205 = PLANE('',#6206);
#6206 = AXIS2_PLACEMENT_3D('',#6207,#6208,#6209);
#6207 = CARTESIAN_POINT('',(55.10002375335,41.047029754841,
    222.15266087682));
#6208 = DIRECTION('',(-0.475478436051,0.133809133177,-0.869491444886));
#6209 = DIRECTION('',(0.877381630841,-5.337675587365E-18,-0.479793157375
    ));
#6210 = ADVANCED_FACE('',(#6211),#6221,.T.);
#6211 = FACE_BOUND('',#6212,.T.);
#6212 = EDGE_LOOP('',(#6213,#6214,#6220));
#6213 = ORIENTED_EDGE('',*,*,#6199,.F.);
#6214 = ORIENTED_EDGE('',*,*,#6215,.T.);
#6215 = EDGE_CURVE('',#6192,#6091,#6216,.T.);
#6216 = LINE('',#6217,#6218);
#6217 = CARTESIAN_POINT('',(55.207695007324,41.180332183838,
    222.11429560346));
#6218 = VECTOR('',#6219,1.);
#6219 = DIRECTION('',(0.94214684422,-0.168065128628,-0.290023165395));
#6220 = ORIENTED_EDGE('',*,*,#6090,.F.);
#6221 = PLANE('',#6222);
#6222 = AXIS2_PLACEMENT_3D('',#6223,#6224,#6225);
#6223 = CARTESIAN_POINT('',(55.252966961678,41.083478215273,
    222.0952633321));
#6224 = DIRECTION('',(-0.284799443418,5.493506623446E-02,-0.95701171128)
  );
#6225 = DIRECTION('',(0.958459052411,-2.350003931135E-18,-0.285230161187
    ));
#6226 = ADVANCED_FACE('',(#6227),#6244,.T.);
#6227 = FACE_BOUND('',#6228,.T.);
#6228 = EDGE_LOOP('',(#6229,#6230,#6238));
#6229 = ORIENTED_EDGE('',*,*,#6169,.F.);
#6230 = ORIENTED_EDGE('',*,*,#6231,.T.);
#6231 = EDGE_CURVE('',#6147,#6232,#6234,.T.);
#6232 = VERTEX_POINT('',#6233);
#6233 = CARTESIAN_POINT('',(54.829147338867,-40.99673080444,
    222.31902277631));
#6234 = LINE('',#6235,#6236);
#6235 = CARTESIAN_POINT('',(54.963241577148,-40.97620010376,
    222.21651423139));
#6236 = VECTOR('',#6237,1.);
#6237 = DIRECTION('',(-0.788642616658,-0.120746317787,0.602879050832));
#6238 = ORIENTED_EDGE('',*,*,#6239,.F.);
#6239 = EDGE_CURVE('',#6170,#6232,#6240,.T.);
#6240 = LINE('',#6241,#6242);
#6241 = CARTESIAN_POINT('',(54.963111877441,40.97599029541,
    222.21659815473));
#6242 = VECTOR('',#6243,1.);
#6243 = DIRECTION('',(-1.634254094607E-03,-0.999997883987,
    1.249493776417E-03));
#6244 = PLANE('',#6245);
#6245 = AXIS2_PLACEMENT_3D('',#6246,#6247,#6248);
#6246 = CARTESIAN_POINT('',(54.929614268834,-4.770205918431E-02,
    222.24221307349));
#6247 = DIRECTION('',(-0.607322574827,-1.476008674E-07,-0.794455341794)
  );
#6248 = DIRECTION('',(0.794455341794,6.359571421443E-24,-0.607322574827)
  );
#6249 = ADVANCED_FACE('',(#6250),#6267,.T.);
#6250 = FACE_BOUND('',#6251,.T.);
#6251 = EDGE_LOOP('',(#6252,#6253,#6261));
#6252 = ORIENTED_EDGE('',*,*,#6239,.T.);
#6253 = ORIENTED_EDGE('',*,*,#6254,.T.);
#6254 = EDGE_CURVE('',#6232,#6255,#6257,.T.);
#6255 = VERTEX_POINT('',#6256);
#6256 = CARTESIAN_POINT('',(54.829048156738,40.996513366699,
    222.31910669965));
#6257 = LINE('',#6258,#6259);
#6258 = CARTESIAN_POINT('',(54.829147338867,-40.99673080444,
    222.31902277631));
#6259 = VECTOR('',#6260,1.);
#6260 = DIRECTION('',(-1.20963781722E-06,0.999999999999,1.0235396915E-06
    ));
#6261 = ORIENTED_EDGE('',*,*,#6262,.T.);
#6262 = EDGE_CURVE('',#6255,#6170,#6263,.T.);
#6263 = LINE('',#6264,#6265);
#6264 = CARTESIAN_POINT('',(54.829048156738,40.996513366699,
    222.31910669965));
#6265 = VECTOR('',#6266,1.);
#6266 = DIRECTION('',(0.788579023379,-0.120719188077,-0.602967662083));
#6267 = PLANE('',#6268);
#6268 = AXIS2_PLACEMENT_3D('',#6269,#6270,#6271);
#6269 = CARTESIAN_POINT('',(54.86264418598,3.721875872608E-02,
    222.29341427874));
#6270 = DIRECTION('',(-0.607409826915,7.83424004E-08,-0.794388634213));
#6271 = DIRECTION('',(0.794388634213,-1.382396033588E-23,-0.607409826915
    ));
#6272 = ADVANCED_FACE('',(#6273),#6290,.T.);
#6273 = FACE_BOUND('',#6274,.T.);
#6274 = EDGE_LOOP('',(#6275,#6283,#6289));
#6275 = ORIENTED_EDGE('',*,*,#6276,.T.);
#6276 = EDGE_CURVE('',#6255,#6277,#6279,.T.);
#6277 = VERTEX_POINT('',#6278);
#6278 = CARTESIAN_POINT('',(55.001220703125,41.219329833984,
    222.22224390668));
#6279 = LINE('',#6280,#6281);
#6280 = CARTESIAN_POINT('',(54.829048156738,40.996513366699,
    222.31910669965));
#6281 = VECTOR('',#6282,1.);
#6282 = DIRECTION('',(0.578186954647,0.748258519541,-0.325283005105));
#6283 = ORIENTED_EDGE('',*,*,#6284,.T.);
#6284 = EDGE_CURVE('',#6277,#6170,#6285,.T.);
#6285 = LINE('',#6286,#6287);
#6286 = CARTESIAN_POINT('',(55.001220703125,41.219329833984,
    222.22224390668));
#6287 = VECTOR('',#6288,1.);
#6288 = DIRECTION('',(-0.154681133101,-0.987698646695,-2.29157234223E-02
    ));
#6289 = ORIENTED_EDGE('',*,*,#6262,.F.);
#6290 = PLANE('',#6291);
#6291 = AXIS2_PLACEMENT_3D('',#6292,#6293,#6294);
#6292 = CARTESIAN_POINT('',(54.933723167169,41.075417804075,
    222.25232158725));
#6293 = DIRECTION('',(-0.592820322786,0.111345406701,-0.797600316762));
#6294 = DIRECTION('',(0.802591014701,5.327538983736E-19,-0.596529683353)
  );
#6295 = ADVANCED_FACE('',(#6296),#6306,.T.);
#6296 = FACE_BOUND('',#6297,.T.);
#6297 = EDGE_LOOP('',(#6298,#6299,#6305));
#6298 = ORIENTED_EDGE('',*,*,#6284,.F.);
#6299 = ORIENTED_EDGE('',*,*,#6300,.T.);
#6300 = EDGE_CURVE('',#6277,#6192,#6301,.T.);
#6301 = LINE('',#6302,#6303);
#6302 = CARTESIAN_POINT('',(55.001220703125,41.219329833984,
    222.22224390668));
#6303 = VECTOR('',#6304,1.);
#6304 = DIRECTION('',(0.874033989795,-0.165082390675,-0.456959942416));
#6305 = ORIENTED_EDGE('',*,*,#6191,.F.);
#6306 = PLANE('',#6307);
#6307 = AXIS2_PLACEMENT_3D('',#6308,#6309,#6310);
#6308 = CARTESIAN_POINT('',(55.059791587629,41.119204880749,
    222.18253238273));
#6309 = DIRECTION('',(-0.447884811454,9.077890138286E-02,-0.889470846477
    ));
#6310 = DIRECTION('',(0.893158634613,-1.461527090966E-17,-0.449741763034
    ));
#6311 = ADVANCED_FACE('',(#6312),#6329,.T.);
#6312 = FACE_BOUND('',#6313,.T.);
#6313 = EDGE_LOOP('',(#6314,#6322,#6323));
#6314 = ORIENTED_EDGE('',*,*,#6315,.T.);
#6315 = EDGE_CURVE('',#6316,#6277,#6318,.T.);
#6316 = VERTEX_POINT('',#6317);
#6317 = CARTESIAN_POINT('',(54.714965820313,41.013973236084,
    222.43184626264));
#6318 = LINE('',#6319,#6320);
#6319 = CARTESIAN_POINT('',(54.714965820313,41.013973236084,
    222.43184626264));
#6320 = VECTOR('',#6321,1.);
#6321 = DIRECTION('',(0.698294107242,0.50094971582,-0.511306876553));
#6322 = ORIENTED_EDGE('',*,*,#6276,.F.);
#6323 = ORIENTED_EDGE('',*,*,#6324,.F.);
#6324 = EDGE_CURVE('',#6316,#6255,#6325,.T.);
#6325 = LINE('',#6326,#6327);
#6326 = CARTESIAN_POINT('',(54.714965820313,41.013973236084,
    222.43184626264));
#6327 = VECTOR('',#6328,1.);
#6328 = DIRECTION('',(0.707103023988,-0.108219438935,-0.698780270546));
#6329 = PLANE('',#6330);
#6330 = AXIS2_PLACEMENT_3D('',#6331,#6332,#6333);
#6331 = CARTESIAN_POINT('',(54.861656644636,41.092977535807,
    222.31672120663));
#6332 = DIRECTION('',(-0.670965888302,0.209220077539,-0.71135907662));
#6333 = DIRECTION('',(0.727458772469,-3.684933501466E-18,-0.686151393177
    ));
#6334 = ADVANCED_FACE('',(#6335),#6352,.T.);
#6335 = FACE_BOUND('',#6336,.T.);
#6336 = EDGE_LOOP('',(#6337,#6345,#6351));
#6337 = ORIENTED_EDGE('',*,*,#6338,.T.);
#6338 = EDGE_CURVE('',#6255,#6339,#6341,.T.);
#6339 = VERTEX_POINT('',#6340);
#6340 = CARTESIAN_POINT('',(54.715042114258,-41.01419067382,
    222.4317623393));
#6341 = LINE('',#6342,#6343);
#6342 = CARTESIAN_POINT('',(54.829048156738,40.996513366699,
    222.31910669965));
#6343 = VECTOR('',#6344,1.);
#6344 = DIRECTION('',(-1.390133472147E-03,-0.999998090282,
    1.373667325819E-03));
#6345 = ORIENTED_EDGE('',*,*,#6346,.T.);
#6346 = EDGE_CURVE('',#6339,#6316,#6347,.T.);
#6347 = LINE('',#6348,#6349);
#6348 = CARTESIAN_POINT('',(54.715042114258,-41.01419067382,
    222.4317623393));
#6349 = VECTOR('',#6350,1.);
#6350 = DIRECTION('',(-9.3009451481E-07,0.999999999999,1.02310396629E-06
    ));
#6351 = ORIENTED_EDGE('',*,*,#6324,.T.);
#6352 = PLANE('',#6353);
#6353 = AXIS2_PLACEMENT_3D('',#6354,#6355,#6356);
#6354 = CARTESIAN_POINT('',(54.74354953179,3.582151524248E-02,
    222.40359472803));
#6355 = DIRECTION('',(-0.702908424498,7.394248472E-08,-0.711280357362));
#6356 = DIRECTION('',(0.711280357362,-4.045937965086E-24,-0.702908424498
    ));
#6357 = ADVANCED_FACE('',(#6358),#6368,.T.);
#6358 = FACE_BOUND('',#6359,.T.);
#6359 = EDGE_LOOP('',(#6360,#6361,#6367));
#6360 = ORIENTED_EDGE('',*,*,#6254,.F.);
#6361 = ORIENTED_EDGE('',*,*,#6362,.T.);
#6362 = EDGE_CURVE('',#6232,#6339,#6363,.T.);
#6363 = LINE('',#6364,#6365);
#6364 = CARTESIAN_POINT('',(54.829147338867,-40.99673080444,
    222.31902277631));
#6365 = VECTOR('',#6366,1.);
#6366 = DIRECTION('',(-0.707173946627,-0.108208583636,0.69871017714));
#6367 = ORIENTED_EDGE('',*,*,#6338,.F.);
#6368 = PLANE('',#6369);
#6369 = AXIS2_PLACEMENT_3D('',#6370,#6371,#6372);
#6370 = CARTESIAN_POINT('',(54.800540391511,-4.477292599256E-02,
    222.34728031416));
#6371 = DIRECTION('',(-0.702837077874,-1.2208247187E-07,-0.711350857148)
  );
#6372 = DIRECTION('',(0.711350857148,1.637047866223E-24,-0.702837077874)
  );
#6373 = ADVANCED_FACE('',(#6374),#6391,.T.);
#6374 = FACE_BOUND('',#6375,.T.);
#6375 = EDGE_LOOP('',(#6376,#6377,#6385));
#6376 = ORIENTED_EDGE('',*,*,#6346,.F.);
#6377 = ORIENTED_EDGE('',*,*,#6378,.T.);
#6378 = EDGE_CURVE('',#6339,#6379,#6381,.T.);
#6379 = VERTEX_POINT('',#6380);
#6380 = CARTESIAN_POINT('',(54.620544433594,-41.02888488769,
    222.5507503764));
#6381 = LINE('',#6382,#6383);
#6382 = CARTESIAN_POINT('',(54.715042114258,-41.01419067382,
    222.4317623393));
#6383 = VECTOR('',#6384,1.);
#6384 = DIRECTION('',(-0.619023290343,-9.625697216212E-02,0.77945157728)
  );
#6385 = ORIENTED_EDGE('',*,*,#6386,.F.);
#6386 = EDGE_CURVE('',#6316,#6379,#6387,.T.);
#6387 = LINE('',#6388,#6389);
#6388 = CARTESIAN_POINT('',(54.714965820313,41.013973236084,
    222.43184626264));
#6389 = VECTOR('',#6390,1.);
#6390 = DIRECTION('',(-1.150876836609E-03,-0.999998287519,
    1.449290198655E-03));
#6391 = PLANE('',#6392);
#6392 = AXIS2_PLACEMENT_3D('',#6393,#6394,#6395);
#6393 = CARTESIAN_POINT('',(54.691355488186,-4.191112046836E-02,
    222.46158161002));
#6394 = DIRECTION('',(-0.783087827026,-9.206594748E-08,-0.621911131243)
  );
#6395 = DIRECTION('',(-0.621911131243,-1.034539879466E-24,0.783087827026
    ));
#6396 = ADVANCED_FACE('',(#6397),#6414,.T.);
#6397 = FACE_BOUND('',#6398,.T.);
#6398 = EDGE_LOOP('',(#6399,#6400,#6408));
#6399 = ORIENTED_EDGE('',*,*,#6386,.T.);
#6400 = ORIENTED_EDGE('',*,*,#6401,.T.);
#6401 = EDGE_CURVE('',#6379,#6402,#6404,.T.);
#6402 = VERTEX_POINT('',#6403);
#6403 = CARTESIAN_POINT('',(54.620491027832,41.028663635254,
    222.55082667035));
#6404 = LINE('',#6405,#6406);
#6405 = CARTESIAN_POINT('',(54.620544433594,-41.02888488769,
    222.5507503764));
#6406 = VECTOR('',#6407,1.);
#6407 = DIRECTION('',(-6.5083301512E-07,0.999999999999,9.2976145017E-07)
  );
#6408 = ORIENTED_EDGE('',*,*,#6409,.T.);
#6409 = EDGE_CURVE('',#6402,#6316,#6410,.T.);
#6410 = LINE('',#6411,#6412);
#6411 = CARTESIAN_POINT('',(54.620491027832,41.028663635254,
    222.55082667035));
#6412 = VECTOR('',#6413,1.);
#6413 = DIRECTION('',(0.618956401952,-9.624489638691E-02,-0.779506184967
    ));
#6414 = PLANE('',#6415);
#6415 = AXIS2_PLACEMENT_3D('',#6416,#6417,#6418);
#6416 = CARTESIAN_POINT('',(54.64415625998,3.434051105386E-02,
    222.52101845054));
#6417 = DIRECTION('',(-0.783141772125,6.847131412E-08,-0.621843199491));
#6418 = DIRECTION('',(-0.621843199491,1.025763650831E-24,0.783141772125)
  );
#6419 = ADVANCED_FACE('',(#6420),#6437,.T.);
#6420 = FACE_BOUND('',#6421,.T.);
#6421 = EDGE_LOOP('',(#6422,#6430,#6436));
#6422 = ORIENTED_EDGE('',*,*,#6423,.T.);
#6423 = EDGE_CURVE('',#6402,#6424,#6426,.T.);
#6424 = VERTEX_POINT('',#6425);
#6425 = CARTESIAN_POINT('',(54.813911437988,41.257137298584,222.37051356
    ));
#6426 = LINE('',#6427,#6428);
#6427 = CARTESIAN_POINT('',(54.620491027832,41.028663635254,
    222.55082667035));
#6428 = VECTOR('',#6429,1.);
#6429 = DIRECTION('',(0.553478713122,0.653784722409,-0.515971753942));
#6430 = ORIENTED_EDGE('',*,*,#6431,.T.);
#6431 = EDGE_CURVE('',#6424,#6316,#6432,.T.);
#6432 = LINE('',#6433,#6434);
#6433 = CARTESIAN_POINT('',(54.813911437988,41.257137298584,222.37051356
    ));
#6434 = VECTOR('',#6435,1.);
#6435 = DIRECTION('',(-0.367017711028,-0.901965339339,0.227500607522));
#6436 = ORIENTED_EDGE('',*,*,#6409,.F.);
#6437 = PLANE('',#6438);
#6438 = AXIS2_PLACEMENT_3D('',#6439,#6440,#6441);
#6439 = CARTESIAN_POINT('',(54.723918399423,41.116286276204,
    222.44595259256));
#6440 = DIRECTION('',(-0.764595137318,0.153217439098,-0.62603409839));
#6441 = DIRECTION('',(-0.633514318935,-2.018407366906E-17,0.773730965972
    ));
#6442 = ADVANCED_FACE('',(#6443),#6453,.T.);
#6443 = FACE_BOUND('',#6444,.T.);
#6444 = EDGE_LOOP('',(#6445,#6446,#6452));
#6445 = ORIENTED_EDGE('',*,*,#6431,.F.);
#6446 = ORIENTED_EDGE('',*,*,#6447,.T.);
#6447 = EDGE_CURVE('',#6424,#6277,#6448,.T.);
#6448 = LINE('',#6449,#6450);
#6449 = CARTESIAN_POINT('',(54.813911437988,41.257137298584,222.37051356
    ));
#6450 = VECTOR('',#6451,1.);
#6451 = DIRECTION('',(0.774441372084,-0.156317226156,-0.613029759483));
#6452 = ORIENTED_EDGE('',*,*,#6315,.F.);
#6453 = PLANE('',#6454);
#6454 = AXIS2_PLACEMENT_3D('',#6455,#6456,#6457);
#6455 = CARTESIAN_POINT('',(54.843677017058,41.154097716596,
    222.34068661584));
#6456 = DIRECTION('',(-0.613521409828,5.088256314165E-02,-0.78803708317)
  );
#6457 = DIRECTION('',(0.7890591962,4.441811507767E-19,-0.614317169622));
#6458 = ADVANCED_FACE('',(#6459),#6476,.T.);
#6459 = FACE_BOUND('',#6460,.T.);
#6460 = EDGE_LOOP('',(#6461,#6462,#6470));
#6461 = ORIENTED_EDGE('',*,*,#6401,.F.);
#6462 = ORIENTED_EDGE('',*,*,#6463,.T.);
#6463 = EDGE_CURVE('',#6379,#6464,#6466,.T.);
#6464 = VERTEX_POINT('',#6465);
#6465 = CARTESIAN_POINT('',(54.542083740234,-41.04098892211,
    222.67716944379));
#6466 = LINE('',#6467,#6468);
#6467 = CARTESIAN_POINT('',(54.620544433594,-41.02888488769,
    222.5507503764));
#6468 = VECTOR('',#6469,1.);
#6469 = DIRECTION('',(-0.525595906925,-8.108303251028E-02,0.846861549761
    ));
#6470 = ORIENTED_EDGE('',*,*,#6471,.F.);
#6471 = EDGE_CURVE('',#6402,#6464,#6472,.T.);
#6472 = LINE('',#6473,#6474);
#6473 = CARTESIAN_POINT('',(54.620491027832,41.028663635254,
    222.55082667035));
#6474 = VECTOR('',#6475,1.);
#6475 = DIRECTION('',(-9.553733501E-04,-0.999998358668,
    1.539455354447E-03));
#6476 = PLANE('',#6477);
#6477 = AXIS2_PLACEMENT_3D('',#6478,#6479,#6480);
#6478 = CARTESIAN_POINT('',(54.600883295824,-4.042279139703E-02,
    222.58242432965));
#6479 = DIRECTION('',(-0.849659177244,-6.269306374E-08,-0.527332231638)
  );
#6480 = DIRECTION('',(-0.527332231638,4.948135808323E-24,0.849659177244)
  );
#6481 = ADVANCED_FACE('',(#6482),#6499,.T.);
#6482 = FACE_BOUND('',#6483,.T.);
#6483 = EDGE_LOOP('',(#6484,#6485,#6493));
#6484 = ORIENTED_EDGE('',*,*,#6471,.T.);
#6485 = ORIENTED_EDGE('',*,*,#6486,.T.);
#6486 = EDGE_CURVE('',#6464,#6487,#6489,.T.);
#6487 = VERTEX_POINT('',#6488);
#6488 = CARTESIAN_POINT('',(54.542045593262,41.040767669678,
    222.67723810834));
#6489 = LINE('',#6490,#6491);
#6490 = CARTESIAN_POINT('',(54.542083740234,-41.04098892211,
    222.67716944379));
#6491 = VECTOR('',#6492,1.);
#6492 = DIRECTION('',(-4.6474361953E-07,1.,8.3653851516E-07));
#6493 = ORIENTED_EDGE('',*,*,#6494,.T.);
#6494 = EDGE_CURVE('',#6487,#6402,#6495,.T.);
#6495 = LINE('',#6496,#6497);
#6496 = CARTESIAN_POINT('',(54.542045593262,41.040767669678,
    222.67723810834));
#6497 = VECTOR('',#6498,1.);
#6498 = DIRECTION('',(0.52554467068,-8.109089866106E-02,-0.846892593706)
  );
#6499 = PLANE('',#6500);
#6500 = AXIS2_PLACEMENT_3D('',#6501,#6502,#6503);
#6501 = CARTESIAN_POINT('',(54.561692396022,3.414590814663E-02,
    222.64557453927));
#6502 = DIRECTION('',(-0.849690870008,4.620259121E-08,-0.527281163541));
#6503 = DIRECTION('',(-0.527281163541,-5.491099753842E-24,0.849690870008
    ));
#6504 = ADVANCED_FACE('',(#6505),#6522,.T.);
#6505 = FACE_BOUND('',#6506,.T.);
#6506 = EDGE_LOOP('',(#6507,#6515,#6521));
#6507 = ORIENTED_EDGE('',*,*,#6508,.T.);
#6508 = EDGE_CURVE('',#6487,#6509,#6511,.T.);
#6509 = VERTEX_POINT('',#6510);
#6510 = CARTESIAN_POINT('',(54.653564453125,41.292095184326,
    222.5575939433));
#6511 = LINE('',#6512,#6513);
#6512 = CARTESIAN_POINT('',(54.542045593262,41.040767669678,
    222.67723810834));
#6513 = VECTOR('',#6514,1.);
#6514 = DIRECTION('',(0.371901676515,0.838146338357,-0.39899856955));
#6515 = ORIENTED_EDGE('',*,*,#6516,.T.);
#6516 = EDGE_CURVE('',#6509,#6402,#6517,.T.);
#6517 = LINE('',#6518,#6519);
#6518 = CARTESIAN_POINT('',(54.653564453125,41.292095184326,
    222.5575939433));
#6519 = VECTOR('',#6520,1.);
#6520 = DIRECTION('',(-0.124530086462,-0.991888602167,
    -2.548055056322E-02));
#6521 = ORIENTED_EDGE('',*,*,#6494,.F.);
#6522 = PLANE('',#6523);
#6523 = AXIS2_PLACEMENT_3D('',#6524,#6525,#6526);
#6524 = CARTESIAN_POINT('',(54.608926489094,41.136674142852,
    222.59322222201));
#6525 = DIRECTION('',(-0.838517646445,0.118934315286,-0.531735634736));
#6526 = DIRECTION('',(-0.535536808379,2.476092345777E-18,0.844511886756)
  );
#6527 = ADVANCED_FACE('',(#6528),#6538,.T.);
#6528 = FACE_BOUND('',#6529,.T.);
#6529 = EDGE_LOOP('',(#6530,#6531,#6537));
#6530 = ORIENTED_EDGE('',*,*,#6516,.F.);
#6531 = ORIENTED_EDGE('',*,*,#6532,.T.);
#6532 = EDGE_CURVE('',#6509,#6424,#6533,.T.);
#6533 = LINE('',#6534,#6535);
#6534 = CARTESIAN_POINT('',(54.653564453125,41.292095184326,
    222.5575939433));
#6535 = VECTOR('',#6536,1.);
#6536 = DIRECTION('',(0.644320970833,-0.140470984839,-0.751743565961));
#6537 = ORIENTED_EDGE('',*,*,#6423,.F.);
#6538 = PLANE('',#6539);
#6539 = AXIS2_PLACEMENT_3D('',#6540,#6541,#6542);
#6540 = CARTESIAN_POINT('',(54.697317720205,41.186216513645,
    222.49040119754));
#6541 = DIRECTION('',(-0.744348888511,0.110370758588,-0.658606884128));
#6542 = DIRECTION('',(-0.662655387331,-5.745303981921E-17,0.748924453894
    ));
#6543 = ADVANCED_FACE('',(#6544),#6561,.T.);
#6544 = FACE_BOUND('',#6545,.T.);
#6545 = EDGE_LOOP('',(#6546,#6554,#6555));
#6546 = ORIENTED_EDGE('',*,*,#6547,.T.);
#6547 = EDGE_CURVE('',#6548,#6509,#6550,.T.);
#6548 = VERTEX_POINT('',#6549);
#6549 = CARTESIAN_POINT('',(54.478355407715,41.050643920898,
    222.81228602094));
#6550 = LINE('',#6551,#6552);
#6551 = CARTESIAN_POINT('',(54.478355407715,41.050643920898,
    222.81228602094));
#6552 = VECTOR('',#6553,1.);
#6553 = DIRECTION('',(0.446669847007,0.61554469772,-0.649300217837));
#6554 = ORIENTED_EDGE('',*,*,#6508,.F.);
#6555 = ORIENTED_EDGE('',*,*,#6556,.F.);
#6556 = EDGE_CURVE('',#6548,#6487,#6557,.T.);
#6557 = LINE('',#6558,#6559);
#6558 = CARTESIAN_POINT('',(54.478355407715,41.050643920898,
    222.81228602094));
#6559 = VECTOR('',#6560,1.);
#6560 = DIRECTION('',(0.425624735244,-6.600038569391E-02,-0.902489630875
    ));
#6561 = PLANE('',#6562);
#6562 = AXIS2_PLACEMENT_3D('',#6563,#6564,#6565);
#6563 = CARTESIAN_POINT('',(54.567391821536,41.147271154405,
    222.67152033709));
#6564 = DIRECTION('',(-0.883144300279,0.187080177073,-0.430182696342));
#6565 = DIRECTION('',(-0.437914226175,2.355777140222E-17,0.899016757638)
  );
#6566 = ADVANCED_FACE('',(#6567),#6584,.T.);
#6567 = FACE_BOUND('',#6568,.T.);
#6568 = EDGE_LOOP('',(#6569,#6577,#6583));
#6569 = ORIENTED_EDGE('',*,*,#6570,.T.);
#6570 = EDGE_CURVE('',#6487,#6571,#6573,.T.);
#6571 = VERTEX_POINT('',#6572);
#6572 = CARTESIAN_POINT('',(54.478378295898,-41.05087661743,
    222.81222498578));
#6573 = LINE('',#6574,#6575);
#6574 = CARTESIAN_POINT('',(54.542045593262,41.040767669678,
    222.67723810834));
#6575 = VECTOR('',#6576,1.);
#6576 = DIRECTION('',(-7.755623936468E-04,-0.999998347322,
    1.644340974331E-03));
#6577 = ORIENTED_EDGE('',*,*,#6578,.T.);
#6578 = EDGE_CURVE('',#6571,#6548,#6579,.T.);
#6579 = LINE('',#6580,#6581);
#6580 = CARTESIAN_POINT('',(54.478378295898,-41.05087661743,
    222.81222498578));
#6581 = VECTOR('',#6582,1.);
#6582 = DIRECTION('',(-2.7877904628E-07,1.,7.4341079008E-07));
#6583 = ORIENTED_EDGE('',*,*,#6556,.T.);
#6584 = PLANE('',#6585);
#6585 = AXIS2_PLACEMENT_3D('',#6586,#6587,#6588);
#6586 = CARTESIAN_POINT('',(54.494302942014,3.479046547739E-02,
    222.77846481274));
#6587 = DIRECTION('',(-0.904461719671,6.496046549E-08,-0.426554800289));
#6588 = DIRECTION('',(-0.426554800289,-3.293014586626E-24,0.904461719671
    ));
#6589 = ADVANCED_FACE('',(#6590),#6600,.T.);
#6590 = FACE_BOUND('',#6591,.T.);
#6591 = EDGE_LOOP('',(#6592,#6593,#6599));
#6592 = ORIENTED_EDGE('',*,*,#6486,.F.);
#6593 = ORIENTED_EDGE('',*,*,#6594,.T.);
#6594 = EDGE_CURVE('',#6464,#6571,#6595,.T.);
#6595 = LINE('',#6596,#6597);
#6596 = CARTESIAN_POINT('',(54.542083740234,-41.04098892211,
    222.67716944379));
#6597 = VECTOR('',#6598,1.);
#6598 = DIRECTION('',(-0.425686492247,-6.607062203013E-02,0.902455363563
    ));
#6599 = ORIENTED_EDGE('',*,*,#6570,.F.);
#6600 = PLANE('',#6601);
#6601 = AXIS2_PLACEMENT_3D('',#6602,#6603,#6604);
#6602 = CARTESIAN_POINT('',(54.526122847006,-3.996195450793E-02,
    222.71100043947));
#6603 = DIRECTION('',(-0.904431590719,-6.344585439E-08,-0.426618679513)
  );
#6604 = DIRECTION('',(-0.426618679513,4.408453450699E-25,0.904431590719)
  );
#6605 = ADVANCED_FACE('',(#6606),#6623,.T.);
#6606 = FACE_BOUND('',#6607,.T.);
#6607 = EDGE_LOOP('',(#6608,#6609,#6617));
#6608 = ORIENTED_EDGE('',*,*,#6578,.F.);
#6609 = ORIENTED_EDGE('',*,*,#6610,.T.);
#6610 = EDGE_CURVE('',#6571,#6611,#6613,.T.);
#6611 = VERTEX_POINT('',#6612);
#6612 = CARTESIAN_POINT('',(54.429176330566,-41.05826950073,
    222.95883906049));
#6613 = LINE('',#6614,#6615);
#6614 = CARTESIAN_POINT('',(54.478378295898,-41.05087661743,
    222.81222498578));
#6615 = VECTOR('',#6616,1.);
#6616 = DIRECTION('',(-0.317788216212,-4.774953969754E-02,0.946958621638
    ));
#6617 = ORIENTED_EDGE('',*,*,#6618,.F.);
#6618 = EDGE_CURVE('',#6548,#6611,#6619,.T.);
#6619 = LINE('',#6620,#6621);
#6620 = CARTESIAN_POINT('',(54.478355407715,41.050643920898,
    222.81228602094));
#6621 = VECTOR('',#6622,1.);
#6622 = DIRECTION('',(-5.989482498597E-04,-0.999998227769,
    1.784858351156E-03));
#6623 = PLANE('',#6624);
#6624 = AXIS2_PLACEMENT_3D('',#6625,#6626,#6627);
#6625 = CARTESIAN_POINT('',(54.46605422049,-4.063472781849E-02,
    222.84894520064));
#6626 = DIRECTION('',(-0.948040012369,-2.777671525E-08,-0.318151119669)
  );
#6627 = DIRECTION('',(-0.318151119669,5.717287649349E-25,0.948040012369)
  );
#6628 = ADVANCED_FACE('',(#6629),#6646,.T.);
#6629 = FACE_BOUND('',#6630,.T.);
#6630 = EDGE_LOOP('',(#6631,#6632,#6640));
#6631 = ORIENTED_EDGE('',*,*,#6618,.T.);
#6632 = ORIENTED_EDGE('',*,*,#6633,.T.);
#6633 = EDGE_CURVE('',#6611,#6634,#6636,.T.);
#6634 = VERTEX_POINT('',#6635);
#6635 = CARTESIAN_POINT('',(54.429168701172,41.058044433594,
    222.95888483685));
#6636 = LINE('',#6637,#6638);
#6637 = CARTESIAN_POINT('',(54.429176330566,-41.05826950073,
    222.95883906049));
#6638 = VECTOR('',#6639,1.);
#6639 = DIRECTION('',(-9.290960792E-08,1.,5.574576475E-07));
#6640 = ORIENTED_EDGE('',*,*,#6641,.T.);
#6641 = EDGE_CURVE('',#6634,#6548,#6642,.T.);
#6642 = LINE('',#6643,#6644);
#6643 = CARTESIAN_POINT('',(54.429168701172,41.058044433594,
    222.95888483685));
#6644 = VECTOR('',#6645,1.);
#6645 = DIRECTION('',(0.317728516901,-4.780466285003E-02,-0.946975872849
    ));
#6646 = PLANE('',#6647);
#6647 = AXIS2_PLACEMENT_3D('',#6648,#6649,#6650);
#6648 = CARTESIAN_POINT('',(54.44148022676,3.670277265625E-02,
    222.92217936843));
#6649 = DIRECTION('',(-0.948059784886,8.923906361E-08,-0.318092194625));
#6650 = DIRECTION('',(-0.318092194625,-4.641197565032E-25,0.948059784886
    ));
#6651 = ADVANCED_FACE('',(#6652),#6669,.T.);
#6652 = FACE_BOUND('',#6653,.T.);
#6653 = EDGE_LOOP('',(#6654,#6662,#6668));
#6654 = ORIENTED_EDGE('',*,*,#6655,.T.);
#6655 = EDGE_CURVE('',#6634,#6656,#6658,.T.);
#6656 = VERTEX_POINT('',#6657);
#6657 = CARTESIAN_POINT('',(54.528915405273,41.32152557373,
    222.78005182904));
#6658 = LINE('',#6659,#6660);
#6659 = CARTESIAN_POINT('',(54.429168701172,41.058044433594,
    222.95888483685));
#6660 = VECTOR('',#6661,1.);
#6661 = DIRECTION('',(0.298914972823,0.789584563749,-0.535916090177));
#6662 = ORIENTED_EDGE('',*,*,#6663,.T.);
#6663 = EDGE_CURVE('',#6656,#6548,#6664,.T.);
#6664 = LINE('',#6665,#6666);
#6665 = CARTESIAN_POINT('',(54.528915405273,41.32152557373,
    222.78005182904));
#6666 = VECTOR('',#6667,1.);
#6667 = DIRECTION('',(-0.182238453065,-0.976365818027,0.116184919903));
#6668 = ORIENTED_EDGE('',*,*,#6641,.F.);
#6669 = PLANE('',#6670);
#6670 = AXIS2_PLACEMENT_3D('',#6671,#6672,#6673);
#6671 = CARTESIAN_POINT('',(54.482840798504,41.161070257563,
    222.84617538346));
#6672 = DIRECTION('',(-0.93706291214,0.136668526641,-0.321301746833));
#6673 = DIRECTION('',(-0.324345130705,-9.477511852689E-19,0.945938812074
    ));
#6674 = ADVANCED_FACE('',(#6675),#6685,.T.);
#6675 = FACE_BOUND('',#6676,.T.);
#6676 = EDGE_LOOP('',(#6677,#6678,#6684));
#6677 = ORIENTED_EDGE('',*,*,#6663,.F.);
#6678 = ORIENTED_EDGE('',*,*,#6679,.T.);
#6679 = EDGE_CURVE('',#6656,#6509,#6680,.T.);
#6680 = LINE('',#6681,#6682);
#6681 = CARTESIAN_POINT('',(54.528915405273,41.32152557373,
    222.78005182904));
#6682 = VECTOR('',#6683,1.);
#6683 = DIRECTION('',(0.48559675005,-0.114652311379,-0.866631780998));
#6684 = ORIENTED_EDGE('',*,*,#6547,.F.);
#6685 = PLANE('',#6686);
#6686 = AXIS2_PLACEMENT_3D('',#6687,#6688,#6689);
#6687 = CARTESIAN_POINT('',(54.554299530882,41.213305795721,
    222.71378544413));
#6688 = DIRECTION('',(-0.862045944856,0.101818807023,-0.496497451648));
#6689 = DIRECTION('',(-0.499091248501,-5.660103562611E-18,0.866549436368
    ));
#6690 = ADVANCED_FACE('',(#6691),#6706,.T.);
#6691 = FACE_BOUND('',#6692,.T.);
#6692 = EDGE_LOOP('',(#6693,#6699,#6700));
#6693 = ORIENTED_EDGE('',*,*,#6694,.T.);
#6694 = EDGE_CURVE('',#6634,#2786,#6695,.T.);
#6695 = LINE('',#6696,#6697);
#6696 = CARTESIAN_POINT('',(54.429168701172,41.058044433594,
    222.95888483685));
#6697 = VECTOR('',#6698,1.);
#6698 = DIRECTION('',(-4.033894872897E-04,-0.999997940239,
    1.989169118461E-03));
#6699 = ORIENTED_EDGE('',*,*,#2836,.F.);
#6700 = ORIENTED_EDGE('',*,*,#6701,.T.);
#6701 = EDGE_CURVE('',#2809,#6634,#6702,.T.);
#6702 = LINE('',#6703,#6704);
#6703 = CARTESIAN_POINT('',(54.396041870117,41.062808990479,
    223.12226069135));
#6704 = VECTOR('',#6705,1.);
#6705 = DIRECTION('',(0.198639527612,-2.856987217722E-02,-0.979656113375
    ));
#6706 = PLANE('',#6707);
#6707 = AXIS2_PLACEMENT_3D('',#6708,#6709,#6710);
#6708 = CARTESIAN_POINT('',(54.404331746727,4.03671530395E-02,
    223.08136500789));
#6709 = DIRECTION('',(-0.980056174062,5.538277375E-08,-0.19872064735));
#6710 = DIRECTION('',(-0.19872064735,-1.121373474767E-24,0.980056174062)
  );
#6711 = ADVANCED_FACE('',(#6712),#6722,.T.);
#6712 = FACE_BOUND('',#6713,.T.);
#6713 = EDGE_LOOP('',(#6714,#6715,#6721));
#6714 = ORIENTED_EDGE('',*,*,#2860,.F.);
#6715 = ORIENTED_EDGE('',*,*,#6716,.T.);
#6716 = EDGE_CURVE('',#2853,#6634,#6717,.T.);
#6717 = LINE('',#6718,#6719);
#6718 = CARTESIAN_POINT('',(54.448989868164,41.341541290283,
    223.03115809125));
#6719 = VECTOR('',#6720,1.);
#6720 = DIRECTION('',(-6.759481806312E-02,-0.96679062625,-0.246468711129
    ));
#6721 = ORIENTED_EDGE('',*,*,#6701,.F.);
#6722 = PLANE('',#6723);
#6723 = AXIS2_PLACEMENT_3D('',#6724,#6725,#6726);
#6724 = CARTESIAN_POINT('',(54.426743110571,41.170066792389,
    223.03715704558));
#6725 = DIRECTION('',(-0.972393645511,0.119137058577,-0.20064137022));
#6726 = DIRECTION('',(-0.202080625232,7.737501133546E-19,0.979368889084)
  );
#6727 = ADVANCED_FACE('',(#6728),#6738,.T.);
#6728 = FACE_BOUND('',#6729,.T.);
#6729 = EDGE_LOOP('',(#6730,#6731,#6737));
#6730 = ORIENTED_EDGE('',*,*,#6633,.F.);
#6731 = ORIENTED_EDGE('',*,*,#6732,.T.);
#6732 = EDGE_CURVE('',#6611,#2786,#6733,.T.);
#6733 = LINE('',#6734,#6735);
#6734 = CARTESIAN_POINT('',(54.429176330566,-41.05826950073,
    222.95883906049));
#6735 = VECTOR('',#6736,1.);
#6736 = DIRECTION('',(-0.198658182069,-2.831439435896E-02,0.979659747958
    ));
#6737 = ORIENTED_EDGE('',*,*,#6694,.F.);
#6738 = PLANE('',#6739);
#6739 = AXIS2_PLACEMENT_3D('',#6740,#6741,#6742);
#6740 = CARTESIAN_POINT('',(54.420880254267,-4.294870139593E-02,
    222.99975426936));
#6741 = DIRECTION('',(-0.980052683372,1.97316305E-08,-0.198737862057));
#6742 = DIRECTION('',(-0.198737862057,-2.067198750719E-26,0.980052683372
    ));
#6743 = ADVANCED_FACE('',(#6744),#6754,.T.);
#6744 = FACE_BOUND('',#6745,.T.);
#6745 = EDGE_LOOP('',(#6746,#6747,#6753));
#6746 = ORIENTED_EDGE('',*,*,#6716,.F.);
#6747 = ORIENTED_EDGE('',*,*,#6748,.T.);
#6748 = EDGE_CURVE('',#2853,#6656,#6749,.T.);
#6749 = LINE('',#6750,#6751);
#6750 = CARTESIAN_POINT('',(54.448989868164,41.341541290283,
    223.03115809125));
#6751 = VECTOR('',#6752,1.);
#6752 = DIRECTION('',(0.302429315522,-7.573723838026E-02,-0.950158081498
    ));
#6753 = ORIENTED_EDGE('',*,*,#6655,.F.);
#6754 = PLANE('',#6755);
#6755 = AXIS2_PLACEMENT_3D('',#6756,#6757,#6758);
#6756 = CARTESIAN_POINT('',(54.468831960816,41.235111844263,
    222.92149505926));
#6757 = DIRECTION('',(-0.939448900981,0.144857624068,-0.310567273218));
#6758 = DIRECTION('',(-0.313877897328,5.957973184141E-18,0.949463356623)
  );
#6759 = ADVANCED_FACE('',(#6760),#6777,.T.);
#6760 = FACE_BOUND('',#6761,.T.);
#6761 = EDGE_LOOP('',(#6762,#6770,#6776));
#6762 = ORIENTED_EDGE('',*,*,#6763,.T.);
#6763 = EDGE_CURVE('',#6611,#6764,#6766,.T.);
#6764 = VERTEX_POINT('',#6765);
#6765 = CARTESIAN_POINT('',(54.449279785156,-41.34282684326,
    223.03116572064));
#6766 = LINE('',#6767,#6768);
#6767 = CARTESIAN_POINT('',(54.429176330566,-41.05826950073,
    222.95883906049));
#6768 = VECTOR('',#6769,1.);
#6769 = DIRECTION('',(6.831109508589E-02,-0.966919570765,0.245764395224)
  );
#6770 = ORIENTED_EDGE('',*,*,#6771,.T.);
#6771 = EDGE_CURVE('',#6764,#2786,#6772,.T.);
#6772 = LINE('',#6773,#6774);
#6773 = CARTESIAN_POINT('',(54.449279785156,-41.34282684326,
    223.03116572064));
#6774 = VECTOR('',#6775,1.);
#6775 = DIRECTION('',(-0.178018498193,0.935719616794,0.304529494545));
#6776 = ORIENTED_EDGE('',*,*,#6732,.F.);
#6777 = PLANE('',#6778);
#6778 = AXIS2_PLACEMENT_3D('',#6779,#6780,#6781);
#6779 = CARTESIAN_POINT('',(54.426869346838,-41.17077632916,
    223.03713646623));
#6780 = DIRECTION('',(-0.972328180586,-0.119688022006,-0.200630722039));
#6781 = DIRECTION('',(-0.202083388006,-1.29808670266E-17,0.979368319016)
  );
#6782 = ADVANCED_FACE('',(#6783),#6793,.T.);
#6783 = FACE_BOUND('',#6784,.T.);
#6784 = EDGE_LOOP('',(#6785,#6786,#6792));
#6785 = ORIENTED_EDGE('',*,*,#6771,.F.);
#6786 = ORIENTED_EDGE('',*,*,#6787,.T.);
#6787 = EDGE_CURVE('',#6764,#1506,#6788,.T.);
#6788 = LINE('',#6789,#6790);
#6789 = CARTESIAN_POINT('',(54.449279785156,-41.34282684326,
    223.03116572064));
#6790 = VECTOR('',#6791,1.);
#6791 = DIRECTION('',(-0.102829101058,-2.685707609092E-02,0.994336398529
    ));
#6792 = ORIENTED_EDGE('',*,*,#2785,.F.);
#6793 = PLANE('',#6794);
#6794 = AXIS2_PLACEMENT_3D('',#6795,#6796,#6797);
#6795 = CARTESIAN_POINT('',(54.421306548242,-41.24684876039,
    223.1526708137));
#6796 = DIRECTION('',(-0.98262611978,-0.152529994968,-0.105737927738));
#6797 = DIRECTION('',(0.153389893822,-0.988165745446,1.25218350218E-17)
  );
#6798 = ADVANCED_FACE('',(#6799),#6816,.T.);
#6799 = FACE_BOUND('',#6800,.T.);
#6800 = EDGE_LOOP('',(#6801,#6809,#6815));
#6801 = ORIENTED_EDGE('',*,*,#6802,.T.);
#6802 = EDGE_CURVE('',#6571,#6803,#6805,.T.);
#6803 = VERTEX_POINT('',#6804);
#6804 = CARTESIAN_POINT('',(54.529205322266,-41.32284545898,
    222.78006708783));
#6805 = LINE('',#6806,#6807);
#6806 = CARTESIAN_POINT('',(54.478378295898,-41.05087661743,
    222.81222498578));
#6807 = VECTOR('',#6808,1.);
#6808 = DIRECTION('',(0.182476536635,-0.976408336791,-0.115451606412));
#6809 = ORIENTED_EDGE('',*,*,#6810,.T.);
#6810 = EDGE_CURVE('',#6803,#6611,#6811,.T.);
#6811 = LINE('',#6812,#6813);
#6812 = CARTESIAN_POINT('',(54.529205322266,-41.32284545898,
    222.78006708783));
#6813 = VECTOR('',#6814,1.);
#6814 = DIRECTION('',(-0.298939620206,0.790693129381,0.534265363486));
#6815 = ORIENTED_EDGE('',*,*,#6610,.F.);
#6816 = PLANE('',#6817);
#6817 = AXIS2_PLACEMENT_3D('',#6818,#6819,#6820);
#6818 = CARTESIAN_POINT('',(54.482989992328,-41.16180204865,
    222.8461067295));
#6819 = DIRECTION('',(-0.936980577523,-0.13711087871,-0.321353394698));
#6820 = DIRECTION('',(-0.324417286893,4.214961682051E-17,0.94591406796)
  );
#6821 = ADVANCED_FACE('',(#6822),#6832,.T.);
#6822 = FACE_BOUND('',#6823,.T.);
#6823 = EDGE_LOOP('',(#6824,#6825,#6831));
#6824 = ORIENTED_EDGE('',*,*,#6810,.F.);
#6825 = ORIENTED_EDGE('',*,*,#6826,.T.);
#6826 = EDGE_CURVE('',#6803,#6764,#6827,.T.);
#6827 = LINE('',#6828,#6829);
#6828 = CARTESIAN_POINT('',(54.529205322266,-41.32284545898,
    222.78006708783));
#6829 = VECTOR('',#6830,1.);
#6830 = DIRECTION('',(-0.302440584678,-7.561014616959E-02,0.950164616546
    ));
#6831 = ORIENTED_EDGE('',*,*,#6763,.F.);
#6832 = PLANE('',#6833);
#6833 = AXIS2_PLACEMENT_3D('',#6834,#6835,#6836);
#6834 = CARTESIAN_POINT('',(54.468997521201,-41.235946139,
    222.92152028472));
#6835 = DIRECTION('',(-0.939379034781,-0.145303813233,-0.310570170613));
#6836 = DIRECTION('',(-0.313901581753,2.885551636654E-18,0.949455526591)
  );
#6837 = ADVANCED_FACE('',(#6838),#6848,.T.);
#6838 = FACE_BOUND('',#6839,.T.);
#6839 = EDGE_LOOP('',(#6840,#6846,#6847));
#6840 = ORIENTED_EDGE('',*,*,#6841,.T.);
#6841 = EDGE_CURVE('',#6464,#6803,#6842,.T.);
#6842 = LINE('',#6843,#6844);
#6843 = CARTESIAN_POINT('',(54.542083740234,-41.04098892211,
    222.67716944379));
#6844 = VECTOR('',#6845,1.);
#6845 = DIRECTION('',(-4.288118156589E-02,-0.93849581231,0.342617592286)
  );
#6846 = ORIENTED_EDGE('',*,*,#6802,.F.);
#6847 = ORIENTED_EDGE('',*,*,#6594,.F.);
#6848 = PLANE('',#6849);
#6849 = AXIS2_PLACEMENT_3D('',#6850,#6851,#6852);
#6850 = CARTESIAN_POINT('',(54.518245622037,-41.1558733791,
    222.75773952132));
#6851 = DIRECTION('',(-0.894977253544,-0.116334619968,-0.430676179786));
#6852 = DIRECTION('',(-0.433620429299,4.685556523527E-17,0.901095623835)
  );
#6853 = ADVANCED_FACE('',(#6854),#6871,.T.);
#6854 = FACE_BOUND('',#6855,.T.);
#6855 = EDGE_LOOP('',(#6856,#6864,#6870));
#6856 = ORIENTED_EDGE('',*,*,#6857,.T.);
#6857 = EDGE_CURVE('',#6379,#6858,#6860,.T.);
#6858 = VERTEX_POINT('',#6859);
#6859 = CARTESIAN_POINT('',(54.653839111328,-41.29336929321,
    222.55763971967));
#6860 = LINE('',#6861,#6862);
#6861 = CARTESIAN_POINT('',(54.620544433594,-41.02888488769,
    222.5507503764));
#6862 = VECTOR('',#6863,1.);
#6863 = DIRECTION('',(0.124857773344,-0.991838221727,2.583560250442E-02)
  );
#6864 = ORIENTED_EDGE('',*,*,#6865,.T.);
#6865 = EDGE_CURVE('',#6858,#6464,#6866,.T.);
#6866 = LINE('',#6867,#6868);
#6867 = CARTESIAN_POINT('',(54.653839111328,-41.29336929321,
    222.55763971967));
#6868 = VECTOR('',#6869,1.);
#6869 = DIRECTION('',(-0.371543940062,0.839068373653,0.397390695587));
#6870 = ORIENTED_EDGE('',*,*,#6463,.F.);
#6871 = PLANE('',#6872);
#6872 = AXIS2_PLACEMENT_3D('',#6873,#6874,#6875);
#6873 = CARTESIAN_POINT('',(54.609089921407,-41.13738409071,
    222.59316978691));
#6874 = DIRECTION('',(-0.838418895696,-0.119396662001,-0.531787732505));
#6875 = DIRECTION('',(-0.535619213189,1.04678613905E-18,0.844459625123)
  );
#6876 = ADVANCED_FACE('',(#6877),#6887,.T.);
#6877 = FACE_BOUND('',#6878,.T.);
#6878 = EDGE_LOOP('',(#6879,#6880,#6886));
#6879 = ORIENTED_EDGE('',*,*,#6865,.F.);
#6880 = ORIENTED_EDGE('',*,*,#6881,.T.);
#6881 = EDGE_CURVE('',#6858,#6803,#6882,.T.);
#6882 = LINE('',#6883,#6884);
#6883 = CARTESIAN_POINT('',(54.653839111328,-41.29336929321,
    222.55763971967));
#6884 = VECTOR('',#6885,1.);
#6885 = DIRECTION('',(-0.485591417084,-0.114843440249,0.866609462149));
#6886 = ORIENTED_EDGE('',*,*,#6841,.F.);
#6887 = PLANE('',#6888);
#6888 = AXIS2_PLACEMENT_3D('',#6889,#6890,#6891);
#6889 = CARTESIAN_POINT('',(54.574216107326,-41.21450772235,
    222.67173754349));
#6890 = DIRECTION('',(-0.855254091563,-0.142782431656,-0.498150194295));
#6891 = DIRECTION('',(-0.503307028093,1.246754992962E-18,0.86410765271)
  );
#6892 = ADVANCED_FACE('',(#6893),#6910,.T.);
#6893 = FACE_BOUND('',#6894,.T.);
#6894 = EDGE_LOOP('',(#6895,#6903,#6909));
#6895 = ORIENTED_EDGE('',*,*,#6896,.T.);
#6896 = EDGE_CURVE('',#6339,#6897,#6899,.T.);
#6897 = VERTEX_POINT('',#6898);
#6898 = CARTESIAN_POINT('',(54.814155578613,-41.25837707519,
    222.37060511273));
#6899 = LINE('',#6900,#6901);
#6900 = CARTESIAN_POINT('',(54.715042114258,-41.01419067382,
    222.4317623393));
#6901 = VECTOR('',#6902,1.);
#6902 = DIRECTION('',(0.366357219446,-0.902596348672,-0.226057999467));
#6903 = ORIENTED_EDGE('',*,*,#6904,.T.);
#6904 = EDGE_CURVE('',#6897,#6379,#6905,.T.);
#6905 = LINE('',#6906,#6907);
#6906 = CARTESIAN_POINT('',(54.814155578613,-41.25837707519,
    222.37060511273));
#6907 = VECTOR('',#6908,1.);
#6908 = DIRECTION('',(-0.552939456027,0.655413123587,0.514481870816));
#6909 = ORIENTED_EDGE('',*,*,#6378,.F.);
#6910 = PLANE('',#6911);
#6911 = AXIS2_PLACEMENT_3D('',#6912,#6913,#6914);
#6912 = CARTESIAN_POINT('',(54.724096637188,-41.1169598307,
    222.44590115703));
#6913 = DIRECTION('',(-0.76448927158,-0.153492952882,-0.626095892859));
#6914 = DIRECTION('',(-0.633604266632,1.824641630486E-16,0.773657309993)
  );
#6915 = ADVANCED_FACE('',(#6916),#6926,.T.);
#6916 = FACE_BOUND('',#6917,.T.);
#6917 = EDGE_LOOP('',(#6918,#6919,#6925));
#6918 = ORIENTED_EDGE('',*,*,#6904,.F.);
#6919 = ORIENTED_EDGE('',*,*,#6920,.T.);
#6920 = EDGE_CURVE('',#6897,#6858,#6921,.T.);
#6921 = LINE('',#6922,#6923);
#6922 = CARTESIAN_POINT('',(54.814155578613,-41.25837707519,
    222.37060511273));
#6923 = VECTOR('',#6924,1.);
#6924 = DIRECTION('',(-0.644325852202,-0.14063677348,0.751708383703));
#6925 = ORIENTED_EDGE('',*,*,#6857,.F.);
#6926 = PLANE('',#6927);
#6927 = AXIS2_PLACEMENT_3D('',#6928,#6929,#6930);
#6928 = CARTESIAN_POINT('',(54.697441798419,-41.18703219957,
    222.49047650948));
#6929 = DIRECTION('',(-0.744233988291,-0.110844893185,-0.658657103755));
#6930 = DIRECTION('',(-0.662741101336,-3.686674005113E-18,0.748848604592
    ));
#6931 = ADVANCED_FACE('',(#6932),#6942,.T.);
#6932 = FACE_BOUND('',#6933,.T.);
#6933 = EDGE_LOOP('',(#6934,#6940,#6941));
#6934 = ORIENTED_EDGE('',*,*,#6935,.T.);
#6935 = EDGE_CURVE('',#6232,#6897,#6936,.T.);
#6936 = LINE('',#6937,#6938);
#6937 = CARTESIAN_POINT('',(54.829147338867,-40.99673080444,
    222.31902277631));
#6938 = VECTOR('',#6939,1.);
#6939 = DIRECTION('',(-5.612716489257E-02,-0.979568985449,0.19311743605)
  );
#6940 = ORIENTED_EDGE('',*,*,#6896,.F.);
#6941 = ORIENTED_EDGE('',*,*,#6362,.F.);
#6942 = PLANE('',#6943);
#6943 = AXIS2_PLACEMENT_3D('',#6944,#6945,#6946);
#6944 = CARTESIAN_POINT('',(54.788130399517,-41.10274914592,
    222.37368987267));
#6945 = DIRECTION('',(-0.691316182904,-0.101426497196,-0.715398211433));
#6946 = DIRECTION('',(0.719106618598,3.307833540524E-17,-0.694899756144)
  );
#6947 = ADVANCED_FACE('',(#6948),#6965,.T.);
#6948 = FACE_BOUND('',#6949,.T.);
#6949 = EDGE_LOOP('',(#6950,#6958,#6964));
#6950 = ORIENTED_EDGE('',*,*,#6951,.T.);
#6951 = EDGE_CURVE('',#6147,#6952,#6954,.T.);
#6952 = VERTEX_POINT('',#6953);
#6953 = CARTESIAN_POINT('',(55.001396179199,-41.2205505371,
    222.22238123578));
#6954 = LINE('',#6955,#6956);
#6955 = CARTESIAN_POINT('',(54.963241577148,-40.97620010376,
    222.21651423139));
#6956 = VECTOR('',#6957,1.);
#6957 = DIRECTION('',(0.154234202474,-0.987749634019,2.371647704505E-02)
  );
#6958 = ORIENTED_EDGE('',*,*,#6959,.T.);
#6959 = EDGE_CURVE('',#6952,#6232,#6960,.T.);
#6960 = LINE('',#6961,#6962);
#6961 = CARTESIAN_POINT('',(55.001396179199,-41.2205505371,
    222.22238123578));
#6962 = VECTOR('',#6963,1.);
#6963 = DIRECTION('',(-0.577040680936,0.749805285746,0.323753125101));
#6964 = ORIENTED_EDGE('',*,*,#6231,.F.);
#6965 = PLANE('',#6966);
#6966 = AXIS2_PLACEMENT_3D('',#6967,#6968,#6969);
#6967 = CARTESIAN_POINT('',(54.933908617861,-41.07607665979,
    222.25229466444));
#6968 = DIRECTION('',(-0.592672059446,-0.111696342487,-0.797661430073));
#6969 = DIRECTION('',(0.802684319784,1.056551872984E-17,-0.596404127059)
  );
#6970 = ADVANCED_FACE('',(#6971),#6981,.T.);
#6971 = FACE_BOUND('',#6972,.T.);
#6972 = EDGE_LOOP('',(#6973,#6974,#6980));
#6973 = ORIENTED_EDGE('',*,*,#6959,.F.);
#6974 = ORIENTED_EDGE('',*,*,#6975,.T.);
#6975 = EDGE_CURVE('',#6952,#6897,#6976,.T.);
#6976 = LINE('',#6977,#6978);
#6977 = CARTESIAN_POINT('',(55.001396179199,-41.2205505371,
    222.22238123578));
#6978 = VECTOR('',#6979,1.);
#6979 = DIRECTION('',(-0.774408034922,-0.156446705124,0.613038843716));
#6980 = ORIENTED_EDGE('',*,*,#6935,.F.);
#6981 = PLANE('',#6982);
#6982 = AXIS2_PLACEMENT_3D('',#6983,#6984,#6985);
#6983 = CARTESIAN_POINT('',(54.882055332306,-41.15407448496,
    222.30294342219));
#6984 = DIRECTION('',(-0.600913532469,-0.121324167401,-0.790052765896));
#6985 = DIRECTION('',(0.795932366949,1.22774518375E-17,-0.605385552555)
  );
#6986 = ADVANCED_FACE('',(#6987),#7002,.T.);
#6987 = FACE_BOUND('',#6988,.T.);
#6988 = EDGE_LOOP('',(#6989,#6995,#7001));
#6989 = ORIENTED_EDGE('',*,*,#6990,.T.);
#6990 = EDGE_CURVE('',#6046,#4751,#6991,.T.);
#6991 = LINE('',#6992,#6993);
#6992 = CARTESIAN_POINT('',(55.119361877441,-40.95193862915,
    222.12742579144));
#6993 = VECTOR('',#6994,1.);
#6994 = DIRECTION('',(0.35890265258,-0.93189275025,-5.258125143055E-02)
  );
#6995 = ORIENTED_EDGE('',*,*,#6996,.T.);
#6996 = EDGE_CURVE('',#4751,#6147,#6997,.T.);
#6997 = LINE('',#6998,#6999);
#6998 = CARTESIAN_POINT('',(55.207786560059,-41.18153381347,
    222.11447107953));
#6999 = VECTOR('',#7000,1.);
#7000 = DIRECTION('',(-0.729491217277,0.612521819368,0.30440036911));
#7001 = ORIENTED_EDGE('',*,*,#6146,.F.);
#7002 = PLANE('',#7003);
#7003 = AXIS2_PLACEMENT_3D('',#7004,#7005,#7006);
#7004 = CARTESIAN_POINT('',(55.100210104925,-41.04765947037,
    222.1526486897));
#7005 = DIRECTION('',(-0.475359306607,-0.134014353783,-0.869524975261));
#7006 = DIRECTION('',(0.877440018771,-8.027874945782E-18,-0.47968636989)
  );
#7007 = ADVANCED_FACE('',(#7008),#7018,.T.);
#7008 = FACE_BOUND('',#7009,.T.);
#7009 = EDGE_LOOP('',(#7010,#7011,#7017));
#7010 = ORIENTED_EDGE('',*,*,#6996,.F.);
#7011 = ORIENTED_EDGE('',*,*,#7012,.T.);
#7012 = EDGE_CURVE('',#4751,#6952,#7013,.T.);
#7013 = LINE('',#7014,#7015);
#7014 = CARTESIAN_POINT('',(55.207786560059,-41.18153381347,
    222.11447107953));
#7015 = VECTOR('',#7016,1.);
#7016 = DIRECTION('',(-0.874002950489,-0.165224422919,0.456967977662));
#7017 = ORIENTED_EDGE('',*,*,#6951,.F.);
#7018 = PLANE('',#7019);
#7019 = AXIS2_PLACEMENT_3D('',#7020,#7021,#7022);
#7020 = CARTESIAN_POINT('',(55.059836513771,-41.11999899533,
    222.18264094298));
#7021 = DIRECTION('',(-0.447796242824,-9.127865282582E-02,
    -0.889464295209));
#7022 = DIRECTION('',(0.893193027678,-1.573750957685E-18,-0.449673454084
    ));
#7023 = ADVANCED_FACE('',(#7024),#7034,.T.);
#7024 = FACE_BOUND('',#7025,.T.);
#7025 = EDGE_LOOP('',(#7026,#7027,#7033));
#7026 = ORIENTED_EDGE('',*,*,#4627,.F.);
#7027 = ORIENTED_EDGE('',*,*,#7028,.T.);
#7028 = EDGE_CURVE('',#4581,#6046,#7029,.T.);
#7029 = LINE('',#7030,#7031);
#7030 = CARTESIAN_POINT('',(55.425788879395,-41.14261627197,
    222.04734766644));
#7031 = VECTOR('',#7032,1.);
#7032 = DIRECTION('',(-0.828883794823,0.515782248833,0.216611002651));
#7033 = ORIENTED_EDGE('',*,*,#6045,.F.);
#7034 = PLANE('',#7035);
#7035 = AXIS2_PLACEMENT_3D('',#7036,#7037,#7038);
#7036 = CARTESIAN_POINT('',(55.28456335769,-41.017646625,222.07783215035
    ));
#7037 = DIRECTION('',(-0.341758818479,-0.160327792514,-0.926010749905));
#7038 = DIRECTION('',(0.938146778756,1.595572452954E-18,-0.346237810631)
  );
#7039 = ADVANCED_FACE('',(#7040),#7045,.T.);
#7040 = FACE_BOUND('',#7041,.T.);
#7041 = EDGE_LOOP('',(#7042,#7043,#7044));
#7042 = ORIENTED_EDGE('',*,*,#7028,.F.);
#7043 = ORIENTED_EDGE('',*,*,#4750,.F.);
#7044 = ORIENTED_EDGE('',*,*,#6990,.F.);
#7045 = PLANE('',#7046);
#7046 = AXIS2_PLACEMENT_3D('',#7047,#7048,#7049);
#7047 = CARTESIAN_POINT('',(55.252958496678,-41.08427993854,
    222.09537521612));
#7048 = DIRECTION('',(-0.284723928938,-5.565910694454E-02,
    -0.956992344851));
#7049 = DIRECTION('',(0.958478148545,-2.545449998192E-19,-0.28516598458)
  );
#7050 = ADVANCED_FACE('',(#7051),#7068,.T.);
#7051 = FACE_BOUND('',#7052,.T.);
#7052 = EDGE_LOOP('',(#7053,#7061,#7062));
#7053 = ORIENTED_EDGE('',*,*,#7054,.T.);
#7054 = EDGE_CURVE('',#7055,#3299,#7057,.T.);
#7055 = VERTEX_POINT('',#7056);
#7056 = CARTESIAN_POINT('',(63.860107421875,41.466213226318,
    222.1725460307));
#7057 = LINE('',#7058,#7059);
#7058 = CARTESIAN_POINT('',(63.860107421875,41.466213226318,
    222.1725460307));
#7059 = VECTOR('',#7060,1.);
#7060 = DIRECTION('',(0.998577638017,-5.10199614395E-02,
    -1.548109771726E-02));
#7061 = ORIENTED_EDGE('',*,*,#3344,.F.);
#7062 = ORIENTED_EDGE('',*,*,#7063,.F.);
#7063 = EDGE_CURVE('',#7055,#3345,#7064,.T.);
#7064 = LINE('',#7065,#7066);
#7065 = CARTESIAN_POINT('',(63.860107421875,41.466213226318,
    222.1725460307));
#7066 = VECTOR('',#7067,1.);
#7067 = DIRECTION('',(-8.924938901715E-03,-0.923832340622,
    -0.382693286962));
#7068 = PLANE('',#7069);
#7069 = AXIS2_PLACEMENT_3D('',#7070,#7071,#7072);
#7070 = CARTESIAN_POINT('',(67.964924708809,41.176549811241,
    222.07579907137));
#7071 = DIRECTION('',(5.228155020956E-03,0.382660188304,-0.923874367369)
  );
#7072 = DIRECTION('',(-1.95060123176E-19,0.923886994037,0.382665418153)
  );
#7073 = ADVANCED_FACE('',(#7074),#7091,.T.);
#7074 = FACE_BOUND('',#7075,.T.);
#7075 = EDGE_LOOP('',(#7076,#7084,#7090));
#7076 = ORIENTED_EDGE('',*,*,#7077,.T.);
#7077 = EDGE_CURVE('',#3345,#7078,#7080,.T.);
#7078 = VERTEX_POINT('',#7079);
#7079 = CARTESIAN_POINT('',(55.598182678223,41.429679870605,
    222.12750208539));
#7080 = LINE('',#7081,#7082);
#7081 = CARTESIAN_POINT('',(63.857078552246,41.152690887451,
    222.0426708476));
#7082 = VECTOR('',#7083,1.);
#7083 = DIRECTION('',(-0.999385407823,3.351764595588E-02,
    1.026518586395E-02));
#7084 = ORIENTED_EDGE('',*,*,#7085,.T.);
#7085 = EDGE_CURVE('',#7078,#7055,#7086,.T.);
#7086 = LINE('',#7087,#7088);
#7087 = CARTESIAN_POINT('',(55.598182678223,41.429679870605,
    222.12750208539));
#7088 = VECTOR('',#7089,1.);
#7089 = DIRECTION('',(0.99997536223,4.421785085921E-03,
    5.451857397364E-03));
#7090 = ORIENTED_EDGE('',*,*,#7063,.T.);
#7091 = PLANE('',#7092);
#7092 = AXIS2_PLACEMENT_3D('',#7093,#7094,#7095);
#7093 = CARTESIAN_POINT('',(59.811496812683,41.36834775444,
    222.11735155481));
#7094 = DIRECTION('',(3.344795859408E-03,0.382678807986,-0.923875393253)
  );
#7095 = DIRECTION('',(2.809925442829E-20,0.923880561298,0.382680948644)
  );
#7096 = ADVANCED_FACE('',(#7097),#7114,.T.);
#7097 = FACE_BOUND('',#7098,.T.);
#7098 = EDGE_LOOP('',(#7099,#7107,#7113));
#7099 = ORIENTED_EDGE('',*,*,#7100,.T.);
#7100 = EDGE_CURVE('',#3345,#7101,#7103,.T.);
#7101 = VERTEX_POINT('',#7102);
#7102 = CARTESIAN_POINT('',(55.61173248291,41.341430664062,
    222.08890497846));
#7103 = LINE('',#7104,#7105);
#7104 = CARTESIAN_POINT('',(63.857078552246,41.152690887451,
    222.0426708476));
#7105 = VECTOR('',#7106,1.);
#7106 = DIRECTION('',(-0.999722408107,2.288410727613E-02,
    5.605743682655E-03));
#7107 = ORIENTED_EDGE('',*,*,#7108,.T.);
#7108 = EDGE_CURVE('',#7101,#7078,#7109,.T.);
#7109 = LINE('',#7110,#7111);
#7110 = CARTESIAN_POINT('',(55.61173248291,41.341430664062,
    222.08890497846));
#7111 = VECTOR('',#7112,1.);
#7112 = DIRECTION('',(-0.13930241027,0.907269695718,0.396807935561));
#7113 = ORIENTED_EDGE('',*,*,#7077,.F.);
#7114 = PLANE('',#7115);
#7115 = AXIS2_PLACEMENT_3D('',#7116,#7117,#7118);
#7116 = CARTESIAN_POINT('',(59.706850687407,41.269826660326,
    222.0756385767));
#7117 = DIRECTION('',(4.048315598178E-03,0.401233373867,-0.915966915798)
  );
#7118 = DIRECTION('',(7.467357929025E-20,0.915974421716,0.401236661786)
  );
#7119 = ADVANCED_FACE('',(#7120),#7137,.T.);
#7120 = FACE_BOUND('',#7121,.T.);
#7121 = EDGE_LOOP('',(#7122,#7130,#7136));
#7122 = ORIENTED_EDGE('',*,*,#7123,.T.);
#7123 = EDGE_CURVE('',#3345,#7124,#7126,.T.);
#7124 = VERTEX_POINT('',#7125);
#7125 = CARTESIAN_POINT('',(55.624877929688,41.254795074463,
    222.05826533002));
#7126 = LINE('',#7127,#7128);
#7127 = CARTESIAN_POINT('',(63.857078552246,41.152690887451,
    222.0426708476));
#7128 = VECTOR('',#7129,1.);
#7129 = DIRECTION('',(-0.999921297544,1.240204847312E-02,
    1.894178217071E-03));
#7130 = ORIENTED_EDGE('',*,*,#7131,.T.);
#7131 = EDGE_CURVE('',#7124,#7101,#7132,.T.);
#7132 = LINE('',#7133,#7134);
#7133 = CARTESIAN_POINT('',(55.624877929688,41.254795074463,
    222.05826533002));
#7134 = VECTOR('',#7135,1.);
#7135 = DIRECTION('',(-0.141608504503,0.933276478748,0.33006369941));
#7136 = ORIENTED_EDGE('',*,*,#7100,.F.);
#7137 = PLANE('',#7138);
#7138 = AXIS2_PLACEMENT_3D('',#7139,#7140,#7141);
#7139 = CARTESIAN_POINT('',(59.714615672995,41.225828467438,
    222.05822141294));
#7140 = DIRECTION('',(2.353677011982E-03,0.333740181235,-0.942662161983)
  );
#7141 = DIRECTION('',(2.051015311327E-20,0.942664773071,0.333741105665)
  );
#7142 = ADVANCED_FACE('',(#7143),#7153,.T.);
#7143 = FACE_BOUND('',#7144,.T.);
#7144 = EDGE_LOOP('',(#7145,#7146,#7152));
#7145 = ORIENTED_EDGE('',*,*,#3412,.F.);
#7146 = ORIENTED_EDGE('',*,*,#7147,.T.);
#7147 = EDGE_CURVE('',#2971,#7124,#7148,.T.);
#7148 = LINE('',#7149,#7150);
#7149 = CARTESIAN_POINT('',(55.64762878418,41.103664398193,
    222.02052271527));
#7150 = VECTOR('',#7151,1.);
#7151 = DIRECTION('',(-0.144518813496,0.960017832507,0.239750023596));
#7152 = ORIENTED_EDGE('',*,*,#7123,.F.);
#7153 = PLANE('',#7154);
#7154 = AXIS2_PLACEMENT_3D('',#7155,#7156,#7157);
#7155 = CARTESIAN_POINT('',(59.707676969947,41.166139008551,
    222.04103009733));
#7156 = DIRECTION('',(1.169424471113E-03,0.242459147511,-0.970160911517)
  );
#7157 = DIRECTION('',(-4.142707740891E-20,0.970161574891,0.242459313299)
  );
#7158 = ADVANCED_FACE('',(#7159),#7176,.T.);
#7159 = FACE_BOUND('',#7160,.T.);
#7160 = EDGE_LOOP('',(#7161,#7162,#7170));
#7161 = ORIENTED_EDGE('',*,*,#7085,.F.);
#7162 = ORIENTED_EDGE('',*,*,#7163,.T.);
#7163 = EDGE_CURVE('',#7078,#7164,#7166,.T.);
#7164 = VERTEX_POINT('',#7165);
#7165 = CARTESIAN_POINT('',(55.57421875,41.585807800293,222.21659052533)
  );
#7166 = LINE('',#7167,#7168);
#7167 = CARTESIAN_POINT('',(55.598182678223,41.429679870605,
    222.12750208539));
#7168 = VECTOR('',#7169,1.);
#7169 = DIRECTION('',(-0.132143622575,0.860931898242,0.491257905384));
#7170 = ORIENTED_EDGE('',*,*,#7171,.F.);
#7171 = EDGE_CURVE('',#7055,#7164,#7172,.T.);
#7172 = LINE('',#7173,#7174);
#7173 = CARTESIAN_POINT('',(63.860107421875,41.466213226318,
    222.1725460307));
#7174 = VECTOR('',#7175,1.);
#7175 = DIRECTION('',(-0.999881729858,1.443181706185E-02,
    5.314974316487E-03));
#7176 = PLANE('',#7177);
#7177 = AXIS2_PLACEMENT_3D('',#7178,#7179,#7180);
#7178 = CARTESIAN_POINT('',(59.678302943971,41.487261334809,
    222.17232639515));
#7179 = DIRECTION('',(2.541585746175E-03,0.495896722883,-0.868377786782)
  );
#7180 = DIRECTION('',(1.046899893571E-19,0.868380591507,0.495898324552)
  );
#7181 = ADVANCED_FACE('',(#7182),#7199,.T.);
#7182 = FACE_BOUND('',#7183,.T.);
#7183 = EDGE_LOOP('',(#7184,#7185,#7193));
#7184 = ORIENTED_EDGE('',*,*,#7171,.T.);
#7185 = ORIENTED_EDGE('',*,*,#7186,.T.);
#7186 = EDGE_CURVE('',#7164,#7187,#7189,.T.);
#7187 = VERTEX_POINT('',#7188);
#7188 = CARTESIAN_POINT('',(55.554054260254,41.719928741455,
    222.31911432904));
#7189 = LINE('',#7190,#7191);
#7190 = CARTESIAN_POINT('',(55.57421875,41.585807800293,222.21659052533)
  );
#7191 = VECTOR('',#7192,1.);
#7192 = DIRECTION('',(-0.11860199844,0.788862592347,0.603016895586));
#7193 = ORIENTED_EDGE('',*,*,#7194,.F.);
#7194 = EDGE_CURVE('',#7055,#7187,#7195,.T.);
#7195 = LINE('',#7196,#7197);
#7196 = CARTESIAN_POINT('',(63.860107421875,41.466213226318,
    222.1725460307));
#7197 = VECTOR('',#7198,1.);
#7198 = DIRECTION('',(-0.999378365437,3.052686900379E-02,
    1.763499264567E-02));
#7199 = PLANE('',#7200);
#7200 = AXIS2_PLACEMENT_3D('',#7201,#7202,#7203);
#7201 = CARTESIAN_POINT('',(59.670056660861,41.560535724585,
    222.22071962433));
#7202 = DIRECTION('',(4.55037909026E-03,0.607728752142,-0.794131637621)
  );
#7203 = DIRECTION('',(7.841663360593E-20,0.794139859373,0.60773504404));
#7204 = ADVANCED_FACE('',(#7205),#7222,.T.);
#7205 = FACE_BOUND('',#7206,.T.);
#7206 = EDGE_LOOP('',(#7207,#7208,#7216));
#7207 = ORIENTED_EDGE('',*,*,#7194,.T.);
#7208 = ORIENTED_EDGE('',*,*,#7209,.T.);
#7209 = EDGE_CURVE('',#7187,#7210,#7212,.T.);
#7210 = VERTEX_POINT('',#7211);
#7211 = CARTESIAN_POINT('',(63.862701416016,41.735439300537,
    222.37913477582));
#7212 = LINE('',#7213,#7214);
#7213 = CARTESIAN_POINT('',(55.554054260254,41.719928741455,
    222.31911432904));
#7214 = VECTOR('',#7215,1.);
#7215 = DIRECTION('',(0.999972166669,1.866745221062E-03,
    7.223652067927E-03));
#7216 = ORIENTED_EDGE('',*,*,#7217,.T.);
#7217 = EDGE_CURVE('',#7210,#7055,#7218,.T.);
#7218 = LINE('',#7219,#7220);
#7219 = CARTESIAN_POINT('',(63.862701416016,41.735439300537,
    222.37913477582));
#7220 = VECTOR('',#7221,1.);
#7221 = DIRECTION('',(-7.643679692679E-03,-0.793324026457,
    -0.608751643289));
#7222 = PLANE('',#7223);
#7223 = AXIS2_PLACEMENT_3D('',#7224,#7225,#7226);
#7224 = CARTESIAN_POINT('',(59.790845691865,41.659176570245,
    222.29703727323));
#7225 = DIRECTION('',(4.59473259153E-03,0.608735137339,-0.793360208859)
  );
#7226 = DIRECTION('',(2.830849215476E-19,0.793368583531,0.608741563117)
  );
#7227 = ADVANCED_FACE('',(#7228),#7245,.T.);
#7228 = FACE_BOUND('',#7229,.T.);
#7229 = EDGE_LOOP('',(#7230,#7238,#7244));
#7230 = ORIENTED_EDGE('',*,*,#7231,.T.);
#7231 = EDGE_CURVE('',#7210,#7232,#7234,.T.);
#7232 = VERTEX_POINT('',#7233);
#7233 = CARTESIAN_POINT('',(72.243011474609,41.351676940918,
    222.1725460307));
#7234 = LINE('',#7235,#7236);
#7235 = CARTESIAN_POINT('',(63.862701416016,41.735439300537,
    222.37913477582));
#7236 = VECTOR('',#7237,1.);
#7237 = DIRECTION('',(0.998650369606,-4.573153255609E-02,
    -2.461841211427E-02));
#7238 = ORIENTED_EDGE('',*,*,#7239,.T.);
#7239 = EDGE_CURVE('',#7232,#7055,#7240,.T.);
#7240 = LINE('',#7241,#7242);
#7241 = CARTESIAN_POINT('',(72.243011474609,41.351676940918,
    222.1725460307));
#7242 = VECTOR('',#7243,1.);
#7243 = DIRECTION('',(-0.999906673194,1.366180447424E-02,0.));
#7244 = ORIENTED_EDGE('',*,*,#7217,.F.);
#7245 = PLANE('',#7246);
#7246 = AXIS2_PLACEMENT_3D('',#7247,#7248,#7249);
#7247 = CARTESIAN_POINT('',(67.969109427768,41.478753036202,
    222.22524130972));
#7248 = DIRECTION('',(8.31668837979E-03,0.608697937781,-0.793358464527)
  );
#7249 = DIRECTION('',(1.923051891012E-18,0.793385903184,0.608718989871)
  );
#7250 = ADVANCED_FACE('',(#7251),#7261,.T.);
#7251 = FACE_BOUND('',#7252,.T.);
#7252 = EDGE_LOOP('',(#7253,#7254,#7260));
#7253 = ORIENTED_EDGE('',*,*,#7239,.F.);
#7254 = ORIENTED_EDGE('',*,*,#7255,.T.);
#7255 = EDGE_CURVE('',#7232,#3299,#7256,.T.);
#7256 = LINE('',#7257,#7258);
#7257 = CARTESIAN_POINT('',(72.243011474609,41.351676940918,
    222.1725460307));
#7258 = VECTOR('',#7259,1.);
#7259 = DIRECTION('',(-1.638876934241E-02,-0.923728591921,
    -0.382696873136));
#7260 = ORIENTED_EDGE('',*,*,#7054,.F.);
#7261 = PLANE('',#7262);
#7262 = AXIS2_PLACEMENT_3D('',#7263,#7264,#7265);
#7263 = CARTESIAN_POINT('',(68.133264997961,41.327858472957,
    222.13942271702));
#7264 = DIRECTION('',(5.228366958504E-03,0.382663872959,-0.923872840012)
  );
#7265 = DIRECTION('',(-9.001406019853E-20,0.923885467682,0.382669103282)
  );
#7266 = ADVANCED_FACE('',(#7267),#7284,.T.);
#7267 = FACE_BOUND('',#7268,.T.);
#7268 = EDGE_LOOP('',(#7269,#7270,#7278));
#7269 = ORIENTED_EDGE('',*,*,#7209,.F.);
#7270 = ORIENTED_EDGE('',*,*,#7271,.T.);
#7271 = EDGE_CURVE('',#7187,#7272,#7274,.T.);
#7272 = VERTEX_POINT('',#7273);
#7273 = CARTESIAN_POINT('',(55.54419708252,41.785713195801,
    222.38067591351));
#7274 = LINE('',#7275,#7276);
#7275 = CARTESIAN_POINT('',(55.554054260254,41.719928741455,
    222.31911432904));
#7276 = VECTOR('',#7277,1.);
#7277 = DIRECTION('',(-0.10875762592,0.725822468651,0.679230095627));
#7278 = ORIENTED_EDGE('',*,*,#7279,.F.);
#7279 = EDGE_CURVE('',#7210,#7272,#7280,.T.);
#7280 = LINE('',#7281,#7282);
#7281 = CARTESIAN_POINT('',(63.862701416016,41.735439300537,
    222.37913477582));
#7282 = VECTOR('',#7283,1.);
#7283 = DIRECTION('',(-0.999981720656,6.043511462443E-03,
    1.852628143886E-04));
#7284 = PLANE('',#7285);
#7285 = AXIS2_PLACEMENT_3D('',#7286,#7287,#7288);
#7286 = CARTESIAN_POINT('',(59.683376871347,41.744186869135,
    222.36444469135));
#7287 = DIRECTION('',(3.996184507873E-03,0.683596836784,-0.729848885214)
  );
#7288 = DIRECTION('',(-2.024467518653E-19,0.729854712941,0.683602295196)
  );
#7289 = ADVANCED_FACE('',(#7290),#7307,.T.);
#7290 = FACE_BOUND('',#7291,.T.);
#7291 = EDGE_LOOP('',(#7292,#7293,#7301));
#7292 = ORIENTED_EDGE('',*,*,#7279,.T.);
#7293 = ORIENTED_EDGE('',*,*,#7294,.T.);
#7294 = EDGE_CURVE('',#7272,#7295,#7297,.T.);
#7295 = VERTEX_POINT('',#7296);
#7296 = CARTESIAN_POINT('',(55.536911010742,41.834049224854,
    222.43185389203));
#7297 = LINE('',#7298,#7299);
#7298 = CARTESIAN_POINT('',(55.54419708252,41.785713195801,
    222.38067591351));
#7299 = VECTOR('',#7300,1.);
#7300 = DIRECTION('',(-0.102951661928,0.682984559314,0.723141097605));
#7301 = ORIENTED_EDGE('',*,*,#7302,.F.);
#7302 = EDGE_CURVE('',#7210,#7295,#7303,.T.);
#7303 = LINE('',#7304,#7305);
#7304 = CARTESIAN_POINT('',(63.862701416016,41.735439300537,
    222.37913477582));
#7305 = VECTOR('',#7306,1.);
#7306 = DIRECTION('',(-0.999909825807,1.184284343545E-02,
    6.331454401466E-03));
#7307 = PLANE('',#7308);
#7308 = AXIS2_PLACEMENT_3D('',#7309,#7310,#7311);
#7309 = CARTESIAN_POINT('',(59.684009792296,41.772823540824,
    222.39276330593));
#7310 = DIRECTION('',(4.268381756048E-03,0.727300785851,-0.686305579037)
  );
#7311 = DIRECTION('',(-2.185551687229E-19,-0.686311831052,
    -0.727307411318));
#7312 = ADVANCED_FACE('',(#7313),#7337,.T.);
#7313 = FACE_BOUND('',#7314,.T.);
#7314 = EDGE_LOOP('',(#7315,#7323,#7331));
#7315 = ORIENTED_EDGE('',*,*,#7316,.T.);
#7316 = EDGE_CURVE('',#7210,#7317,#7319,.T.);
#7317 = VERTEX_POINT('',#7318);
#7318 = CARTESIAN_POINT('',(55.513710021973,41.985126495361,
    222.63857996625));
#7319 = LINE('',#7320,#7321);
#7320 = CARTESIAN_POINT('',(63.862701416016,41.735439300537,
    222.37913477582));
#7321 = VECTOR('',#7322,1.);
#7322 = DIRECTION('',(-0.99907127403,2.9878495745E-02,3.104617368853E-02
    ));
#7323 = ORIENTED_EDGE('',*,*,#7324,.T.);
#7324 = EDGE_CURVE('',#7317,#7325,#7327,.T.);
#7325 = VERTEX_POINT('',#7326);
#7326 = CARTESIAN_POINT('',(63.864692687988,41.942024230957,
    222.64837610883));
#7327 = LINE('',#7328,#7329);
#7328 = CARTESIAN_POINT('',(55.513710021973,41.985126495361,
    222.63857996625));
#7329 = VECTOR('',#7330,1.);
#7330 = DIRECTION('',(0.999985992551,-5.161268125595E-03,
    1.173036246263E-03));
#7331 = ORIENTED_EDGE('',*,*,#7332,.T.);
#7332 = EDGE_CURVE('',#7325,#7210,#7333,.T.);
#7333 = LINE('',#7334,#7335);
#7334 = CARTESIAN_POINT('',(63.864692687988,41.942024230957,
    222.64837610883));
#7335 = VECTOR('',#7336,1.);
#7336 = DIRECTION('',(-5.867549484112E-03,-0.608730157686,
    -0.793355637143));
#7337 = PLANE('',#7338);
#7338 = AXIS2_PLACEMENT_3D('',#7339,#7340,#7341);
#7339 = CARTESIAN_POINT('',(59.771817718839,41.910454816416,
    222.57490290206));
#7340 = DIRECTION('',(4.808815844608E-03,0.793342944288,-0.608755983986)
  );
#7341 = DIRECTION('',(1.138362523649E-19,-0.608763022761,-0.793352117359
    ));
#7342 = ADVANCED_FACE('',(#7343),#7360,.T.);
#7343 = FACE_BOUND('',#7344,.T.);
#7344 = EDGE_LOOP('',(#7345,#7353,#7359));
#7345 = ORIENTED_EDGE('',*,*,#7346,.T.);
#7346 = EDGE_CURVE('',#7325,#7347,#7349,.T.);
#7347 = VERTEX_POINT('',#7348);
#7348 = CARTESIAN_POINT('',(72.247795104981,41.620872497559,
    222.37913477582));
#7349 = LINE('',#7350,#7351);
#7350 = CARTESIAN_POINT('',(63.864692687988,41.942024230957,
    222.64837610883));
#7351 = VECTOR('',#7352,1.);
#7352 = DIRECTION('',(0.998752776105,-3.826163266627E-02,
    -3.207708977034E-02));
#7353 = ORIENTED_EDGE('',*,*,#7354,.T.);
#7354 = EDGE_CURVE('',#7347,#7210,#7355,.T.);
#7355 = LINE('',#7356,#7357);
#7356 = CARTESIAN_POINT('',(72.24779510498,41.620872497559,
    222.37913477582));
#7357 = VECTOR('',#7358,1.);
#7358 = DIRECTION('',(-0.999906672216,1.366187605792E-02,0.));
#7359 = ORIENTED_EDGE('',*,*,#7332,.F.);
#7360 = PLANE('',#7361);
#7361 = AXIS2_PLACEMENT_3D('',#7362,#7363,#7364);
#7362 = CARTESIAN_POINT('',(67.972641445301,41.731984810816,
    222.44780975144));
#7363 = DIRECTION('',(1.083875889829E-02,0.793283974689,-0.608755334109)
  );
#7364 = DIRECTION('',(-3.051517603108E-19,-0.608791095151,
    -0.793330575778));
#7365 = ADVANCED_FACE('',(#7366),#7383,.T.);
#7366 = FACE_BOUND('',#7367,.T.);
#7367 = EDGE_LOOP('',(#7368,#7376,#7382));
#7368 = ORIENTED_EDGE('',*,*,#7369,.T.);
#7369 = EDGE_CURVE('',#7210,#7370,#7372,.T.);
#7370 = VERTEX_POINT('',#7371);
#7371 = CARTESIAN_POINT('',(55.522369384766,41.928554534912,
    222.55083429974));
#7372 = LINE('',#7373,#7374);
#7373 = CARTESIAN_POINT('',(63.862701416016,41.735439300537,
    222.37913477582));
#7374 = VECTOR('',#7375,1.);
#7375 = DIRECTION('',(-0.999520377426,2.314327669762E-02,
    2.057677947535E-02));
#7376 = ORIENTED_EDGE('',*,*,#7377,.T.);
#7377 = EDGE_CURVE('',#7370,#7317,#7378,.T.);
#7378 = LINE('',#7379,#7380);
#7379 = CARTESIAN_POINT('',(55.522369384766,41.928554534912,
    222.55083429974));
#7380 = VECTOR('',#7381,1.);
#7381 = DIRECTION('',(-8.265899783851E-02,0.540014510108,0.837586902327)
  );
#7382 = ORIENTED_EDGE('',*,*,#7316,.F.);
#7383 = PLANE('',#7384);
#7384 = AXIS2_PLACEMENT_3D('',#7385,#7386,#7387);
#7385 = CARTESIAN_POINT('',(59.66436052983,41.84684041623,
    222.48760905437));
#7386 = DIRECTION('',(8.32545874829E-03,0.840807911754,-0.541269565253)
  );
#7387 = DIRECTION('',(7.122032148442E-19,-0.541288324808,-0.840837052839
    ));
#7388 = ADVANCED_FACE('',(#7389),#7399,.T.);
#7389 = FACE_BOUND('',#7390,.T.);
#7390 = EDGE_LOOP('',(#7391,#7392,#7398));
#7391 = ORIENTED_EDGE('',*,*,#7302,.T.);
#7392 = ORIENTED_EDGE('',*,*,#7393,.T.);
#7393 = EDGE_CURVE('',#7295,#7370,#7394,.T.);
#7394 = LINE('',#7395,#7396);
#7395 = CARTESIAN_POINT('',(55.536911010742,41.834049224854,
    222.43185389203));
#7396 = VECTOR('',#7397,1.);
#7397 = DIRECTION('',(-9.526730153775E-02,0.619137494306,0.779482459329)
  );
#7398 = ORIENTED_EDGE('',*,*,#7369,.F.);
#7399 = PLANE('',#7400);
#7400 = AXIS2_PLACEMENT_3D('',#7401,#7402,#7403);
#7401 = CARTESIAN_POINT('',(59.658363904595,41.809057285713,
    222.43577993419));
#7402 = DIRECTION('',(5.342220835016E-03,0.783350669856,-0.621557067945)
  );
#7403 = DIRECTION('',(4.363086826982E-19,-0.621565937544,-0.783361848245
    ));
#7404 = ADVANCED_FACE('',(#7405),#7415,.T.);
#7405 = FACE_BOUND('',#7406,.T.);
#7406 = EDGE_LOOP('',(#7407,#7408,#7414));
#7407 = ORIENTED_EDGE('',*,*,#7354,.F.);
#7408 = ORIENTED_EDGE('',*,*,#7409,.T.);
#7409 = EDGE_CURVE('',#7347,#7232,#7410,.T.);
#7410 = LINE('',#7411,#7412);
#7411 = CARTESIAN_POINT('',(72.24779510498,41.620872497559,
    222.37913477582));
#7412 = VECTOR('',#7413,1.);
#7413 = DIRECTION('',(-1.409586156188E-02,-0.793235054784,
    -0.608752375395));
#7414 = ORIENTED_EDGE('',*,*,#7231,.F.);
#7415 = PLANE('',#7416);
#7416 = AXIS2_PLACEMENT_3D('',#7417,#7418,#7419);
#7417 = CARTESIAN_POINT('',(68.137150894626,41.60836436096,
    222.32644623958));
#7418 = DIRECTION('',(8.316743627592E-03,0.608698791373,-0.793357809035)
  );
#7419 = DIRECTION('',(-8.405413862961E-20,0.793385248034,0.608719843772)
  );
#7420 = ADVANCED_FACE('',(#7421),#7438,.T.);
#7421 = FACE_BOUND('',#7422,.T.);
#7422 = EDGE_LOOP('',(#7423,#7424,#7432));
#7423 = ORIENTED_EDGE('',*,*,#7324,.F.);
#7424 = ORIENTED_EDGE('',*,*,#7425,.T.);
#7425 = EDGE_CURVE('',#7317,#7426,#7428,.T.);
#7426 = VERTEX_POINT('',#7427);
#7427 = CARTESIAN_POINT('',(55.51042175293,42.007026672363,
    222.67724573773));
#7428 = LINE('',#7429,#7430);
#7429 = CARTESIAN_POINT('',(55.513710021973,41.985126495361,
    222.63857996625));
#7430 = VECTOR('',#7431,1.);
#7431 = DIRECTION('',(-7.379644178643E-02,0.491491151155,0.867750271401)
  );
#7432 = ORIENTED_EDGE('',*,*,#7433,.F.);
#7433 = EDGE_CURVE('',#7325,#7426,#7434,.T.);
#7434 = LINE('',#7435,#7436);
#7435 = CARTESIAN_POINT('',(63.864692687988,41.942024230957,
    222.64837610883));
#7436 = VECTOR('',#7437,1.);
#7437 = DIRECTION('',(-0.999963761145,7.780461789842E-03,
    3.455547818399E-03));
#7438 = PLANE('',#7439);
#7439 = AXIS2_PLACEMENT_3D('',#7440,#7441,#7442);
#7440 = CARTESIAN_POINT('',(59.677269370005,41.969123437457,
    222.65315916999));
#7441 = DIRECTION('',(5.06962725022E-03,0.870296454225,-0.492502163084)
  );
#7442 = DIRECTION('',(-1.606900769922E-20,-0.492508492135,
    -0.870307638238));
#7443 = ADVANCED_FACE('',(#7444),#7461,.T.);
#7444 = FACE_BOUND('',#7445,.T.);
#7445 = EDGE_LOOP('',(#7446,#7447,#7455));
#7446 = ORIENTED_EDGE('',*,*,#7433,.T.);
#7447 = ORIENTED_EDGE('',*,*,#7448,.T.);
#7448 = EDGE_CURVE('',#7426,#7449,#7451,.T.);
#7449 = VERTEX_POINT('',#7450);
#7450 = CARTESIAN_POINT('',(55.500938415527,42.070739746094,
    222.81230890912));
#7451 = LINE('',#7452,#7453);
#7452 = CARTESIAN_POINT('',(55.51042175293,42.007026672363,
    222.67724573773));
#7453 = VECTOR('',#7454,1.);
#7454 = DIRECTION('',(-6.337545142666E-02,0.425783101258,0.90260307048)
  );
#7455 = ORIENTED_EDGE('',*,*,#7456,.F.);
#7456 = EDGE_CURVE('',#7325,#7449,#7457,.T.);
#7457 = LINE('',#7458,#7459);
#7458 = CARTESIAN_POINT('',(63.864692687988,41.942024230957,
    222.64837610883));
#7459 = VECTOR('',#7460,1.);
#7460 = DIRECTION('',(-0.999689635861,1.538490518312E-02,
    1.959430132592E-02));
#7461 = PLANE('',#7462);
#7462 = AXIS2_PLACEMENT_3D('',#7463,#7464,#7465);
#7463 = CARTESIAN_POINT('',(59.648113622657,41.990894396156,
    222.69702781429));
#7464 = DIRECTION('',(5.564929586896E-03,0.90455788802,-0.426314506884)
  );
#7465 = DIRECTION('',(2.896585998377E-19,-0.426321108186,-0.904571894719
    ));
#7466 = ADVANCED_FACE('',(#7467),#7487,.T.);
#7467 = FACE_BOUND('',#7468,.T.);
#7468 = EDGE_LOOP('',(#7469,#7475,#7481));
#7469 = ORIENTED_EDGE('',*,*,#7470,.T.);
#7470 = EDGE_CURVE('',#7325,#101,#7471,.T.);
#7471 = LINE('',#7472,#7473);
#7472 = CARTESIAN_POINT('',(63.864692687988,41.942024230957,
    222.64837610883));
#7473 = VECTOR('',#7474,1.);
#7474 = DIRECTION('',(-0.999087259921,2.123497283174E-02,
    3.706376926116E-02));
#7475 = ORIENTED_EDGE('',*,*,#7476,.T.);
#7476 = EDGE_CURVE('',#101,#1006,#7477,.T.);
#7477 = LINE('',#7478,#7479);
#7478 = CARTESIAN_POINT('',(55.493827819824,42.119941711426,
    222.95891535443));
#7479 = VECTOR('',#7480,1.);
#7480 = DIRECTION('',(0.999983464021,-5.739636495651E-03,
    3.581292597906E-04));
#7481 = ORIENTED_EDGE('',*,*,#7482,.T.);
#7482 = EDGE_CURVE('',#1006,#7325,#7483,.T.);
#7483 = LINE('',#7484,#7485);
#7484 = CARTESIAN_POINT('',(63.865951538086,42.071887969971,
    222.96191370648));
#7485 = VECTOR('',#7486,1.);
#7486 = DIRECTION('',(-3.709373479281E-03,-0.382661216228,
    -0.923881287906));
#7487 = PLANE('',#7488);
#7488 = AXIS2_PLACEMENT_3D('',#7489,#7490,#7491);
#7489 = CARTESIAN_POINT('',(59.762693928342,42.062315218664,
    222.88047470535));
#7490 = DIRECTION('',(5.439794182849E-03,0.923866252655,-0.382676829511)
  );
#7491 = DIRECTION('',(2.573521748934E-20,-0.382682491601,-0.923879922188
    ));
#7492 = ADVANCED_FACE('',(#7493),#7510,.T.);
#7493 = FACE_BOUND('',#7494,.T.);
#7494 = EDGE_LOOP('',(#7495,#7503,#7509));
#7495 = ORIENTED_EDGE('',*,*,#7496,.T.);
#7496 = EDGE_CURVE('',#1006,#7497,#7499,.T.);
#7497 = VERTEX_POINT('',#7498);
#7498 = CARTESIAN_POINT('',(72.251457214356,41.827434539795,
    222.64837610883));
#7499 = LINE('',#7500,#7501);
#7500 = CARTESIAN_POINT('',(63.865951538086,42.071887969971,
    222.96191370648));
#7501 = VECTOR('',#7502,1.);
#7502 = DIRECTION('',(0.998877952816,-2.911919105651E-02,
    -3.73484683892E-02));
#7503 = ORIENTED_EDGE('',*,*,#7504,.T.);
#7504 = EDGE_CURVE('',#7497,#7325,#7505,.T.);
#7505 = LINE('',#7506,#7507);
#7506 = CARTESIAN_POINT('',(72.251457214355,41.827434539795,
    222.64837610883));
#7507 = VECTOR('',#7508,1.);
#7508 = DIRECTION('',(-0.99990667212,1.366188312417E-02,0.));
#7509 = ORIENTED_EDGE('',*,*,#7482,.F.);
#7510 = PLANE('',#7511);
#7511 = AXIS2_PLACEMENT_3D('',#7512,#7513,#7514);
#7512 = CARTESIAN_POINT('',(67.975279505711,41.91898844757,
    222.72834793221));
#7513 = DIRECTION('',(1.262197273475E-02,0.923796129574,-0.382676621692)
  );
#7514 = DIRECTION('',(-2.545298946568E-19,-0.382707108243,
    -0.923869725286));
#7515 = ADVANCED_FACE('',(#7516),#7526,.T.);
#7516 = FACE_BOUND('',#7517,.T.);
#7517 = EDGE_LOOP('',(#7518,#7519,#7525));
#7518 = ORIENTED_EDGE('',*,*,#7456,.T.);
#7519 = ORIENTED_EDGE('',*,*,#7520,.T.);
#7520 = EDGE_CURVE('',#7449,#101,#7521,.T.);
#7521 = LINE('',#7522,#7523);
#7522 = CARTESIAN_POINT('',(55.500938415527,42.070739746094,
    222.81230890912));
#7523 = VECTOR('',#7524,1.);
#7524 = DIRECTION('',(-4.59323520681E-02,0.31783019151,0.947034417747));
#7525 = ORIENTED_EDGE('',*,*,#7470,.F.);
#7526 = PLANE('',#7527);
#7527 = AXIS2_PLACEMENT_3D('',#7528,#7529,#7530);
#7528 = CARTESIAN_POINT('',(59.642713143097,42.019393543167,
    222.76810707071));
#7529 = DIRECTION('',(8.362516202816E-03,0.948124139279,-0.317790315836)
  );
#7530 = DIRECTION('',(9.21467547949E-20,-0.317801428224,-0.948157292973)
  );
#7531 = ADVANCED_FACE('',(#7532),#7542,.T.);
#7532 = FACE_BOUND('',#7533,.T.);
#7533 = EDGE_LOOP('',(#7534,#7535,#7541));
#7534 = ORIENTED_EDGE('',*,*,#7504,.F.);
#7535 = ORIENTED_EDGE('',*,*,#7536,.T.);
#7536 = EDGE_CURVE('',#7497,#7347,#7537,.T.);
#7537 = LINE('',#7538,#7539);
#7538 = CARTESIAN_POINT('',(72.251457214355,41.827434539795,
    222.64837610883));
#7539 = VECTOR('',#7540,1.);
#7540 = DIRECTION('',(-1.079089608562E-02,-0.608662741813,
    -0.793355672628));
#7541 = ORIENTED_EDGE('',*,*,#7346,.F.);
#7542 = PLANE('',#7543);
#7543 = AXIS2_PLACEMENT_3D('',#7544,#7545,#7546);
#7544 = CARTESIAN_POINT('',(68.140264123843,41.830911338147,
    222.57970783608));
#7545 = DIRECTION('',(1.083876565666E-02,0.79328405895,-0.608755224187)
  );
#7546 = DIRECTION('',(1.238656591497E-19,-0.608790985267,-0.793330660102
    ));
#7547 = ADVANCED_FACE('',(#7548),#7553,.T.);
#7548 = FACE_BOUND('',#7549,.T.);
#7549 = EDGE_LOOP('',(#7550,#7551,#7552));
#7550 = ORIENTED_EDGE('',*,*,#7476,.F.);
#7551 = ORIENTED_EDGE('',*,*,#131,.T.);
#7552 = ORIENTED_EDGE('',*,*,#1028,.F.);
#7553 = PLANE('',#7554);
#7554 = AXIS2_PLACEMENT_3D('',#7555,#7556,#7557);
#7555 = CARTESIAN_POINT('',(59.637395008787,42.104520214253,
    223.00166049254));
#7556 = DIRECTION('',(5.696424549242E-03,0.980062652585,-0.198607018395)
  );
#7557 = DIRECTION('',(6.907240401655E-20,-0.198610240798,-0.980078554122
    ));
#7558 = ADVANCED_FACE('',(#7559),#7569,.T.);
#7559 = FACE_BOUND('',#7560,.T.);
#7560 = EDGE_LOOP('',(#7561,#7562,#7568));
#7561 = ORIENTED_EDGE('',*,*,#1105,.F.);
#7562 = ORIENTED_EDGE('',*,*,#7563,.T.);
#7563 = EDGE_CURVE('',#1082,#7497,#7564,.T.);
#7564 = LINE('',#7565,#7566);
#7565 = CARTESIAN_POINT('',(72.253768920898,41.95728302002,
    222.96191370648));
#7566 = VECTOR('',#7567,1.);
#7567 = DIRECTION('',(-6.811764592241E-03,-0.382616592335,
    -0.923882104564));
#7568 = ORIENTED_EDGE('',*,*,#7496,.F.);
#7569 = PLANE('',#7570);
#7570 = AXIS2_PLACEMENT_3D('',#7571,#7572,#7573);
#7571 = CARTESIAN_POINT('',(68.142392416944,41.980332281592,
    222.88194680229));
#7572 = DIRECTION('',(1.26220813436E-02,0.923797037966,-0.382674425207)
  );
#7573 = DIRECTION('',(-2.54129913649E-19,-0.382704912109,-0.923870635018
    ));
#7574 = ADVANCED_FACE('',(#7575),#7585,.T.);
#7575 = FACE_BOUND('',#7576,.T.);
#7576 = EDGE_LOOP('',(#7577,#7578,#7584));
#7577 = ORIENTED_EDGE('',*,*,#123,.F.);
#7578 = ORIENTED_EDGE('',*,*,#7579,.T.);
#7579 = EDGE_CURVE('',#54,#535,#7580,.T.);
#7580 = LINE('',#7581,#7582);
#7581 = CARTESIAN_POINT('',(55.241508483887,42.108291625977,
    223.03076899213));
#7582 = VECTOR('',#7583,1.);
#7583 = DIRECTION('',(-0.148572877714,7.237444875752E-02,0.986249481204)
  );
#7584 = ORIENTED_EDGE('',*,*,#1049,.F.);
#7585 = PLANE('',#7586);
#7586 = AXIS2_PLACEMENT_3D('',#7587,#7588,#7589);
#7587 = CARTESIAN_POINT('',(55.312953822654,42.13058147076,
    223.15536069453));
#7588 = DIRECTION('',(-0.143568525207,0.985173334946,-9.392325953205E-02
    ));
#7589 = DIRECTION('',(0.989547689898,0.144205996469,-8.190173312843E-19)
  );
#7590 = ADVANCED_FACE('',(#7591),#7601,.T.);
#7591 = FACE_BOUND('',#7592,.T.);
#7592 = EDGE_LOOP('',(#7593,#7599,#7600));
#7593 = ORIENTED_EDGE('',*,*,#7594,.T.);
#7594 = EDGE_CURVE('',#7449,#24,#7595,.T.);
#7595 = LINE('',#7596,#7597);
#7596 = CARTESIAN_POINT('',(55.500938415527,42.070739746094,
    222.81230890912));
#7597 = VECTOR('',#7598,1.);
#7598 = DIRECTION('',(-0.993296175051,-9.558799376006E-02,
    -6.500495425718E-02));
#7599 = ORIENTED_EDGE('',*,*,#108,.T.);
#7600 = ORIENTED_EDGE('',*,*,#7520,.F.);
#7601 = PLANE('',#7602);
#7602 = AXIS2_PLACEMENT_3D('',#7603,#7604,#7605);
#7603 = CARTESIAN_POINT('',(55.446250628298,42.083320503434,
    222.86133523573));
#7604 = DIRECTION('',(-6.993964680412E-02,0.944685394025,-0.320434005875
    ));
#7605 = DIRECTION('',(-5.038463228247E-19,-0.321220602968,
    -0.947004395042));
#7606 = ADVANCED_FACE('',(#7607),#7617,.T.);
#7607 = FACE_BOUND('',#7608,.T.);
#7608 = EDGE_LOOP('',(#7609,#7615,#7616));
#7609 = ORIENTED_EDGE('',*,*,#7610,.T.);
#7610 = EDGE_CURVE('',#7426,#24,#7611,.T.);
#7611 = LINE('',#7612,#7613);
#7612 = CARTESIAN_POINT('',(55.51042175293,42.007026672363,
    222.67724573773));
#7613 = VECTOR('',#7614,1.);
#7614 = DIRECTION('',(-0.759863179238,0.238586513758,0.604718466968));
#7615 = ORIENTED_EDGE('',*,*,#7594,.F.);
#7616 = ORIENTED_EDGE('',*,*,#7448,.F.);
#7617 = PLANE('',#7618);
#7618 = AXIS2_PLACEMENT_3D('',#7619,#7620,#7621);
#7619 = CARTESIAN_POINT('',(55.452146548806,42.043249735476,
    222.76125772629));
#7620 = DIRECTION('',(-5.86389144101E-02,0.901269916724,-0.42927149326)
  );
#7621 = DIRECTION('',(3.319006983487E-18,-0.430011431826,-0.902823442595
    ));
#7622 = ADVANCED_FACE('',(#7623),#7633,.T.);
#7623 = FACE_BOUND('',#7624,.T.);
#7624 = EDGE_LOOP('',(#7625,#7631,#7632));
#7625 = ORIENTED_EDGE('',*,*,#7626,.T.);
#7626 = EDGE_CURVE('',#7317,#24,#7627,.T.);
#7627 = LINE('',#7628,#7629);
#7628 = CARTESIAN_POINT('',(55.513710021973,41.985126495361,
    222.63857996625));
#7629 = VECTOR('',#7630,1.);
#7630 = DIRECTION('',(-0.668564297757,0.296667478236,0.681916554368));
#7631 = ORIENTED_EDGE('',*,*,#7610,.F.);
#7632 = ORIENTED_EDGE('',*,*,#7425,.F.);
#7633 = PLANE('',#7634);
#7634 = AXIS2_PLACEMENT_3D('',#7635,#7636,#7637);
#7635 = CARTESIAN_POINT('',(55.439731484285,42.023181409747,
    222.72306700077));
#7636 = DIRECTION('',(-0.12594712046,0.858562740372,-0.496998333693));
#7637 = DIRECTION('',(-7.114197533449E-18,-0.50098772076,-0.865454391431
    ));
#7638 = ADVANCED_FACE('',(#7639),#7656,.T.);
#7639 = FACE_BOUND('',#7640,.T.);
#7640 = EDGE_LOOP('',(#7641,#7649,#7655));
#7641 = ORIENTED_EDGE('',*,*,#7642,.T.);
#7642 = EDGE_CURVE('',#7370,#7643,#7645,.T.);
#7643 = VERTEX_POINT('',#7644);
#7644 = CARTESIAN_POINT('',(55.318977355957,41.864128112793,
    222.49670374555));
#7645 = LINE('',#7646,#7647);
#7646 = CARTESIAN_POINT('',(55.522369384766,41.928554534912,
    222.55083429974));
#7647 = VECTOR('',#7648,1.);
#7648 = DIRECTION('',(-0.92403970228,-0.292698648333,-0.245923016155));
#7649 = ORIENTED_EDGE('',*,*,#7650,.T.);
#7650 = EDGE_CURVE('',#7643,#7317,#7651,.T.);
#7651 = LINE('',#7652,#7653);
#7652 = CARTESIAN_POINT('',(55.318977355957,41.864128112793,
    222.49670374555));
#7653 = VECTOR('',#7654,1.);
#7654 = DIRECTION('',(0.722271757742,0.448788157887,0.526224949341));
#7655 = ORIENTED_EDGE('',*,*,#7377,.F.);
#7656 = PLANE('',#7657);
#7657 = AXIS2_PLACEMENT_3D('',#7658,#7659,#7660);
#7658 = CARTESIAN_POINT('',(55.435867698575,41.91983083691,
    222.55616707064));
#7659 = DIRECTION('',(-0.117317371291,0.829346424543,-0.546279363047));
#7660 = DIRECTION('',(4.45417346508E-18,-0.550077940538,-0.835113321252)
  );
#7661 = ADVANCED_FACE('',(#7662),#7677,.T.);
#7662 = FACE_BOUND('',#7663,.T.);
#7663 = EDGE_LOOP('',(#7664,#7670,#7676));
#7664 = ORIENTED_EDGE('',*,*,#7665,.T.);
#7665 = EDGE_CURVE('',#7643,#32,#7666,.T.);
#7666 = LINE('',#7667,#7668);
#7667 = CARTESIAN_POINT('',(55.318977355957,41.864128112793,
    222.49670374555));
#7668 = VECTOR('',#7669,1.);
#7669 = DIRECTION('',(-0.676801640022,0.261262624675,0.688245146013));
#7670 = ORIENTED_EDGE('',*,*,#7671,.T.);
#7671 = EDGE_CURVE('',#32,#7317,#7672,.T.);
#7672 = LINE('',#7673,#7674);
#7673 = CARTESIAN_POINT('',(55.123146057129,41.939723968506,
    222.6958462016));
#7674 = VECTOR('',#7675,1.);
#7675 = DIRECTION('',(0.982940447994,0.114265483005,-0.144123124759));
#7676 = ORIENTED_EDGE('',*,*,#7650,.F.);
#7677 = PLANE('',#7678);
#7678 = AXIS2_PLACEMENT_3D('',#7679,#7680,#7681);
#7679 = CARTESIAN_POINT('',(55.316573398274,41.933463585124,
    222.61767711435));
#7680 = DIRECTION('',(-0.171400950814,0.853287730453,-0.492464986693));
#7681 = DIRECTION('',(1.306271605661E-17,-0.499862269918,-0.866104907683
    ));
#7682 = ADVANCED_FACE('',(#7683),#7688,.T.);
#7683 = FACE_BOUND('',#7684,.T.);
#7684 = EDGE_LOOP('',(#7685,#7686,#7687));
#7685 = ORIENTED_EDGE('',*,*,#31,.F.);
#7686 = ORIENTED_EDGE('',*,*,#7626,.F.);
#7687 = ORIENTED_EDGE('',*,*,#7671,.F.);
#7688 = PLANE('',#7689);
#7689 = AXIS2_PLACEMENT_3D('',#7690,#7691,#7692);
#7690 = CARTESIAN_POINT('',(55.324100428128,41.988600038049,
    222.70617481026));
#7691 = DIRECTION('',(-0.174293637035,0.828928883162,-0.531506006316));
#7692 = DIRECTION('',(-3.720548178108E-18,-0.539767842435,
    -0.841813920218));
#7693 = ADVANCED_FACE('',(#7694),#7704,.T.);
#7694 = FACE_BOUND('',#7695,.T.);
#7695 = EDGE_LOOP('',(#7696,#7702,#7703));
#7696 = ORIENTED_EDGE('',*,*,#7697,.T.);
#7697 = EDGE_CURVE('',#7295,#7643,#7698,.T.);
#7698 = LINE('',#7699,#7700);
#7699 = CARTESIAN_POINT('',(55.536911010742,41.834049224854,
    222.43185389203));
#7700 = VECTOR('',#7701,1.);
#7701 = DIRECTION('',(-0.95018783301,0.131143550906,0.282744497833));
#7702 = ORIENTED_EDGE('',*,*,#7642,.F.);
#7703 = ORIENTED_EDGE('',*,*,#7393,.F.);
#7704 = PLANE('',#7705);
#7705 = AXIS2_PLACEMENT_3D('',#7706,#7707,#7708);
#7706 = CARTESIAN_POINT('',(55.451067038168,41.874529012548,
    222.49288776126));
#7707 = DIRECTION('',(-7.917408547656E-02,0.77585053782,-0.62592923494)
  );
#7708 = DIRECTION('',(-4.610650936895E-17,-0.62790033665,-0.77829375382)
  );
#7709 = ADVANCED_FACE('',(#7710),#7720,.T.);
#7710 = FACE_BOUND('',#7711,.T.);
#7711 = EDGE_LOOP('',(#7712,#7718,#7719));
#7712 = ORIENTED_EDGE('',*,*,#7713,.T.);
#7713 = EDGE_CURVE('',#7272,#7643,#7714,.T.);
#7714 = LINE('',#7715,#7716);
#7715 = CARTESIAN_POINT('',(55.54419708252,41.785713195801,
    222.38067591351));
#7716 = VECTOR('',#7717,1.);
#7717 = DIRECTION('',(-0.849219209801,0.295673273656,0.437497484507));
#7718 = ORIENTED_EDGE('',*,*,#7697,.F.);
#7719 = ORIENTED_EDGE('',*,*,#7294,.F.);
#7720 = PLANE('',#7721);
#7721 = AXIS2_PLACEMENT_3D('',#7722,#7723,#7724);
#7722 = CARTESIAN_POINT('',(55.443750228221,41.832842940162,
    222.44501220808));
#7723 = DIRECTION('',(-0.106817418525,0.715208742155,-0.690700003073));
#7724 = DIRECTION('',(-3.685226098697E-18,-0.694674477057,
    -0.719324246029));
#7725 = ADVANCED_FACE('',(#7726),#7743,.T.);
#7726 = FACE_BOUND('',#7727,.T.);
#7727 = EDGE_LOOP('',(#7728,#7736,#7742));
#7728 = ORIENTED_EDGE('',*,*,#7729,.T.);
#7729 = EDGE_CURVE('',#7187,#7730,#7732,.T.);
#7730 = VERTEX_POINT('',#7731);
#7731 = CARTESIAN_POINT('',(55.369873046875,41.624473571777,
    222.26316797894));
#7732 = LINE('',#7733,#7734);
#7733 = CARTESIAN_POINT('',(55.554054260254,41.719928741455,
    222.31911432904));
#7734 = VECTOR('',#7735,1.);
#7735 = DIRECTION('',(-0.857218861996,-0.444268828626,-0.26038631022));
#7736 = ORIENTED_EDGE('',*,*,#7737,.T.);
#7737 = EDGE_CURVE('',#7730,#7272,#7738,.T.);
#7738 = LINE('',#7739,#7740);
#7739 = CARTESIAN_POINT('',(55.369873046875,41.624473571777,
    222.26316797894));
#7740 = VECTOR('',#7741,1.);
#7741 = DIRECTION('',(0.657966166398,0.60858054885,0.44352028075));
#7742 = ORIENTED_EDGE('',*,*,#7271,.F.);
#7743 = PLANE('',#7744);
#7744 = AXIS2_PLACEMENT_3D('',#7745,#7746,#7747);
#7745 = CARTESIAN_POINT('',(55.473523340085,41.700287538087,
    222.31477269181));
#7746 = DIRECTION('',(-0.123399682045,0.668140465318,-0.733730766069));
#7747 = DIRECTION('',(-2.279649266173E-17,0.739381822962,0.673286358004)
  );
#7748 = ADVANCED_FACE('',(#7749),#7766,.T.);
#7749 = FACE_BOUND('',#7750,.T.);
#7750 = EDGE_LOOP('',(#7751,#7759,#7765));
#7751 = ORIENTED_EDGE('',*,*,#7752,.T.);
#7752 = EDGE_CURVE('',#7730,#7753,#7755,.T.);
#7753 = VERTEX_POINT('',#7754);
#7754 = CARTESIAN_POINT('',(55.170211791992,41.683349609375,
    222.37122309369));
#7755 = LINE('',#7756,#7757);
#7756 = CARTESIAN_POINT('',(55.369873046875,41.624473571777,
    222.26316797894));
#7757 = VECTOR('',#7758,1.);
#7758 = DIRECTION('',(-0.851304957629,0.251032493619,0.460719606989));
#7759 = ORIENTED_EDGE('',*,*,#7760,.T.);
#7760 = EDGE_CURVE('',#7753,#7272,#7761,.T.);
#7761 = LINE('',#7762,#7763);
#7762 = CARTESIAN_POINT('',(55.170211791992,41.683349609375,
    222.37122309369));
#7763 = VECTOR('',#7764,1.);
#7764 = DIRECTION('',(0.96423625688,0.263921292939,2.437195214661E-02));
#7765 = ORIENTED_EDGE('',*,*,#7737,.F.);
#7766 = PLANE('',#7767);
#7767 = AXIS2_PLACEMENT_3D('',#7768,#7769,#7770);
#7768 = CARTESIAN_POINT('',(55.363974042599,41.704432729639,
    222.34428825685));
#7769 = DIRECTION('',(-0.172642258912,0.695186157517,-0.697789980463));
#7770 = DIRECTION('',(6.468159886669E-18,0.708427304047,0.705783787629)
  );
#7771 = ADVANCED_FACE('',(#7772),#7782,.T.);
#7772 = FACE_BOUND('',#7773,.T.);
#7773 = EDGE_LOOP('',(#7774,#7780,#7781));
#7774 = ORIENTED_EDGE('',*,*,#7775,.T.);
#7775 = EDGE_CURVE('',#7753,#7643,#7776,.T.);
#7776 = LINE('',#7777,#7778);
#7777 = CARTESIAN_POINT('',(55.170211791992,41.683349609375,
    222.37122309369));
#7778 = VECTOR('',#7779,1.);
#7779 = DIRECTION('',(0.560055364378,0.680573970918,0.472395024254));
#7780 = ORIENTED_EDGE('',*,*,#7713,.F.);
#7781 = ORIENTED_EDGE('',*,*,#7760,.F.);
#7782 = PLANE('',#7783);
#7783 = AXIS2_PLACEMENT_3D('',#7784,#7785,#7786);
#7784 = CARTESIAN_POINT('',(55.346117729661,41.771961281573,
    222.41083530398));
#7785 = DIRECTION('',(-0.158438432672,0.647676156847,-0.745260262529));
#7786 = DIRECTION('',(1.779749120683E-17,0.754794174428,0.655961701816)
  );
#7787 = ADVANCED_FACE('',(#7788),#7798,.T.);
#7788 = FACE_BOUND('',#7789,.T.);
#7789 = EDGE_LOOP('',(#7790,#7796,#7797));
#7790 = ORIENTED_EDGE('',*,*,#7791,.T.);
#7791 = EDGE_CURVE('',#7164,#7730,#7792,.T.);
#7792 = LINE('',#7793,#7794);
#7793 = CARTESIAN_POINT('',(55.57421875,41.585807800293,222.21659052533)
  );
#7794 = VECTOR('',#7795,1.);
#7795 = DIRECTION('',(-0.958813131549,0.181424169306,0.21854667593));
#7796 = ORIENTED_EDGE('',*,*,#7729,.F.);
#7797 = ORIENTED_EDGE('',*,*,#7186,.F.);
#7798 = PLANE('',#7799);
#7799 = AXIS2_PLACEMENT_3D('',#7800,#7801,#7802);
#7800 = CARTESIAN_POINT('',(55.494605754903,41.642804689164,
    222.26625050543));
#7801 = DIRECTION('',(-6.837603616222E-02,0.599373116339,-0.797544096015
    ));
#7802 = DIRECTION('',(3.619540927122E-19,0.799415030845,0.600779167797)
  );
#7803 = ADVANCED_FACE('',(#7804),#7821,.T.);
#7804 = FACE_BOUND('',#7805,.T.);
#7805 = EDGE_LOOP('',(#7806,#7814,#7815));
#7806 = ORIENTED_EDGE('',*,*,#7807,.T.);
#7807 = EDGE_CURVE('',#7808,#22,#7810,.T.);
#7808 = VERTEX_POINT('',#7809);
#7809 = CARTESIAN_POINT('',(54.741554260254,41.829555511475,
    223.00952112836));
#7810 = LINE('',#7811,#7812);
#7811 = CARTESIAN_POINT('',(54.741554260254,41.829555511475,
    223.00952112836));
#7812 = VECTOR('',#7813,1.);
#7813 = DIRECTION('',(0.818816948626,0.560321396201,-0.12481481323));
#7814 = ORIENTED_EDGE('',*,*,#76,.F.);
#7815 = ORIENTED_EDGE('',*,*,#7816,.T.);
#7816 = EDGE_CURVE('',#77,#7808,#7817,.T.);
#7817 = LINE('',#7818,#7819);
#7818 = CARTESIAN_POINT('',(54.840522766113,41.793262481689,
    222.74792444867));
#7819 = VECTOR('',#7820,1.);
#7820 = DIRECTION('',(-0.350906322363,0.128681882168,0.927526671383));
#7821 = PLANE('',#7822);
#7822 = AXIS2_PLACEMENT_3D('',#7823,#7824,#7825);
#7823 = CARTESIAN_POINT('',(54.859281593451,41.875025542708,
    222.90841262988));
#7824 = DIRECTION('',(-0.567778474301,0.758426562512,-0.320026176111));
#7825 = DIRECTION('',(0.800527334998,0.599296242205,8.858878445021E-17)
  );
#7826 = ADVANCED_FACE('',(#7827),#7844,.T.);
#7827 = FACE_BOUND('',#7828,.T.);
#7828 = EDGE_LOOP('',(#7829,#7837,#7843));
#7829 = ORIENTED_EDGE('',*,*,#7830,.T.);
#7830 = EDGE_CURVE('',#7078,#7831,#7833,.T.);
#7831 = VERTEX_POINT('',#7832);
#7832 = CARTESIAN_POINT('',(55.393226623535,41.385856628418,
    222.12696039838));
#7833 = LINE('',#7834,#7835);
#7834 = CARTESIAN_POINT('',(55.598182678223,41.429679870605,
    222.12750208539));
#7835 = VECTOR('',#7836,1.);
#7836 = DIRECTION('',(-0.9778928068,-0.209090838381,-2.584514193077E-03)
  );
#7837 = ORIENTED_EDGE('',*,*,#7838,.T.);
#7838 = EDGE_CURVE('',#7831,#7164,#7839,.T.);
#7839 = LINE('',#7840,#7841);
#7840 = CARTESIAN_POINT('',(55.393226623535,41.385856628418,
    222.12696039838));
#7841 = VECTOR('',#7842,1.);
#7842 = DIRECTION('',(0.636837719741,0.703546893688,0.315371982106));
#7843 = ORIENTED_EDGE('',*,*,#7163,.F.);
#7844 = PLANE('',#7845);
#7845 = AXIS2_PLACEMENT_3D('',#7846,#7847,#7848);
#7846 = CARTESIAN_POINT('',(55.514968634283,41.467483815145,
    222.15802000057));
#7847 = DIRECTION('',(-0.100628895288,0.481391894749,-0.870709865054));
#7848 = DIRECTION('',(-1.298221426661E-17,0.875152110932,0.483847892143)
  );
#7849 = ADVANCED_FACE('',(#7850),#7867,.T.);
#7850 = FACE_BOUND('',#7851,.T.);
#7851 = EDGE_LOOP('',(#7852,#7860,#7866));
#7852 = ORIENTED_EDGE('',*,*,#7853,.T.);
#7853 = EDGE_CURVE('',#7831,#7854,#7856,.T.);
#7854 = VERTEX_POINT('',#7855);
#7855 = CARTESIAN_POINT('',(55.17951965332,41.43436050415,222.2100826518
    ));
#7856 = LINE('',#7857,#7858);
#7857 = CARTESIAN_POINT('',(55.393226623535,41.385856628418,
    222.12696039838));
#7858 = VECTOR('',#7859,1.);
#7859 = DIRECTION('',(-0.911808410001,0.206948054928,0.354651837741));
#7860 = ORIENTED_EDGE('',*,*,#7861,.T.);
#7861 = EDGE_CURVE('',#7854,#7164,#7862,.T.);
#7862 = LINE('',#7863,#7864);
#7863 = CARTESIAN_POINT('',(55.17951965332,41.43436050415,222.2100826518
    ));
#7864 = VECTOR('',#7865,1.);
#7865 = DIRECTION('',(0.933520061681,0.358194610593,1.539205575858E-02)
  );
#7866 = ORIENTED_EDGE('',*,*,#7838,.F.);
#7867 = PLANE('',#7868);
#7868 = AXIS2_PLACEMENT_3D('',#7869,#7870,#7871);
#7869 = CARTESIAN_POINT('',(55.386597421296,41.477871646849,
    222.18963173888));
#7870 = DIRECTION('',(-0.194699926153,0.542537498193,-0.817156656836));
#7871 = DIRECTION('',(-3.717326710596E-18,0.83309980935,0.553122687711)
  );
#7872 = ADVANCED_FACE('',(#7873),#7883,.T.);
#7873 = FACE_BOUND('',#7874,.T.);
#7874 = EDGE_LOOP('',(#7875,#7881,#7882));
#7875 = ORIENTED_EDGE('',*,*,#7876,.T.);
#7876 = EDGE_CURVE('',#7854,#7730,#7877,.T.);
#7877 = LINE('',#7878,#7879);
#7878 = CARTESIAN_POINT('',(55.17951965332,41.43436050415,222.2100826518
    ));
#7879 = VECTOR('',#7880,1.);
#7880 = DIRECTION('',(0.694168427708,0.693292022679,0.193588133066));
#7881 = ORIENTED_EDGE('',*,*,#7791,.F.);
#7882 = ORIENTED_EDGE('',*,*,#7861,.F.);
#7883 = PLANE('',#7884);
#7884 = AXIS2_PLACEMENT_3D('',#7885,#7886,#7887);
#7885 = CARTESIAN_POINT('',(55.368372543894,41.538167707336,
    222.22656854966));
#7886 = DIRECTION('',(-0.134177696719,0.38885854412,-0.911474288375));
#7887 = DIRECTION('',(4.053404144154E-18,0.919791700255,0.392406967499)
  );
#7888 = ADVANCED_FACE('',(#7889),#7899,.T.);
#7889 = FACE_BOUND('',#7890,.T.);
#7890 = EDGE_LOOP('',(#7891,#7897,#7898));
#7891 = ORIENTED_EDGE('',*,*,#7892,.T.);
#7892 = EDGE_CURVE('',#7101,#7831,#7893,.T.);
#7893 = LINE('',#7894,#7895);
#7894 = CARTESIAN_POINT('',(55.61173248291,41.341430664062,
    222.08890497846));
#7895 = VECTOR('',#7896,1.);
#7896 = DIRECTION('',(-0.965982853938,0.19640077369,0.168237516601));
#7897 = ORIENTED_EDGE('',*,*,#7830,.F.);
#7898 = ORIENTED_EDGE('',*,*,#7108,.F.);
#7899 = PLANE('',#7900);
#7900 = AXIS2_PLACEMENT_3D('',#7901,#7902,#7903);
#7901 = CARTESIAN_POINT('',(55.518515273959,41.384990952195,
    222.1155699638));
#7902 = DIRECTION('',(-8.074407662687E-02,0.388973855116,-0.917703511013
    ));
#7903 = DIRECTION('',(-1.584156913488E-18,0.920709751269,0.390248067155)
  );
#7904 = ADVANCED_FACE('',(#7905),#7920,.T.);
#7905 = FACE_BOUND('',#7906,.T.);
#7906 = EDGE_LOOP('',(#7907,#7913,#7919));
#7907 = ORIENTED_EDGE('',*,*,#7908,.T.);
#7908 = EDGE_CURVE('',#7124,#6091,#7909,.T.);
#7909 = LINE('',#7910,#7911);
#7910 = CARTESIAN_POINT('',(55.624877929688,41.254795074463,
    222.05826533002));
#7911 = VECTOR('',#7912,1.);
#7912 = DIRECTION('',(-0.867959220423,-0.49426841557,-4.843062102154E-02
    ));
#7913 = ORIENTED_EDGE('',*,*,#7914,.T.);
#7914 = EDGE_CURVE('',#6091,#7101,#7915,.T.);
#7915 = LINE('',#7916,#7917);
#7916 = CARTESIAN_POINT('',(55.425796508789,41.141426086426,
    222.04715693158));
#7917 = VECTOR('',#7918,1.);
#7918 = DIRECTION('',(0.67305881204,0.723984931174,0.151121325325));
#7919 = ORIENTED_EDGE('',*,*,#7131,.F.);
#7920 = PLANE('',#7921);
#7921 = AXIS2_PLACEMENT_3D('',#7922,#7923,#7924);
#7922 = CARTESIAN_POINT('',(55.536723970319,41.233618741569,
    222.06302090769));
#7923 = DIRECTION('',(-0.126125486129,0.313696536008,-0.941109369332));
#7924 = DIRECTION('',(1.295245739572E-17,0.94868529007,0.316221789894));
#7925 = ADVANCED_FACE('',(#7926),#7936,.T.);
#7926 = FACE_BOUND('',#7927,.T.);
#7927 = EDGE_LOOP('',(#7928,#7929,#7935));
#7928 = ORIENTED_EDGE('',*,*,#6215,.F.);
#7929 = ORIENTED_EDGE('',*,*,#7930,.T.);
#7930 = EDGE_CURVE('',#6192,#7101,#7931,.T.);
#7931 = LINE('',#7932,#7933);
#7932 = CARTESIAN_POINT('',(55.207695007324,41.180332183838,
    222.11429560346));
#7933 = VECTOR('',#7934,1.);
#7934 = DIRECTION('',(0.927307068793,0.369737384552,-5.827406482389E-02)
  );
#7935 = ORIENTED_EDGE('',*,*,#7914,.F.);
#7936 = PLANE('',#7937);
#7937 = AXIS2_PLACEMENT_3D('',#7938,#7939,#7940);
#7938 = CARTESIAN_POINT('',(55.418833673177,41.230648075016,
    222.08664902766));
#7939 = DIRECTION('',(-0.208935528413,0.382137374184,-0.900176078453));
#7940 = DIRECTION('',(-3.19021749083E-19,0.920491870525,0.390761712936)
  );
#7941 = ADVANCED_FACE('',(#7942),#7952,.T.);
#7942 = FACE_BOUND('',#7943,.T.);
#7943 = EDGE_LOOP('',(#7944,#7950,#7951));
#7944 = ORIENTED_EDGE('',*,*,#7945,.T.);
#7945 = EDGE_CURVE('',#6192,#7831,#7946,.T.);
#7946 = LINE('',#7947,#7948);
#7947 = CARTESIAN_POINT('',(55.207695007324,41.180332183838,
    222.11429560346));
#7948 = VECTOR('',#7949,1.);
#7949 = DIRECTION('',(0.669380744504,0.741513002131,4.569339731378E-02)
  );
#7950 = ORIENTED_EDGE('',*,*,#7892,.F.);
#7951 = ORIENTED_EDGE('',*,*,#7930,.F.);
#7952 = PLANE('',#7953);
#7953 = AXIS2_PLACEMENT_3D('',#7954,#7955,#7956);
#7954 = CARTESIAN_POINT('',(55.399812724545,41.292190383982,
    222.10874162378));
#7955 = DIRECTION('',(-0.133096562998,0.180204894614,-0.974582731673));
#7956 = DIRECTION('',(5.160669141836E-19,0.983331357185,0.181822556293)
  );
#7957 = ADVANCED_FACE('',(#7958),#7963,.T.);
#7958 = FACE_BOUND('',#7959,.T.);
#7959 = EDGE_LOOP('',(#7960,#7961,#7962));
#7960 = ORIENTED_EDGE('',*,*,#6130,.F.);
#7961 = ORIENTED_EDGE('',*,*,#7908,.F.);
#7962 = ORIENTED_EDGE('',*,*,#7147,.F.);
#7963 = PLANE('',#7964);
#7964 = AXIS2_PLACEMENT_3D('',#7965,#7966,#7967);
#7965 = CARTESIAN_POINT('',(55.558005971974,41.165349860547,
    222.04232196543));
#7966 = DIRECTION('',(-7.720322096459E-02,0.230615297312,-0.969977446809
    ));
#7967 = DIRECTION('',(1.281479452248E-17,0.972881129865,0.231305657416)
  );
#7968 = ADVANCED_FACE('',(#7969),#7986,.T.);
#7969 = FACE_BOUND('',#7970,.T.);
#7970 = EDGE_LOOP('',(#7971,#7979,#7985));
#7971 = ORIENTED_EDGE('',*,*,#7972,.T.);
#7972 = EDGE_CURVE('',#7232,#7973,#7975,.T.);
#7973 = VERTEX_POINT('',#7974);
#7974 = CARTESIAN_POINT('',(80.401290893555,40.928562164307,
    222.06304896039));
#7975 = LINE('',#7976,#7977);
#7976 = CARTESIAN_POINT('',(72.243011474609,41.351676940918,
    222.1725460307));
#7977 = VECTOR('',#7978,1.);
#7978 = DIRECTION('',(0.998568114146,-5.178897447016E-02,
    -1.34023704499E-02));
#7979 = ORIENTED_EDGE('',*,*,#7980,.T.);
#7980 = EDGE_CURVE('',#7973,#3299,#7981,.T.);
#7981 = LINE('',#7982,#7983);
#7982 = CARTESIAN_POINT('',(80.401290893555,40.928562164307,
    222.06304896039));
#7983 = VECTOR('',#7984,1.);
#7984 = DIRECTION('',(-0.999906731362,1.342754670227E-02,
    -2.495909895387E-03));
#7985 = ORIENTED_EDGE('',*,*,#7255,.F.);
#7986 = PLANE('',#7987);
#7987 = AXIS2_PLACEMENT_3D('',#7988,#7989,#7990);
#7988 = CARTESIAN_POINT('',(76.237709311022,41.064484537743,
    222.08579263075));
#7989 = DIRECTION('',(7.444314268209E-03,0.382624941496,-0.923873766448)
  );
#7990 = DIRECTION('',(2.019729009876E-19,0.923899367044,0.382635544056)
  );
#7991 = ADVANCED_FACE('',(#7992),#8002,.T.);
#7992 = FACE_BOUND('',#7993,.T.);
#7993 = EDGE_LOOP('',(#7994,#8000,#8001));
#7994 = ORIENTED_EDGE('',*,*,#7995,.T.);
#7995 = EDGE_CURVE('',#3299,#4464,#7996,.T.);
#7996 = LINE('',#7997,#7998);
#7997 = CARTESIAN_POINT('',(72.237449645996,41.038192749023,
    222.0426708476));
#7998 = VECTOR('',#7999,1.);
#7999 = DIRECTION('',(0.999607678519,-2.796786973818E-02,
    -1.512384930107E-03));
#8000 = ORIENTED_EDGE('',*,*,#4502,.F.);
#8001 = ORIENTED_EDGE('',*,*,#3298,.F.);
#8002 = PLANE('',#8003);
#8003 = AXIS2_PLACEMENT_3D('',#8004,#8005,#8006);
#8004 = CARTESIAN_POINT('',(76.320077602376,40.90384160329,
    222.03262742992));
#8005 = DIRECTION('',(3.793298981992E-03,0.188681502621,-0.982031008396)
  );
#8006 = DIRECTION('',(-3.994291694675E-20,0.982038073752,0.188682860116)
  );
#8007 = ADVANCED_FACE('',(#8008),#8018,.T.);
#8008 = FACE_BOUND('',#8009,.T.);
#8009 = EDGE_LOOP('',(#8010,#8011,#8017));
#8010 = ORIENTED_EDGE('',*,*,#7980,.F.);
#8011 = ORIENTED_EDGE('',*,*,#8012,.T.);
#8012 = EDGE_CURVE('',#7973,#4464,#8013,.T.);
#8013 = LINE('',#8014,#8015);
#8014 = CARTESIAN_POINT('',(80.401290893555,40.928562164307,
    222.06304896039));
#8015 = VECTOR('',#8016,1.);
#8016 = DIRECTION('',(-0.238636337534,-0.935839457621,-0.259339946727));
#8017 = ORIENTED_EDGE('',*,*,#7995,.F.);
#8018 = PLANE('',#8019);
#8019 = AXIS2_PLACEMENT_3D('',#8020,#8021,#8022);
#8020 = CARTESIAN_POINT('',(76.343122077313,40.953294633686,
    222.04471805417));
#8021 = DIRECTION('',(5.973588283889E-03,0.265635780134,-0.964054951004)
  );
#8022 = DIRECTION('',(-8.635648508193E-20,0.964072152016,0.265640519702)
  );
#8023 = ADVANCED_FACE('',(#8024),#8041,.T.);
#8024 = FACE_BOUND('',#8025,.T.);
#8025 = EDGE_LOOP('',(#8026,#8034,#8040));
#8026 = ORIENTED_EDGE('',*,*,#8027,.T.);
#8027 = EDGE_CURVE('',#7347,#8028,#8030,.T.);
#8028 = VERTEX_POINT('',#8029);
#8029 = CARTESIAN_POINT('',(80.492820739746,41.292575836182,
    222.25189173383));
#8030 = LINE('',#8031,#8032);
#8031 = CARTESIAN_POINT('',(72.24779510498,41.620872497559,
    222.37913477582));
#8032 = VECTOR('',#8033,1.);
#8033 = DIRECTION('',(0.999089442645,-3.978128667718E-02,
    -1.541865186791E-02));
#8034 = ORIENTED_EDGE('',*,*,#8035,.T.);
#8035 = EDGE_CURVE('',#8028,#7232,#8036,.T.);
#8036 = LINE('',#8037,#8038);
#8037 = CARTESIAN_POINT('',(80.492820739746,41.292575836182,
    222.25189173383));
#8038 = VECTOR('',#8039,1.);
#8039 = DIRECTION('',(-0.999928094927,7.163420773477E-03,
    -9.617191769724E-03));
#8040 = ORIENTED_EDGE('',*,*,#7409,.F.);
#8041 = PLANE('',#8042);
#8042 = AXIS2_PLACEMENT_3D('',#8043,#8044,#8045);
#8043 = CARTESIAN_POINT('',(76.286021470314,41.391385287385,
    222.26411390026));
#8044 = DIRECTION('',(1.1990663458E-02,0.608634987081,-0.793359739646));
#8045 = DIRECTION('',(6.640172138449E-19,0.793416778846,0.608678745354)
  );
#8046 = ADVANCED_FACE('',(#8047),#8064,.T.);
#8047 = FACE_BOUND('',#8048,.T.);
#8048 = EDGE_LOOP('',(#8049,#8057,#8063));
#8049 = ORIENTED_EDGE('',*,*,#8050,.T.);
#8050 = EDGE_CURVE('',#7232,#8051,#8053,.T.);
#8051 = VERTEX_POINT('',#8052);
#8052 = CARTESIAN_POINT('',(80.441192626954,41.088714599609,
    222.12814295453));
#8053 = LINE('',#8054,#8055);
#8054 = CARTESIAN_POINT('',(72.243011474609,41.351676940918,
    222.1725460307));
#8055 = VECTOR('',#8056,1.);
#8056 = DIRECTION('',(0.999471326831,-3.205873538171E-02,
    -5.413347257421E-03));
#8057 = ORIENTED_EDGE('',*,*,#8058,.T.);
#8058 = EDGE_CURVE('',#8051,#7973,#8059,.T.);
#8059 = LINE('',#8060,#8061);
#8060 = CARTESIAN_POINT('',(80.441192626953,41.088714599609,
    222.12814295453));
#8061 = VECTOR('',#8062,1.);
#8062 = DIRECTION('',(-0.224898709139,-0.902669455619,-0.366890207719));
#8063 = ORIENTED_EDGE('',*,*,#7972,.F.);
#8064 = PLANE('',#8065);
#8065 = AXIS2_PLACEMENT_3D('',#8066,#8067,#8068);
#8066 = CARTESIAN_POINT('',(76.37598297932,41.178397635746,
    222.13369052442));
#8067 = DIRECTION('',(7.008523571401E-03,0.375027924693,-0.926987020566)
  );
#8068 = DIRECTION('',(3.102945158436E-19,0.927009787929,0.375037135606)
  );
#8069 = ADVANCED_FACE('',(#8070),#8087,.T.);
#8070 = FACE_BOUND('',#8071,.T.);
#8071 = EDGE_LOOP('',(#8072,#8080,#8086));
#8072 = ORIENTED_EDGE('',*,*,#8073,.T.);
#8073 = EDGE_CURVE('',#7232,#8074,#8076,.T.);
#8074 = VERTEX_POINT('',#8075);
#8075 = CARTESIAN_POINT('',(80.448455810547,41.118240356445,
    222.14299738568));
#8076 = LINE('',#8077,#8078);
#8077 = CARTESIAN_POINT('',(72.243011474609,41.351676940918,
    222.1725460307));
#8078 = VECTOR('',#8079,1.);
#8079 = DIRECTION('',(0.999589096983,-2.843729786257E-02,
    -3.599622663063E-03));
#8080 = ORIENTED_EDGE('',*,*,#8081,.T.);
#8081 = EDGE_CURVE('',#8074,#8051,#8082,.T.);
#8082 = LINE('',#8083,#8084);
#8083 = CARTESIAN_POINT('',(80.448455810547,41.118240356445,
    222.14299738568));
#8084 = VECTOR('',#8085,1.);
#8085 = DIRECTION('',(-0.214630022636,-0.872498096222,-0.438954468564));
#8086 = ORIENTED_EDGE('',*,*,#8050,.F.);
#8087 = PLANE('',#8088);
#8088 = AXIS2_PLACEMENT_3D('',#8089,#8090,#8091);
#8089 = CARTESIAN_POINT('',(76.352357287848,41.227324667714,
    222.15402147899));
#8090 = DIRECTION('',(9.51189509646E-03,0.447539632865,-0.894213509665)
  );
#8091 = DIRECTION('',(2.824021532241E-19,0.894253964907,0.44755988007));
#8092 = ADVANCED_FACE('',(#8093),#8103,.T.);
#8093 = FACE_BOUND('',#8094,.T.);
#8094 = EDGE_LOOP('',(#8095,#8096,#8102));
#8095 = ORIENTED_EDGE('',*,*,#8035,.F.);
#8096 = ORIENTED_EDGE('',*,*,#8097,.T.);
#8097 = EDGE_CURVE('',#8028,#8074,#8098,.T.);
#8098 = LINE('',#8099,#8100);
#8099 = CARTESIAN_POINT('',(80.492820739746,41.292575836182,
    222.25189173383));
#8100 = VECTOR('',#8101,1.);
#8101 = DIRECTION('',(-0.210976903773,-0.829050342161,-0.517845803534));
#8102 = ORIENTED_EDGE('',*,*,#8073,.F.);
#8103 = PLANE('',#8104);
#8104 = AXIS2_PLACEMENT_3D('',#8105,#8106,#8107);
#8105 = CARTESIAN_POINT('',(76.40874769853,41.277728666566,
    222.18522025513));
#8106 = DIRECTION('',(1.194914079947E-02,0.527543402673,-0.849444039552)
  );
#8107 = DIRECTION('',(1.112150941873E-18,0.849504688692,0.527581068549)
  );
#8108 = ADVANCED_FACE('',(#8109),#8126,.T.);
#8109 = FACE_BOUND('',#8110,.T.);
#8110 = EDGE_LOOP('',(#8111,#8119,#8125));
#8111 = ORIENTED_EDGE('',*,*,#8112,.T.);
#8112 = EDGE_CURVE('',#7497,#8113,#8115,.T.);
#8113 = VERTEX_POINT('',#8114);
#8114 = CARTESIAN_POINT('',(80.530982971192,41.446922302246,
    222.38623774213));
#8115 = LINE('',#8116,#8117);
#8116 = CARTESIAN_POINT('',(72.251457214355,41.827434539795,
    222.64837610883));
#8117 = VECTOR('',#8118,1.);
#8118 = DIRECTION('',(0.998446338862,-4.588681304108E-02,
    -3.161184591883E-02));
#8119 = ORIENTED_EDGE('',*,*,#8120,.T.);
#8120 = EDGE_CURVE('',#8113,#7347,#8121,.T.);
#8121 = LINE('',#8122,#8123);
#8122 = CARTESIAN_POINT('',(80.530982971191,41.446922302246,
    222.38623774213));
#8123 = VECTOR('',#8124,1.);
#8124 = DIRECTION('',(-0.999779197245,2.099575543127E-02,
    -8.573266801102E-04));
#8125 = ORIENTED_EDGE('',*,*,#7536,.F.);
#8126 = PLANE('',#8127);
#8127 = AXIS2_PLACEMENT_3D('',#8128,#8129,#8130);
#8128 = CARTESIAN_POINT('',(76.307238225189,41.588341263302,
    222.4513050802));
#8129 = DIRECTION('',(1.717893923541E-02,0.79317192745,-0.608755433284)
  );
#8130 = DIRECTION('',(2.497623202209E-19,-0.60884527989,-0.793288992206)
  );
#8131 = ADVANCED_FACE('',(#8132),#8149,.T.);
#8132 = FACE_BOUND('',#8133,.T.);
#8133 = EDGE_LOOP('',(#8134,#8142,#8148));
#8134 = ORIENTED_EDGE('',*,*,#8135,.T.);
#8135 = EDGE_CURVE('',#7347,#8136,#8138,.T.);
#8136 = VERTEX_POINT('',#8137);
#8137 = CARTESIAN_POINT('',(80.508911132813,41.354804992676,
    222.301032664));
#8138 = LINE('',#8139,#8140);
#8139 = CARTESIAN_POINT('',(72.24779510498,41.620872497559,
    222.37913477582));
#8140 = VECTOR('',#8141,1.);
#8141 = DIRECTION('',(0.999437132576,-3.218908235351E-02,
    -9.448862649906E-03));
#8142 = ORIENTED_EDGE('',*,*,#8143,.T.);
#8143 = EDGE_CURVE('',#8136,#8028,#8144,.T.);
#8144 = LINE('',#8145,#8146);
#8145 = CARTESIAN_POINT('',(80.508911132813,41.354804992676,
    222.301032664));
#8146 = VECTOR('',#8147,1.);
#8147 = DIRECTION('',(-0.198871261679,-0.769129182496,-0.607363582965));
#8148 = ORIENTED_EDGE('',*,*,#8027,.F.);
#8149 = PLANE('',#8150);
#8150 = AXIS2_PLACEMENT_3D('',#8151,#8152,#8153);
#8151 = CARTESIAN_POINT('',(76.394447455349,41.47156958558,
    222.32755805246));
#8152 = DIRECTION('',(1.246074366209E-02,0.617708006329,-0.786308812608)
  );
#8153 = DIRECTION('',(8.777105569372E-19,0.786369864854,0.617755967716)
  );
#8154 = ADVANCED_FACE('',(#8155),#8165,.T.);
#8155 = FACE_BOUND('',#8156,.T.);
#8156 = EDGE_LOOP('',(#8157,#8158,#8164));
#8157 = ORIENTED_EDGE('',*,*,#8120,.F.);
#8158 = ORIENTED_EDGE('',*,*,#8159,.T.);
#8159 = EDGE_CURVE('',#8113,#8136,#8160,.T.);
#8160 = LINE('',#8161,#8162);
#8161 = CARTESIAN_POINT('',(80.530982971191,41.446922302246,
    222.38623774213));
#8162 = VECTOR('',#8163,1.);
#8163 = DIRECTION('',(-0.173238145495,-0.7230132626,-0.66876032108));
#8164 = ORIENTED_EDGE('',*,*,#8135,.F.);
#8165 = PLANE('',#8166);
#8166 = AXIS2_PLACEMENT_3D('',#8167,#8168,#8169);
#8167 = CARTESIAN_POINT('',(76.415473620135,41.510054309026,
    222.36127398012));
#8168 = DIRECTION('',(1.484891398488E-02,0.677032634114,-0.735803181631)
  );
#8169 = DIRECTION('',(-1.062755127116E-18,0.73588431376,0.677107286006)
  );
#8170 = ADVANCED_FACE('',(#8171),#8188,.T.);
#8171 = FACE_BOUND('',#8172,.T.);
#8172 = EDGE_LOOP('',(#8173,#8181,#8187));
#8173 = ORIENTED_EDGE('',*,*,#8174,.T.);
#8174 = EDGE_CURVE('',#1082,#8175,#8177,.T.);
#8175 = VERTEX_POINT('',#8176);
#8176 = CARTESIAN_POINT('',(80.590408325196,41.68058013916,
    222.71512568158));
#8177 = LINE('',#8178,#8179);
#8178 = CARTESIAN_POINT('',(72.253768920898,41.95728302002,
    222.96191370648));
#8179 = VECTOR('',#8180,1.);
#8180 = DIRECTION('',(0.999012474159,-3.315840067064E-02,
    -2.957358515753E-02));
#8181 = ORIENTED_EDGE('',*,*,#8182,.T.);
#8182 = EDGE_CURVE('',#8175,#7497,#8183,.T.);
#8183 = LINE('',#8184,#8185);
#8184 = CARTESIAN_POINT('',(80.590408325195,41.68058013916,
    222.71512568158));
#8185 = VECTOR('',#8186,1.);
#8186 = DIRECTION('',(-0.999812948459,1.760736204605E-02,
    -8.003055331112E-03));
#8187 = ORIENTED_EDGE('',*,*,#7563,.F.);
#8188 = PLANE('',#8189);
#8189 = AXIS2_PLACEMENT_3D('',#8190,#8191,#8192);
#8190 = CARTESIAN_POINT('',(76.338408500381,41.788588576116,
    222.76105262663));
#8191 = DIRECTION('',(1.932976741795E-02,0.923680530286,-0.382675630347)
  );
#8192 = DIRECTION('',(1.726225356411E-19,-0.382747141831,-0.923853140613
    ));
#8193 = ADVANCED_FACE('',(#8194),#8211,.T.);
#8194 = FACE_BOUND('',#8195,.T.);
#8195 = EDGE_LOOP('',(#8196,#8204,#8210));
#8196 = ORIENTED_EDGE('',*,*,#8197,.T.);
#8197 = EDGE_CURVE('',#7497,#8198,#8200,.T.);
#8198 = VERTEX_POINT('',#8199);
#8199 = CARTESIAN_POINT('',(80.563659667969,41.577262878418,
    222.54185450238));
#8200 = LINE('',#8201,#8202);
#8201 = CARTESIAN_POINT('',(72.251457214355,41.827434539795,
    222.64837610883));
#8202 = VECTOR('',#8203,1.);
#8203 = DIRECTION('',(0.99946540357,-3.008082657938E-02,
    -1.280823716324E-02));
#8204 = ORIENTED_EDGE('',*,*,#8205,.T.);
#8205 = EDGE_CURVE('',#8198,#8113,#8206,.T.);
#8206 = LINE('',#8207,#8208);
#8207 = CARTESIAN_POINT('',(80.563659667969,41.577262878418,
    222.54185450238));
#8208 = VECTOR('',#8209,1.);
#8209 = DIRECTION('',(-0.158930251354,-0.633939858543,-0.756876100135));
#8210 = ORIENTED_EDGE('',*,*,#8112,.F.);
#8211 = PLANE('',#8212);
#8212 = AXIS2_PLACEMENT_3D('',#8213,#8214,#8215);
#8213 = CARTESIAN_POINT('',(76.450120556034,41.667882590685,
    222.5551402354));
#8214 = DIRECTION('',(1.477333135098E-02,0.76500713618,-0.643852335769)
  );
#8215 = DIRECTION('',(-1.314836357761E-18,-0.643922608082,
    -0.765090631756));
#8216 = ADVANCED_FACE('',(#8217),#8234,.T.);
#8217 = FACE_BOUND('',#8218,.T.);
#8218 = EDGE_LOOP('',(#8219,#8227,#8233));
#8219 = ORIENTED_EDGE('',*,*,#8220,.T.);
#8220 = EDGE_CURVE('',#7497,#8221,#8223,.T.);
#8221 = VERTEX_POINT('',#8222);
#8222 = CARTESIAN_POINT('',(80.570114135743,41.600383758545,
    222.575591685));
#8223 = LINE('',#8224,#8225);
#8224 = CARTESIAN_POINT('',(72.251457214355,41.827434539795,
    222.64837610883));
#8225 = VECTOR('',#8226,1.);
#8226 = DIRECTION('',(0.999589490011,-2.728295886957E-02,
    -8.745948508591E-03));
#8227 = ORIENTED_EDGE('',*,*,#8228,.T.);
#8228 = EDGE_CURVE('',#8221,#8198,#8229,.T.);
#8229 = LINE('',#8230,#8231);
#8230 = CARTESIAN_POINT('',(80.570114135742,41.600383758545,
    222.575591685));
#8231 = VECTOR('',#8232,1.);
#8232 = DIRECTION('',(-0.155883522332,-0.558398362208,-0.814795432332));
#8233 = ORIENTED_EDGE('',*,*,#8197,.F.);
#8234 = PLANE('',#8235);
#8235 = AXIS2_PLACEMENT_3D('',#8236,#8237,#8238);
#8236 = CARTESIAN_POINT('',(76.419493435165,41.707834652167,
    222.60344106973));
#8237 = DIRECTION('',(1.750288093599E-02,0.823188222841,-0.567498721527)
  );
#8238 = DIRECTION('',(6.584788499273E-19,-0.56758566836,-0.823314344022)
  );
#8239 = ADVANCED_FACE('',(#8240),#8250,.T.);
#8240 = FACE_BOUND('',#8241,.T.);
#8241 = EDGE_LOOP('',(#8242,#8243,#8249));
#8242 = ORIENTED_EDGE('',*,*,#8182,.F.);
#8243 = ORIENTED_EDGE('',*,*,#8244,.T.);
#8244 = EDGE_CURVE('',#8175,#8221,#8245,.T.);
#8245 = LINE('',#8246,#8247);
#8246 = CARTESIAN_POINT('',(80.590408325195,41.68058013916,
    222.71512568158));
#8247 = VECTOR('',#8248,1.);
#8248 = DIRECTION('',(-0.125108298196,-0.49438942725,-0.860190099888));
#8249 = ORIENTED_EDGE('',*,*,#8220,.F.);
#8250 = PLANE('',#8251);
#8251 = AXIS2_PLACEMENT_3D('',#8252,#8253,#8254);
#8252 = CARTESIAN_POINT('',(76.456015045709,41.73307898245,
    222.64689107832));
#8253 = DIRECTION('',(1.924910010355E-02,0.865629330931,-0.500315234204)
  );
#8254 = DIRECTION('',(5.030773475351E-19,-0.500407950336,-0.865789745401
    ));
#8255 = ADVANCED_FACE('',(#8256),#8273,.T.);
#8256 = FACE_BOUND('',#8257,.T.);
#8257 = EDGE_LOOP('',(#8258,#8266,#8272));
#8258 = ORIENTED_EDGE('',*,*,#8259,.T.);
#8259 = EDGE_CURVE('',#1082,#8260,#8262,.T.);
#8260 = VERTEX_POINT('',#8261);
#8261 = CARTESIAN_POINT('',(80.61011505127,41.756393432617,
    222.90222132367));
#8262 = LINE('',#8263,#8264);
#8263 = CARTESIAN_POINT('',(72.253768920898,41.95728302002,
    222.96191370648));
#8264 = VECTOR('',#8265,1.);
#8265 = DIRECTION('',(0.999685664974,-2.403280544338E-02,
    -7.141113888153E-03));
#8266 = ORIENTED_EDGE('',*,*,#8267,.T.);
#8267 = EDGE_CURVE('',#8260,#8175,#8268,.T.);
#8268 = LINE('',#8269,#8270);
#8269 = CARTESIAN_POINT('',(80.61011505127,41.756393432617,
    222.90222132367));
#8270 = VECTOR('',#8271,1.);
#8271 = DIRECTION('',(-9.715791078008E-02,-0.37377396803,-0.922417129717
    ));
#8272 = ORIENTED_EDGE('',*,*,#8174,.F.);
#8273 = PLANE('',#8274);
#8274 = AXIS2_PLACEMENT_3D('',#8275,#8276,#8277);
#8275 = CARTESIAN_POINT('',(76.477086444672,41.836468266224,
    222.8844133731));
#8276 = DIRECTION('',(1.956428457047E-02,0.925905519819,-0.377248203625)
  );
#8277 = DIRECTION('',(4.998028029872E-19,-0.377320422351,-0.926082771072
    ));
#8278 = ADVANCED_FACE('',(#8279),#8289,.T.);
#8279 = FACE_BOUND('',#8280,.T.);
#8280 = EDGE_LOOP('',(#8281,#8282,#8288));
#8281 = ORIENTED_EDGE('',*,*,#1160,.F.);
#8282 = ORIENTED_EDGE('',*,*,#8283,.T.);
#8283 = EDGE_CURVE('',#1137,#8260,#8284,.T.);
#8284 = LINE('',#8285,#8286);
#8285 = CARTESIAN_POINT('',(80.624267578125,41.802490234375,
    223.09741175336));
#8286 = VECTOR('',#8287,1.);
#8287 = DIRECTION('',(-7.039010117168E-02,-0.229270615245,
    -0.970814203976));
#8288 = ORIENTED_EDGE('',*,*,#8259,.F.);
#8289 = PLANE('',#8290);
#8290 = AXIS2_PLACEMENT_3D('',#8291,#8292,#8293);
#8291 = CARTESIAN_POINT('',(76.485135543608,41.867316171895,
    222.98113064308));
#8292 = DIRECTION('',(2.173062872674E-02,0.972644853147,-0.231278553745)
  );
#8293 = DIRECTION('',(1.059433078223E-18,-0.231333180297,-0.972874585799
    ));
#8294 = ADVANCED_FACE('',(#8295),#8305,.T.);
#8295 = FACE_BOUND('',#8296,.T.);
#8296 = EDGE_LOOP('',(#8297,#8303,#8304));
#8297 = ORIENTED_EDGE('',*,*,#8298,.T.);
#8298 = EDGE_CURVE('',#7973,#4425,#8299,.T.);
#8299 = LINE('',#8300,#8301);
#8300 = CARTESIAN_POINT('',(80.401290893555,40.928562164307,
    222.06304896039));
#8301 = VECTOR('',#8302,1.);
#8302 = DIRECTION('',(0.962464229772,-0.270104711338,2.657162626986E-02)
  );
#8303 = ORIENTED_EDGE('',*,*,#4486,.F.);
#8304 = ORIENTED_EDGE('',*,*,#8012,.F.);
#8305 = PLANE('',#8306);
#8306 = AXIS2_PLACEMENT_3D('',#8307,#8308,#8309);
#8307 = CARTESIAN_POINT('',(80.476098235573,40.86768729736,
    222.05506248232));
#8308 = DIRECTION('',(9.492818217118E-02,0.243296412179,-0.96529554855)
  );
#8309 = DIRECTION('',(-2.664648681643E-18,0.969674478698,0.244400092803)
  );
#8310 = ADVANCED_FACE('',(#8311),#8321,.T.);
#8311 = FACE_BOUND('',#8312,.T.);
#8312 = EDGE_LOOP('',(#8313,#8319,#8320));
#8313 = ORIENTED_EDGE('',*,*,#8314,.T.);
#8314 = EDGE_CURVE('',#8051,#4425,#8315,.T.);
#8315 = LINE('',#8316,#8317);
#8316 = CARTESIAN_POINT('',(80.441192626953,41.088714599609,
    222.12814295453));
#8317 = VECTOR('',#8318,1.);
#8318 = DIRECTION('',(0.605687058938,-0.768372370242,-0.206753687474));
#8319 = ORIENTED_EDGE('',*,*,#8298,.F.);
#8320 = ORIENTED_EDGE('',*,*,#8058,.F.);
#8321 = PLANE('',#8322);
#8322 = AXIS2_PLACEMENT_3D('',#8323,#8324,#8325);
#8323 = CARTESIAN_POINT('',(80.493849157626,40.960555573452,
    222.08725329906));
#8324 = DIRECTION('',(0.12310325724,0.347196612423,-0.929677417376));
#8325 = DIRECTION('',(8.883611029915E-18,0.936802864179,0.3498576763));
#8326 = ADVANCED_FACE('',(#8327),#8344,.T.);
#8327 = FACE_BOUND('',#8328,.T.);
#8328 = EDGE_LOOP('',(#8329,#8337,#8343));
#8329 = ORIENTED_EDGE('',*,*,#8330,.T.);
#8330 = EDGE_CURVE('',#8074,#8331,#8333,.T.);
#8331 = VERTEX_POINT('',#8332);
#8332 = CARTESIAN_POINT('',(80.672973632813,41.154586791992,
    222.1881786601));
#8333 = LINE('',#8334,#8335);
#8334 = CARTESIAN_POINT('',(80.448455810547,41.118240356445,
    222.14299738568));
#8335 = VECTOR('',#8336,1.);
#8336 = DIRECTION('',(0.968229083035,0.156743351624,0.194843435834));
#8337 = ORIENTED_EDGE('',*,*,#8338,.T.);
#8338 = EDGE_CURVE('',#8331,#8051,#8339,.T.);
#8339 = LINE('',#8340,#8341);
#8340 = CARTESIAN_POINT('',(80.672973632813,41.154586791992,
    222.1881786601));
#8341 = VECTOR('',#8342,1.);
#8342 = DIRECTION('',(-0.933373410132,-0.265264846053,-0.24176153273));
#8343 = ORIENTED_EDGE('',*,*,#8081,.F.);
#8344 = PLANE('',#8345);
#8345 = AXIS2_PLACEMENT_3D('',#8346,#8347,#8348);
#8346 = CARTESIAN_POINT('',(80.551331209619,41.127113765536,
    222.16002400921));
#8347 = DIRECTION('',(0.112094879949,0.424453391887,-0.898484310383));
#8348 = DIRECTION('',(-1.089451925268E-17,0.904182915756,0.427145472708)
  );
#8349 = ADVANCED_FACE('',(#8350),#8365,.T.);
#8350 = FACE_BOUND('',#8351,.T.);
#8351 = EDGE_LOOP('',(#8352,#8358,#8364));
#8352 = ORIENTED_EDGE('',*,*,#8353,.T.);
#8353 = EDGE_CURVE('',#8331,#4386,#8354,.T.);
#8354 = LINE('',#8355,#8356);
#8355 = CARTESIAN_POINT('',(80.672973632813,41.154586791992,
    222.1881786601));
#8356 = VECTOR('',#8357,1.);
#8357 = DIRECTION('',(0.614686261834,-0.781731413868,-0.105151300918));
#8358 = ORIENTED_EDGE('',*,*,#8359,.T.);
#8359 = EDGE_CURVE('',#4386,#8051,#8360,.T.);
#8360 = LINE('',#8361,#8362);
#8361 = CARTESIAN_POINT('',(80.851638793945,40.927368164062,
    222.1576153056));
#8362 = VECTOR('',#8363,1.);
#8363 = DIRECTION('',(-0.928603281341,0.365034056913,-6.667895601736E-02
    ));
#8364 = ORIENTED_EDGE('',*,*,#8338,.F.);
#8365 = PLANE('',#8366);
#8366 = AXIS2_PLACEMENT_3D('',#8367,#8368,#8369);
#8367 = CARTESIAN_POINT('',(80.658139782338,41.046558967136,
    222.15564158699));
#8368 = DIRECTION('',(0.171367381941,0.262479803047,-0.949598638057));
#8369 = DIRECTION('',(1.4022759743E-17,0.963856781851,0.266420915244));
#8370 = ADVANCED_FACE('',(#8371),#8376,.T.);
#8371 = FACE_BOUND('',#8372,.T.);
#8372 = EDGE_LOOP('',(#8373,#8374,#8375));
#8373 = ORIENTED_EDGE('',*,*,#8359,.F.);
#8374 = ORIENTED_EDGE('',*,*,#4447,.F.);
#8375 = ORIENTED_EDGE('',*,*,#8314,.F.);
#8376 = PLANE('',#8377);
#8377 = AXIS2_PLACEMENT_3D('',#8378,#8379,#8380);
#8378 = CARTESIAN_POINT('',(80.634871868079,40.97061814291,
    222.12224814085));
#8379 = DIRECTION('',(0.226648938,0.415672697978,-0.880821472865));
#8380 = DIRECTION('',(2.399572586911E-17,0.904355963402,0.426778972607)
  );
#8381 = ADVANCED_FACE('',(#8382),#8392,.T.);
#8382 = FACE_BOUND('',#8383,.T.);
#8383 = EDGE_LOOP('',(#8384,#8390,#8391));
#8384 = ORIENTED_EDGE('',*,*,#8385,.T.);
#8385 = EDGE_CURVE('',#8028,#8331,#8386,.T.);
#8386 = LINE('',#8387,#8388);
#8387 = CARTESIAN_POINT('',(80.492820739746,41.292575836182,
    222.25189173383));
#8388 = VECTOR('',#8389,1.);
#8389 = DIRECTION('',(0.764325084989,-0.585438768884,-0.270312064742));
#8390 = ORIENTED_EDGE('',*,*,#8330,.F.);
#8391 = ORIENTED_EDGE('',*,*,#8097,.F.);
#8392 = PLANE('',#8393);
#8393 = AXIS2_PLACEMENT_3D('',#8394,#8395,#8396);
#8394 = CARTESIAN_POINT('',(80.540485000549,41.18812553647,
    222.19440209407));
#8395 = DIRECTION('',(8.925880596845E-02,0.511217473551,-0.854803813921)
  );
#8396 = DIRECTION('',(1.482916335994E-17,0.858229465489,0.513266192698)
  );
#8397 = ADVANCED_FACE('',(#8398),#8408,.T.);
#8398 = FACE_BOUND('',#8399,.T.);
#8399 = EDGE_LOOP('',(#8400,#8406,#8407));
#8400 = ORIENTED_EDGE('',*,*,#8401,.T.);
#8401 = EDGE_CURVE('',#8136,#8331,#8402,.T.);
#8402 = LINE('',#8403,#8404);
#8403 = CARTESIAN_POINT('',(80.508911132813,41.354804992676,
    222.301032664));
#8404 = VECTOR('',#8405,1.);
#8405 = DIRECTION('',(0.580993931436,-0.709031982081,-0.399649471438));
#8406 = ORIENTED_EDGE('',*,*,#8385,.F.);
#8407 = ORIENTED_EDGE('',*,*,#8143,.F.);
#8408 = PLANE('',#8409);
#8409 = AXIS2_PLACEMENT_3D('',#8410,#8411,#8412);
#8410 = CARTESIAN_POINT('',(80.575609604716,41.251771790348,
    222.2392402595));
#8411 = DIRECTION('',(0.166548653082,0.58420378394,-0.79433461777));
#8412 = DIRECTION('',(-2.25222583929E-17,0.805586046467,0.592478794336)
  );
#8413 = ADVANCED_FACE('',(#8414),#8431,.T.);
#8414 = FACE_BOUND('',#8415,.T.);
#8415 = EDGE_LOOP('',(#8416,#8424,#8430));
#8416 = ORIENTED_EDGE('',*,*,#8417,.T.);
#8417 = EDGE_CURVE('',#8113,#8418,#8420,.T.);
#8418 = VERTEX_POINT('',#8419);
#8419 = CARTESIAN_POINT('',(80.712829589844,41.426586151123,
    222.39207422894));
#8420 = LINE('',#8421,#8422);
#8421 = CARTESIAN_POINT('',(80.530982971191,41.446922302246,
    222.38623774213));
#8422 = VECTOR('',#8423,1.);
#8423 = DIRECTION('',(0.993299756589,-0.111082043264,3.188060892764E-02)
  );
#8424 = ORIENTED_EDGE('',*,*,#8425,.T.);
#8425 = EDGE_CURVE('',#8418,#8136,#8426,.T.);
#8426 = LINE('',#8427,#8428);
#8427 = CARTESIAN_POINT('',(80.712829589844,41.426586151123,
    222.39207422894));
#8428 = VECTOR('',#8429,1.);
#8429 = DIRECTION('',(-0.869322849641,-0.306009579125,-0.388118436275));
#8430 = ORIENTED_EDGE('',*,*,#8159,.F.);
#8431 = PLANE('',#8432);
#8432 = AXIS2_PLACEMENT_3D('',#8433,#8434,#8435);
#8433 = CARTESIAN_POINT('',(80.59332355239,41.40854265896,
    222.36018072334));
#8434 = DIRECTION('',(9.796577536097E-02,0.663009454195,-0.742173275257)
  );
#8435 = DIRECTION('',(-2.251484954138E-17,0.745760544305,0.666214087631)
  );
#8436 = ADVANCED_FACE('',(#8437),#8454,.T.);
#8437 = FACE_BOUND('',#8438,.T.);
#8438 = EDGE_LOOP('',(#8439,#8447,#8453));
#8439 = ORIENTED_EDGE('',*,*,#8440,.T.);
#8440 = EDGE_CURVE('',#8418,#8441,#8443,.T.);
#8441 = VERTEX_POINT('',#8442);
#8442 = CARTESIAN_POINT('',(80.896263122559,41.221694946289,
    222.30279505414));
#8443 = LINE('',#8444,#8445);
#8444 = CARTESIAN_POINT('',(80.712829589844,41.426586151123,
    222.39207422894));
#8445 = VECTOR('',#8446,1.);
#8446 = DIRECTION('',(0.63442178967,-0.708635127583,-0.308780259648));
#8447 = ORIENTED_EDGE('',*,*,#8448,.T.);
#8448 = EDGE_CURVE('',#8441,#8136,#8449,.T.);
#8449 = LINE('',#8450,#8451);
#8450 = CARTESIAN_POINT('',(80.896263122559,41.221694946289,
    222.30279505414));
#8451 = VECTOR('',#8452,1.);
#8452 = DIRECTION('',(-0.945709514368,0.324984615178,-4.302828343326E-03
    ));
#8453 = ORIENTED_EDGE('',*,*,#8425,.F.);
#8454 = PLANE('',#8455);
#8455 = AXIS2_PLACEMENT_3D('',#8456,#8457,#8458);
#8456 = CARTESIAN_POINT('',(80.711122293435,41.325117239257,
    222.32723577921));
#8457 = DIRECTION('',(0.184860660136,0.526963773728,-0.829539461094));
#8458 = DIRECTION('',(1.958006116624E-17,0.844087528183,0.536205412847)
  );
#8459 = ADVANCED_FACE('',(#8460),#8470,.T.);
#8460 = FACE_BOUND('',#8461,.T.);
#8461 = EDGE_LOOP('',(#8462,#8463,#8469));
#8462 = ORIENTED_EDGE('',*,*,#8448,.F.);
#8463 = ORIENTED_EDGE('',*,*,#8464,.T.);
#8464 = EDGE_CURVE('',#8441,#8331,#8465,.T.);
#8465 = LINE('',#8466,#8467);
#8466 = CARTESIAN_POINT('',(80.896263122559,41.221694946289,
    222.30279505414));
#8467 = VECTOR('',#8468,1.);
#8468 = DIRECTION('',(-0.859450442551,-0.25830204984,-0.441163221322));
#8469 = ORIENTED_EDGE('',*,*,#8401,.F.);
#8470 = PLANE('',#8471);
#8471 = AXIS2_PLACEMENT_3D('',#8472,#8473,#8474);
#8472 = CARTESIAN_POINT('',(80.691855200554,41.250968175277,
    222.26950829414));
#8473 = DIRECTION('',(0.211649407297,0.605747535315,-0.766990516141));
#8474 = DIRECTION('',(5.641545974377E-19,0.784768942903,0.61978843669));
#8475 = ADVANCED_FACE('',(#8476),#8486,.T.);
#8476 = FACE_BOUND('',#8477,.T.);
#8477 = EDGE_LOOP('',(#8478,#8484,#8485));
#8478 = ORIENTED_EDGE('',*,*,#8479,.T.);
#8479 = EDGE_CURVE('',#8198,#8418,#8480,.T.);
#8480 = LINE('',#8481,#8482);
#8481 = CARTESIAN_POINT('',(80.563659667969,41.577262878418,
    222.54185450238));
#8482 = VECTOR('',#8483,1.);
#8483 = DIRECTION('',(0.574626803384,-0.580431262962,-0.576977976884));
#8484 = ORIENTED_EDGE('',*,*,#8417,.F.);
#8485 = ORIENTED_EDGE('',*,*,#8205,.F.);
#8486 = PLANE('',#8487);
#8487 = AXIS2_PLACEMENT_3D('',#8488,#8489,#8490);
#8488 = CARTESIAN_POINT('',(80.604793667723,41.486745170054,
    222.4440655782));
#8489 = DIRECTION('',(0.104940990717,0.751430030333,-0.65141407567));
#8490 = DIRECTION('',(3.826790659765E-18,-0.655030861007,-0.755602124883
    ));
#8491 = ADVANCED_FACE('',(#8492),#8502,.T.);
#8492 = FACE_BOUND('',#8493,.T.);
#8493 = EDGE_LOOP('',(#8494,#8500,#8501));
#8494 = ORIENTED_EDGE('',*,*,#8495,.T.);
#8495 = EDGE_CURVE('',#8221,#8418,#8496,.T.);
#8496 = LINE('',#8497,#8498);
#8497 = CARTESIAN_POINT('',(80.570114135742,41.600383758545,
    222.575591685));
#8498 = VECTOR('',#8499,1.);
#8499 = DIRECTION('',(0.491678233029,-0.598761367924,-0.632247846534));
#8500 = ORIENTED_EDGE('',*,*,#8479,.F.);
#8501 = ORIENTED_EDGE('',*,*,#8228,.F.);
#8502 = PLANE('',#8503);
#8503 = AXIS2_PLACEMENT_3D('',#8504,#8505,#8506);
#8504 = CARTESIAN_POINT('',(80.63483180322,41.513685225478,
    222.48167128722));
#8505 = DIRECTION('',(0.212457732368,0.786618832505,-0.57973487415));
#8506 = DIRECTION('',(1.334463644002E-17,-0.593279287572,-0.804996699955
    ));
#8507 = ADVANCED_FACE('',(#8508),#8525,.T.);
#8508 = FACE_BOUND('',#8509,.T.);
#8509 = EDGE_LOOP('',(#8510,#8518,#8524));
#8510 = ORIENTED_EDGE('',*,*,#8511,.T.);
#8511 = EDGE_CURVE('',#8175,#8512,#8514,.T.);
#8512 = VERTEX_POINT('',#8513);
#8513 = CARTESIAN_POINT('',(80.75301361084,41.680435180664,
    222.75209009808));
#8514 = LINE('',#8515,#8516);
#8515 = CARTESIAN_POINT('',(80.590408325195,41.68058013916,
    222.71512568158));
#8516 = VECTOR('',#8517,1.);
#8517 = DIRECTION('',(0.975121250238,-8.692959111582E-04,0.221670457345)
  );
#8518 = ORIENTED_EDGE('',*,*,#8519,.T.);
#8519 = EDGE_CURVE('',#8512,#8221,#8520,.T.);
#8520 = LINE('',#8521,#8522);
#8521 = CARTESIAN_POINT('',(80.75301361084,41.680435180664,
    222.75209009808));
#8522 = VECTOR('',#8523,1.);
#8523 = DIRECTION('',(-0.686350832706,-0.300401956875,-0.662330128221));
#8524 = ORIENTED_EDGE('',*,*,#8244,.F.);
#8525 = PLANE('',#8526);
#8526 = AXIS2_PLACEMENT_3D('',#8527,#8528,#8529);
#8527 = CARTESIAN_POINT('',(80.642256935482,41.651658626861,
    222.67834403411));
#8528 = DIRECTION('',(0.116146413184,0.853742504291,-0.507576346051));
#8529 = DIRECTION('',(3.481871532611E-18,-0.511034978076,-0.859559917157
    ));
#8530 = ADVANCED_FACE('',(#8531),#8548,.T.);
#8531 = FACE_BOUND('',#8532,.T.);
#8532 = EDGE_LOOP('',(#8533,#8541,#8547));
#8533 = ORIENTED_EDGE('',*,*,#8534,.T.);
#8534 = EDGE_CURVE('',#8512,#8535,#8537,.T.);
#8535 = VERTEX_POINT('',#8536);
#8536 = CARTESIAN_POINT('',(80.900657653809,41.496593475342,
    222.54096949262));
#8537 = LINE('',#8538,#8539);
#8538 = CARTESIAN_POINT('',(80.75301361084,41.680435180664,
    222.75209009808));
#8539 = VECTOR('',#8540,1.);
#8540 = DIRECTION('',(0.466498724615,-0.580869497607,-0.667060392081));
#8541 = ORIENTED_EDGE('',*,*,#8542,.T.);
#8542 = EDGE_CURVE('',#8535,#8221,#8543,.T.);
#8543 = LINE('',#8544,#8545);
#8544 = CARTESIAN_POINT('',(80.900657653809,41.496593475342,
    222.54096949262));
#8545 = VECTOR('',#8546,1.);
#8546 = DIRECTION('',(-0.949343427753,0.298092740708,9.94372873663E-02)
  );
#8547 = ORIENTED_EDGE('',*,*,#8519,.F.);
#8548 = PLANE('',#8549);
#8549 = AXIS2_PLACEMENT_3D('',#8550,#8551,#8552);
#8550 = CARTESIAN_POINT('',(80.745342467291,41.588399278792,
    222.61848548396));
#8551 = DIRECTION('',(0.192997310627,0.802821227376,-0.564118883717));
#8552 = DIRECTION('',(-2.431090582852E-17,-0.574927939703,
    -0.818204047991));
#8553 = ADVANCED_FACE('',(#8554),#8564,.T.);
#8554 = FACE_BOUND('',#8555,.T.);
#8555 = EDGE_LOOP('',(#8556,#8557,#8563));
#8556 = ORIENTED_EDGE('',*,*,#8542,.F.);
#8557 = ORIENTED_EDGE('',*,*,#8558,.T.);
#8558 = EDGE_CURVE('',#8535,#8418,#8559,.T.);
#8559 = LINE('',#8560,#8561);
#8560 = CARTESIAN_POINT('',(80.900657653809,41.496593475342,
    222.54096949262));
#8561 = VECTOR('',#8562,1.);
#8562 = DIRECTION('',(-0.752214210398,-0.280365473602,-0.596296053054));
#8563 = ORIENTED_EDGE('',*,*,#8495,.F.);
#8564 = PLANE('',#8565);
#8565 = AXIS2_PLACEMENT_3D('',#8566,#8567,#8568);
#8566 = CARTESIAN_POINT('',(80.724755151519,41.512617288014,
    222.5081518699));
#8567 = DIRECTION('',(0.18259736109,0.780825342638,-0.597469654474));
#8568 = DIRECTION('',(-1.386040393279E-18,-0.607686210912,
    -0.794177227744));
#8569 = ADVANCED_FACE('',(#8570),#8580,.T.);
#8570 = FACE_BOUND('',#8571,.T.);
#8571 = EDGE_LOOP('',(#8572,#8578,#8579));
#8572 = ORIENTED_EDGE('',*,*,#8573,.T.);
#8573 = EDGE_CURVE('',#8260,#8512,#8574,.T.);
#8574 = LINE('',#8575,#8576);
#8575 = CARTESIAN_POINT('',(80.61011505127,41.756393432617,
    222.90222132367));
#8576 = VECTOR('',#8577,1.);
#8577 = DIRECTION('',(0.647342210688,-0.344097119573,-0.680106781736));
#8578 = ORIENTED_EDGE('',*,*,#8511,.F.);
#8579 = ORIENTED_EDGE('',*,*,#8267,.F.);
#8580 = PLANE('',#8581);
#8581 = AXIS2_PLACEMENT_3D('',#8582,#8583,#8584);
#8582 = CARTESIAN_POINT('',(80.6508462835,41.707731544289,
    222.79438053611));
#8583 = DIRECTION('',(8.766378173576E-02,0.919985847567,-0.382022383701)
  );
#8584 = DIRECTION('',(-1.332669702821E-17,-0.383498808132,
    -0.923541371115));
#8585 = ADVANCED_FACE('',(#8586),#8596,.T.);
#8586 = FACE_BOUND('',#8587,.T.);
#8587 = EDGE_LOOP('',(#8588,#8589,#8595));
#8588 = ORIENTED_EDGE('',*,*,#1238,.F.);
#8589 = ORIENTED_EDGE('',*,*,#8590,.T.);
#8590 = EDGE_CURVE('',#1231,#8260,#8591,.T.);
#8591 = LINE('',#8592,#8593);
#8592 = CARTESIAN_POINT('',(80.881118774414,41.7405128479,
    223.00158655805));
#8593 = VECTOR('',#8594,1.);
#8594 = DIRECTION('',(-0.937461705674,5.493444836462E-02,-0.343726281768
    ));
#8595 = ORIENTED_EDGE('',*,*,#8283,.F.);
#8596 = PLANE('',#8597);
#8597 = AXIS2_PLACEMENT_3D('',#8598,#8599,#8600);
#8598 = CARTESIAN_POINT('',(80.71471432904,41.764932036967,
    222.99996336885));
#8599 = DIRECTION('',(0.1433094579,0.960807940803,-0.237298335785));
#8600 = DIRECTION('',(5.789143834332E-18,-0.239773293211,-0.970828907616
    ));
#8601 = ADVANCED_FACE('',(#8602),#8612,.T.);
#8602 = FACE_BOUND('',#8603,.T.);
#8603 = EDGE_LOOP('',(#8604,#8605,#8611));
#8604 = ORIENTED_EDGE('',*,*,#8590,.F.);
#8605 = ORIENTED_EDGE('',*,*,#8606,.T.);
#8606 = EDGE_CURVE('',#1231,#8512,#8607,.T.);
#8607 = LINE('',#8608,#8609);
#8608 = CARTESIAN_POINT('',(80.881118774414,41.7405128479,
    223.00158655805));
#8609 = VECTOR('',#8610,1.);
#8610 = DIRECTION('',(-0.446631351831,-0.209457362873,-0.86985518835));
#8611 = ORIENTED_EDGE('',*,*,#8573,.F.);
#8612 = PLANE('',#8613);
#8613 = AXIS2_PLACEMENT_3D('',#8614,#8615,#8616);
#8614 = CARTESIAN_POINT('',(80.75359286123,41.72645571567,222.8903107777
    ));
#8615 = DIRECTION('',(0.169175795179,0.934903724134,-0.311984898555));
#8616 = DIRECTION('',(2.44103346208E-18,-0.316547650608,-0.948576609924)
  );
#8617 = ADVANCED_FACE('',(#8618),#8635,.T.);
#8618 = FACE_BOUND('',#8619,.T.);
#8619 = EDGE_LOOP('',(#8620,#8628,#8634));
#8620 = ORIENTED_EDGE('',*,*,#8621,.T.);
#8621 = EDGE_CURVE('',#1231,#8622,#8624,.T.);
#8622 = VERTEX_POINT('',#8623);
#8623 = CARTESIAN_POINT('',(81.057159423829,41.55810546875,
    222.74916803998));
#8624 = LINE('',#8625,#8626);
#8625 = CARTESIAN_POINT('',(80.881118774414,41.7405128479,
    223.00158655805));
#8626 = VECTOR('',#8627,1.);
#8627 = DIRECTION('',(0.492091113507,-0.509888202622,-0.705592202929));
#8628 = ORIENTED_EDGE('',*,*,#8629,.T.);
#8629 = EDGE_CURVE('',#8622,#8512,#8630,.T.);
#8630 = LINE('',#8631,#8632);
#8631 = CARTESIAN_POINT('',(81.057159423828,41.55810546875,
    222.74916803998));
#8632 = VECTOR('',#8633,1.);
#8633 = DIRECTION('',(-0.927731950843,0.373140702366,8.913115193101E-03)
  );
#8634 = ORIENTED_EDGE('',*,*,#8606,.F.);
#8635 = PLANE('',#8636);
#8636 = AXIS2_PLACEMENT_3D('',#8637,#8638,#8639);
#8637 = CARTESIAN_POINT('',(80.902688039976,41.657223318469,
    222.83375037801));
#8638 = DIRECTION('',(0.341665904145,0.85860581653,-0.382178573138));
#8639 = DIRECTION('',(-7.210849255306E-18,-0.406650180068,
    -0.913583948551));
#8640 = ADVANCED_FACE('',(#8641),#8651,.T.);
#8641 = FACE_BOUND('',#8642,.T.);
#8642 = EDGE_LOOP('',(#8643,#8644,#8650));
#8643 = ORIENTED_EDGE('',*,*,#8629,.F.);
#8644 = ORIENTED_EDGE('',*,*,#8645,.T.);
#8645 = EDGE_CURVE('',#8622,#8535,#8646,.T.);
#8646 = LINE('',#8647,#8648);
#8647 = CARTESIAN_POINT('',(81.057159423828,41.55810546875,
    222.74916803998));
#8648 = VECTOR('',#8649,1.);
#8649 = DIRECTION('',(-0.584779986776,-0.22984393523,-0.777948669582));
#8650 = ORIENTED_EDGE('',*,*,#8534,.F.);
#8651 = PLANE('',#8652);
#8652 = AXIS2_PLACEMENT_3D('',#8653,#8654,#8655);
#8653 = CARTESIAN_POINT('',(80.899593590879,41.581621172329,
    222.68352352452));
#8654 = DIRECTION('',(0.322729417893,0.813934390484,-0.483069902617));
#8655 = DIRECTION('',(-9.489323156409E-18,-0.510379670997,
    -0.859949179564));
#8656 = ADVANCED_FACE('',(#8657),#8667,.T.);
#8657 = FACE_BOUND('',#8658,.T.);
#8658 = EDGE_LOOP('',(#8659,#8660,#8666));
#8659 = ORIENTED_EDGE('',*,*,#1254,.F.);
#8660 = ORIENTED_EDGE('',*,*,#8661,.T.);
#8661 = EDGE_CURVE('',#1208,#8622,#8662,.T.);
#8662 = LINE('',#8663,#8664);
#8663 = CARTESIAN_POINT('',(81.162567138672,41.601894378662,
    223.00782740277));
#8664 = VECTOR('',#8665,1.);
#8665 = DIRECTION('',(-0.372828888876,-0.154882122735,-0.914882586825));
#8666 = ORIENTED_EDGE('',*,*,#8621,.F.);
#8667 = PLANE('',#8668);
#8668 = AXIS2_PLACEMENT_3D('',#8669,#8670,#8671);
#8669 = CARTESIAN_POINT('',(81.028163246001,41.635974177535,
    222.91883008382));
#8670 = DIRECTION('',(0.424739325835,0.848125861763,-0.316668640219));
#8671 = DIRECTION('',(0.894141771699,-0.447783979283,4.030816946623E-17)
  );
#8672 = ADVANCED_FACE('',(#8673),#8690,.T.);
#8673 = FACE_BOUND('',#8674,.T.);
#8674 = EDGE_LOOP('',(#8675,#8683,#8689));
#8675 = ORIENTED_EDGE('',*,*,#8676,.T.);
#8676 = EDGE_CURVE('',#8535,#8677,#8679,.T.);
#8677 = VERTEX_POINT('',#8678);
#8678 = CARTESIAN_POINT('',(81.098648071289,41.28604888916,
    222.47511255902));
#8679 = LINE('',#8680,#8681);
#8680 = CARTESIAN_POINT('',(80.900657653809,41.496593475342,
    222.54096949262));
#8681 = VECTOR('',#8682,1.);
#8682 = DIRECTION('',(0.667932912714,-0.710285176899,-0.222172436613));
#8683 = ORIENTED_EDGE('',*,*,#8684,.T.);
#8684 = EDGE_CURVE('',#8677,#8418,#8685,.T.);
#8685 = LINE('',#8686,#8687);
#8686 = CARTESIAN_POINT('',(81.098648071289,41.28604888916,
    222.47511255902));
#8687 = VECTOR('',#8688,1.);
#8688 = DIRECTION('',(-0.920962630912,0.335467513204,-0.198215488923));
#8689 = ORIENTED_EDGE('',*,*,#8558,.F.);
#8690 = PLANE('',#8691);
#8691 = AXIS2_PLACEMENT_3D('',#8692,#8693,#8694);
#8692 = CARTESIAN_POINT('',(80.908970899326,41.39430757377,
    222.46498050487));
#8693 = DIRECTION('',(0.366638810026,0.57384005007,-0.732313853426));
#8694 = DIRECTION('',(5.207163137974E-17,0.787126712356,0.616791325081)
  );
#8695 = ADVANCED_FACE('',(#8696),#8706,.T.);
#8696 = FACE_BOUND('',#8697,.T.);
#8697 = EDGE_LOOP('',(#8698,#8699,#8705));
#8698 = ORIENTED_EDGE('',*,*,#8684,.F.);
#8699 = ORIENTED_EDGE('',*,*,#8700,.T.);
#8700 = EDGE_CURVE('',#8677,#8441,#8701,.T.);
#8701 = LINE('',#8702,#8703);
#8702 = CARTESIAN_POINT('',(81.098648071289,41.28604888916,
    222.47511255902));
#8703 = VECTOR('',#8704,1.);
#8704 = DIRECTION('',(-0.740020263572,-0.23531009625,-0.63007869993));
#8705 = ORIENTED_EDGE('',*,*,#8440,.F.);
#8706 = PLANE('',#8707);
#8707 = AXIS2_PLACEMENT_3D('',#8708,#8709,#8710);
#8708 = CARTESIAN_POINT('',(80.901485292231,41.318295122202,
    222.3957758723));
#8709 = DIRECTION('',(0.376043670813,0.631948012197,-0.677667224765));
#8710 = DIRECTION('',(-1.727180708161E-17,0.731346649033,0.682005922957)
  );
#8711 = ADVANCED_FACE('',(#8712),#8729,.T.);
#8712 = FACE_BOUND('',#8713,.T.);
#8713 = EDGE_LOOP('',(#8714,#8722,#8728));
#8714 = ORIENTED_EDGE('',*,*,#8715,.T.);
#8715 = EDGE_CURVE('',#8622,#8716,#8718,.T.);
#8716 = VERTEX_POINT('',#8717);
#8717 = CARTESIAN_POINT('',(81.264778137207,41.342136383057,
    222.70587122601));
#8718 = LINE('',#8719,#8720);
#8719 = CARTESIAN_POINT('',(81.057159423828,41.55810546875,
    222.74916803998));
#8720 = VECTOR('',#8721,1.);
#8721 = DIRECTION('',(0.685906216067,-0.71349319117,-0.143038907));
#8722 = ORIENTED_EDGE('',*,*,#8723,.T.);
#8723 = EDGE_CURVE('',#8716,#8535,#8724,.T.);
#8724 = LINE('',#8725,#8726);
#8725 = CARTESIAN_POINT('',(81.264778137207,41.342136383057,
    222.70587122601));
#8726 = VECTOR('',#8727,1.);
#8727 = DIRECTION('',(-0.849707378456,0.360439296753,-0.384812791308));
#8728 = ORIENTED_EDGE('',*,*,#8645,.F.);
#8729 = PLANE('',#8730);
#8730 = AXIS2_PLACEMENT_3D('',#8731,#8732,#8733);
#8731 = CARTESIAN_POINT('',(81.078617125091,41.457618199475,
    222.66076733284));
#8732 = DIRECTION('',(0.526368473944,0.622191823552,-0.5794942315));
#8733 = DIRECTION('',(-7.78605617239E-17,-0.681552197333,-0.731769500806
    ));
#8734 = ADVANCED_FACE('',(#8735),#8745,.T.);
#8735 = FACE_BOUND('',#8736,.T.);
#8736 = EDGE_LOOP('',(#8737,#8738,#8744));
#8737 = ORIENTED_EDGE('',*,*,#8723,.F.);
#8738 = ORIENTED_EDGE('',*,*,#8739,.T.);
#8739 = EDGE_CURVE('',#8716,#8677,#8740,.T.);
#8740 = LINE('',#8741,#8742);
#8741 = CARTESIAN_POINT('',(81.264778137207,41.342136383057,
    222.70587122601));
#8742 = VECTOR('',#8743,1.);
#8743 = DIRECTION('',(-0.57322171821,-0.193526496506,-0.796218787095));
#8744 = ORIENTED_EDGE('',*,*,#8676,.F.);
#8745 = PLANE('',#8746);
#8746 = AXIS2_PLACEMENT_3D('',#8747,#8748,#8749);
#8747 = CARTESIAN_POINT('',(81.08672695612,41.381107194203,
    222.58031254968));
#8748 = DIRECTION('',(0.523777043697,0.660727532996,-0.537677166743));
#8749 = DIRECTION('',(-5.117677966137E-18,-0.631183616298,
    -0.775633445976));
#8750 = ADVANCED_FACE('',(#8751),#8761,.T.);
#8751 = FACE_BOUND('',#8752,.T.);
#8752 = EDGE_LOOP('',(#8753,#8754,#8760));
#8753 = ORIENTED_EDGE('',*,*,#1357,.F.);
#8754 = ORIENTED_EDGE('',*,*,#8755,.T.);
#8755 = EDGE_CURVE('',#1334,#8622,#8756,.T.);
#8756 = LINE('',#8757,#8758);
#8757 = CARTESIAN_POINT('',(81.375823974609,41.382221221924,
    222.98651850385));
#8758 = VECTOR('',#8759,1.);
#8759 = DIRECTION('',(-0.733352048408,0.404767560045,-0.546221562583));
#8760 = ORIENTED_EDGE('',*,*,#8661,.F.);
#8761 = PLANE('',#8762);
#8762 = AXIS2_PLACEMENT_3D('',#8763,#8764,#8765);
#8763 = CARTESIAN_POINT('',(81.202849751303,41.507045267552,
    222.90953979294));
#8764 = DIRECTION('',(0.646419411558,0.663995500459,-0.375834963424));
#8765 = DIRECTION('',(0.716526483218,-0.697559889076,-4.556086795892E-18
    ));
#8766 = ADVANCED_FACE('',(#8767),#8777,.T.);
#8767 = FACE_BOUND('',#8768,.T.);
#8768 = EDGE_LOOP('',(#8769,#8770,#8776));
#8769 = ORIENTED_EDGE('',*,*,#8755,.F.);
#8770 = ORIENTED_EDGE('',*,*,#8771,.T.);
#8771 = EDGE_CURVE('',#1334,#8716,#8772,.T.);
#8772 = LINE('',#8773,#8774);
#8773 = CARTESIAN_POINT('',(81.375823974609,41.382221221924,
    222.98651850385));
#8774 = VECTOR('',#8775,1.);
#8775 = DIRECTION('',(-0.3647206774,-0.131655268915,-0.92176228912));
#8776 = ORIENTED_EDGE('',*,*,#8715,.F.);
#8777 = PLANE('',#8778);
#8778 = AXIS2_PLACEMENT_3D('',#8779,#8780,#8781);
#8779 = CARTESIAN_POINT('',(81.230699610028,41.432777496673,
    222.82074090084));
#8780 = DIRECTION('',(0.639029252393,0.68461524301,-0.350633118264));
#8781 = DIRECTION('',(0.73102595944,-0.682349651297,5.082659367236E-17)
  );
#8782 = ADVANCED_FACE('',(#8783),#8798,.T.);
#8783 = FACE_BOUND('',#8784,.T.);
#8784 = EDGE_LOOP('',(#8785,#8791,#8797));
#8785 = ORIENTED_EDGE('',*,*,#8786,.T.);
#8786 = EDGE_CURVE('',#8441,#4331,#8787,.T.);
#8787 = LINE('',#8788,#8789);
#8788 = CARTESIAN_POINT('',(80.896263122559,41.221694946289,
    222.30279505414));
#8789 = VECTOR('',#8790,1.);
#8790 = DIRECTION('',(0.595120468275,-0.803398439904,-1.955952456108E-02
    ));
#8791 = ORIENTED_EDGE('',*,*,#8792,.T.);
#8792 = EDGE_CURVE('',#4331,#8331,#8793,.T.);
#8793 = LINE('',#8794,#8795);
#8794 = CARTESIAN_POINT('',(81.072219848633,40.984157562256,
    222.29701197308));
#8795 = VECTOR('',#8796,1.);
#8796 = DIRECTION('',(-0.892098811074,0.380816917469,-0.243183442384));
#8797 = ORIENTED_EDGE('',*,*,#8464,.F.);
#8798 = PLANE('',#8799);
#8799 = AXIS2_PLACEMENT_3D('',#8800,#8801,#8802);
#8800 = CARTESIAN_POINT('',(80.882718618122,41.110027430927,
    222.26023758044));
#8801 = DIRECTION('',(0.365688805769,0.292397853801,-0.883614843938));
#8802 = DIRECTION('',(0.923996483076,-5.938428239166E-17,0.382400966608)
  );
#8803 = ADVANCED_FACE('',(#8804),#8809,.T.);
#8804 = FACE_BOUND('',#8805,.T.);
#8805 = EDGE_LOOP('',(#8806,#8807,#8808));
#8806 = ORIENTED_EDGE('',*,*,#8792,.F.);
#8807 = ORIENTED_EDGE('',*,*,#4408,.F.);
#8808 = ORIENTED_EDGE('',*,*,#8353,.F.);
#8809 = PLANE('',#8810);
#8810 = AXIS2_PLACEMENT_3D('',#8811,#8812,#8813);
#8811 = CARTESIAN_POINT('',(80.864438095367,41.030981462051,
    222.21838275535));
#8812 = DIRECTION('',(0.402590845051,0.425575138831,-0.810435939905));
#8813 = DIRECTION('',(-5.687890091083E-18,0.885354614985,0.464916342717)
  );
#8814 = ADVANCED_FACE('',(#8815),#8830,.T.);
#8815 = FACE_BOUND('',#8816,.T.);
#8816 = EDGE_LOOP('',(#8817,#8823,#8829));
#8817 = ORIENTED_EDGE('',*,*,#8818,.T.);
#8818 = EDGE_CURVE('',#8677,#4292,#8819,.T.);
#8819 = LINE('',#8820,#8821);
#8820 = CARTESIAN_POINT('',(81.098648071289,41.28604888916,
    222.47511255902));
#8821 = VECTOR('',#8822,1.);
#8822 = DIRECTION('',(0.553976037451,-0.831662590773,3.805108460273E-02)
  );
#8823 = ORIENTED_EDGE('',*,*,#8824,.T.);
#8824 = EDGE_CURVE('',#4292,#8441,#8825,.T.);
#8825 = LINE('',#8826,#8827);
#8826 = CARTESIAN_POINT('',(81.265037536621,41.036254882812,
    222.48654139203));
#8827 = VECTOR('',#8828,1.);
#8828 = DIRECTION('',(-0.816189655853,0.410425061552,-0.40667642485));
#8829 = ORIENTED_EDGE('',*,*,#8700,.F.);
#8830 = PLANE('',#8831);
#8831 = AXIS2_PLACEMENT_3D('',#8832,#8833,#8834);
#8832 = CARTESIAN_POINT('',(81.088100223252,41.171700417108,
    222.41837518175));
#8833 = DIRECTION('',(0.548766357998,0.330402632756,-0.767912484986));
#8834 = DIRECTION('',(0.813604443892,-5.119089555053E-17,0.581418789582)
  );
#8835 = ADVANCED_FACE('',(#8836),#8841,.T.);
#8836 = FACE_BOUND('',#8837,.T.);
#8837 = EDGE_LOOP('',(#8838,#8839,#8840));
#8838 = ORIENTED_EDGE('',*,*,#8824,.F.);
#8839 = ORIENTED_EDGE('',*,*,#4353,.F.);
#8840 = ORIENTED_EDGE('',*,*,#8786,.F.);
#8841 = PLANE('',#8842);
#8842 = AXIS2_PLACEMENT_3D('',#8843,#8844,#8845);
#8843 = CARTESIAN_POINT('',(81.076465391381,41.089472982626,
    222.36649664602));
#8844 = DIRECTION('',(0.567517142044,0.437373947669,-0.697587502316));
#8845 = DIRECTION('',(0.775718033322,3.595196536255E-18,0.631079656446)
  );
#8846 = ADVANCED_FACE('',(#8847),#8862,.T.);
#8847 = FACE_BOUND('',#8848,.T.);
#8848 = EDGE_LOOP('',(#8849,#8855,#8861));
#8849 = ORIENTED_EDGE('',*,*,#8850,.T.);
#8850 = EDGE_CURVE('',#8716,#4253,#8851,.T.);
#8851 = LINE('',#8852,#8853);
#8852 = CARTESIAN_POINT('',(81.264778137207,41.342136383057,
    222.70587122601));
#8853 = VECTOR('',#8854,1.);
#8854 = DIRECTION('',(0.503818314877,-0.861878266144,5.77317931716E-02)
  );
#8855 = ORIENTED_EDGE('',*,*,#8856,.T.);
#8856 = EDGE_CURVE('',#4253,#8677,#8857,.T.);
#8857 = LINE('',#8858,#8859);
#8858 = CARTESIAN_POINT('',(81.418113708496,41.07982635498,
    222.72344172162));
#8859 = VECTOR('',#8860,1.);
#8860 = DIRECTION('',(-0.70343438363,0.454083332685,-0.546798312822));
#8861 = ORIENTED_EDGE('',*,*,#8739,.F.);
#8862 = PLANE('',#8863);
#8863 = AXIS2_PLACEMENT_3D('',#8864,#8865,#8866);
#8864 = CARTESIAN_POINT('',(81.261300688855,41.227338466733,
    222.63034526457));
#8865 = DIRECTION('',(0.707467983572,0.373361194735,-0.600075387336));
#8866 = DIRECTION('',(-0.646851791655,-1.391302564948E-17,
    -0.762615735238));
#8867 = ADVANCED_FACE('',(#8868),#8873,.T.);
#8868 = FACE_BOUND('',#8869,.T.);
#8869 = EDGE_LOOP('',(#8870,#8871,#8872));
#8870 = ORIENTED_EDGE('',*,*,#8856,.F.);
#8871 = ORIENTED_EDGE('',*,*,#4314,.F.);
#8872 = ORIENTED_EDGE('',*,*,#8818,.F.);
#8873 = PLANE('',#8874);
#8874 = AXIS2_PLACEMENT_3D('',#8875,#8876,#8877);
#8875 = CARTESIAN_POINT('',(81.259107006605,41.142367649274,
    222.56663357956));
#8876 = DIRECTION('',(0.710759867171,0.448653643283,-0.541784384777));
#8877 = DIRECTION('',(-0.606222355468,1.622488026046E-16,-0.79529520037)
  );
#8878 = ADVANCED_FACE('',(#8879),#8889,.T.);
#8879 = FACE_BOUND('',#8880,.T.);
#8880 = EDGE_LOOP('',(#8881,#8882,#8888));
#8881 = ORIENTED_EDGE('',*,*,#1419,.F.);
#8882 = ORIENTED_EDGE('',*,*,#8883,.T.);
#8883 = EDGE_CURVE('',#1396,#8716,#8884,.T.);
#8884 = LINE('',#8885,#8886);
#8885 = CARTESIAN_POINT('',(81.517951965332,41.110004425049,
    222.99919092816));
#8886 = VECTOR('',#8887,1.);
#8887 = DIRECTION('',(-0.560510613875,0.513925263313,-0.649391003527));
#8888 = ORIENTED_EDGE('',*,*,#8771,.F.);
#8889 = PLANE('',#8890);
#8890 = AXIS2_PLACEMENT_3D('',#8891,#8892,#8893);
#8891 = CARTESIAN_POINT('',(81.387066179253,41.270828887262,
    222.89127016699));
#8892 = DIRECTION('',(0.82518170167,0.412893178405,-0.385479418979));
#8893 = DIRECTION('',(-0.447475695889,0.894296092795,-1.179075065418E-18
    ));
#8894 = ADVANCED_FACE('',(#8895),#8900,.T.);
#8895 = FACE_BOUND('',#8896,.T.);
#8896 = EDGE_LOOP('',(#8897,#8898,#8899));
#8897 = ORIENTED_EDGE('',*,*,#8883,.F.);
#8898 = ORIENTED_EDGE('',*,*,#4275,.F.);
#8899 = ORIENTED_EDGE('',*,*,#8850,.F.);
#8900 = PLANE('',#8901);
#8901 = AXIS2_PLACEMENT_3D('',#8902,#8903,#8904);
#8902 = CARTESIAN_POINT('',(81.398416600774,41.184904735227,
    222.81506443202));
#8903 = DIRECTION('',(0.819709308228,0.455945894623,-0.346684281705));
#8904 = DIRECTION('',(-0.48609243305,0.873907401577,-3.870400923174E-17)
  );
#8905 = ADVANCED_FACE('',(#8906),#8923,.T.);
#8906 = FACE_BOUND('',#8907,.T.);
#8907 = EDGE_LOOP('',(#8908,#8916,#8922));
#8908 = ORIENTED_EDGE('',*,*,#8909,.T.);
#8909 = EDGE_CURVE('',#2394,#8910,#8912,.T.);
#8910 = VERTEX_POINT('',#8911);
#8911 = CARTESIAN_POINT('',(81.35132598877,-41.25616073608,
    222.74916803998));
#8912 = LINE('',#8913,#8914);
#8913 = CARTESIAN_POINT('',(81.529090881348,-41.07542419433,
    223.00159418744));
#8914 = VECTOR('',#8915,1.);
#8915 = DIRECTION('',(-0.496897067583,-0.505203565773,-0.705593835969));
#8916 = ORIENTED_EDGE('',*,*,#8917,.T.);
#8917 = EDGE_CURVE('',#8910,#2916,#8918,.T.);
#8918 = LINE('',#8919,#8920);
#8919 = CARTESIAN_POINT('',(81.35132598877,-41.25616073608,
    222.74916803998));
#8920 = VECTOR('',#8921,1.);
#8921 = DIRECTION('',(0.348885625777,0.937122476844,8.960107125897E-03)
  );
#8922 = ORIENTED_EDGE('',*,*,#2915,.F.);
#8923 = PLANE('',#8924);
#8924 = AXIS2_PLACEMENT_3D('',#8925,#8926,#8927);
#8925 = CARTESIAN_POINT('',(81.446389846687,-41.09916707123,
    222.83375877424));
#8926 = DIRECTION('',(0.867213430158,-0.319204884948,-0.382163718815));
#8927 = DIRECTION('',(-0.403259970072,-6.687149593563E-17,
    -0.915085458598));
#8928 = ADVANCED_FACE('',(#8929),#8939,.T.);
#8929 = FACE_BOUND('',#8930,.T.);
#8930 = EDGE_LOOP('',(#8931,#8932,#8938));
#8931 = ORIENTED_EDGE('',*,*,#8917,.F.);
#8932 = ORIENTED_EDGE('',*,*,#8933,.T.);
#8933 = EDGE_CURVE('',#8910,#4138,#8934,.T.);
#8934 = LINE('',#8935,#8936);
#8935 = CARTESIAN_POINT('',(81.35132598877,-41.25616073608,
    222.74916803998));
#8936 = VECTOR('',#8937,1.);
#8937 = DIRECTION('',(-0.245030958075,0.578552444815,-0.777969728321));
#8938 = ORIENTED_EDGE('',*,*,#4137,.F.);
#8939 = PLANE('',#8940);
#8940 = AXIS2_PLACEMENT_3D('',#8941,#8942,#8943);
#8941 = CARTESIAN_POINT('',(81.370729302829,-41.09804589556,
    222.6835273809));
#8942 = DIRECTION('',(0.822055713445,-0.301428028126,-0.483079235584));
#8943 = DIRECTION('',(-0.506643778718,-1.451260284825E-16,
    -0.862155485679));
#8944 = ADVANCED_FACE('',(#8945),#8955,.T.);
#8945 = FACE_BOUND('',#8946,.T.);
#8946 = EDGE_LOOP('',(#8947,#8948,#8954));
#8947 = ORIENTED_EDGE('',*,*,#2417,.F.);
#8948 = ORIENTED_EDGE('',*,*,#8949,.T.);
#8949 = EDGE_CURVE('',#2371,#8910,#8950,.T.);
#8950 = LINE('',#8951,#8952);
#8951 = CARTESIAN_POINT('',(81.397857666016,-41.36038589477,
    223.00782740277));
#8952 = VECTOR('',#8953,1.);
#8953 = DIRECTION('',(-0.164583517102,0.36864656946,-0.914883584247));
#8954 = ORIENTED_EDGE('',*,*,#8909,.F.);
#8955 = PLANE('',#8956);
#8956 = AXIS2_PLACEMENT_3D('',#8957,#8958,#8959);
#8957 = CARTESIAN_POINT('',(81.428418415365,-41.22514202599,
    222.91883189229));
#8958 = DIRECTION('',(0.858905628241,-0.40247844114,-0.316689479133));
#8959 = DIRECTION('',(0.424318420497,0.905513046856,2.399699521244E-17)
  );
#8960 = ADVANCED_FACE('',(#8961),#8978,.T.);
#8961 = FACE_BOUND('',#8962,.T.);
#8962 = EDGE_LOOP('',(#8963,#8971,#8977));
#8963 = ORIENTED_EDGE('',*,*,#8964,.T.);
#8964 = EDGE_CURVE('',#4138,#8965,#8967,.T.);
#8965 = VERTEX_POINT('',#8966);
#8966 = CARTESIAN_POINT('',(81.080429077149,-41.30473327636,
    222.47511255902));
#8967 = LINE('',#8968,#8969);
#8968 = CARTESIAN_POINT('',(81.285751342773,-41.10132980346,
    222.54096949262));
#8969 = VECTOR('',#8970,1.);
#8970 = DIRECTION('',(-0.692663503324,-0.686190373453,-0.222171200977));
#8971 = ORIENTED_EDGE('',*,*,#8972,.T.);
#8972 = EDGE_CURVE('',#8965,#3908,#8973,.T.);
#8973 = LINE('',#8974,#8975);
#8974 = CARTESIAN_POINT('',(81.080429077148,-41.30473327636,
    222.47511255902));
#8975 = VECTOR('',#8976,1.);
#8976 = DIRECTION('',(0.311394869305,0.929376545833,-0.198223286789));
#8977 = ORIENTED_EDGE('',*,*,#4161,.F.);
#8978 = PLANE('',#8979);
#8979 = AXIS2_PLACEMENT_3D('',#8980,#8981,#8982);
#8980 = CARTESIAN_POINT('',(81.183714571659,-41.11231024424,
    222.46498109452));
#8981 = DIRECTION('',(0.58319338156,-0.351593651951,-0.732302795032));
#8982 = DIRECTION('',(0.782247152724,2.165249580292E-16,0.622968211111)
  );
#8983 = ADVANCED_FACE('',(#8984),#8994,.T.);
#8984 = FACE_BOUND('',#8985,.T.);
#8985 = EDGE_LOOP('',(#8986,#8987,#8993));
#8986 = ORIENTED_EDGE('',*,*,#8972,.F.);
#8987 = ORIENTED_EDGE('',*,*,#8988,.T.);
#8988 = EDGE_CURVE('',#8965,#3931,#8989,.T.);
#8989 = LINE('',#8990,#8991);
#8990 = CARTESIAN_POINT('',(81.080429077148,-41.30473327636,
    222.47511255902));
#8991 = VECTOR('',#8992,1.);
#8992 = DIRECTION('',(-0.254541336784,0.733605764148,-0.630104190335));
#8993 = ORIENTED_EDGE('',*,*,#3930,.F.);
#8994 = PLANE('',#8995);
#8995 = AXIS2_PLACEMENT_3D('',#8996,#8997,#8998);
#8996 = CARTESIAN_POINT('',(81.107529563927,-41.10680780218,
    222.39577491609));
#8997 = DIRECTION('',(0.641505317514,-0.359480378175,-0.677676017953));
#8998 = DIRECTION('',(0.726222040988,9.289351735584E-17,0.687460214982)
  );
#8999 = ADVANCED_FACE('',(#9000),#9017,.T.);
#9000 = FACE_BOUND('',#9001,.T.);
#9001 = EDGE_LOOP('',(#9002,#9010,#9016));
#9002 = ORIENTED_EDGE('',*,*,#9003,.T.);
#9003 = EDGE_CURVE('',#8910,#9004,#9006,.T.);
#9004 = VERTEX_POINT('',#9005);
#9005 = CARTESIAN_POINT('',(81.140838623047,-41.46933746337,
    222.70587122601));
#9006 = LINE('',#9007,#9008);
#9007 = CARTESIAN_POINT('',(81.35132598877,-41.25616073608,
    222.74916803998));
#9008 = VECTOR('',#9009,1.);
#9009 = DIRECTION('',(-0.695379263046,-0.704264006612,-0.143038070165));
#9010 = ORIENTED_EDGE('',*,*,#9011,.T.);
#9011 = EDGE_CURVE('',#9004,#4138,#9012,.T.);
#9012 = LINE('',#9013,#9014);
#9013 = CARTESIAN_POINT('',(81.140838623047,-41.46933746337,
    222.70587122601));
#9014 = VECTOR('',#9015,1.);
#9015 = DIRECTION('',(0.338177142609,0.858805073303,-0.38482472151));
#9016 = ORIENTED_EDGE('',*,*,#8933,.F.);
#9017 = PLANE('',#9018);
#9018 = AXIS2_PLACEMENT_3D('',#9019,#9020,#9021);
#9019 = CARTESIAN_POINT('',(81.25142947124,-41.28023591545,
    222.66076806179));
#9020 = DIRECTION('',(0.635700129324,-0.509985805558,-0.579482375666));
#9021 = DIRECTION('',(-0.673673508029,1.564212109952E-17,-0.739029095896
    ));
#9022 = ADVANCED_FACE('',(#9023),#9033,.T.);
#9023 = FACE_BOUND('',#9024,.T.);
#9024 = EDGE_LOOP('',(#9025,#9026,#9032));
#9025 = ORIENTED_EDGE('',*,*,#9011,.F.);
#9026 = ORIENTED_EDGE('',*,*,#9027,.T.);
#9027 = EDGE_CURVE('',#9004,#8965,#9028,.T.);
#9028 = LINE('',#9029,#9030);
#9029 = CARTESIAN_POINT('',(81.140838623047,-41.46933746337,
    222.70587122601));
#9030 = VECTOR('',#9031,1.);
#9031 = DIRECTION('',(-0.208440906928,0.567960667717,-0.796224257509));
#9032 = ORIENTED_EDGE('',*,*,#8964,.F.);
#9033 = PLANE('',#9034);
#9034 = AXIS2_PLACEMENT_3D('',#9035,#9036,#9037);
#9035 = CARTESIAN_POINT('',(81.175151382209,-41.29033827731,
    222.58031184793));
#9036 = DIRECTION('',(0.67412713257,-0.506393695813,-0.537696972256));
#9037 = DIRECTION('',(-0.623559639607,-3.765106481101E-17,
    -0.781775783619));
#9038 = ADVANCED_FACE('',(#9039),#9049,.T.);
#9039 = FACE_BOUND('',#9040,.T.);
#9040 = EDGE_LOOP('',(#9041,#9042,#9048));
#9041 = ORIENTED_EDGE('',*,*,#2488,.F.);
#9042 = ORIENTED_EDGE('',*,*,#9043,.T.);
#9043 = EDGE_CURVE('',#2465,#8910,#9044,.T.);
#9044 = LINE('',#9045,#9046);
#9045 = CARTESIAN_POINT('',(81.183807373047,-41.57929229736,
    222.98651850385));
#9046 = VECTOR('',#9047,1.);
#9047 = DIRECTION('',(0.385521482942,0.743643672987,-0.54623005576));
#9048 = ORIENTED_EDGE('',*,*,#8949,.F.);
#9049 = PLANE('',#9050);
#9050 = AXIS2_PLACEMENT_3D('',#9051,#9052,#9053);
#9051 = CARTESIAN_POINT('',(81.304083606646,-41.40312781427,
    222.9095404631));
#9052 = DIRECTION('',(0.680594099933,-0.628909849637,-0.375851130324));
#9053 = DIRECTION('',(0.678669887155,0.734443452056,-3.498825300346E-17)
  );
#9054 = ADVANCED_FACE('',(#9055),#9065,.T.);
#9055 = FACE_BOUND('',#9056,.T.);
#9056 = EDGE_LOOP('',(#9057,#9058,#9064));
#9057 = ORIENTED_EDGE('',*,*,#9043,.F.);
#9058 = ORIENTED_EDGE('',*,*,#9059,.T.);
#9059 = EDGE_CURVE('',#2465,#9004,#9060,.T.);
#9060 = LINE('',#9061,#9062);
#9061 = CARTESIAN_POINT('',(81.183807373047,-41.57929229736,
    222.98651850385));
#9062 = VECTOR('',#9063,1.);
#9063 = DIRECTION('',(-0.141128444388,0.361140472394,-0.921770210727));
#9064 = ORIENTED_EDGE('',*,*,#9003,.F.);
#9065 = PLANE('',#9066);
#9066 = AXIS2_PLACEMENT_3D('',#9067,#9068,#9069);
#9067 = CARTESIAN_POINT('',(81.230562894634,-41.43290494223,
    222.82074037292));
#9068 = DIRECTION('',(0.70103431608,-0.620977305941,-0.350625260334));
#9069 = DIRECTION('',(0.663071863282,0.748555745502,1.242710320951E-16)
  );
#9070 = ADVANCED_FACE('',(#9071),#9086,.T.);
#9071 = FACE_BOUND('',#9072,.T.);
#9072 = EDGE_LOOP('',(#9073,#9079,#9085));
#9073 = ORIENTED_EDGE('',*,*,#9074,.T.);
#9074 = EDGE_CURVE('',#3931,#5761,#9075,.T.);
#9075 = LINE('',#9076,#9077);
#9076 = CARTESIAN_POINT('',(81.010818481445,-41.10411071777,
    222.30279505414));
#9077 = VECTOR('',#9078,1.);
#9078 = DIRECTION('',(-0.787656857008,-0.615804451843,
    -1.953337398051E-02));
#9079 = ORIENTED_EDGE('',*,*,#9080,.T.);
#9080 = EDGE_CURVE('',#5761,#3699,#9081,.T.);
#9081 = LINE('',#9082,#9083);
#9082 = CARTESIAN_POINT('',(80.777931213379,-41.28618621826,
    222.29701960248));
#9083 = VECTOR('',#9084,1.);
#9084 = DIRECTION('',(0.357510371092,0.901686128111,-0.24320456602));
#9085 = ORIENTED_EDGE('',*,*,#3954,.F.);
#9086 = PLANE('',#9087);
#9087 = AXIS2_PLACEMENT_3D('',#9088,#9089,#9090);
#9088 = CARTESIAN_POINT('',(80.898833951489,-41.09348196524,
    222.26024092809));
#9089 = DIRECTION('',(0.301794016249,-0.357987434199,-0.883609285098));
#9090 = DIRECTION('',(2.397461719354E-18,0.926824172582,-0.375495609985)
  );
#9091 = ADVANCED_FACE('',(#9092),#9097,.T.);
#9092 = FACE_BOUND('',#9093,.T.);
#9093 = EDGE_LOOP('',(#9094,#9095,#9096));
#9094 = ORIENTED_EDGE('',*,*,#9080,.F.);
#9095 = ORIENTED_EDGE('',*,*,#5898,.F.);
#9096 = ORIENTED_EDGE('',*,*,#3721,.F.);
#9097 = PLANE('',#9098);
#9098 = AXIS2_PLACEMENT_3D('',#9099,#9100,#9101);
#9099 = CARTESIAN_POINT('',(80.819335831705,-41.07726321124,
    222.21838485539));
#9100 = DIRECTION('',(0.43588468523,-0.391415396782,-0.810431075628));
#9101 = DIRECTION('',(0.880698390635,-2.602631475815E-17,0.473677469101)
  );
#9102 = ADVANCED_FACE('',(#9103),#9118,.T.);
#9103 = FACE_BOUND('',#9104,.T.);
#9104 = EDGE_LOOP('',(#9105,#9111,#9117));
#9105 = ORIENTED_EDGE('',*,*,#9106,.T.);
#9106 = EDGE_CURVE('',#8965,#5683,#9107,.T.);
#9107 = LINE('',#9108,#9109);
#9108 = CARTESIAN_POINT('',(81.080429077148,-41.30473327636,
    222.47511255902));
#9109 = VECTOR('',#9110,1.);
#9110 = DIRECTION('',(-0.816950505335,-0.575449450379,3.807626414703E-02
    ));
#9111 = ORIENTED_EDGE('',*,*,#9112,.T.);
#9112 = EDGE_CURVE('',#5683,#3931,#9113,.T.);
#9113 = LINE('',#9114,#9115);
#9114 = CARTESIAN_POINT('',(80.835052490234,-41.47757339477,
    222.48654902142));
#9115 = VECTOR('',#9116,1.);
#9116 = DIRECTION('',(0.389025103238,0.826589691642,-0.406704992251));
#9117 = ORIENTED_EDGE('',*,*,#8988,.F.);
#9118 = PLANE('',#9119);
#9119 = AXIS2_PLACEMENT_3D('',#9120,#9121,#9122);
#9120 = CARTESIAN_POINT('',(80.965841398573,-41.29717513388,
    222.41837870314));
#9121 = DIRECTION('',(0.344578217808,-0.539998831319,-0.767897853876));
#9122 = DIRECTION('',(-1.632921777176E-16,0.817993745192,-0.575227114127
    ));
#9123 = ADVANCED_FACE('',(#9124),#9129,.T.);
#9124 = FACE_BOUND('',#9125,.T.);
#9125 = EDGE_LOOP('',(#9126,#9127,#9128));
#9126 = ORIENTED_EDGE('',*,*,#9112,.F.);
#9127 = ORIENTED_EDGE('',*,*,#5783,.F.);
#9128 = ORIENTED_EDGE('',*,*,#9074,.F.);
#9129 = PLANE('',#9130);
#9130 = AXIS2_PLACEMENT_3D('',#9131,#9132,#9133);
#9131 = CARTESIAN_POINT('',(80.883333003798,-41.28768678635,
    222.36650074836));
#9132 = DIRECTION('',(0.451951650623,-0.555949434144,-0.697610157734));
#9133 = DIRECTION('',(-3.351501508902E-17,0.782036964289,-0.623232048668
    ));
#9134 = ADVANCED_FACE('',(#9135),#9150,.T.);
#9135 = FACE_BOUND('',#9136,.T.);
#9136 = EDGE_LOOP('',(#9137,#9143,#9149));
#9137 = ORIENTED_EDGE('',*,*,#9138,.T.);
#9138 = EDGE_CURVE('',#9004,#5621,#9139,.T.);
#9139 = LINE('',#9140,#9141);
#9140 = CARTESIAN_POINT('',(81.140838623047,-41.46933746337,
    222.70587122601));
#9141 = VECTOR('',#9142,1.);
#9142 = DIRECTION('',(-0.848464332165,-0.526094511748,5.773076955048E-02
    ));
#9143 = ORIENTED_EDGE('',*,*,#9144,.T.);
#9144 = EDGE_CURVE('',#5621,#8965,#9145,.T.);
#9145 = LINE('',#9146,#9147);
#9146 = CARTESIAN_POINT('',(80.882606506348,-41.6294555664,
    222.72344172162));
#9147 = VECTOR('',#9148,1.);
#9148 = DIRECTION('',(0.435595496908,0.71502238958,-0.546808508962));
#9149 = ORIENTED_EDGE('',*,*,#9027,.F.);
#9150 = PLANE('',#9151);
#9151 = AXIS2_PLACEMENT_3D('',#9152,#9153,#9154);
#9152 = CARTESIAN_POINT('',(81.02598245906,-41.46885575686,
    222.63034602525));
#9153 = DIRECTION('',(0.391661280666,-0.697504629095,-0.600073940126));
#9154 = DIRECTION('',(-1.207616915318E-16,-0.652176679098,0.758067001815
    ));
#9155 = ADVANCED_FACE('',(#9156),#9161,.T.);
#9156 = FACE_BOUND('',#9157,.T.);
#9157 = EDGE_LOOP('',(#9158,#9159,#9160));
#9158 = ORIENTED_EDGE('',*,*,#9144,.F.);
#9159 = ORIENTED_EDGE('',*,*,#5705,.F.);
#9160 = ORIENTED_EDGE('',*,*,#9106,.F.);
#9161 = PLANE('',#9162);
#9162 = AXIS2_PLACEMENT_3D('',#9163,#9164,#9165);
#9163 = CARTESIAN_POINT('',(80.940979221062,-41.46887734654,
    222.56663500641));
#9164 = DIRECTION('',(0.466997423937,-0.69883361897,-0.541797913464));
#9165 = DIRECTION('',(3.974475723939E-18,-0.612714274889,0.790304509254)
  );
#9166 = ADVANCED_FACE('',(#9167),#9177,.T.);
#9167 = FACE_BOUND('',#9168,.T.);
#9168 = EDGE_LOOP('',(#9169,#9170,#9176));
#9169 = ORIENTED_EDGE('',*,*,#2566,.F.);
#9170 = ORIENTED_EDGE('',*,*,#9171,.T.);
#9171 = EDGE_CURVE('',#2543,#9004,#9172,.T.);
#9172 = LINE('',#9173,#9174);
#9173 = CARTESIAN_POINT('',(80.915390014648,-41.72846221923,
    222.99919092816));
#9174 = VECTOR('',#9175,1.);
#9175 = DIRECTION('',(0.499140400542,0.573698970017,-0.649406153612));
#9176 = ORIENTED_EDGE('',*,*,#9059,.F.);
#9177 = PLANE('',#9178);
#9178 = AXIS2_PLACEMENT_3D('',#9179,#9180,#9181);
#9179 = CARTESIAN_POINT('',(81.072745975679,-41.59343516504,
    222.89127022564));
#9180 = DIRECTION('',(0.434256204484,-0.814149747256,-0.385463017564));
#9181 = DIRECTION('',(-0.88233358778,-0.470624521115,4.304247082004E-17)
  );
#9182 = ADVANCED_FACE('',(#9183),#9188,.T.);
#9183 = FACE_BOUND('',#9184,.T.);
#9184 = EDGE_LOOP('',(#9185,#9186,#9187));
#9185 = ORIENTED_EDGE('',*,*,#9171,.F.);
#9186 = ORIENTED_EDGE('',*,*,#5643,.F.);
#9187 = ORIENTED_EDGE('',*,*,#9138,.F.);
#9188 = PLANE('',#9189);
#9189 = AXIS2_PLACEMENT_3D('',#9190,#9191,#9192);
#9190 = CARTESIAN_POINT('',(80.987143287863,-41.60702286871,
    222.81506344233));
#9191 = DIRECTION('',(0.477142020545,-0.807558206266,-0.346677423152));
#9192 = DIRECTION('',(-0.860950558097,-0.508688643979,
    -5.473716057226E-17));
#9193 = ADVANCED_FACE('',(#9194),#9211,.T.);
#9194 = FACE_BOUND('',#9195,.T.);
#9195 = EDGE_LOOP('',(#9196,#9204,#9205));
#9196 = ORIENTED_EDGE('',*,*,#9197,.T.);
#9197 = EDGE_CURVE('',#9198,#32,#9200,.T.);
#9198 = VERTEX_POINT('',#9199);
#9199 = CARTESIAN_POINT('',(54.988929748535,41.74157333374,
    222.5327602641));
#9200 = LINE('',#9201,#9202);
#9201 = CARTESIAN_POINT('',(54.988929748535,41.74157333374,
    222.5327602641));
#9202 = VECTOR('',#9203,1.);
#9203 = DIRECTION('',(0.463435995123,0.684195069653,0.563120045006));
#9204 = ORIENTED_EDGE('',*,*,#7665,.F.);
#9205 = ORIENTED_EDGE('',*,*,#9206,.T.);
#9206 = EDGE_CURVE('',#7643,#9198,#9207,.T.);
#9207 = LINE('',#9208,#9209);
#9208 = CARTESIAN_POINT('',(55.318977355957,41.864128112793,
    222.49670374555));
#9209 = VECTOR('',#9210,1.);
#9210 = DIRECTION('',(-0.932579133503,-0.346289526376,0.101880928917));
#9211 = PLANE('',#9212);
#9212 = AXIS2_PLACEMENT_3D('',#9213,#9214,#9215);
#9213 = CARTESIAN_POINT('',(55.144370351487,41.845315436356,
    222.57093638512));
#9214 = DIRECTION('',(-0.334629151407,0.723554729108,-0.603731633273));
#9215 = DIRECTION('',(1.78596775356E-17,-0.640666098965,-0.767819607484)
  );
#9216 = ADVANCED_FACE('',(#9217),#9227,.T.);
#9217 = FACE_BOUND('',#9218,.T.);
#9218 = EDGE_LOOP('',(#9219,#9220,#9221));
#9219 = ORIENTED_EDGE('',*,*,#9206,.F.);
#9220 = ORIENTED_EDGE('',*,*,#7775,.F.);
#9221 = ORIENTED_EDGE('',*,*,#9222,.T.);
#9222 = EDGE_CURVE('',#7753,#9198,#9223,.T.);
#9223 = LINE('',#9224,#9225);
#9224 = CARTESIAN_POINT('',(55.170211791992,41.683349609375,
    222.37122309369));
#9225 = VECTOR('',#9226,1.);
#9226 = DIRECTION('',(-0.726014808845,0.233179664732,0.646938746167));
#9227 = PLANE('',#9228);
#9228 = AXIS2_PLACEMENT_3D('',#9229,#9230,#9231);
#9229 = CARTESIAN_POINT('',(55.160285221328,41.76798928069,
    222.47202728832));
#9230 = DIRECTION('',(-0.330687659504,0.706464216175,-0.625742745157));
#9231 = DIRECTION('',(-1.105896591782E-17,-0.663045515763,
    -0.748579083348));
#9232 = ADVANCED_FACE('',(#9233),#9250,.T.);
#9233 = FACE_BOUND('',#9234,.T.);
#9234 = EDGE_LOOP('',(#9235,#9243,#9244));
#9235 = ORIENTED_EDGE('',*,*,#9236,.T.);
#9236 = EDGE_CURVE('',#9237,#7808,#9239,.T.);
#9237 = VERTEX_POINT('',#9238);
#9238 = CARTESIAN_POINT('',(54.564231872559,41.60383605957,
    223.0097423808));
#9239 = LINE('',#9240,#9241);
#9240 = CARTESIAN_POINT('',(54.564231872559,41.60383605957,
    223.0097423808));
#9241 = VECTOR('',#9242,1.);
#9242 = DIRECTION('',(0.617759739051,0.786366524382,-7.708042523222E-04)
  );
#9243 = ORIENTED_EDGE('',*,*,#7816,.F.);
#9244 = ORIENTED_EDGE('',*,*,#9245,.T.);
#9245 = EDGE_CURVE('',#77,#9237,#9246,.T.);
#9246 = LINE('',#9247,#9248);
#9247 = CARTESIAN_POINT('',(54.840522766113,41.793262481689,
    222.74792444867));
#9248 = VECTOR('',#9249,1.);
#9249 = DIRECTION('',(-0.649839650508,-0.445533323097,0.615799063525));
#9250 = PLANE('',#9251);
#9251 = AXIS2_PLACEMENT_3D('',#9252,#9253,#9254);
#9252 = CARTESIAN_POINT('',(54.713241547135,41.735803035109,
    222.91656381736));
#9253 = DIRECTION('',(-0.734459023019,0.576631071326,-0.357863872285));
#9254 = DIRECTION('',(-0.617527597564,-0.786549214129,1.554926451886E-17
    ));
#9255 = ADVANCED_FACE('',(#9256),#9266,.T.);
#9256 = FACE_BOUND('',#9257,.T.);
#9257 = EDGE_LOOP('',(#9258,#9259,#9260));
#9258 = ORIENTED_EDGE('',*,*,#85,.F.);
#9259 = ORIENTED_EDGE('',*,*,#9197,.F.);
#9260 = ORIENTED_EDGE('',*,*,#9261,.T.);
#9261 = EDGE_CURVE('',#9198,#77,#9262,.T.);
#9262 = LINE('',#9263,#9264);
#9263 = CARTESIAN_POINT('',(54.988929748535,41.74157333374,
    222.5327602641));
#9264 = VECTOR('',#9265,1.);
#9265 = DIRECTION('',(-0.556992756093,0.193996808684,0.807542140003));
#9266 = PLANE('',#9267);
#9267 = AXIS2_PLACEMENT_3D('',#9268,#9269,#9270);
#9268 = CARTESIAN_POINT('',(54.985942801143,41.827928889676,
    222.66169497545));
#9269 = DIRECTION('',(-0.469464327224,0.728543400174,-0.498826382148));
#9270 = DIRECTION('',(-3.356933785873E-17,-0.5649533593,-0.82512284044)
  );
#9271 = ADVANCED_FACE('',(#9272),#9289,.T.);
#9272 = FACE_BOUND('',#9273,.T.);
#9273 = EDGE_LOOP('',(#9274,#9282,#9283));
#9274 = ORIENTED_EDGE('',*,*,#9275,.T.);
#9275 = EDGE_CURVE('',#9276,#77,#9278,.T.);
#9276 = VERTEX_POINT('',#9277);
#9277 = CARTESIAN_POINT('',(54.658020019531,41.574333190918,
    222.74430811566));
#9278 = LINE('',#9279,#9280);
#9279 = CARTESIAN_POINT('',(54.658020019531,41.574333190918,
    222.74430811566));
#9280 = VECTOR('',#9281,1.);
#9281 = DIRECTION('',(0.640260552675,0.768053036632,1.268690698415E-02)
  );
#9282 = ORIENTED_EDGE('',*,*,#9261,.F.);
#9283 = ORIENTED_EDGE('',*,*,#9284,.T.);
#9284 = EDGE_CURVE('',#9198,#9276,#9285,.T.);
#9285 = LINE('',#9286,#9287);
#9286 = CARTESIAN_POINT('',(54.988929748535,41.74157333374,
    222.5327602641));
#9287 = VECTOR('',#9288,1.);
#9288 = DIRECTION('',(-0.775189587784,-0.391776989349,0.495572288983));
#9289 = PLANE('',#9290);
#9290 = AXIS2_PLACEMENT_3D('',#9291,#9292,#9293);
#9291 = CARTESIAN_POINT('',(54.826706830906,41.695294156612,
    222.67037046768));
#9292 = DIRECTION('',(-0.630170708201,0.534620970009,-0.563085514777));
#9293 = DIRECTION('',(-0.666300878942,1.11191834578E-16,0.745683001497)
  );
#9294 = ADVANCED_FACE('',(#9295),#9312,.T.);
#9295 = FACE_BOUND('',#9296,.T.);
#9296 = EDGE_LOOP('',(#9297,#9305,#9306));
#9297 = ORIENTED_EDGE('',*,*,#9298,.T.);
#9298 = EDGE_CURVE('',#9299,#9198,#9301,.T.);
#9299 = VERTEX_POINT('',#9300);
#9300 = CARTESIAN_POINT('',(54.800743103027,41.532104492188,
    222.51879084271));
#9301 = LINE('',#9302,#9303);
#9302 = CARTESIAN_POINT('',(54.800743103027,41.532104492188,
    222.51879084271));
#9303 = VECTOR('',#9304,1.);
#9304 = DIRECTION('',(0.667485700987,0.742972255877,4.954862233469E-02)
  );
#9305 = ORIENTED_EDGE('',*,*,#9222,.F.);
#9306 = ORIENTED_EDGE('',*,*,#9307,.T.);
#9307 = EDGE_CURVE('',#7753,#9299,#9308,.T.);
#9308 = LINE('',#9309,#9310);
#9309 = CARTESIAN_POINT('',(55.170211791992,41.683349609375,
    222.37122309369));
#9310 = VECTOR('',#9311,1.);
#9311 = DIRECTION('',(-0.868057223973,-0.355346529994,0.346706647657));
#9312 = PLANE('',#9313);
#9313 = AXIS2_PLACEMENT_3D('',#9314,#9315,#9316);
#9314 = CARTESIAN_POINT('',(54.983325308963,41.643620544688,
    222.47061708543));
#9315 = DIRECTION('',(-0.488546567218,0.487183925513,-0.723860535173));
#9316 = DIRECTION('',(0.828880157642,7.056984148682E-18,-0.55942620985)
  );
#9317 = ADVANCED_FACE('',(#9318),#9328,.T.);
#9318 = FACE_BOUND('',#9319,.T.);
#9319 = EDGE_LOOP('',(#9320,#9321,#9322));
#9320 = ORIENTED_EDGE('',*,*,#9284,.F.);
#9321 = ORIENTED_EDGE('',*,*,#9298,.F.);
#9322 = ORIENTED_EDGE('',*,*,#9323,.T.);
#9323 = EDGE_CURVE('',#9299,#9276,#9324,.T.);
#9324 = LINE('',#9325,#9326);
#9325 = CARTESIAN_POINT('',(54.800743103027,41.532104492188,
    222.51879084271));
#9326 = VECTOR('',#9327,1.);
#9327 = DIRECTION('',(-0.528201378594,0.156283457022,0.834612955035));
#9328 = PLANE('',#9329);
#9329 = AXIS2_PLACEMENT_3D('',#9330,#9331,#9332);
#9330 = CARTESIAN_POINT('',(54.818055819871,41.622966378501,
    222.60413456589));
#9331 = DIRECTION('',(-0.624348355686,0.594691685799,-0.506488824747));
#9332 = DIRECTION('',(-0.6897002984,-0.724094951224,-1.846488117071E-17)
  );
#9333 = ADVANCED_FACE('',(#9334),#9344,.T.);
#9334 = FACE_BOUND('',#9335,.T.);
#9335 = EDGE_LOOP('',(#9336,#9337,#9338));
#9336 = ORIENTED_EDGE('',*,*,#9245,.F.);
#9337 = ORIENTED_EDGE('',*,*,#9275,.F.);
#9338 = ORIENTED_EDGE('',*,*,#9339,.T.);
#9339 = EDGE_CURVE('',#9276,#9237,#9340,.T.);
#9340 = LINE('',#9341,#9342);
#9341 = CARTESIAN_POINT('',(54.658020019531,41.574333190918,
    222.74430811566));
#9342 = VECTOR('',#9343,1.);
#9343 = DIRECTION('',(-0.331338655407,0.104228957981,0.937737180531));
#9344 = PLANE('',#9345);
#9345 = AXIS2_PLACEMENT_3D('',#9346,#9347,#9348);
#9346 = CARTESIAN_POINT('',(54.689830326752,41.66312117112,
    222.84023154131));
#9347 = DIRECTION('',(-0.724159282103,0.609014793326,-0.323565009936));
#9348 = DIRECTION('',(-0.64363873276,-0.765329459574,1.907962778693E-17)
  );
#9349 = ADVANCED_FACE('',(#9350),#9367,.T.);
#9350 = FACE_BOUND('',#9351,.T.);
#9351 = EDGE_LOOP('',(#9352,#9360,#9361));
#9352 = ORIENTED_EDGE('',*,*,#9353,.T.);
#9353 = EDGE_CURVE('',#9354,#7753,#9356,.T.);
#9354 = VERTEX_POINT('',#9355);
#9355 = CARTESIAN_POINT('',(54.978675842285,41.483947753906,
    222.34024775189));
#9356 = LINE('',#9357,#9358);
#9357 = CARTESIAN_POINT('',(54.978675842285,41.483947753906,
    222.34024775189));
#9358 = VECTOR('',#9359,1.);
#9359 = DIRECTION('',(0.688432439516,0.716704650038,0.111333826108));
#9360 = ORIENTED_EDGE('',*,*,#7752,.F.);
#9361 = ORIENTED_EDGE('',*,*,#9362,.T.);
#9362 = EDGE_CURVE('',#7730,#9354,#9363,.T.);
#9363 = LINE('',#9364,#9365);
#9364 = CARTESIAN_POINT('',(55.369873046875,41.624473571777,
    222.26316797894));
#9365 = VECTOR('',#9366,1.);
#9366 = DIRECTION('',(-0.925346196933,-0.332402761605,0.182326136082));
#9367 = PLANE('',#9368);
#9368 = AXIS2_PLACEMENT_3D('',#9369,#9370,#9371);
#9369 = CARTESIAN_POINT('',(55.168594222481,41.587960751398,
    222.32165838003));
#9370 = DIRECTION('',(-0.323290952782,0.440629094893,-0.837453855793));
#9371 = DIRECTION('',(-7.309652303193E-18,0.884977488335,0.465633810135)
  );
#9372 = ADVANCED_FACE('',(#9373),#9383,.T.);
#9373 = FACE_BOUND('',#9374,.T.);
#9374 = EDGE_LOOP('',(#9375,#9376,#9377));
#9375 = ORIENTED_EDGE('',*,*,#9362,.F.);
#9376 = ORIENTED_EDGE('',*,*,#7876,.F.);
#9377 = ORIENTED_EDGE('',*,*,#9378,.T.);
#9378 = EDGE_CURVE('',#7854,#9354,#9379,.T.);
#9379 = LINE('',#9380,#9381);
#9380 = CARTESIAN_POINT('',(55.17951965332,41.43436050415,222.2100826518
    ));
#9381 = VECTOR('',#9382,1.);
#9382 = DIRECTION('',(-0.82172317454,0.20287900372,0.532551532035));
#9383 = PLANE('',#9384);
#9384 = AXIS2_PLACEMENT_3D('',#9385,#9386,#9387);
#9385 = CARTESIAN_POINT('',(55.178815158752,41.522308624059,
    222.27585863009));
#9386 = DIRECTION('',(-0.349089661314,0.559447341655,-0.751767969708));
#9387 = DIRECTION('',(-1.166899713674E-16,0.802237254623,0.597005349469)
  );
#9388 = ADVANCED_FACE('',(#9389),#9404,.T.);
#9389 = FACE_BOUND('',#9390,.T.);
#9390 = EDGE_LOOP('',(#9391,#9397,#9398));
#9391 = ORIENTED_EDGE('',*,*,#9392,.T.);
#9392 = EDGE_CURVE('',#2853,#9237,#9393,.T.);
#9393 = LINE('',#9394,#9395);
#9394 = CARTESIAN_POINT('',(54.448989868164,41.341541290283,
    223.03115809125));
#9395 = VECTOR('',#9396,1.);
#9396 = DIRECTION('',(0.401129036619,0.912983496488,-7.454281402117E-02)
  );
#9397 = ORIENTED_EDGE('',*,*,#9339,.F.);
#9398 = ORIENTED_EDGE('',*,*,#9399,.T.);
#9399 = EDGE_CURVE('',#9276,#2853,#9400,.T.);
#9400 = LINE('',#9401,#9402);
#9401 = CARTESIAN_POINT('',(54.658020019531,41.574333190918,
    222.74430811566));
#9402 = VECTOR('',#9403,1.);
#9403 = DIRECTION('',(-0.49245823611,-0.548439007567,0.675795487308));
#9404 = PLANE('',#9405);
#9405 = AXIS2_PLACEMENT_3D('',#9406,#9407,#9408);
#9406 = CARTESIAN_POINT('',(54.55635744464,41.49951316098,
    222.92301393402));
#9407 = DIRECTION('',(-0.868957900763,0.353509057901,-0.346328619499));
#9408 = DIRECTION('',(-0.376829827729,-0.926282506007,
    -5.547653220279E-17));
#9409 = ADVANCED_FACE('',(#9410),#9420,.T.);
#9410 = FACE_BOUND('',#9411,.T.);
#9411 = EDGE_LOOP('',(#9412,#9413,#9414));
#9412 = ORIENTED_EDGE('',*,*,#9307,.F.);
#9413 = ORIENTED_EDGE('',*,*,#9353,.F.);
#9414 = ORIENTED_EDGE('',*,*,#9415,.T.);
#9415 = EDGE_CURVE('',#9354,#9299,#9416,.T.);
#9416 = LINE('',#9417,#9418);
#9417 = CARTESIAN_POINT('',(54.978675842285,41.483947753906,
    222.34024775189));
#9418 = VECTOR('',#9419,1.);
#9419 = DIRECTION('',(-0.693355018378,0.187653583569,0.695733390793));
#9420 = PLANE('',#9421);
#9421 = AXIS2_PLACEMENT_3D('',#9422,#9423,#9424);
#9422 = CARTESIAN_POINT('',(54.985660411907,41.574113499058,
    222.41500956824));
#9423 = DIRECTION('',(-0.495509838626,0.576842174784,-0.649402113652));
#9424 = DIRECTION('',(3.10275591688E-17,0.747640312032,0.664103880296));
#9425 = ADVANCED_FACE('',(#9426),#9441,.T.);
#9426 = FACE_BOUND('',#9427,.T.);
#9427 = EDGE_LOOP('',(#9428,#9434,#9435));
#9428 = ORIENTED_EDGE('',*,*,#9429,.T.);
#9429 = EDGE_CURVE('',#6656,#9276,#9430,.T.);
#9430 = LINE('',#9431,#9432);
#9431 = CARTESIAN_POINT('',(54.528915405273,41.32152557373,
    222.78005182904));
#9432 = VECTOR('',#9433,1.);
#9433 = DIRECTION('',(0.451245663426,0.883611647753,-0.124931209854));
#9434 = ORIENTED_EDGE('',*,*,#9323,.F.);
#9435 = ORIENTED_EDGE('',*,*,#9436,.T.);
#9436 = EDGE_CURVE('',#9299,#6656,#9437,.T.);
#9437 = LINE('',#9438,#9439);
#9438 = CARTESIAN_POINT('',(54.800743103027,41.532104492188,
    222.51879084271));
#9439 = VECTOR('',#9440,1.);
#9440 = DIRECTION('',(-0.629454979529,-0.487624881136,0.604986284178));
#9441 = PLANE('',#9442);
#9442 = AXIS2_PLACEMENT_3D('',#9443,#9444,#9445);
#9443 = CARTESIAN_POINT('',(54.661818970501,41.467492703546,
    222.6771820207));
#9444 = DIRECTION('',(-0.773345724598,0.317334594575,-0.548848927604));
#9445 = DIRECTION('',(-0.578763086277,6.53301542123E-19,0.815495732645)
  );
#9446 = ADVANCED_FACE('',(#9447),#9462,.T.);
#9447 = FACE_BOUND('',#9448,.T.);
#9448 = EDGE_LOOP('',(#9449,#9455,#9456));
#9449 = ORIENTED_EDGE('',*,*,#9450,.T.);
#9450 = EDGE_CURVE('',#6509,#9299,#9451,.T.);
#9451 = LINE('',#9452,#9453);
#9452 = CARTESIAN_POINT('',(54.653564453125,41.292095184326,
    222.5575939433));
#9453 = VECTOR('',#9454,1.);
#9454 = DIRECTION('',(0.517863370567,0.844497685086,-0.136532740796));
#9455 = ORIENTED_EDGE('',*,*,#9415,.F.);
#9456 = ORIENTED_EDGE('',*,*,#9457,.T.);
#9457 = EDGE_CURVE('',#9354,#6509,#9458,.T.);
#9458 = LINE('',#9459,#9460);
#9459 = CARTESIAN_POINT('',(54.978675842285,41.483947753906,
    222.34024775189));
#9460 = VECTOR('',#9461,1.);
#9461 = DIRECTION('',(-0.74635928441,-0.440436574412,0.49896236581));
#9462 = PLANE('',#9463);
#9463 = AXIS2_PLACEMENT_3D('',#9464,#9465,#9466);
#9464 = CARTESIAN_POINT('',(54.809565987299,41.42656965681,
    222.46980554955));
#9465 = DIRECTION('',(-0.641845132718,0.278053199545,-0.714647636132));
#9466 = DIRECTION('',(0.743986230059,2.430802554634E-17,-0.668194948711)
  );
#9467 = ADVANCED_FACE('',(#9468),#9473,.T.);
#9468 = FACE_BOUND('',#9469,.T.);
#9469 = EDGE_LOOP('',(#9470,#9471,#9472));
#9470 = ORIENTED_EDGE('',*,*,#9436,.F.);
#9471 = ORIENTED_EDGE('',*,*,#9450,.F.);
#9472 = ORIENTED_EDGE('',*,*,#6679,.F.);
#9473 = PLANE('',#9474);
#9474 = AXIS2_PLACEMENT_3D('',#9475,#9476,#9477);
#9475 = CARTESIAN_POINT('',(54.663619301118,41.390848252783,
    222.62204364544));
#9476 = DIRECTION('',(-0.777032660096,0.397597035613,-0.487992666353));
#9477 = DIRECTION('',(-0.5318372594,1.151554853733E-17,0.846846579679));
#9478 = ADVANCED_FACE('',(#9479),#9484,.T.);
#9479 = FACE_BOUND('',#9480,.T.);
#9480 = EDGE_LOOP('',(#9481,#9482,#9483));
#9481 = ORIENTED_EDGE('',*,*,#9399,.F.);
#9482 = ORIENTED_EDGE('',*,*,#9429,.F.);
#9483 = ORIENTED_EDGE('',*,*,#6748,.F.);
#9484 = PLANE('',#9485);
#9485 = AXIS2_PLACEMENT_3D('',#9486,#9487,#9488);
#9486 = CARTESIAN_POINT('',(54.547733638856,41.420732356238,
    222.85572965739));
#9487 = DIRECTION('',(-0.864489103827,0.398089390618,-0.306893184091));
#9488 = DIRECTION('',(-0.418273617228,-0.908321078216,2.346063409059E-18
    ));
#9489 = ADVANCED_FACE('',(#9490),#9507,.T.);
#9490 = FACE_BOUND('',#9491,.T.);
#9491 = EDGE_LOOP('',(#9492,#9500,#9506));
#9492 = ORIENTED_EDGE('',*,*,#9493,.T.);
#9493 = EDGE_CURVE('',#1719,#9494,#9496,.T.);
#9494 = VERTEX_POINT('',#9495);
#9495 = CARTESIAN_POINT('',(54.986221313477,-41.99718856811,
    222.97281611127));
#9496 = LINE('',#9497,#9498);
#9497 = CARTESIAN_POINT('',(55.145889282227,-42.11165237426,
    223.29837763471));
#9498 = VECTOR('',#9499,1.);
#9499 = DIRECTION('',(-0.419908325575,0.301026596359,-0.856189223477));
#9500 = ORIENTED_EDGE('',*,*,#9501,.T.);
#9501 = EDGE_CURVE('',#9494,#2268,#9502,.T.);
#9502 = LINE('',#9503,#9504);
#9503 = CARTESIAN_POINT('',(54.986221313477,-41.99718856811,
    222.97281611127));
#9504 = VECTOR('',#9505,1.);
#9505 = DIRECTION('',(0.524312162921,-0.31795090754,0.78993922311));
#9506 = ORIENTED_EDGE('',*,*,#2291,.F.);
#9507 = PLANE('',#9508);
#9508 = AXIS2_PLACEMENT_3D('',#9509,#9510,#9511);
#9509 = CARTESIAN_POINT('',(55.087178313909,-42.06295954313,
    223.14684251778));
#9510 = DIRECTION('',(-0.276442142865,-0.940984877555,-0.195261880204));
#9511 = DIRECTION('',(-0.95945325925,0.281867776298,-4.205770755281E-17)
  );
#9512 = ADVANCED_FACE('',(#9513),#9523,.T.);
#9513 = FACE_BOUND('',#9514,.T.);
#9514 = EDGE_LOOP('',(#9515,#9521,#9522));
#9515 = ORIENTED_EDGE('',*,*,#9516,.T.);
#9516 = EDGE_CURVE('',#9494,#2644,#9517,.T.);
#9517 = LINE('',#9518,#9519);
#9518 = CARTESIAN_POINT('',(54.986221313477,-41.99718856811,
    222.97281611127));
#9519 = VECTOR('',#9520,1.);
#9520 = DIRECTION('',(0.897153580562,-0.391026868826,0.205459097487));
#9521 = ORIENTED_EDGE('',*,*,#2666,.F.);
#9522 = ORIENTED_EDGE('',*,*,#9501,.F.);
#9523 = PLANE('',#9524);
#9524 = AXIS2_PLACEMENT_3D('',#9525,#9526,#9527);
#9525 = CARTESIAN_POINT('',(55.135973544872,-42.07545198392,
    223.10443965846));
#9526 = DIRECTION('',(-0.372762403688,-0.919766687029,-0.122790194352));
#9527 = DIRECTION('',(-0.926779953731,0.375604735543,-1.454022812773E-17
    ));
#9528 = ADVANCED_FACE('',(#9529),#9539,.T.);
#9529 = FACE_BOUND('',#9530,.T.);
#9530 = EDGE_LOOP('',(#9531,#9537,#9538));
#9531 = ORIENTED_EDGE('',*,*,#9532,.T.);
#9532 = EDGE_CURVE('',#1688,#9494,#9533,.T.);
#9533 = LINE('',#9534,#9535);
#9534 = CARTESIAN_POINT('',(54.936141967773,-42.01875305175,
    223.29837763471));
#9535 = VECTOR('',#9536,1.);
#9536 = DIRECTION('',(0.151711525526,6.532794437812E-02,-0.986263591899)
  );
#9537 = ORIENTED_EDGE('',*,*,#9493,.F.);
#9538 = ORIENTED_EDGE('',*,*,#1718,.F.);
#9539 = PLANE('',#9540);
#9540 = AXIS2_PLACEMENT_3D('',#9541,#9542,#9543);
#9541 = CARTESIAN_POINT('',(55.023104655496,-42.04073648147,
    223.17533322783));
#9542 = DIRECTION('',(-0.401944976389,-0.907508010584,-0.121940340667));
#9543 = DIRECTION('',(-0.91433127014,0.404967070815,-6.705016467795E-18)
  );
#9544 = ADVANCED_FACE('',(#9545),#9562,.T.);
#9545 = FACE_BOUND('',#9546,.T.);
#9546 = EDGE_LOOP('',(#9547,#9555,#9561));
#9547 = ORIENTED_EDGE('',*,*,#9548,.T.);
#9548 = EDGE_CURVE('',#1666,#9549,#9551,.T.);
#9549 = VERTEX_POINT('',#9550);
#9550 = CARTESIAN_POINT('',(54.742309570313,-41.83055114746,
    223.00975763959));
#9551 = LINE('',#9552,#9553);
#9552 = CARTESIAN_POINT('',(54.838645935059,-41.95567703247,
    223.29837763471));
#9553 = VECTOR('',#9554,1.);
#9554 = DIRECTION('',(-0.292818831209,0.380325908074,-0.877273808874));
#9555 = ORIENTED_EDGE('',*,*,#9556,.T.);
#9556 = EDGE_CURVE('',#9549,#1688,#9557,.T.);
#9557 = LINE('',#9558,#9559);
#9558 = CARTESIAN_POINT('',(54.742309570313,-41.83055114746,
    223.00975763959));
#9559 = VECTOR('',#9560,1.);
#9560 = DIRECTION('',(0.490294880652,-0.476052669288,0.730058070341));
#9561 = ORIENTED_EDGE('',*,*,#2307,.F.);
#9562 = PLANE('',#9563);
#9563 = AXIS2_PLACEMENT_3D('',#9564,#9565,#9566);
#9564 = CARTESIAN_POINT('',(54.826798471872,-41.92095050124,
    223.17400611045));
#9565 = DIRECTION('',(-0.534348940424,-0.825938325936,-0.17971391604));
#9566 = DIRECTION('',(-0.839608054045,0.543192705753,-1.256322318826E-16
    ));
#9567 = ADVANCED_FACE('',(#9568),#9578,.T.);
#9568 = FACE_BOUND('',#9569,.T.);
#9569 = EDGE_LOOP('',(#9570,#9576,#9577));
#9570 = ORIENTED_EDGE('',*,*,#9571,.T.);
#9571 = EDGE_CURVE('',#9549,#9494,#9572,.T.);
#9572 = LINE('',#9573,#9574);
#9573 = CARTESIAN_POINT('',(54.742309570313,-41.83055114746,
    223.00975763959));
#9574 = VECTOR('',#9575,1.);
#9575 = DIRECTION('',(0.819318961208,-0.559748360689,-0.124089534256));
#9576 = ORIENTED_EDGE('',*,*,#9532,.F.);
#9577 = ORIENTED_EDGE('',*,*,#9556,.F.);
#9578 = PLANE('',#9579);
#9579 = AXIS2_PLACEMENT_3D('',#9580,#9581,#9582);
#9580 = CARTESIAN_POINT('',(54.885858383314,-41.94839606736,
    223.10074421451));
#9581 = DIRECTION('',(-0.572956595789,-0.807259875941,-0.141605903968));
#9582 = DIRECTION('',(-0.815477349741,0.578788987507,-2.58156571772E-18)
  );
#9583 = ADVANCED_FACE('',(#9584),#9594,.T.);
#9584 = FACE_BOUND('',#9585,.T.);
#9585 = EDGE_LOOP('',(#9586,#9592,#9593));
#9586 = ORIENTED_EDGE('',*,*,#9587,.T.);
#9587 = EDGE_CURVE('',#1635,#9549,#9588,.T.);
#9588 = LINE('',#9589,#9590);
#9589 = CARTESIAN_POINT('',(54.707481384277,-41.84398269653,
    223.29837763471));
#9590 = VECTOR('',#9591,1.);
#9591 = DIRECTION('',(0.119674658958,4.615273539869E-02,-0.991739835349)
  );
#9592 = ORIENTED_EDGE('',*,*,#9548,.F.);
#9593 = ORIENTED_EDGE('',*,*,#1665,.F.);
#9594 = PLANE('',#9595);
#9595 = AXIS2_PLACEMENT_3D('',#9596,#9597,#9598);
#9596 = CARTESIAN_POINT('',(54.762601798899,-41.87406081821,
    223.18544654228));
#9597 = DIRECTION('',(-0.644189017097,-0.756482075269,-0.112939718651));
#9598 = DIRECTION('',(-0.761353334378,0.648337180973,4.586145849636E-18)
  );
#9599 = ADVANCED_FACE('',(#9600),#9617,.T.);
#9600 = FACE_BOUND('',#9601,.T.);
#9601 = EDGE_LOOP('',(#9602,#9610,#9616));
#9602 = ORIENTED_EDGE('',*,*,#9603,.T.);
#9603 = EDGE_CURVE('',#1613,#9604,#9606,.T.);
#9604 = VERTEX_POINT('',#9605);
#9605 = CARTESIAN_POINT('',(54.564781188965,-41.60501098632,
    223.00986445111));
#9606 = LINE('',#9607,#9608);
#9607 = CARTESIAN_POINT('',(54.594734191895,-41.71230316162,
    223.29837763471));
#9608 = VECTOR('',#9609,1.);
#9609 = DIRECTION('',(-9.685029452937E-02,0.346919432493,-0.93288098266)
  );
#9610 = ORIENTED_EDGE('',*,*,#9611,.T.);
#9611 = EDGE_CURVE('',#9604,#1635,#9612,.T.);
#9612 = LINE('',#9613,#9614);
#9613 = CARTESIAN_POINT('',(54.564781188965,-41.60501098632,
    223.00986445111));
#9614 = VECTOR('',#9615,1.);
#9615 = DIRECTION('',(0.355960818453,-0.596106861419,0.719686393852));
#9616 = ORIENTED_EDGE('',*,*,#2323,.F.);
#9617 = PLANE('',#9618);
#9618 = AXIS2_PLACEMENT_3D('',#9619,#9620,#9621);
#9619 = CARTESIAN_POINT('',(54.619336383221,-41.71197567009,
    223.1824255618));
#9620 = DIRECTION('',(-0.749706452347,-0.641916738769,-0.160882366337));
#9621 = DIRECTION('',(0.650388973233,-0.759601331948,-1.279956300016E-17
    ));
#9622 = ADVANCED_FACE('',(#9623),#9633,.T.);
#9623 = FACE_BOUND('',#9624,.T.);
#9624 = EDGE_LOOP('',(#9625,#9631,#9632));
#9625 = ORIENTED_EDGE('',*,*,#9626,.T.);
#9626 = EDGE_CURVE('',#9604,#9549,#9627,.T.);
#9627 = LINE('',#9628,#9629);
#9628 = CARTESIAN_POINT('',(54.564781188965,-41.60501098632,
    223.00986445111));
#9629 = VECTOR('',#9630,1.);
#9630 = DIRECTION('',(0.618506838971,-0.785779327589,-3.721301192828E-04
    ));
#9631 = ORIENTED_EDGE('',*,*,#9587,.F.);
#9632 = ORIENTED_EDGE('',*,*,#9611,.F.);
#9633 = PLANE('',#9634);
#9634 = AXIS2_PLACEMENT_3D('',#9635,#9636,#9637);
#9635 = CARTESIAN_POINT('',(54.667625418483,-41.75605262749,
    223.11179309897));
#9636 = DIRECTION('',(-0.779872754632,-0.613799530069,-0.122672831022));
#9637 = DIRECTION('',(0.618470737121,-0.785807831041,-9.20214394866E-19)
  );
#9638 = ADVANCED_FACE('',(#9639),#9649,.T.);
#9639 = FACE_BOUND('',#9640,.T.);
#9640 = EDGE_LOOP('',(#9641,#9647,#9648));
#9641 = ORIENTED_EDGE('',*,*,#9642,.T.);
#9642 = EDGE_CURVE('',#1582,#9604,#9643,.T.);
#9643 = LINE('',#9644,#9645);
#9644 = CARTESIAN_POINT('',(54.531982421875,-41.61587905883,
    223.29837763471));
#9645 = VECTOR('',#9646,1.);
#9646 = DIRECTION('',(0.112875458643,3.740197507246E-02,-0.992904941622)
  );
#9647 = ORIENTED_EDGE('',*,*,#9603,.F.);
#9648 = ORIENTED_EDGE('',*,*,#1612,.F.);
#9649 = PLANE('',#9650);
#9650 = AXIS2_PLACEMENT_3D('',#9651,#9652,#9653);
#9651 = CARTESIAN_POINT('',(54.564365539952,-41.6399352746,
    223.17733580014));
#9652 = DIRECTION('',(-0.832574820588,-0.541830747267,-0.115059156262));
#9653 = DIRECTION('',(0.545453298188,-0.838141216918,4.486321215535E-17)
  );
#9654 = ADVANCED_FACE('',(#9655),#9670,.T.);
#9655 = FACE_BOUND('',#9656,.T.);
#9656 = EDGE_LOOP('',(#9657,#9663,#9669));
#9657 = ORIENTED_EDGE('',*,*,#9658,.T.);
#9658 = EDGE_CURVE('',#1560,#6764,#9659,.T.);
#9659 = LINE('',#9660,#9661);
#9660 = CARTESIAN_POINT('',(54.438079833984,-41.4054107666,
    223.29837763471));
#9661 = VECTOR('',#9662,1.);
#9662 = DIRECTION('',(4.077581440351E-02,0.227850140022,-0.972842046096)
  );
#9663 = ORIENTED_EDGE('',*,*,#9664,.T.);
#9664 = EDGE_CURVE('',#6764,#1582,#9665,.T.);
#9665 = LINE('',#9666,#9667);
#9666 = CARTESIAN_POINT('',(54.449279785156,-41.34282684326,
    223.03116572064));
#9667 = VECTOR('',#9668,1.);
#9668 = DIRECTION('',(0.211572134081,-0.698529602648,0.683588784508));
#9669 = ORIENTED_EDGE('',*,*,#2339,.F.);
#9670 = PLANE('',#9671);
#9671 = AXIS2_PLACEMENT_3D('',#9672,#9673,#9674);
#9672 = CARTESIAN_POINT('',(54.474798226274,-41.45514282215,
    223.1991360713));
#9673 = DIRECTION('',(-0.905173932237,-0.403852636542,-0.132526225162));
#9674 = DIRECTION('',(0.407446518886,-0.913229069975,-1.345114777923E-17
    ));
#9675 = ADVANCED_FACE('',(#9676),#9686,.T.);
#9676 = FACE_BOUND('',#9677,.T.);
#9677 = EDGE_LOOP('',(#9678,#9684,#9685));
#9678 = ORIENTED_EDGE('',*,*,#9679,.T.);
#9679 = EDGE_CURVE('',#6764,#9604,#9680,.T.);
#9680 = LINE('',#9681,#9682);
#9681 = CARTESIAN_POINT('',(54.449279785156,-41.34282684326,
    223.03116572064));
#9682 = VECTOR('',#9683,1.);
#9683 = DIRECTION('',(0.402039382533,-0.912615323386,-7.414584556649E-02
    ));
#9684 = ORIENTED_EDGE('',*,*,#9642,.F.);
#9685 = ORIENTED_EDGE('',*,*,#9664,.F.);
#9686 = PLANE('',#9687);
#9687 = AXIS2_PLACEMENT_3D('',#9688,#9689,#9690);
#9688 = CARTESIAN_POINT('',(54.512816448314,-41.51706192416,
    223.11879729951));
#9689 = DIRECTION('',(-0.912204400191,-0.392232690411,-0.118476364076));
#9690 = DIRECTION('',(0.395014830123,-0.918674743303,3.412317363684E-17)
  );
#9691 = ADVANCED_FACE('',(#9692),#9697,.T.);
#9692 = FACE_BOUND('',#9693,.T.);
#9693 = EDGE_LOOP('',(#9694,#9695,#9696));
#9694 = ORIENTED_EDGE('',*,*,#6787,.F.);
#9695 = ORIENTED_EDGE('',*,*,#9658,.F.);
#9696 = ORIENTED_EDGE('',*,*,#1559,.F.);
#9697 = PLANE('',#9698);
#9698 = AXIS2_PLACEMENT_3D('',#9699,#9700,#9701);
#9699 = CARTESIAN_POINT('',(54.438679262966,-41.36209035654,
    223.17760732905));
#9700 = DIRECTION('',(-0.953238471473,-0.282937256105,-0.106221116604));
#9701 = DIRECTION('',(0.284547071564,-0.958662069795,-1.299043973261E-17
    ));
#9702 = ADVANCED_FACE('',(#9703),#9720,.T.);
#9703 = FACE_BOUND('',#9704,.T.);
#9704 = EDGE_LOOP('',(#9705,#9713,#9719));
#9705 = ORIENTED_EDGE('',*,*,#9706,.T.);
#9706 = EDGE_CURVE('',#6803,#9707,#9709,.T.);
#9707 = VERTEX_POINT('',#9708);
#9708 = CARTESIAN_POINT('',(54.658508300781,-41.57556152343,
    222.7445369975));
#9709 = LINE('',#9710,#9711);
#9710 = CARTESIAN_POINT('',(54.529205322266,-41.32284545898,
    222.78006708783));
#9711 = VECTOR('',#9712,1.);
#9712 = DIRECTION('',(0.451967280219,-0.883346954802,-0.124192330893));
#9713 = ORIENTED_EDGE('',*,*,#9714,.T.);
#9714 = EDGE_CURVE('',#9707,#6764,#9715,.T.);
#9715 = LINE('',#9716,#9717);
#9716 = CARTESIAN_POINT('',(54.658508300781,-41.57556152343,
    222.7445369975));
#9717 = VECTOR('',#9718,1.);
#9718 = DIRECTION('',(-0.49302210902,0.54841158969,0.675406491167));
#9719 = ORIENTED_EDGE('',*,*,#6826,.F.);
#9720 = PLANE('',#9721);
#9721 = AXIS2_PLACEMENT_3D('',#9722,#9723,#9724);
#9722 = CARTESIAN_POINT('',(54.548095109246,-41.42200397693,
    222.85581856035));
#9723 = DIRECTION('',(-0.864107624365,-0.398989745781,-0.306798299011));
#9724 = DIRECTION('',(0.419206148815,-0.907891075403,2.686840320633E-17)
  );
#9725 = ADVANCED_FACE('',(#9726),#9736,.T.);
#9726 = FACE_BOUND('',#9727,.T.);
#9727 = EDGE_LOOP('',(#9728,#9729,#9735));
#9728 = ORIENTED_EDGE('',*,*,#9714,.F.);
#9729 = ORIENTED_EDGE('',*,*,#9730,.T.);
#9730 = EDGE_CURVE('',#9707,#9604,#9731,.T.);
#9731 = LINE('',#9732,#9733);
#9732 = CARTESIAN_POINT('',(54.658508300781,-41.57556152343,
    222.7445369975));
#9733 = VECTOR('',#9734,1.);
#9734 = DIRECTION('',(-0.331270427052,-0.104086597348,0.937777097403));
#9735 = ORIENTED_EDGE('',*,*,#9679,.F.);
#9736 = PLANE('',#9737);
#9737 = AXIS2_PLACEMENT_3D('',#9738,#9739,#9740);
#9738 = CARTESIAN_POINT('',(54.556785823094,-41.50073893115,
    222.92314129196));
#9739 = DIRECTION('',(-0.868601967899,-0.354524070861,-0.34618391722));
#9740 = DIRECTION('',(0.377890286719,-0.925850382731,1.250468016583E-17)
  );
#9741 = ADVANCED_FACE('',(#9742),#9759,.T.);
#9742 = FACE_BOUND('',#9743,.T.);
#9743 = EDGE_LOOP('',(#9744,#9752,#9758));
#9744 = ORIENTED_EDGE('',*,*,#9745,.T.);
#9745 = EDGE_CURVE('',#6858,#9746,#9748,.T.);
#9746 = VERTEX_POINT('',#9747);
#9747 = CARTESIAN_POINT('',(54.801132202148,-41.53331375122,
    222.51909601849));
#9748 = LINE('',#9749,#9750);
#9749 = CARTESIAN_POINT('',(54.653839111328,-41.29336929321,
    222.55763971967));
#9750 = VECTOR('',#9751,1.);
#9751 = DIRECTION('',(0.518322160516,-0.844360921383,-0.135634701902));
#9752 = ORIENTED_EDGE('',*,*,#9753,.T.);
#9753 = EDGE_CURVE('',#9746,#6803,#9754,.T.);
#9754 = LINE('',#9755,#9756);
#9755 = CARTESIAN_POINT('',(54.801132202148,-41.53331375122,
    222.51909601849));
#9756 = VECTOR('',#9757,1.);
#9757 = DIRECTION('',(-0.629927985524,0.487557049903,0.604548472948));
#9758 = ORIENTED_EDGE('',*,*,#6881,.F.);
#9759 = PLANE('',#9760);
#9760 = AXIS2_PLACEMENT_3D('',#9761,#9762,#9763);
#9761 = CARTESIAN_POINT('',(54.66394138945,-41.39211032428,
    222.62217067236));
#9762 = DIRECTION('',(-0.776648066061,-0.398369408161,-0.48797499539));
#9763 = DIRECTION('',(-0.532012278693,-1.324393648829E-17,0.846736638702
    ));
#9764 = ADVANCED_FACE('',(#9765),#9775,.T.);
#9765 = FACE_BOUND('',#9766,.T.);
#9766 = EDGE_LOOP('',(#9767,#9768,#9774));
#9767 = ORIENTED_EDGE('',*,*,#9753,.F.);
#9768 = ORIENTED_EDGE('',*,*,#9769,.T.);
#9769 = EDGE_CURVE('',#9746,#9707,#9770,.T.);
#9770 = LINE('',#9771,#9772);
#9771 = CARTESIAN_POINT('',(54.801132202148,-41.53331375122,
    222.51909601849));
#9772 = VECTOR('',#9773,1.);
#9773 = DIRECTION('',(-0.528055300625,-0.15641950504,0.834679901474));
#9774 = ORIENTED_EDGE('',*,*,#9706,.F.);
#9775 = PLANE('',#9776);
#9776 = AXIS2_PLACEMENT_3D('',#9777,#9778,#9779);
#9777 = CARTESIAN_POINT('',(54.662192955225,-41.46874493288,
    222.6773687641));
#9778 = DIRECTION('',(-0.773018415529,-0.318372761953,-0.548708769475));
#9779 = DIRECTION('',(-0.578827720907,7.233680324762E-18,0.81544985714)
  );
#9780 = ADVANCED_FACE('',(#9781),#9798,.T.);
#9781 = FACE_BOUND('',#9782,.T.);
#9782 = EDGE_LOOP('',(#9783,#9791,#9797));
#9783 = ORIENTED_EDGE('',*,*,#9784,.T.);
#9784 = EDGE_CURVE('',#6897,#9785,#9787,.T.);
#9785 = VERTEX_POINT('',#9786);
#9786 = CARTESIAN_POINT('',(54.978942871094,-41.48514938354,
    222.34061396283));
#9787 = LINE('',#9788,#9789);
#9788 = CARTESIAN_POINT('',(54.814155578613,-41.25837707519,
    222.37060511273));
#9789 = VECTOR('',#9790,1.);
#9790 = DIRECTION('',(0.584513824343,-0.804379677664,-0.106381028913));
#9791 = ORIENTED_EDGE('',*,*,#9792,.T.);
#9792 = EDGE_CURVE('',#9785,#6858,#9793,.T.);
#9793 = LINE('',#9794,#9795);
#9794 = CARTESIAN_POINT('',(54.978942871094,-41.48514938354,
    222.34061396283));
#9795 = VECTOR('',#9796,1.);
#9796 = DIRECTION('',(-0.746680182327,0.44046981468,0.498452653395));
#9797 = ORIENTED_EDGE('',*,*,#6920,.F.);
#9798 = PLANE('',#9799);
#9799 = AXIS2_PLACEMENT_3D('',#9800,#9801,#9802);
#9800 = CARTESIAN_POINT('',(54.818562306237,-41.35495305428,
    222.42569996488));
#9801 = DIRECTION('',(-0.659754562992,-0.3948602373,-0.639381974731));
#9802 = DIRECTION('',(-0.69593262452,8.833058333963E-18,0.718107082633)
  );
#9803 = ADVANCED_FACE('',(#9804),#9814,.T.);
#9804 = FACE_BOUND('',#9805,.T.);
#9805 = EDGE_LOOP('',(#9806,#9807,#9813));
#9806 = ORIENTED_EDGE('',*,*,#9792,.F.);
#9807 = ORIENTED_EDGE('',*,*,#9808,.T.);
#9808 = EDGE_CURVE('',#9785,#9746,#9809,.T.);
#9809 = LINE('',#9810,#9811);
#9810 = CARTESIAN_POINT('',(54.978942871094,-41.48514938354,
    222.34061396283));
#9811 = VECTOR('',#9812,1.);
#9812 = DIRECTION('',(-0.693218800497,-0.187775263346,0.695836291891));
#9813 = ORIENTED_EDGE('',*,*,#9745,.F.);
#9814 = PLANE('',#9815);
#9815 = AXIS2_PLACEMENT_3D('',#9816,#9817,#9818);
#9816 = CARTESIAN_POINT('',(54.809860591615,-41.42779788162,
    222.47004399687));
#9817 = DIRECTION('',(-0.64158591277,-0.27907450297,-0.714482286923));
#9818 = DIRECTION('',(0.744043544146,4.397108410465E-17,-0.668131128159)
  );
#9819 = ADVANCED_FACE('',(#9820),#9835,.T.);
#9820 = FACE_BOUND('',#9821,.T.);
#9821 = EDGE_LOOP('',(#9822,#9828,#9834));
#9822 = ORIENTED_EDGE('',*,*,#9823,.T.);
#9823 = EDGE_CURVE('',#6952,#4852,#9824,.T.);
#9824 = LINE('',#9825,#9826);
#9825 = CARTESIAN_POINT('',(55.001396179199,-41.2205505371,
    222.22238123578));
#9826 = VECTOR('',#9827,1.);
#9827 = DIRECTION('',(0.637666306861,-0.7691351735,-4.257658956956E-02)
  );
#9828 = ORIENTED_EDGE('',*,*,#9829,.T.);
#9829 = EDGE_CURVE('',#4852,#6897,#9830,.T.);
#9830 = LINE('',#9831,#9832);
#9831 = CARTESIAN_POINT('',(55.179649353027,-41.43555450439,
    222.21047938031));
#9832 = VECTOR('',#9833,1.);
#9833 = DIRECTION('',(-0.837140335817,0.405813677174,0.366757845951));
#9834 = ORIENTED_EDGE('',*,*,#6975,.F.);
#9835 = PLANE('',#9836);
#9836 = AXIS2_PLACEMENT_3D('',#9837,#9838,#9839);
#9837 = CARTESIAN_POINT('',(55.001726543527,-41.31431241492,
    222.27041704932));
#9838 = DIRECTION('',(-0.521624327582,-0.390470488098,-0.758578182391));
#9839 = DIRECTION('',(0.823990284275,2.095370713982E-17,-0.566603928172)
  );
#9840 = ADVANCED_FACE('',(#9841),#9851,.T.);
#9841 = FACE_BOUND('',#9842,.T.);
#9842 = EDGE_LOOP('',(#9843,#9844,#9850));
#9843 = ORIENTED_EDGE('',*,*,#9829,.F.);
#9844 = ORIENTED_EDGE('',*,*,#9845,.T.);
#9845 = EDGE_CURVE('',#4852,#9785,#9846,.T.);
#9846 = LINE('',#9847,#9848);
#9847 = CARTESIAN_POINT('',(55.179649353027,-41.43555450439,
    222.21047938031));
#9848 = VECTOR('',#9849,1.);
#9849 = DIRECTION('',(-0.821590039346,-0.203016157326,0.532704652797));
#9850 = ORIENTED_EDGE('',*,*,#9784,.F.);
#9851 = PLANE('',#9852);
#9852 = AXIS2_PLACEMENT_3D('',#9853,#9854,#9855);
#9853 = CARTESIAN_POINT('',(54.98842331333,-41.3829958188,
    222.30578992971));
#9854 = DIRECTION('',(-0.485229016,-0.24145527654,-0.840388095741));
#9855 = DIRECTION('',(0.866011694519,2.970890577012E-18,-0.500023744393)
  );
#9856 = ADVANCED_FACE('',(#9857),#9867,.T.);
#9857 = FACE_BOUND('',#9858,.T.);
#9858 = EDGE_LOOP('',(#9859,#9860,#9866));
#9859 = ORIENTED_EDGE('',*,*,#4774,.F.);
#9860 = ORIENTED_EDGE('',*,*,#9861,.T.);
#9861 = EDGE_CURVE('',#4728,#6952,#9862,.T.);
#9862 = LINE('',#9863,#9864);
#9863 = CARTESIAN_POINT('',(55.393203735352,-41.38703918457,
    222.12735712689));
#9864 = VECTOR('',#9865,1.);
#9865 = DIRECTION('',(-0.898250934545,0.381688869509,0.217850557682));
#9866 = ORIENTED_EDGE('',*,*,#7012,.F.);
#9867 = PLANE('',#9868);
#9868 = AXIS2_PLACEMENT_3D('',#9869,#9870,#9871);
#9869 = CARTESIAN_POINT('',(55.204358613954,-41.27254430917,
    222.15751987141));
#9870 = DIRECTION('',(-0.369068372228,-0.386005216226,-0.84545166016));
#9871 = DIRECTION('',(-1.474343048279E-16,0.909672494274,-0.415326321296
    ));
#9872 = ADVANCED_FACE('',(#9873),#9878,.T.);
#9873 = FACE_BOUND('',#9874,.T.);
#9874 = EDGE_LOOP('',(#9875,#9876,#9877));
#9875 = ORIENTED_EDGE('',*,*,#9861,.F.);
#9876 = ORIENTED_EDGE('',*,*,#4851,.F.);
#9877 = ORIENTED_EDGE('',*,*,#9823,.F.);
#9878 = PLANE('',#9879);
#9879 = AXIS2_PLACEMENT_3D('',#9880,#9881,#9882);
#9880 = CARTESIAN_POINT('',(55.187856027582,-41.33744044298,
    222.18563167914));
#9881 = DIRECTION('',(-0.313273312494,-0.208437172887,-0.926506220507));
#9882 = DIRECTION('',(0.947313237198,7.788982750828E-18,-0.320308649007)
  );
#9883 = ADVANCED_FACE('',(#9884),#9901,.T.);
#9884 = FACE_BOUND('',#9885,.T.);
#9885 = EDGE_LOOP('',(#9886,#9894,#9900));
#9886 = ORIENTED_EDGE('',*,*,#9887,.T.);
#9887 = EDGE_CURVE('',#9707,#9888,#9890,.T.);
#9888 = VERTEX_POINT('',#9889);
#9889 = CARTESIAN_POINT('',(54.841156005859,-41.79434204101,
    222.74835169476));
#9890 = LINE('',#9891,#9892);
#9891 = CARTESIAN_POINT('',(54.658508300781,-41.57556152343,
    222.7445369975));
#9892 = VECTOR('',#9893,1.);
#9893 = DIRECTION('',(0.640811350065,-0.767581715726,1.338369569894E-02)
  );
#9894 = ORIENTED_EDGE('',*,*,#9895,.T.);
#9895 = EDGE_CURVE('',#9888,#9604,#9896,.T.);
#9896 = LINE('',#9897,#9898);
#9897 = CARTESIAN_POINT('',(54.841156005859,-41.79434204101,
    222.74835169476));
#9898 = VECTOR('',#9899,1.);
#9899 = DIRECTION('',(-0.650305911029,0.445493208781,0.615335699444));
#9900 = ORIENTED_EDGE('',*,*,#9730,.F.);
#9901 = PLANE('',#9902);
#9902 = AXIS2_PLACEMENT_3D('',#9903,#9904,#9905);
#9903 = CARTESIAN_POINT('',(54.690398829108,-41.66428000252,
    222.84048354901));
#9904 = DIRECTION('',(-0.723642268746,-0.60976598318,-0.323306839768));
#9905 = DIRECTION('',(0.644372534349,-0.764711734562,-1.687595367383E-16
    ));
#9906 = ADVANCED_FACE('',(#9907),#9917,.T.);
#9907 = FACE_BOUND('',#9908,.T.);
#9908 = EDGE_LOOP('',(#9909,#9910,#9916));
#9909 = ORIENTED_EDGE('',*,*,#9895,.F.);
#9910 = ORIENTED_EDGE('',*,*,#9911,.T.);
#9911 = EDGE_CURVE('',#9888,#9549,#9912,.T.);
#9912 = LINE('',#9913,#9914);
#9913 = CARTESIAN_POINT('',(54.841156005859,-41.79434204101,
    222.74835169476));
#9914 = VECTOR('',#9915,1.);
#9915 = DIRECTION('',(-0.350760217151,-0.128489347839,0.92760862305));
#9916 = ORIENTED_EDGE('',*,*,#9626,.F.);
#9917 = PLANE('',#9918);
#9918 = AXIS2_PLACEMENT_3D('',#9919,#9920,#9921);
#9919 = CARTESIAN_POINT('',(54.713864363489,-41.73688205356,
    222.91684132931));
#9920 = DIRECTION('',(-0.733926272889,-0.577522670277,-0.35751893835));
#9921 = DIRECTION('',(0.618394933944,-0.785867486077,-1.346940810126E-17
    ));
#9922 = ADVANCED_FACE('',(#9923),#9940,.T.);
#9923 = FACE_BOUND('',#9924,.T.);
#9924 = EDGE_LOOP('',(#9925,#9933,#9939));
#9925 = ORIENTED_EDGE('',*,*,#9926,.T.);
#9926 = EDGE_CURVE('',#9746,#9927,#9929,.T.);
#9927 = VERTEX_POINT('',#9928);
#9928 = CARTESIAN_POINT('',(54.989379882813,-41.74266815185,
    222.5333172099));
#9929 = LINE('',#9930,#9931);
#9930 = CARTESIAN_POINT('',(54.801132202148,-41.53331375122,
    222.51909601849));
#9931 = VECTOR('',#9932,1.);
#9932 = DIRECTION('',(0.667777203424,-0.742649766983,5.044730109352E-02)
  );
#9933 = ORIENTED_EDGE('',*,*,#9934,.T.);
#9934 = EDGE_CURVE('',#9927,#9707,#9935,.T.);
#9935 = LINE('',#9936,#9937);
#9936 = CARTESIAN_POINT('',(54.989379882813,-41.74266815185,
    222.5333172099));
#9937 = VECTOR('',#9938,1.);
#9938 = DIRECTION('',(-0.775544211499,0.391688453802,0.495087195521));
#9939 = ORIENTED_EDGE('',*,*,#9769,.F.);
#9940 = PLANE('',#9941);
#9941 = AXIS2_PLACEMENT_3D('',#9942,#9943,#9944);
#9942 = CARTESIAN_POINT('',(54.818508727861,-41.62413987238,
    222.60449450309));
#9943 = DIRECTION('',(-0.623880008902,-0.595371696294,-0.506267002425));
#9944 = DIRECTION('',(0.690384650271,-0.723442488848,-8.818833162637E-17
    ));
#9945 = ADVANCED_FACE('',(#9946),#9956,.T.);
#9946 = FACE_BOUND('',#9947,.T.);
#9947 = EDGE_LOOP('',(#9948,#9949,#9955));
#9948 = ORIENTED_EDGE('',*,*,#9934,.F.);
#9949 = ORIENTED_EDGE('',*,*,#9950,.T.);
#9950 = EDGE_CURVE('',#9927,#9888,#9951,.T.);
#9951 = LINE('',#9952,#9953);
#9952 = CARTESIAN_POINT('',(54.989379882813,-41.74266815185,
    222.5333172099));
#9953 = VECTOR('',#9954,1.);
#9954 = DIRECTION('',(-0.556743657214,-0.194092278686,0.807690960396));
#9955 = ORIENTED_EDGE('',*,*,#9887,.F.);
#9956 = PLANE('',#9957);
#9957 = AXIS2_PLACEMENT_3D('',#9958,#9959,#9960);
#9958 = CARTESIAN_POINT('',(54.82720587945,-41.69642734445,
    222.67078442112));
#9959 = DIRECTION('',(-0.629708198787,-0.535520584067,-0.56274797949));
#9960 = DIRECTION('',(-0.66635074384,5.99893253616E-18,0.745638441997));
#9961 = ADVANCED_FACE('',(#9962),#9977,.T.);
#9962 = FACE_BOUND('',#9963,.T.);
#9963 = EDGE_LOOP('',(#9964,#9970,#9976));
#9964 = ORIENTED_EDGE('',*,*,#9965,.T.);
#9965 = EDGE_CURVE('',#9785,#5068,#9966,.T.);
#9966 = LINE('',#9967,#9968);
#9967 = CARTESIAN_POINT('',(54.978942871094,-41.48514938354,
    222.34061396283));
#9968 = VECTOR('',#9969,1.);
#9969 = DIRECTION('',(0.688489526972,-0.716505782073,0.112257006489));
#9970 = ORIENTED_EDGE('',*,*,#9971,.T.);
#9971 = EDGE_CURVE('',#5068,#9746,#9972,.T.);
#9972 = LINE('',#9973,#9974);
#9973 = CARTESIAN_POINT('',(55.170463562012,-41.68446350097,
    222.37184107465));
#9974 = VECTOR('',#9975,1.);
#9975 = DIRECTION('',(-0.868267989449,0.35534076872,0.346184396793));
#9976 = ORIENTED_EDGE('',*,*,#9808,.F.);
#9977 = PLANE('',#9978);
#9978 = AXIS2_PLACEMENT_3D('',#9979,#9980,#9981);
#9979 = CARTESIAN_POINT('',(54.985973626102,-41.57528473592,
    222.41543907886));
#9980 = DIRECTION('',(-0.495141988333,-0.577480129369,-0.64911563806));
#9981 = DIRECTION('',(-8.086235609206E-18,0.747130088493,-0.664677839911
    ));
#9982 = ADVANCED_FACE('',(#9983),#9993,.T.);
#9983 = FACE_BOUND('',#9984,.T.);
#9984 = EDGE_LOOP('',(#9985,#9986,#9992));
#9985 = ORIENTED_EDGE('',*,*,#9971,.F.);
#9986 = ORIENTED_EDGE('',*,*,#9987,.T.);
#9987 = EDGE_CURVE('',#5068,#9927,#9988,.T.);
#9988 = LINE('',#9989,#9990);
#9989 = CARTESIAN_POINT('',(55.170463562012,-41.68446350097,
    222.37184107465));
#9990 = VECTOR('',#9991,1.);
#9991 = DIRECTION('',(-0.725766629823,-0.23327885481,0.647181408056));
#9992 = ORIENTED_EDGE('',*,*,#9926,.F.);
#9993 = PLANE('',#9994);
#9994 = AXIS2_PLACEMENT_3D('',#9995,#9996,#9997);
#9995 = CARTESIAN_POINT('',(54.983666360822,-41.64476090028,
    222.47111133209));
#9996 = DIRECTION('',(-0.488212827118,-0.488134861916,-0.72344494747));
#9997 = DIRECTION('',(0.828908449333,1.389655759163E-17,-0.559384288861)
  );
#9998 = ADVANCED_FACE('',(#9999),#10009,.T.);
#9999 = FACE_BOUND('',#10000,.T.);
#10000 = EDGE_LOOP('',(#10001,#10002,#10008));
#10001 = ORIENTED_EDGE('',*,*,#4905,.F.);
#10002 = ORIENTED_EDGE('',*,*,#10003,.T.);
#10003 = EDGE_CURVE('',#4877,#9785,#10004,.T.);
#10004 = LINE('',#10005,#10006);
#10005 = CARTESIAN_POINT('',(55.369918823242,-41.62559890747,
    222.2637859599));
#10006 = VECTOR('',#10007,1.);
#10007 = DIRECTION('',(-0.925426902984,0.332439290033,0.181849293858));
#10008 = ORIENTED_EDGE('',*,*,#9845,.F.);
#10009 = PLANE('',#10010);
#10010 = AXIS2_PLACEMENT_3D('',#10011,#10012,#10013);
#10011 = CARTESIAN_POINT('',(55.178970885394,-41.52347863804,
    222.27632158723));
#10012 = DIRECTION('',(-0.348841066369,-0.560031910322,-0.751448048661)
  );
#10013 = DIRECTION('',(4.971339961889E-17,0.801816648466,-0.597570131652
    ));
#10014 = ADVANCED_FACE('',(#10015),#10020,.T.);
#10015 = FACE_BOUND('',#10016,.T.);
#10016 = EDGE_LOOP('',(#10017,#10018,#10019));
#10017 = ORIENTED_EDGE('',*,*,#10003,.F.);
#10018 = ORIENTED_EDGE('',*,*,#5067,.F.);
#10019 = ORIENTED_EDGE('',*,*,#9965,.F.);
#10020 = PLANE('',#10021);
#10021 = AXIS2_PLACEMENT_3D('',#10022,#10023,#10024);
#10022 = CARTESIAN_POINT('',(55.168762897491,-41.58910913516,
    222.32218711862));
#10023 = DIRECTION('',(-0.323114298724,-0.4416156643,-0.83700224313));
#10024 = DIRECTION('',(6.155231863963E-18,0.884443858247,-0.466646613198
    ));
#10025 = ADVANCED_FACE('',(#10026),#10036,.T.);
#10026 = FACE_BOUND('',#10027,.T.);
#10027 = EDGE_LOOP('',(#10028,#10034,#10035));
#10028 = ORIENTED_EDGE('',*,*,#10029,.T.);
#10029 = EDGE_CURVE('',#9888,#9494,#10030,.T.);
#10030 = LINE('',#10031,#10032);
#10031 = CARTESIAN_POINT('',(54.841156005859,-41.79434204101,
    222.74835169476));
#10032 = VECTOR('',#10033,1.);
#10033 = DIRECTION('',(0.432357222239,-0.60457019282,0.669000832833));
#10034 = ORIENTED_EDGE('',*,*,#9571,.F.);
#10035 = ORIENTED_EDGE('',*,*,#9911,.F.);
#10036 = PLANE('',#10037);
#10037 = AXIS2_PLACEMENT_3D('',#10038,#10039,#10040);
#10038 = CARTESIAN_POINT('',(54.860049632141,-41.87599543386,
    222.90879608169));
#10039 = DIRECTION('',(-0.567050177596,-0.759160354158,-0.319577303265)
  );
#10040 = DIRECTION('',(-0.801173738597,0.598431817822,
    -6.287604377926E-18));
#10041 = ADVANCED_FACE('',(#10042),#10057,.T.);
#10042 = FACE_BOUND('',#10043,.T.);
#10043 = EDGE_LOOP('',(#10044,#10050,#10056));
#10044 = ORIENTED_EDGE('',*,*,#10045,.T.);
#10045 = EDGE_CURVE('',#9927,#5231,#10046,.T.);
#10046 = LINE('',#10047,#10048);
#10047 = CARTESIAN_POINT('',(54.989379882813,-41.74266815185,
    222.5333172099));
#10048 = VECTOR('',#10049,1.);
#10049 = DIRECTION('',(0.463760643987,-0.683485949102,0.563713599685));
#10050 = ORIENTED_EDGE('',*,*,#10051,.T.);
#10051 = EDGE_CURVE('',#5231,#9888,#10052,.T.);
#10052 = LINE('',#10053,#10054);
#10053 = CARTESIAN_POINT('',(55.123718261719,-41.94065475463,
    222.69660914105));
#10054 = VECTOR('',#10055,1.);
#10055 = DIRECTION('',(-0.876499697392,0.453857677577,0.160503859696));
#10056 = ORIENTED_EDGE('',*,*,#9950,.F.);
#10057 = PLANE('',#10058);
#10058 = AXIS2_PLACEMENT_3D('',#10059,#10060,#10061);
#10059 = CARTESIAN_POINT('',(54.986519473587,-41.82896907509,
    222.66227007174));
#10060 = DIRECTION('',(-0.468860392207,-0.729210305521,-0.498419765801)
  );
#10061 = DIRECTION('',(-1.745517599444E-17,-0.564287789001,
    0.825578155709));
#10062 = ADVANCED_FACE('',(#10063),#10073,.T.);
#10063 = FACE_BOUND('',#10064,.T.);
#10064 = EDGE_LOOP('',(#10065,#10066,#10072));
#10065 = ORIENTED_EDGE('',*,*,#10051,.F.);
#10066 = ORIENTED_EDGE('',*,*,#10067,.T.);
#10067 = EDGE_CURVE('',#5231,#9494,#10068,.T.);
#10068 = LINE('',#10069,#10070);
#10069 = CARTESIAN_POINT('',(55.123718261719,-41.94065475463,
    222.69660914105));
#10070 = VECTOR('',#10071,1.);
#10071 = DIRECTION('',(-0.43834258585,-0.180230749148,0.880552471175));
#10072 = ORIENTED_EDGE('',*,*,#10029,.F.);
#10073 = PLANE('',#10074);
#10074 = AXIS2_PLACEMENT_3D('',#10075,#10076,#10077);
#10075 = CARTESIAN_POINT('',(54.982112954196,-41.91000482954,
    222.80640740907));
#10076 = DIRECTION('',(-0.478235328565,-0.782730542344,-0.398276121044)
  );
#10077 = DIRECTION('',(-0.853330338984,0.521370628794,1.738896585215E-17
    ));
#10078 = ADVANCED_FACE('',(#10079),#10089,.T.);
#10079 = FACE_BOUND('',#10080,.T.);
#10080 = EDGE_LOOP('',(#10081,#10082,#10088));
#10081 = ORIENTED_EDGE('',*,*,#5091,.F.);
#10082 = ORIENTED_EDGE('',*,*,#10083,.T.);
#10083 = EDGE_CURVE('',#5045,#9927,#10084,.T.);
#10084 = LINE('',#10085,#10086);
#10085 = CARTESIAN_POINT('',(55.319183349609,-41.86513519287,
    222.49759638471));
#10086 = VECTOR('',#10087,1.);
#10087 = DIRECTION('',(-0.932659146625,0.346327487314,0.101015779691));
#10088 = ORIENTED_EDGE('',*,*,#9987,.F.);
#10089 = PLANE('',#10090);
#10090 = AXIS2_PLACEMENT_3D('',#10091,#10092,#10093);
#10091 = CARTESIAN_POINT('',(55.160612184274,-41.76905898204,
    222.47271056352));
#10092 = DIRECTION('',(-0.330284166096,-0.707080724573,-0.625259321052)
  );
#10093 = DIRECTION('',(-6.863758550255E-18,-0.662434099749,
    0.749120192953));
#10094 = ADVANCED_FACE('',(#10095),#10100,.T.);
#10095 = FACE_BOUND('',#10096,.T.);
#10096 = EDGE_LOOP('',(#10097,#10098,#10099));
#10097 = ORIENTED_EDGE('',*,*,#10083,.F.);
#10098 = ORIENTED_EDGE('',*,*,#5230,.F.);
#10099 = ORIENTED_EDGE('',*,*,#10045,.F.);
#10100 = PLANE('',#10101);
#10101 = AXIS2_PLACEMENT_3D('',#10102,#10103,#10104);
#10102 = CARTESIAN_POINT('',(55.144736127792,-41.84632043465,
    222.57168367726));
#10103 = DIRECTION('',(-0.334256227158,-0.724234005568,-0.603123436607)
  );
#10104 = DIRECTION('',(9.004611094101E-17,-0.639930823487,0.768432522185
    ));
#10105 = ADVANCED_FACE('',(#10106),#10116,.T.);
#10106 = FACE_BOUND('',#10107,.T.);
#10107 = EDGE_LOOP('',(#10108,#10109,#10115));
#10108 = ORIENTED_EDGE('',*,*,#5254,.F.);
#10109 = ORIENTED_EDGE('',*,*,#10110,.T.);
#10110 = EDGE_CURVE('',#5208,#9494,#10111,.T.);
#10111 = LINE('',#10112,#10113);
#10112 = CARTESIAN_POINT('',(55.353309631348,-42.05729675293,
    222.80380213422));
#10113 = VECTOR('',#10114,1.);
#10114 = DIRECTION('',(-0.898462692276,0.147117080351,0.413668170466));
#10115 = ORIENTED_EDGE('',*,*,#10067,.F.);
#10116 = PLANE('',#10117);
#10117 = AXIS2_PLACEMENT_3D('',#10118,#10119,#10120);
#10118 = CARTESIAN_POINT('',(55.152953713771,-42.00109514488,
    222.8330403041));
#10119 = DIRECTION('',(-0.299372291814,-0.894471999551,-0.332108525806)
  );
#10120 = DIRECTION('',(5.266576738619E-18,-0.348072385566,0.937467660459
    ));
#10121 = ADVANCED_FACE('',(#10122),#10127,.T.);
#10122 = FACE_BOUND('',#10123,.T.);
#10123 = EDGE_LOOP('',(#10124,#10125,#10126));
#10124 = ORIENTED_EDGE('',*,*,#10110,.F.);
#10125 = ORIENTED_EDGE('',*,*,#5377,.F.);
#10126 = ORIENTED_EDGE('',*,*,#9516,.F.);
#10127 = PLANE('',#10128);
#10128 = AXIS2_PLACEMENT_3D('',#10129,#10130,#10131);
#10129 = CARTESIAN_POINT('',(55.187896942438,-42.05011711384,
    222.93039471864));
#10130 = DIRECTION('',(-0.305933539385,-0.885571751045,-0.349524452981)
  );
#10131 = DIRECTION('',(2.305335701327E-17,-0.367127145529,0.930170768739
    ));
#10132 = ADVANCED_FACE('',(#10133),#10148,.T.);
#10133 = FACE_BOUND('',#10134,.T.);
#10134 = EDGE_LOOP('',(#10135,#10141,#10147));
#10135 = ORIENTED_EDGE('',*,*,#10136,.T.);
#10136 = EDGE_CURVE('',#733,#9237,#10137,.T.);
#10137 = LINE('',#10138,#10139);
#10138 = CARTESIAN_POINT('',(54.438049316406,41.405330657959,
    223.29837763471));
#10139 = VECTOR('',#10140,1.);
#10140 = DIRECTION('',(0.338891089018,0.533130044114,-0.775193644096));
#10141 = ORIENTED_EDGE('',*,*,#10142,.T.);
#10142 = EDGE_CURVE('',#9237,#764,#10143,.T.);
#10143 = LINE('',#10144,#10145);
#10144 = CARTESIAN_POINT('',(54.564231872559,41.60383605957,
    223.0097423808));
#10145 = VECTOR('',#10146,1.);
#10146 = DIRECTION('',(-0.347869462671,-0.620745764791,0.702610512613));
#10147 = ORIENTED_EDGE('',*,*,#763,.F.);
#10148 = PLANE('',#10149);
#10149 = AXIS2_PLACEMENT_3D('',#10150,#10151,#10152);
#10150 = CARTESIAN_POINT('',(54.492061416004,41.481879820859,
    223.1641584631));
#10151 = DIRECTION('',(-0.935690131782,0.276960741188,-0.218578876214));
#10152 = DIRECTION('',(-0.283823804009,-0.958876450998,
    8.922526430376E-18));
#10153 = ADVANCED_FACE('',(#10154),#10159,.T.);
#10154 = FACE_BOUND('',#10155,.T.);
#10155 = EDGE_LOOP('',(#10156,#10157,#10158));
#10156 = ORIENTED_EDGE('',*,*,#10142,.F.);
#10157 = ORIENTED_EDGE('',*,*,#9392,.F.);
#10158 = ORIENTED_EDGE('',*,*,#2875,.F.);
#10159 = PLANE('',#10160);
#10160 = AXIS2_PLACEMENT_3D('',#10161,#10162,#10163);
#10161 = CARTESIAN_POINT('',(54.480872451083,41.438796481201,
    223.11733477473));
#10162 = DIRECTION('',(-0.913578808788,0.392793535507,-0.105294817526));
#10163 = DIRECTION('',(-0.394989261164,-0.918685737108,
    1.473964977603E-18));
#10164 = ADVANCED_FACE('',(#10165),#10175,.T.);
#10165 = FACE_BOUND('',#10166,.T.);
#10166 = EDGE_LOOP('',(#10167,#10173,#10174));
#10167 = ORIENTED_EDGE('',*,*,#10168,.T.);
#10168 = EDGE_CURVE('',#711,#9237,#10169,.T.);
#10169 = LINE('',#10170,#10171);
#10170 = CARTESIAN_POINT('',(54.531356811523,41.614807128906,
    223.29837763471));
#10171 = VECTOR('',#10172,1.);
#10172 = DIRECTION('',(0.113085990726,-3.773907047212E-02,
    -0.992868229556));
#10173 = ORIENTED_EDGE('',*,*,#10136,.F.);
#10174 = ORIENTED_EDGE('',*,*,#832,.F.);
#10175 = PLANE('',#10176);
#10176 = AXIS2_PLACEMENT_3D('',#10177,#10178,#10179);
#10177 = CARTESIAN_POINT('',(54.512115041479,41.540113882081,
    223.19114637344));
#10178 = DIRECTION('',(-0.907022172756,0.404016577962,-0.118665002683));
#10179 = DIRECTION('',(-0.406891532403,-0.913476480737,
    2.044263864187E-18));
#10180 = ADVANCED_FACE('',(#10181),#10196,.T.);
#10181 = FACE_BOUND('',#10182,.T.);
#10182 = EDGE_LOOP('',(#10183,#10189,#10195));
#10183 = ORIENTED_EDGE('',*,*,#10184,.T.);
#10184 = EDGE_CURVE('',#680,#7808,#10185,.T.);
#10185 = LINE('',#10186,#10187);
#10186 = CARTESIAN_POINT('',(54.594703674316,41.712261199951,
    223.29837763471));
#10187 = VECTOR('',#10188,1.);
#10188 = DIRECTION('',(0.426126478035,0.340360997159,-0.838194855824));
#10189 = ORIENTED_EDGE('',*,*,#10190,.T.);
#10190 = EDGE_CURVE('',#7808,#711,#10191,.T.);
#10191 = LINE('',#10192,#10193);
#10192 = CARTESIAN_POINT('',(54.741554260254,41.829555511475,
    223.00952112836));
#10193 = VECTOR('',#10194,1.);
#10194 = DIRECTION('',(-0.504289744157,-0.515207998753,0.693002577166));
#10195 = ORIENTED_EDGE('',*,*,#710,.F.);
#10196 = PLANE('',#10197);
#10197 = AXIS2_PLACEMENT_3D('',#10198,#10199,#10200);
#10198 = CARTESIAN_POINT('',(54.639168140019,41.733547157128,
    223.17307655997));
#10199 = DIRECTION('',(-0.82136462967,0.533901477289,-0.2007719046));
#10200 = DIRECTION('',(-0.544998732785,-0.838436867786,1.35448045781E-16
    ));
#10201 = ADVANCED_FACE('',(#10202),#10207,.T.);
#10202 = FACE_BOUND('',#10203,.T.);
#10203 = EDGE_LOOP('',(#10204,#10205,#10206));
#10204 = ORIENTED_EDGE('',*,*,#10190,.F.);
#10205 = ORIENTED_EDGE('',*,*,#9236,.F.);
#10206 = ORIENTED_EDGE('',*,*,#10168,.F.);
#10207 = PLANE('',#10208);
#10208 = AXIS2_PLACEMENT_3D('',#10209,#10210,#10211);
#10209 = CARTESIAN_POINT('',(54.615284221808,41.687609681697,
    223.11233040242));
#10210 = DIRECTION('',(-0.781442858091,0.613781656373,-0.112334935964));
#10211 = DIRECTION('',(-0.617691396356,-0.786420586498,
    -6.684791023335E-18));
#10212 = ADVANCED_FACE('',(#10213),#10223,.T.);
#10213 = FACE_BOUND('',#10214,.T.);
#10214 = EDGE_LOOP('',(#10215,#10221,#10222));
#10215 = ORIENTED_EDGE('',*,*,#10216,.T.);
#10216 = EDGE_CURVE('',#658,#7808,#10217,.T.);
#10217 = LINE('',#10218,#10219);
#10218 = CARTESIAN_POINT('',(54.70662689209,41.843128204346,
    223.29837763471));
#10219 = VECTOR('',#10220,1.);
#10220 = DIRECTION('',(0.119911227668,-4.659722018805E-02,
    -0.991690474165));
#10221 = ORIENTED_EDGE('',*,*,#10184,.F.);
#10222 = ORIENTED_EDGE('',*,*,#848,.F.);
#10223 = PLANE('',#10224);
#10224 = AXIS2_PLACEMENT_3D('',#10225,#10226,#10227);
#10225 = CARTESIAN_POINT('',(54.684578858708,41.795939925741,
    223.18472622629));
#10226 = DIRECTION('',(-0.754336586628,0.645141825093,-0.121525057458));
#10227 = DIRECTION('',(-0.649959085228,-0.759969201698,
    2.169002306377E-18));
#10228 = ADVANCED_FACE('',(#10229),#10244,.T.);
#10229 = FACE_BOUND('',#10230,.T.);
#10230 = EDGE_LOOP('',(#10231,#10237,#10243));
#10231 = ORIENTED_EDGE('',*,*,#10232,.T.);
#10232 = EDGE_CURVE('',#627,#22,#10233,.T.);
#10233 = LINE('',#10234,#10235);
#10234 = CARTESIAN_POINT('',(54.838623046875,41.955661773682,
    223.29837763471));
#10235 = VECTOR('',#10236,1.);
#10236 = DIRECTION('',(0.407773678656,0.113180943046,-0.90604122485));
#10237 = ORIENTED_EDGE('',*,*,#10238,.T.);
#10238 = EDGE_CURVE('',#22,#658,#10239,.T.);
#10239 = LINE('',#10240,#10241);
#10240 = CARTESIAN_POINT('',(54.9853515625,41.996387481689,
    222.9723583476));
#10241 = VECTOR('',#10242,1.);
#10242 = DIRECTION('',(-0.611932604781,-0.336476669445,0.715766678551));
#10243 = ORIENTED_EDGE('',*,*,#657,.F.);
#10244 = PLANE('',#10245);
#10245 = AXIS2_PLACEMENT_3D('',#10246,#10247,#10248);
#10246 = CARTESIAN_POINT('',(54.857137004656,41.936662073252,
    223.16396413858));
#10247 = DIRECTION('',(-0.636549592183,0.746640304702,-0.193217163024));
#10248 = DIRECTION('',(0.760980203409,0.648775099722,3.598528763209E-18)
  );
#10249 = ADVANCED_FACE('',(#10250),#10255,.T.);
#10250 = FACE_BOUND('',#10251,.T.);
#10251 = EDGE_LOOP('',(#10252,#10253,#10254));
#10252 = ORIENTED_EDGE('',*,*,#10238,.F.);
#10253 = ORIENTED_EDGE('',*,*,#7807,.F.);
#10254 = ORIENTED_EDGE('',*,*,#10216,.F.);
#10255 = PLANE('',#10256);
#10256 = AXIS2_PLACEMENT_3D('',#10257,#10258,#10259);
#10257 = CARTESIAN_POINT('',(54.816973928167,41.894561418561,
    223.09937936514));
#10258 = DIRECTION('',(-0.57257029825,0.81278740334,-0.107423882516));
#10259 = DIRECTION('',(0.817518125788,0.575902868553,-7.985372091013E-18
    ));
#10260 = ADVANCED_FACE('',(#10261),#10271,.T.);
#10261 = FACE_BOUND('',#10262,.T.);
#10262 = EDGE_LOOP('',(#10263,#10269,#10270));
#10263 = ORIENTED_EDGE('',*,*,#10264,.T.);
#10264 = EDGE_CURVE('',#605,#22,#10265,.T.);
#10265 = LINE('',#10266,#10267);
#10266 = CARTESIAN_POINT('',(54.935119628906,42.018161773682,
    223.29837763471));
#10267 = VECTOR('',#10268,1.);
#10268 = DIRECTION('',(0.151948964524,-6.586609124414E-02,
    -0.986191244234));
#10269 = ORIENTED_EDGE('',*,*,#10232,.F.);
#10270 = ORIENTED_EDGE('',*,*,#864,.F.);
#10271 = PLANE('',#10272);
#10272 = AXIS2_PLACEMENT_3D('',#10273,#10274,#10275);
#10273 = CARTESIAN_POINT('',(54.92820641548,41.990405938326,
    223.15863775303));
#10274 = DIRECTION('',(-0.538388460074,0.831242339236,-0.13847035611));
#10275 = DIRECTION('',(0.839327938763,0.543625432823,1.069067265926E-18)
  );
#10276 = ADVANCED_FACE('',(#10277),#10292,.T.);
#10277 = FACE_BOUND('',#10278,.T.);
#10278 = EDGE_LOOP('',(#10279,#10285,#10291));
#10279 = ORIENTED_EDGE('',*,*,#10280,.T.);
#10280 = EDGE_CURVE('',#559,#54,#10281,.T.);
#10281 = LINE('',#10282,#10283);
#10282 = CARTESIAN_POINT('',(55.145889282227,42.111652374268,
    223.29837763471));
#10283 = VECTOR('',#10284,1.);
#10284 = DIRECTION('',(0.336452325857,-1.182536101013E-02,
    -0.941626249242));
#10285 = ORIENTED_EDGE('',*,*,#10286,.T.);
#10286 = EDGE_CURVE('',#54,#605,#10287,.T.);
#10287 = LINE('',#10288,#10289);
#10288 = CARTESIAN_POINT('',(55.241508483887,42.108291625977,
    223.03076899213));
#10289 = VECTOR('',#10290,1.);
#10290 = DIRECTION('',(-0.735331567911,-0.216311150116,0.642259271298));
#10291 = ORIENTED_EDGE('',*,*,#604,.F.);
#10292 = PLANE('',#10293);
#10293 = AXIS2_PLACEMENT_3D('',#10294,#10295,#10296);
#10294 = CARTESIAN_POINT('',(55.108633722168,42.07790546565,
    223.19769599588));
#10295 = DIRECTION('',(-0.400601734898,0.903135590687,-0.154480920606));
#10296 = DIRECTION('',(0.914108760817,0.405469078225,-9.831032977294E-19
    ));
#10297 = ADVANCED_FACE('',(#10298),#10303,.T.);
#10298 = FACE_BOUND('',#10299,.T.);
#10299 = EDGE_LOOP('',(#10300,#10301,#10302));
#10300 = ORIENTED_EDGE('',*,*,#10286,.F.);
#10301 = ORIENTED_EDGE('',*,*,#53,.F.);
#10302 = ORIENTED_EDGE('',*,*,#10264,.F.);
#10303 = PLANE('',#10304);
#10304 = AXIS2_PLACEMENT_3D('',#10305,#10306,#10307);
#10305 = CARTESIAN_POINT('',(55.054263359468,42.042307402916,
    223.11015388516));
#10306 = DIRECTION('',(-0.374539678072,0.919527106538,-0.119121492148));
#10307 = DIRECTION('',(0.926121381935,0.377225643245,-6.927660994117E-19
    ));
#10308 = ADVANCED_FACE('',(#10309),#10314,.T.);
#10309 = FACE_BOUND('',#10310,.T.);
#10310 = EDGE_LOOP('',(#10311,#10312,#10313));
#10311 = ORIENTED_EDGE('',*,*,#7579,.F.);
#10312 = ORIENTED_EDGE('',*,*,#10280,.F.);
#10313 = ORIENTED_EDGE('',*,*,#558,.F.);
#10314 = PLANE('',#10315);
#10315 = AXIS2_PLACEMENT_3D('',#10316,#10317,#10318);
#10316 = CARTESIAN_POINT('',(55.204040262396,42.114496572037,
    223.17715338556));
#10317 = DIRECTION('',(-0.280558484758,0.953254490749,-0.112217701353));
#10318 = DIRECTION('',(0.959313857065,0.282341855987,-1.246293881348E-17
    ));
#10319 = ADVANCED_FACE('',(#10320),#10330,.T.);
#10320 = FACE_BOUND('',#10321,.T.);
#10321 = EDGE_LOOP('',(#10322,#10328,#10329));
#10322 = ORIENTED_EDGE('',*,*,#10323,.T.);
#10323 = EDGE_CURVE('',#6277,#7831,#10324,.T.);
#10324 = LINE('',#10325,#10326);
#10325 = CARTESIAN_POINT('',(55.001220703125,41.219329833984,
    222.22224390668));
#10326 = VECTOR('',#10327,1.);
#10327 = DIRECTION('',(0.898192338915,0.381558244905,-0.218320471005));
#10328 = ORIENTED_EDGE('',*,*,#7945,.F.);
#10329 = ORIENTED_EDGE('',*,*,#6300,.F.);
#10330 = PLANE('',#10331);
#10331 = AXIS2_PLACEMENT_3D('',#10332,#10333,#10334);
#10332 = CARTESIAN_POINT('',(55.204277427791,41.27134569172,
    222.1572772464));
#10333 = DIRECTION('',(-0.369287960209,0.385472056108,-0.845599016322));
#10334 = DIRECTION('',(-4.299608474214E-17,0.909916443896,0.414791592403
    ));
#10335 = ADVANCED_FACE('',(#10336),#10351,.T.);
#10336 = FACE_BOUND('',#10337,.T.);
#10337 = EDGE_LOOP('',(#10338,#10344,#10350));
#10338 = ORIENTED_EDGE('',*,*,#10339,.T.);
#10339 = EDGE_CURVE('',#6424,#7854,#10340,.T.);
#10340 = LINE('',#10341,#10342);
#10341 = CARTESIAN_POINT('',(54.813911437988,41.257137298584,
    222.37051356));
#10342 = VECTOR('',#10343,1.);
#10343 = DIRECTION('',(0.836968497451,0.405708170266,-0.367266408556));
#10344 = ORIENTED_EDGE('',*,*,#10345,.T.);
#10345 = EDGE_CURVE('',#7854,#6277,#10346,.T.);
#10346 = LINE('',#10347,#10348);
#10347 = CARTESIAN_POINT('',(55.17951965332,41.43436050415,
    222.2100826518));
#10348 = VECTOR('',#10349,1.);
#10349 = DIRECTION('',(-0.637691156797,-0.769063175385,
    4.349506649271E-02));
#10350 = ORIENTED_EDGE('',*,*,#6447,.F.);
#10351 = PLANE('',#10352);
#10352 = AXIS2_PLACEMENT_3D('',#10353,#10354,#10355);
#10353 = CARTESIAN_POINT('',(55.001540694291,41.313097413589,
    222.27020241872));
#10354 = DIRECTION('',(-0.521896547725,0.389835790234,-0.758717371704));
#10355 = DIRECTION('',(0.823900786382,4.047951441832E-19,-0.566734059502
    ));
#10356 = ADVANCED_FACE('',(#10357),#10362,.T.);
#10357 = FACE_BOUND('',#10358,.T.);
#10358 = EDGE_LOOP('',(#10359,#10360,#10361));
#10359 = ORIENTED_EDGE('',*,*,#10345,.F.);
#10360 = ORIENTED_EDGE('',*,*,#7853,.F.);
#10361 = ORIENTED_EDGE('',*,*,#10323,.F.);
#10362 = PLANE('',#10363);
#10363 = AXIS2_PLACEMENT_3D('',#10364,#10365,#10366);
#10364 = CARTESIAN_POINT('',(55.187773357539,41.336241622442,
    222.18532941104));
#10365 = DIRECTION('',(-0.3133662374,0.207426300001,-0.926701640943));
#10366 = DIRECTION('',(0.947304908978,-1.832584335436E-17,
    -0.320333278675));
#10367 = ADVANCED_FACE('',(#10368),#10378,.T.);
#10368 = FACE_BOUND('',#10369,.T.);
#10369 = EDGE_LOOP('',(#10370,#10371,#10377));
#10370 = ORIENTED_EDGE('',*,*,#9457,.F.);
#10371 = ORIENTED_EDGE('',*,*,#10372,.T.);
#10372 = EDGE_CURVE('',#9354,#6424,#10373,.T.);
#10373 = LINE('',#10374,#10375);
#10374 = CARTESIAN_POINT('',(54.978675842285,41.483947753906,
    222.34024775189));
#10375 = VECTOR('',#10376,1.);
#10376 = DIRECTION('',(-0.584335930585,-0.804381862957,0.107337499381));
#10377 = ORIENTED_EDGE('',*,*,#6532,.F.);
#10378 = PLANE('',#10379);
#10379 = AXIS2_PLACEMENT_3D('',#10380,#10381,#10382);
#10380 = CARTESIAN_POINT('',(54.818297873785,41.353719071717,
    222.42552601629));
#10381 = DIRECTION('',(-0.660100738614,0.39419757434,-0.639433567516));
#10382 = DIRECTION('',(-0.695773311041,2.611352171779E-17,0.718261442404
    ));
#10383 = ADVANCED_FACE('',(#10384),#10389,.T.);
#10384 = FACE_BOUND('',#10385,.T.);
#10385 = EDGE_LOOP('',(#10386,#10387,#10388));
#10386 = ORIENTED_EDGE('',*,*,#10372,.F.);
#10387 = ORIENTED_EDGE('',*,*,#9378,.F.);
#10388 = ORIENTED_EDGE('',*,*,#10339,.F.);
#10389 = PLANE('',#10390);
#10390 = AXIS2_PLACEMENT_3D('',#10391,#10392,#10393);
#10391 = CARTESIAN_POINT('',(54.988222963718,41.381783884961,
    222.30551023336));
#10392 = DIRECTION('',(-0.485403722783,0.240449940982,-0.840575428971));
#10393 = DIRECTION('',(0.865982007161,-1.074961766307E-17,
    -0.500075157625));
#10394 = ADVANCED_FACE('',(#10395),#10435,.T.);
#10395 = FACE_BOUND('',#10396,.T.);
#10396 = EDGE_LOOP('',(#10397,#10403,#10404,#10405,#10406,#10407,#10408,
    #10409,#10410,#10411,#10412,#10413,#10414,#10415,#10416,#10422,
    #10423,#10424,#10425,#10426,#10427,#10428,#10429,#10430,#10431,
    #10432,#10433,#10434));
#10397 = ORIENTED_EDGE('',*,*,#10398,.T.);
#10398 = EDGE_CURVE('',#794,#1504,#10399,.T.);
#10399 = LINE('',#10400,#10401);
#10400 = CARTESIAN_POINT('',(54.384056091309,41.064922332764,
    224.39837610883));
#10401 = VECTOR('',#10402,1.);
#10402 = DIRECTION('',(0.,-1.,0.));
#10403 = ORIENTED_EDGE('',*,*,#1521,.T.);
#10404 = ORIENTED_EDGE('',*,*,#1597,.T.);
#10405 = ORIENTED_EDGE('',*,*,#1650,.T.);
#10406 = ORIENTED_EDGE('',*,*,#1703,.T.);
#10407 = ORIENTED_EDGE('',*,*,#2253,.T.);
#10408 = ORIENTED_EDGE('',*,*,#1758,.T.);
#10409 = ORIENTED_EDGE('',*,*,#1804,.T.);
#10410 = ORIENTED_EDGE('',*,*,#1857,.T.);
#10411 = ORIENTED_EDGE('',*,*,#1910,.T.);
#10412 = ORIENTED_EDGE('',*,*,#1963,.T.);
#10413 = ORIENTED_EDGE('',*,*,#2016,.T.);
#10414 = ORIENTED_EDGE('',*,*,#2069,.T.);
#10415 = ORIENTED_EDGE('',*,*,#2118,.T.);
#10416 = ORIENTED_EDGE('',*,*,#10417,.T.);
#10417 = EDGE_CURVE('',#2111,#146,#10418,.T.);
#10418 = LINE('',#10419,#10420);
#10419 = CARTESIAN_POINT('',(81.599998474121,-40.81628036499,
    224.39837610883));
#10420 = VECTOR('',#10421,1.);
#10421 = DIRECTION('',(0.,1.,0.));
#10422 = ORIENTED_EDGE('',*,*,#163,.T.);
#10423 = ORIENTED_EDGE('',*,*,#216,.T.);
#10424 = ORIENTED_EDGE('',*,*,#269,.T.);
#10425 = ORIENTED_EDGE('',*,*,#322,.T.);
#10426 = ORIENTED_EDGE('',*,*,#368,.T.);
#10427 = ORIENTED_EDGE('',*,*,#421,.T.);
#10428 = ORIENTED_EDGE('',*,*,#474,.T.);
#10429 = ORIENTED_EDGE('',*,*,#520,.T.);
#10430 = ORIENTED_EDGE('',*,*,#589,.T.);
#10431 = ORIENTED_EDGE('',*,*,#642,.T.);
#10432 = ORIENTED_EDGE('',*,*,#695,.T.);
#10433 = ORIENTED_EDGE('',*,*,#748,.T.);
#10434 = ORIENTED_EDGE('',*,*,#801,.T.);
#10435 = PLANE('',#10436);
#10436 = AXIS2_PLACEMENT_3D('',#10437,#10438,#10439);
#10437 = CARTESIAN_POINT('',(67.954444873563,3.471952684E-08,
    224.39837610883));
#10438 = DIRECTION('',(-0.,0.,1.));
#10439 = DIRECTION('',(0.,-1.,0.));
#10440 = ADVANCED_FACE('',(#10441),#10447,.T.);
#10441 = FACE_BOUND('',#10442,.T.);
#10442 = EDGE_LOOP('',(#10443,#10444,#10445,#10446));
#10443 = ORIENTED_EDGE('',*,*,#1544,.T.);
#10444 = ORIENTED_EDGE('',*,*,#10398,.F.);
#10445 = ORIENTED_EDGE('',*,*,#793,.F.);
#10446 = ORIENTED_EDGE('',*,*,#2822,.T.);
#10447 = PLANE('',#10448);
#10448 = AXIS2_PLACEMENT_3D('',#10449,#10450,#10451);
#10449 = CARTESIAN_POINT('',(54.384056091309,-2.765976817737E-05,
    223.84837602729));
#10450 = DIRECTION('',(-1.,0.,0.));
#10451 = DIRECTION('',(0.,0.,1.));
#10452 = ADVANCED_FACE('',(#10453),#10459,.T.);
#10453 = FACE_BOUND('',#10454,.T.);
#10454 = EDGE_LOOP('',(#10455,#10456,#10457,#10458));
#10455 = ORIENTED_EDGE('',*,*,#982,.T.);
#10456 = ORIENTED_EDGE('',*,*,#10417,.F.);
#10457 = ORIENTED_EDGE('',*,*,#2110,.F.);
#10458 = ORIENTED_EDGE('',*,*,#1466,.T.);
#10459 = PLANE('',#10460);
#10460 = AXIS2_PLACEMENT_3D('',#10461,#10462,#10463);
#10461 = CARTESIAN_POINT('',(81.599998474121,0.,223.84837687177));
#10462 = DIRECTION('',(1.,0.,0.));
#10463 = DIRECTION('',(0.,0.,-1.));
#10464 = ADVANCED_FACE('',(#10465,#10477),#10679,.T.);
#10465 = FACE_BOUND('',#10466,.T.);
#10466 = EDGE_LOOP('',(#10467,#10468,#10469,#10470,#10471,#10472,#10473,
    #10474,#10475,#10476));
#10467 = ORIENTED_EDGE('',*,*,#3063,.T.);
#10468 = ORIENTED_EDGE('',*,*,#2955,.T.);
#10469 = ORIENTED_EDGE('',*,*,#3397,.T.);
#10470 = ORIENTED_EDGE('',*,*,#3376,.T.);
#10471 = ORIENTED_EDGE('',*,*,#3330,.T.);
#10472 = ORIENTED_EDGE('',*,*,#3245,.T.);
#10473 = ORIENTED_EDGE('',*,*,#3192,.T.);
#10474 = ORIENTED_EDGE('',*,*,#3146,.T.);
#10475 = ORIENTED_EDGE('',*,*,#3010,.T.);
#10476 = ORIENTED_EDGE('',*,*,#3107,.T.);
#10477 = FACE_BOUND('',#10478,.T.);
#10478 = EDGE_LOOP('',(#10479,#10489,#10497,#10505,#10513,#10521,#10529,
    #10537,#10545,#10553,#10561,#10569,#10577,#10585,#10593,#10601,
    #10609,#10617,#10625,#10633,#10641,#10649,#10657,#10665,#10673));
#10479 = ORIENTED_EDGE('',*,*,#10480,.T.);
#10480 = EDGE_CURVE('',#10481,#10483,#10485,.T.);
#10481 = VERTEX_POINT('',#10482);
#10482 = CARTESIAN_POINT('',(56.684051513672,38.858200073242,
    221.99837458295));
#10483 = VERTEX_POINT('',#10484);
#10484 = CARTESIAN_POINT('',(56.684051513672,-38.85828018188,
    221.99837458295));
#10485 = LINE('',#10486,#10487);
#10486 = CARTESIAN_POINT('',(56.684051513672,38.858200073242,
    221.99837458295));
#10487 = VECTOR('',#10488,1.);
#10488 = DIRECTION('',(0.,-1.,0.));
#10489 = ORIENTED_EDGE('',*,*,#10490,.T.);
#10490 = EDGE_CURVE('',#10483,#10491,#10493,.T.);
#10491 = VERTEX_POINT('',#10492);
#10492 = CARTESIAN_POINT('',(56.759429931641,-39.23831176757,
    221.99837458295));
#10493 = LINE('',#10494,#10495);
#10494 = CARTESIAN_POINT('',(56.684051513672,-38.85828018188,
    221.99837458295));
#10495 = VECTOR('',#10496,1.);
#10496 = DIRECTION('',(0.194557563809,-0.980891102195,0.));
#10497 = ORIENTED_EDGE('',*,*,#10498,.T.);
#10498 = EDGE_CURVE('',#10491,#10499,#10501,.T.);
#10499 = VERTEX_POINT('',#10500);
#10500 = CARTESIAN_POINT('',(56.978446960449,-39.56666564941,
    221.99837458295));
#10501 = LINE('',#10502,#10503);
#10502 = CARTESIAN_POINT('',(56.759429931641,-39.23831176757,
    221.99837458295));
#10503 = VECTOR('',#10504,1.);
#10504 = DIRECTION('',(0.554900912746,-0.831916448349,0.));
#10505 = ORIENTED_EDGE('',*,*,#10506,.T.);
#10506 = EDGE_CURVE('',#10499,#10507,#10509,.T.);
#10507 = VERTEX_POINT('',#10508);
#10508 = CARTESIAN_POINT('',(57.307655334473,-39.78439331054,
    221.99837458295));
#10509 = LINE('',#10510,#10511);
#10510 = CARTESIAN_POINT('',(56.978446960449,-39.56666564941,
    221.99837458295));
#10511 = VECTOR('',#10512,1.);
#10512 = DIRECTION('',(0.834084713993,-0.551636374692,0.));
#10513 = ORIENTED_EDGE('',*,*,#10514,.T.);
#10514 = EDGE_CURVE('',#10507,#10515,#10517,.T.);
#10515 = VERTEX_POINT('',#10516);
#10516 = CARTESIAN_POINT('',(57.688049316406,-39.85827255249,
    221.99837458295));
#10517 = LINE('',#10518,#10519);
#10518 = CARTESIAN_POINT('',(57.307655334473,-39.78439331054,
    221.99837458295));
#10519 = VECTOR('',#10520,1.);
#10520 = DIRECTION('',(0.981657071071,-0.190655172541,0.));
#10521 = ORIENTED_EDGE('',*,*,#10522,.T.);
#10522 = EDGE_CURVE('',#10515,#10523,#10525,.T.);
#10523 = VERTEX_POINT('',#10524);
#10524 = CARTESIAN_POINT('',(64.116348266602,-39.81367111206,
    221.99837458295));
#10525 = LINE('',#10526,#10527);
#10526 = CARTESIAN_POINT('',(57.688049316406,-39.85827255249,
    221.99837458295));
#10527 = VECTOR('',#10528,1.);
#10528 = DIRECTION('',(0.999975930894,6.938128929353E-03,0.));
#10529 = ORIENTED_EDGE('',*,*,#10530,.T.);
#10530 = EDGE_CURVE('',#10523,#10531,#10533,.T.);
#10531 = VERTEX_POINT('',#10532);
#10532 = CARTESIAN_POINT('',(67.999160766602,-39.76791000366,
    221.99837458295));
#10533 = LINE('',#10534,#10535);
#10534 = CARTESIAN_POINT('',(64.116348266602,-39.81367111206,
    221.99837458295));
#10535 = VECTOR('',#10536,1.);
#10536 = DIRECTION('',(0.999930557556,1.178473867467E-02,0.));
#10537 = ORIENTED_EDGE('',*,*,#10538,.T.);
#10538 = EDGE_CURVE('',#10531,#10539,#10541,.T.);
#10539 = VERTEX_POINT('',#10540);
#10540 = CARTESIAN_POINT('',(70.941802978516,-39.72370529174,
    221.99837458295));
#10541 = LINE('',#10542,#10543);
#10542 = CARTESIAN_POINT('',(67.999160766602,-39.76791000366,
    221.99837458295));
#10543 = VECTOR('',#10544,1.);
#10544 = DIRECTION('',(0.999887187112,1.502042106033E-02,0.));
#10545 = ORIENTED_EDGE('',*,*,#10546,.T.);
#10546 = EDGE_CURVE('',#10539,#10547,#10549,.T.);
#10547 = VERTEX_POINT('',#10548);
#10548 = CARTESIAN_POINT('',(78.323791503907,-39.57482910156,
    221.99837458295));
#10549 = LINE('',#10550,#10551);
#10550 = CARTESIAN_POINT('',(70.941802978516,-39.72370529174,
    221.99837458295));
#10551 = VECTOR('',#10552,1.);
#10552 = DIRECTION('',(0.999796698159,2.016339132337E-02,0.));
#10553 = ORIENTED_EDGE('',*,*,#10554,.T.);
#10554 = EDGE_CURVE('',#10547,#10555,#10557,.T.);
#10555 = VERTEX_POINT('',#10556);
#10556 = CARTESIAN_POINT('',(78.695747375489,-39.49314117431,
    221.99837458295));
#10557 = LINE('',#10558,#10559);
#10558 = CARTESIAN_POINT('',(78.323791503906,-39.57482910156,
    221.99837458295));
#10559 = VECTOR('',#10560,1.);
#10560 = DIRECTION('',(0.976722848786,0.214505190285,0.));
#10561 = ORIENTED_EDGE('',*,*,#10562,.T.);
#10562 = EDGE_CURVE('',#10555,#10563,#10565,.T.);
#10563 = VERTEX_POINT('',#10564);
#10564 = CARTESIAN_POINT('',(79.015350341797,-39.27366638183,
    221.99837458295));
#10565 = LINE('',#10566,#10567);
#10566 = CARTESIAN_POINT('',(78.695747375488,-39.49314117431,
    221.99837458295));
#10567 = VECTOR('',#10568,1.);
#10568 = DIRECTION('',(0.824345541281,0.566086944356,0.));
#10569 = ORIENTED_EDGE('',*,*,#10570,.T.);
#10570 = EDGE_CURVE('',#10563,#10571,#10573,.T.);
#10571 = VERTEX_POINT('',#10572);
#10572 = CARTESIAN_POINT('',(79.227172851563,-38.9489402771,
    221.99837458295));
#10573 = LINE('',#10574,#10575);
#10574 = CARTESIAN_POINT('',(79.015350341797,-39.27366638183,
    221.99837458295));
#10575 = VECTOR('',#10576,1.);
#10576 = DIRECTION('',(0.546348513875,0.837557939122,0.));
#10577 = ORIENTED_EDGE('',*,*,#10578,.T.);
#10578 = EDGE_CURVE('',#10571,#10579,#10581,.T.);
#10579 = VERTEX_POINT('',#10580);
#10580 = CARTESIAN_POINT('',(79.299995422364,-38.57510757446,
    221.99837458295));
#10581 = LINE('',#10582,#10583);
#10582 = CARTESIAN_POINT('',(79.227172851563,-38.9489402771,
    221.99837458295));
#10583 = VECTOR('',#10584,1.);
#10584 = DIRECTION('',(0.191205828744,0.981549963606,0.));
#10585 = ORIENTED_EDGE('',*,*,#10586,.T.);
#10586 = EDGE_CURVE('',#10579,#10587,#10589,.T.);
#10587 = VERTEX_POINT('',#10588);
#10588 = CARTESIAN_POINT('',(79.299995422364,38.575126647949,
    221.99837458295));
#10589 = LINE('',#10590,#10591);
#10590 = CARTESIAN_POINT('',(79.299995422363,-38.57510757446,
    221.99837458295));
#10591 = VECTOR('',#10592,1.);
#10592 = DIRECTION('',(0.,1.,0.));
#10593 = ORIENTED_EDGE('',*,*,#10594,.T.);
#10594 = EDGE_CURVE('',#10587,#10595,#10597,.T.);
#10595 = VERTEX_POINT('',#10596);
#10596 = CARTESIAN_POINT('',(79.227195739746,38.948894500732,
    221.99837458295));
#10597 = LINE('',#10598,#10599);
#10598 = CARTESIAN_POINT('',(79.299995422363,38.575126647949,
    221.99837458295));
#10599 = VECTOR('',#10600,1.);
#10600 = DIRECTION('',(-0.1911798814,0.981555017789,0.));
#10601 = ORIENTED_EDGE('',*,*,#10602,.T.);
#10602 = EDGE_CURVE('',#10595,#10603,#10605,.T.);
#10603 = VERTEX_POINT('',#10604);
#10604 = CARTESIAN_POINT('',(79.015396118164,39.273635864258,
    221.99837458295));
#10605 = LINE('',#10606,#10607);
#10606 = CARTESIAN_POINT('',(79.227195739746,38.948894500732,
    221.99837458295));
#10607 = VECTOR('',#10608,1.);
#10608 = DIRECTION('',(-0.546289089821,0.837596699099,0.));
#10609 = ORIENTED_EDGE('',*,*,#10610,.T.);
#10610 = EDGE_CURVE('',#10603,#10611,#10613,.T.);
#10611 = VERTEX_POINT('',#10612);
#10612 = CARTESIAN_POINT('',(78.695808410645,39.493129730225,
    221.99837458295));
#10613 = LINE('',#10614,#10615);
#10614 = CARTESIAN_POINT('',(79.015396118164,39.273635864258,
    221.99837458295));
#10615 = VECTOR('',#10616,1.);
#10616 = DIRECTION('',(-0.824309970154,0.566138740155,0.));
#10617 = ORIENTED_EDGE('',*,*,#10618,.T.);
#10618 = EDGE_CURVE('',#10611,#10619,#10621,.T.);
#10619 = VERTEX_POINT('',#10620);
#10620 = CARTESIAN_POINT('',(78.323829650879,39.574840545654,
    221.99837458295));
#10621 = LINE('',#10622,#10623);
#10622 = CARTESIAN_POINT('',(78.695808410645,39.493129730225,
    221.99837458295));
#10623 = VECTOR('',#10624,1.);
#10624 = DIRECTION('',(-0.976713021757,0.214549931557,0.));
#10625 = ORIENTED_EDGE('',*,*,#10626,.T.);
#10626 = EDGE_CURVE('',#10619,#10627,#10629,.T.);
#10627 = VERTEX_POINT('',#10628);
#10628 = CARTESIAN_POINT('',(68.554252624512,39.760429382324,
    221.99837458295));
#10629 = LINE('',#10630,#10631);
#10630 = CARTESIAN_POINT('',(78.323829650879,39.574840545654,
    221.99837458295));
#10631 = VECTOR('',#10632,1.);
#10632 = DIRECTION('',(-0.999819613241,1.899318244795E-02,0.));
#10633 = ORIENTED_EDGE('',*,*,#10634,.T.);
#10634 = EDGE_CURVE('',#10627,#10635,#10637,.T.);
#10635 = VERTEX_POINT('',#10636);
#10636 = CARTESIAN_POINT('',(68.01651763916,39.767951965332,
    221.99837458295));
#10637 = LINE('',#10638,#10639);
#10638 = CARTESIAN_POINT('',(68.554252624512,39.760429382324,
    221.99837458295));
#10639 = VECTOR('',#10640,1.);
#10640 = DIRECTION('',(-0.999902162881,1.398801867995E-02,0.));
#10641 = ORIENTED_EDGE('',*,*,#10642,.T.);
#10642 = EDGE_CURVE('',#10635,#10643,#10645,.T.);
#10643 = VERTEX_POINT('',#10644);
#10644 = CARTESIAN_POINT('',(57.688125610352,39.858200073242,
    221.99837458295));
#10645 = LINE('',#10646,#10647);
#10646 = CARTESIAN_POINT('',(68.01651763916,39.767951965332,
    221.99837458295));
#10647 = VECTOR('',#10648,1.);
#10648 = DIRECTION('',(-0.999961827033,8.737532678889E-03,0.));
#10649 = ORIENTED_EDGE('',*,*,#10650,.T.);
#10650 = EDGE_CURVE('',#10643,#10651,#10653,.T.);
#10651 = VERTEX_POINT('',#10652);
#10652 = CARTESIAN_POINT('',(57.307731628418,39.784343719482,
    221.99837458295));
#10653 = LINE('',#10654,#10655);
#10654 = CARTESIAN_POINT('',(57.688125610352,39.858200073242,
    221.99837458295));
#10655 = VECTOR('',#10656,1.);
#10656 = DIRECTION('',(-0.981668124218,-0.190598252602,-0.));
#10657 = ORIENTED_EDGE('',*,*,#10658,.T.);
#10658 = EDGE_CURVE('',#10651,#10659,#10661,.T.);
#10659 = VERTEX_POINT('',#10660);
#10660 = CARTESIAN_POINT('',(56.978500366211,39.56664276123,
    221.99837458295));
#10661 = LINE('',#10662,#10663);
#10662 = CARTESIAN_POINT('',(57.307731628418,39.784343719482,
    221.99837458295));
#10663 = VECTOR('',#10664,1.);
#10664 = DIRECTION('',(-0.834133485268,-0.551562624508,-0.));
#10665 = ORIENTED_EDGE('',*,*,#10666,.T.);
#10666 = EDGE_CURVE('',#10659,#10667,#10669,.T.);
#10667 = VERTEX_POINT('',#10668);
#10668 = CARTESIAN_POINT('',(56.759460449219,39.238304138184,
    221.99837458295));
#10669 = LINE('',#10670,#10671);
#10670 = CARTESIAN_POINT('',(56.978500366211,39.56664276123,
    221.99837458295));
#10671 = VECTOR('',#10672,1.);
#10672 = DIRECTION('',(-0.554958891503,-0.831877772718,-0.));
#10673 = ORIENTED_EDGE('',*,*,#10674,.T.);
#10674 = EDGE_CURVE('',#10667,#10481,#10675,.T.);
#10675 = LINE('',#10676,#10677);
#10676 = CARTESIAN_POINT('',(56.759460449219,39.238304138184,
    221.99837458295));
#10677 = VECTOR('',#10678,1.);
#10678 = DIRECTION('',(-0.194597641064,-0.98088315211,-0.));
#10679 = PLANE('',#10680);
#10680 = AXIS2_PLACEMENT_3D('',#10681,#10682,#10683);
#10681 = CARTESIAN_POINT('',(67.952847803851,-4.096940643923E-05,
    221.99837458295));
#10682 = DIRECTION('',(0.,0.,-1.));
#10683 = DIRECTION('',(0.,1.,0.));
#10684 = ADVANCED_FACE('',(#10685),#10711,.T.);
#10685 = FACE_BOUND('',#10686,.T.);
#10686 = EDGE_LOOP('',(#10687,#10697,#10705));
#10687 = ORIENTED_EDGE('',*,*,#10688,.T.);
#10688 = EDGE_CURVE('',#10689,#10691,#10693,.T.);
#10689 = VERTEX_POINT('',#10690);
#10690 = CARTESIAN_POINT('',(78.120140075684,38.197742462158,
    223.04450953168));
#10691 = VERTEX_POINT('',#10692);
#10692 = CARTESIAN_POINT('',(78.281433105469,38.384815216065,
    222.96917689008));
#10693 = LINE('',#10694,#10695);
#10694 = CARTESIAN_POINT('',(78.120140075684,38.197742462158,
    223.04450953168));
#10695 = VECTOR('',#10696,1.);
#10696 = DIRECTION('',(0.624591550864,0.724421022052,-0.291718318586));
#10697 = ORIENTED_EDGE('',*,*,#10698,.T.);
#10698 = EDGE_CURVE('',#10691,#10699,#10701,.T.);
#10699 = VERTEX_POINT('',#10700);
#10700 = CARTESIAN_POINT('',(78.425987243653,38.321655273438,
    222.88880884808));
#10701 = LINE('',#10702,#10703);
#10702 = CARTESIAN_POINT('',(78.281433105469,38.384815216064,
    222.96917689008));
#10703 = VECTOR('',#10704,1.);
#10704 = DIRECTION('',(0.8164933105,-0.356749874438,-0.453947354874));
#10705 = ORIENTED_EDGE('',*,*,#10706,.F.);
#10706 = EDGE_CURVE('',#10689,#10699,#10707,.T.);
#10707 = LINE('',#10708,#10709);
#10708 = CARTESIAN_POINT('',(78.120140075684,38.197742462158,
    223.04450953168));
#10709 = VECTOR('',#10710,1.);
#10710 = DIRECTION('',(0.838206213158,0.339596043978,-0.426714039067));
#10711 = PLANE('',#10712);
#10712 = AXIS2_PLACEMENT_3D('',#10713,#10714,#10715);
#10713 = CARTESIAN_POINT('',(78.267581296928,38.290586396132,
    222.97129384475));
#10714 = DIRECTION('',(-0.468858060912,4.910996982143E-02,
    -0.881907211436));
#10715 = DIRECTION('',(0.882972626106,3.36230046586E-19,-0.469424479068)
  );
#10716 = ADVANCED_FACE('',(#10717),#10734,.T.);
#10717 = FACE_BOUND('',#10718,.T.);
#10718 = EDGE_LOOP('',(#10719,#10720,#10728));
#10719 = ORIENTED_EDGE('',*,*,#10698,.F.);
#10720 = ORIENTED_EDGE('',*,*,#10721,.T.);
#10721 = EDGE_CURVE('',#10691,#10722,#10724,.T.);
#10722 = VERTEX_POINT('',#10723);
#10723 = CARTESIAN_POINT('',(78.503570556641,38.531879425049,
    222.8040996806));
#10724 = LINE('',#10725,#10726);
#10725 = CARTESIAN_POINT('',(78.281433105469,38.384815216064,
    222.96917689008));
#10726 = VECTOR('',#10727,1.);
#10727 = DIRECTION('',(0.708784598818,0.469244811335,-0.526719754246));
#10728 = ORIENTED_EDGE('',*,*,#10729,.F.);
#10729 = EDGE_CURVE('',#10699,#10722,#10730,.T.);
#10730 = LINE('',#10731,#10732);
#10731 = CARTESIAN_POINT('',(78.425987243652,38.321655273438,
    222.88880884808));
#10732 = VECTOR('',#10733,1.);
#10733 = DIRECTION('',(0.323857503923,0.877542687762,-0.353603094312));
#10734 = PLANE('',#10735);
#10735 = AXIS2_PLACEMENT_3D('',#10736,#10737,#10738);
#10736 = CARTESIAN_POINT('',(78.40681250619,38.422492111406,
    222.88372336504));
#10737 = DIRECTION('',(-0.527819925389,-0.142595581146,-0.83730079816));
#10738 = DIRECTION('',(0.845945484177,2.099304898566E-17,-0.533269385772
    ));
#10739 = ADVANCED_FACE('',(#10740),#10757,.T.);
#10740 = FACE_BOUND('',#10741,.T.);
#10741 = EDGE_LOOP('',(#10742,#10743,#10751));
#10742 = ORIENTED_EDGE('',*,*,#10729,.T.);
#10743 = ORIENTED_EDGE('',*,*,#10744,.T.);
#10744 = EDGE_CURVE('',#10722,#10745,#10747,.T.);
#10745 = VERTEX_POINT('',#10746);
#10746 = CARTESIAN_POINT('',(78.668601989746,38.445365905762,
    222.64692652387));
#10747 = LINE('',#10748,#10749);
#10748 = CARTESIAN_POINT('',(78.503570556641,38.531879425049,
    222.8040996806));
#10749 = VECTOR('',#10750,1.);
#10750 = DIRECTION('',(0.676999041177,-0.354899478869,-0.64476248196));
#10751 = ORIENTED_EDGE('',*,*,#10752,.F.);
#10752 = EDGE_CURVE('',#10699,#10745,#10753,.T.);
#10753 = LINE('',#10754,#10755);
#10754 = CARTESIAN_POINT('',(78.425987243652,38.321655273438,
    222.88880884808));
#10755 = VECTOR('',#10756,1.);
#10756 = DIRECTION('',(0.666078533238,0.339637214354,-0.664067730119));
#10757 = PLANE('',#10758);
#10758 = AXIS2_PLACEMENT_3D('',#10759,#10760,#10761);
#10759 = CARTESIAN_POINT('',(78.535128978628,38.42596791552,
    222.77789805442));
#10760 = DIRECTION('',(-0.697764224296,-3.086370833955E-02,
    -0.715662293823));
#10761 = DIRECTION('',(0.716003396211,1.383863450775E-18,-0.698096796021
    ));
#10762 = ADVANCED_FACE('',(#10763),#10780,.T.);
#10763 = FACE_BOUND('',#10764,.T.);
#10764 = EDGE_LOOP('',(#10765,#10766,#10774));
#10765 = ORIENTED_EDGE('',*,*,#10744,.F.);
#10766 = ORIENTED_EDGE('',*,*,#10767,.T.);
#10767 = EDGE_CURVE('',#10722,#10768,#10770,.T.);
#10768 = VERTEX_POINT('',#10769);
#10769 = CARTESIAN_POINT('',(78.681312561036,38.664329528809,
    222.57833063764));
#10770 = LINE('',#10771,#10772);
#10771 = CARTESIAN_POINT('',(78.503570556641,38.531879425049,
    222.8040996806));
#10772 = VECTOR('',#10773,1.);
#10773 = DIRECTION('',(0.561769353724,0.418620288677,-0.713563064574));
#10774 = ORIENTED_EDGE('',*,*,#10775,.F.);
#10775 = EDGE_CURVE('',#10745,#10768,#10776,.T.);
#10776 = LINE('',#10777,#10778);
#10777 = CARTESIAN_POINT('',(78.668601989746,38.445365905762,
    222.64692652387));
#10778 = VECTOR('',#10779,1.);
#10779 = DIRECTION('',(5.53093648423E-02,0.952808385939,-0.298491296097)
  );
#10780 = PLANE('',#10781);
#10781 = AXIS2_PLACEMENT_3D('',#10782,#10783,#10784);
#10782 = CARTESIAN_POINT('',(78.614484807555,38.551737083661,
    222.67893742287));
#10783 = DIRECTION('',(-0.724527106402,-0.16740062868,-0.668608631118));
#10784 = DIRECTION('',(-0.678178438292,4.053445238966E-17,0.734897275703
    ));
#10785 = ADVANCED_FACE('',(#10786),#10812,.T.);
#10786 = FACE_BOUND('',#10787,.T.);
#10787 = EDGE_LOOP('',(#10788,#10798,#10806));
#10788 = ORIENTED_EDGE('',*,*,#10789,.T.);
#10789 = EDGE_CURVE('',#10790,#10792,#10794,.T.);
#10790 = VERTEX_POINT('',#10791);
#10791 = CARTESIAN_POINT('',(57.863899230957,-38.47025680542,
    223.04450190228));
#10792 = VERTEX_POINT('',#10793);
#10793 = CARTESIAN_POINT('',(57.703323364258,-38.66117477417,
    222.96941340131));
#10794 = LINE('',#10795,#10796);
#10795 = CARTESIAN_POINT('',(57.863899230957,-38.47025680542,
    223.04450190228));
#10796 = VECTOR('',#10797,1.);
#10797 = DIRECTION('',(-0.616358161359,-0.732823995337,-0.288221457885)
  );
#10798 = ORIENTED_EDGE('',*,*,#10799,.T.);
#10799 = EDGE_CURVE('',#10792,#10800,#10802,.T.);
#10800 = VERTEX_POINT('',#10801);
#10801 = CARTESIAN_POINT('',(57.558059692383,-38.59766769409,
    222.88880121869));
#10802 = LINE('',#10803,#10804);
#10803 = CARTESIAN_POINT('',(57.703323364258,-38.66117477417,
    222.96941340131));
#10804 = VECTOR('',#10805,1.);
#10805 = DIRECTION('',(-0.816745546581,0.357068798831,-0.453242302793));
#10806 = ORIENTED_EDGE('',*,*,#10807,.F.);
#10807 = EDGE_CURVE('',#10790,#10800,#10808,.T.);
#10808 = LINE('',#10809,#10810);
#10809 = CARTESIAN_POINT('',(57.863899230957,-38.47025680542,
    223.04450190228));
#10810 = VECTOR('',#10811,1.);
#10811 = DIRECTION('',(-0.835446119766,-0.348041764165,-0.425319540304)
  );
#10812 = PLANE('',#10813);
#10813 = AXIS2_PLACEMENT_3D('',#10814,#10815,#10816);
#10814 = CARTESIAN_POINT('',(57.71675049371,-38.56535048423,
    222.97140405817));
#10815 = DIRECTION('',(0.468774579252,-4.736214274398E-02,
    -0.882047176336));
#10816 = DIRECTION('',(0.883038135831,-6.15903798359E-19,0.469301236593)
  );
#10817 = ADVANCED_FACE('',(#10818),#10835,.T.);
#10818 = FACE_BOUND('',#10819,.T.);
#10819 = EDGE_LOOP('',(#10820,#10821,#10829));
#10820 = ORIENTED_EDGE('',*,*,#10799,.F.);
#10821 = ORIENTED_EDGE('',*,*,#10822,.T.);
#10822 = EDGE_CURVE('',#10792,#10823,#10825,.T.);
#10823 = VERTEX_POINT('',#10824);
#10824 = CARTESIAN_POINT('',(57.481170654297,-38.81196594238,
    222.80416071576));
#10825 = LINE('',#10826,#10827);
#10826 = CARTESIAN_POINT('',(57.703323364258,-38.66117477417,
    222.96941340131));
#10827 = VECTOR('',#10828,1.);
#10828 = DIRECTION('',(-0.704631801063,-0.478284745934,-0.52415429669));
#10829 = ORIENTED_EDGE('',*,*,#10830,.F.);
#10830 = EDGE_CURVE('',#10800,#10823,#10831,.T.);
#10831 = LINE('',#10832,#10833);
#10832 = CARTESIAN_POINT('',(57.558059692383,-38.59766769409,
    222.88880121869));
#10833 = VECTOR('',#10834,1.);
#10834 = DIRECTION('',(-0.316548023763,-0.882254332751,-0.348460386548)
  );
#10835 = PLANE('',#10836);
#10836 = AXIS2_PLACEMENT_3D('',#10837,#10838,#10839);
#10837 = CARTESIAN_POINT('',(57.577567516848,-38.70019945738,
    222.88371198264));
#10838 = DIRECTION('',(0.527018431949,0.141862443023,-0.837929961062));
#10839 = DIRECTION('',(0.846491049032,-3.061274623465E-17,0.532402952574
    ));
#10840 = ADVANCED_FACE('',(#10841),#10858,.T.);
#10841 = FACE_BOUND('',#10842,.T.);
#10842 = EDGE_LOOP('',(#10843,#10844,#10852));
#10843 = ORIENTED_EDGE('',*,*,#10830,.T.);
#10844 = ORIENTED_EDGE('',*,*,#10845,.T.);
#10845 = EDGE_CURVE('',#10823,#10846,#10848,.T.);
#10846 = VERTEX_POINT('',#10847);
#10847 = CARTESIAN_POINT('',(57.315452575684,-38.72486495971,
    222.64692652387));
#10848 = LINE('',#10849,#10850);
#10849 = CARTESIAN_POINT('',(57.481170654297,-38.81196594238,
    222.80416071576));
#10850 = VECTOR('',#10851,1.);
#10851 = DIRECTION('',(-0.677832289023,0.356266853627,-0.643130870792));
#10852 = ORIENTED_EDGE('',*,*,#10853,.F.);
#10853 = EDGE_CURVE('',#10800,#10846,#10854,.T.);
#10854 = LINE('',#10855,#10856);
#10855 = CARTESIAN_POINT('',(57.558059692383,-38.59766769409,
    222.88880121869));
#10856 = VECTOR('',#10857,1.);
#10857 = DIRECTION('',(-0.663890831286,-0.348073459517,-0.661886569523)
  );
#10858 = PLANE('',#10859);
#10859 = AXIS2_PLACEMENT_3D('',#10860,#10861,#10862);
#10860 = CARTESIAN_POINT('',(57.449334887828,-38.70438764319,
    222.7781233479));
#10861 = DIRECTION('',(0.6969597539,3.287104359443E-02,-0.71635647267));
#10862 = DIRECTION('',(0.716743800138,-7.211676448911E-19,0.697336593737
    ));
#10863 = ADVANCED_FACE('',(#10864),#10881,.T.);
#10864 = FACE_BOUND('',#10865,.T.);
#10865 = EDGE_LOOP('',(#10866,#10867,#10875));
#10866 = ORIENTED_EDGE('',*,*,#10845,.F.);
#10867 = ORIENTED_EDGE('',*,*,#10868,.T.);
#10868 = EDGE_CURVE('',#10823,#10869,#10871,.T.);
#10869 = VERTEX_POINT('',#10870);
#10870 = CARTESIAN_POINT('',(57.303436279297,-38.94794464111,
    222.5778194682));
#10871 = LINE('',#10872,#10873);
#10872 = CARTESIAN_POINT('',(57.481170654297,-38.81196594238,
    222.80416071576));
#10873 = VECTOR('',#10874,1.);
#10874 = DIRECTION('',(-0.558399618756,-0.42721310118,-0.711110984273));
#10875 = ORIENTED_EDGE('',*,*,#10876,.F.);
#10876 = EDGE_CURVE('',#10846,#10869,#10877,.T.);
#10877 = LINE('',#10878,#10879);
#10878 = CARTESIAN_POINT('',(57.315452575684,-38.72486495971,
    222.64692652387));
#10879 = VECTOR('',#10880,1.);
#10880 = DIRECTION('',(-5.1385150445E-02,-0.953953083452,-0.29552170967)
  );
#10881 = PLANE('',#10882);
#10882 = AXIS2_PLACEMENT_3D('',#10883,#10884,#10885);
#10883 = CARTESIAN_POINT('',(57.369824181409,-38.83293966014,
    222.6785165646));
#10884 = DIRECTION('',(0.723599667712,0.16838337975,-0.669365788124));
#10885 = DIRECTION('',(-0.67906171507,1.036574544413E-18,-0.734081185651
    ));
#10886 = ADVANCED_FACE('',(#10887),#10913,.T.);
#10887 = FACE_BOUND('',#10888,.T.);
#10888 = EDGE_LOOP('',(#10889,#10899,#10907));
#10889 = ORIENTED_EDGE('',*,*,#10890,.T.);
#10890 = EDGE_CURVE('',#10891,#10893,#10895,.T.);
#10891 = VERTEX_POINT('',#10892);
#10892 = CARTESIAN_POINT('',(57.863899230957,38.470180511475,
    223.04450190228));
#10893 = VERTEX_POINT('',#10894);
#10894 = CARTESIAN_POINT('',(57.949974060059,38.500873565674,
    223.06687128705));
#10895 = LINE('',#10896,#10897);
#10896 = CARTESIAN_POINT('',(57.863899230957,38.470180511475,
    223.04450190228));
#10897 = VECTOR('',#10898,1.);
#10898 = DIRECTION('',(0.914896410079,0.326238987569,0.237766023254));
#10899 = ORIENTED_EDGE('',*,*,#10900,.T.);
#10900 = EDGE_CURVE('',#10893,#10901,#10903,.T.);
#10901 = VERTEX_POINT('',#10902);
#10902 = CARTESIAN_POINT('',(58.203926086426,38.336135864258,
    223.09837305707));
#10903 = LINE('',#10904,#10905);
#10904 = CARTESIAN_POINT('',(57.949974060059,38.500873565674,
    223.06687128705));
#10905 = VECTOR('',#10906,1.);
#10906 = DIRECTION('',(0.834436753867,-0.541295908426,0.103508663003));
#10907 = ORIENTED_EDGE('',*,*,#10908,.F.);
#10908 = EDGE_CURVE('',#10891,#10901,#10909,.T.);
#10909 = LINE('',#10910,#10911);
#10910 = CARTESIAN_POINT('',(57.863899230957,38.470180511475,
    223.04450190228));
#10911 = VECTOR('',#10912,1.);
#10912 = DIRECTION('',(0.92037636429,-0.362828768004,0.145817122335));
#10913 = PLANE('',#10914);
#10914 = AXIS2_PLACEMENT_3D('',#10915,#10916,#10917);
#10915 = CARTESIAN_POINT('',(58.035412779529,38.419332842794,
    223.07394062564));
#10916 = DIRECTION('',(0.205323614572,0.131053246156,-0.969880023493));
#10917 = DIRECTION('',(0.978317689865,2.545953459979E-18,0.207109868661)
  );
#10918 = ADVANCED_FACE('',(#10919),#10936,.T.);
#10919 = FACE_BOUND('',#10920,.T.);
#10920 = EDGE_LOOP('',(#10921,#10922,#10930));
#10921 = ORIENTED_EDGE('',*,*,#10900,.F.);
#10922 = ORIENTED_EDGE('',*,*,#10923,.T.);
#10923 = EDGE_CURVE('',#10893,#10924,#10926,.T.);
#10924 = VERTEX_POINT('',#10925);
#10925 = CARTESIAN_POINT('',(57.987289428711,38.553596496582,
    223.06811487836));
#10926 = LINE('',#10927,#10928);
#10927 = CARTESIAN_POINT('',(57.949974060059,38.500873565674,
    223.06687128705));
#10928 = VECTOR('',#10929,1.);
#10929 = DIRECTION('',(0.57760056009,0.816092551728,1.924941551721E-02)
  );
#10930 = ORIENTED_EDGE('',*,*,#10931,.F.);
#10931 = EDGE_CURVE('',#10901,#10924,#10932,.T.);
#10932 = LINE('',#10933,#10934);
#10933 = CARTESIAN_POINT('',(58.203926086426,38.336135864258,
    223.09837305707));
#10934 = VECTOR('',#10935,1.);
#10935 = DIRECTION('',(-0.702359104785,0.705030518179,
    -9.810023629438E-02));
#10936 = PLANE('',#10937);
#10937 = AXIS2_PLACEMENT_3D('',#10938,#10939,#10940);
#10938 = CARTESIAN_POINT('',(58.075115066834,38.440878096982,
    223.0814623977));
#10939 = DIRECTION('',(9.497695026849E-02,-4.376325665904E-02,
    -0.994517046754));
#10940 = DIRECTION('',(0.995470777707,1.498108090402E-19,
    9.506803212332E-02));
#10941 = ADVANCED_FACE('',(#10942),#10966,.T.);
#10942 = FACE_BOUND('',#10943,.T.);
#10943 = EDGE_LOOP('',(#10944,#10952,#10960));
#10944 = ORIENTED_EDGE('',*,*,#10945,.T.);
#10945 = EDGE_CURVE('',#10901,#10946,#10948,.T.);
#10946 = VERTEX_POINT('',#10947);
#10947 = CARTESIAN_POINT('',(58.071319580078,38.676761627197,
    223.04449427289));
#10948 = LINE('',#10949,#10950);
#10949 = CARTESIAN_POINT('',(58.203926086426,38.336135864258,
    223.09837305707));
#10950 = VECTOR('',#10951,1.);
#10951 = DIRECTION('',(-0.358903191292,0.921913084978,-0.145824425344));
#10952 = ORIENTED_EDGE('',*,*,#10953,.T.);
#10953 = EDGE_CURVE('',#10946,#10954,#10956,.T.);
#10954 = VERTEX_POINT('',#10955);
#10955 = CARTESIAN_POINT('',(67.995361328125,38.248210906982,
    223.09837305707));
#10956 = LINE('',#10957,#10958);
#10957 = CARTESIAN_POINT('',(58.071319580078,38.676761627197,
    223.04449427289));
#10958 = VECTOR('',#10959,1.);
#10959 = DIRECTION('',(0.999054216462,-4.314224132346E-02,
    5.423982272459E-03));
#10960 = ORIENTED_EDGE('',*,*,#10961,.F.);
#10961 = EDGE_CURVE('',#10901,#10954,#10962,.T.);
#10962 = LINE('',#10963,#10964);
#10963 = CARTESIAN_POINT('',(58.203926086426,38.336135864258,
    223.09837305707));
#10964 = VECTOR('',#10965,1.);
#10965 = DIRECTION('',(0.999959684193,-8.979420313717E-03,0.));
#10966 = PLANE('',#10967);
#10967 = AXIS2_PLACEMENT_3D('',#10968,#10969,#10970);
#10968 = CARTESIAN_POINT('',(62.975632561584,38.380303997072,
    223.0845607768));
#10969 = DIRECTION('',(-1.407742511454E-03,-0.156767999269,
    -0.987634452956));
#10970 = DIRECTION('',(1.919464341229E-20,0.987635431575,-0.156768154606
    ));
#10971 = ADVANCED_FACE('',(#10972),#10989,.T.);
#10972 = FACE_BOUND('',#10973,.T.);
#10973 = EDGE_LOOP('',(#10974,#10975,#10983));
#10974 = ORIENTED_EDGE('',*,*,#10953,.F.);
#10975 = ORIENTED_EDGE('',*,*,#10976,.T.);
#10976 = EDGE_CURVE('',#10946,#10977,#10979,.T.);
#10977 = VERTEX_POINT('',#10978);
#10978 = CARTESIAN_POINT('',(67.990219116211,38.587162017822,
    223.04484522504));
#10979 = LINE('',#10980,#10981);
#10980 = CARTESIAN_POINT('',(58.071319580078,38.676761627197,
    223.04449427289));
#10981 = VECTOR('',#10982,1.);
#10982 = DIRECTION('',(0.999959202332,-9.032852242681E-03,
    3.53807223402E-05));
#10983 = ORIENTED_EDGE('',*,*,#10984,.F.);
#10984 = EDGE_CURVE('',#10954,#10977,#10985,.T.);
#10985 = LINE('',#10986,#10987);
#10986 = CARTESIAN_POINT('',(67.995361328125,38.248210906982,
    223.09837305707));
#10987 = VECTOR('',#10988,1.);
#10988 = DIRECTION('',(-1.49835619535E-02,0.987647933098,-0.155971321462
    ));
#10989 = PLANE('',#10990);
#10990 = AXIS2_PLACEMENT_3D('',#10991,#10992,#10993);
#10991 = CARTESIAN_POINT('',(63.11635376337,38.544963511228,
    223.05829145319));
#10992 = DIRECTION('',(-1.374315091209E-03,-0.15600902775,
    -0.987754673246));
#10993 = DIRECTION('',(-7.001903220699E-22,0.987755606054,
    -0.156009175081));
#10994 = ADVANCED_FACE('',(#10995),#11019,.T.);
#10995 = FACE_BOUND('',#10996,.T.);
#10996 = EDGE_LOOP('',(#10997,#11005,#11013));
#10997 = ORIENTED_EDGE('',*,*,#10998,.T.);
#10998 = EDGE_CURVE('',#10999,#10977,#11001,.T.);
#10999 = VERTEX_POINT('',#11000);
#11000 = CARTESIAN_POINT('',(68.521202087402,38.240856170654,
    223.09837305707));
#11001 = LINE('',#11002,#11003);
#11002 = CARTESIAN_POINT('',(68.521202087402,38.240856170654,
    223.09837305707));
#11003 = VECTOR('',#11004,1.);
#11004 = DIRECTION('',(-0.834631435255,0.544344662524,
    -8.413831271104E-02));
#11005 = ORIENTED_EDGE('',*,*,#11006,.T.);
#11006 = EDGE_CURVE('',#10977,#11007,#11009,.T.);
#11007 = VERTEX_POINT('',#11008);
#11008 = CARTESIAN_POINT('',(77.780128479004,38.0673828125,
    223.09837305707));
#11009 = LINE('',#11010,#11011);
#11010 = CARTESIAN_POINT('',(67.990219116211,38.587162017822,
    223.04484522504));
#11011 = VECTOR('',#11012,1.);
#11012 = DIRECTION('',(0.998578635986,-5.301789737065E-02,
    5.459881957661E-03));
#11013 = ORIENTED_EDGE('',*,*,#11014,.F.);
#11014 = EDGE_CURVE('',#10999,#11007,#11015,.T.);
#11015 = LINE('',#11016,#11017);
#11016 = CARTESIAN_POINT('',(68.521202087402,38.240856170654,
    223.09837305707));
#11017 = VECTOR('',#11018,1.);
#11018 = DIRECTION('',(0.999824531165,-1.873250867871E-02,0.));
#11019 = PLANE('',#11020);
#11020 = AXIS2_PLACEMENT_3D('',#11021,#11022,#11023);
#11021 = CARTESIAN_POINT('',(72.860473311899,38.248680295905,
    223.08418991617));
#11022 = DIRECTION('',(-2.944543635891E-03,-0.157161382426,
    -0.987568544222));
#11023 = DIRECTION('',(2.84609518821E-20,0.987572825526,-0.157162063751)
  );
#11024 = ADVANCED_FACE('',(#11025),#11042,.T.);
#11025 = FACE_BOUND('',#11026,.T.);
#11026 = EDGE_LOOP('',(#11027,#11035,#11041));
#11027 = ORIENTED_EDGE('',*,*,#11028,.T.);
#11028 = EDGE_CURVE('',#10977,#11029,#11031,.T.);
#11029 = VERTEX_POINT('',#11030);
#11030 = CARTESIAN_POINT('',(77.918472290039,38.404270172119,
    223.04450190228));
#11031 = LINE('',#11032,#11033);
#11032 = CARTESIAN_POINT('',(67.990219116211,38.587162017822,
    223.04484522504));
#11033 = VECTOR('',#11034,1.);
#11034 = DIRECTION('',(0.99983036947,-1.841822710006E-02,
    -3.457451274415E-05));
#11035 = ORIENTED_EDGE('',*,*,#11036,.T.);
#11036 = EDGE_CURVE('',#11029,#11007,#11037,.T.);
#11037 = LINE('',#11038,#11039);
#11038 = CARTESIAN_POINT('',(77.918472290039,38.404270172119,
    223.04450190228));
#11039 = VECTOR('',#11040,1.);
#11040 = DIRECTION('',(-0.375781399769,-0.915082522412,0.146329480161));
#11041 = ORIENTED_EDGE('',*,*,#11006,.F.);
#11042 = PLANE('',#11043);
#11043 = AXIS2_PLACEMENT_3D('',#11044,#11045,#11046);
#11044 = CARTESIAN_POINT('',(73.010257023508,38.408805348446,
    223.05830038016));
#11045 = DIRECTION('',(-2.921365789404E-03,-0.156731869867,
    -0.987636869801));
#11046 = DIRECTION('',(7.743085562827E-22,0.987641084261,-0.156732538676
    ));
#11047 = ADVANCED_FACE('',(#11048),#11065,.T.);
#11048 = FACE_BOUND('',#11049,.T.);
#11049 = EDGE_LOOP('',(#11050,#11058,#11064));
#11050 = ORIENTED_EDGE('',*,*,#11051,.T.);
#11051 = EDGE_CURVE('',#11029,#11052,#11054,.T.);
#11052 = VERTEX_POINT('',#11053);
#11053 = CARTESIAN_POINT('',(77.947074890137,38.317985534668,
    223.06676447553));
#11054 = LINE('',#11055,#11056);
#11055 = CARTESIAN_POINT('',(77.918472290039,38.404270172119,
    223.04450190228));
#11056 = VECTOR('',#11057,1.);
#11057 = DIRECTION('',(0.30562154295,-0.921959679913,0.237877744019));
#11058 = ORIENTED_EDGE('',*,*,#11059,.T.);
#11059 = EDGE_CURVE('',#11052,#11007,#11060,.T.);
#11060 = LINE('',#11061,#11062);
#11061 = CARTESIAN_POINT('',(77.947074890137,38.317985534668,
    223.06676447553));
#11062 = VECTOR('',#11063,1.);
#11063 = DIRECTION('',(-0.551390015513,-0.827689783364,0.104396711191));
#11064 = ORIENTED_EDGE('',*,*,#11036,.F.);
#11065 = PLANE('',#11066);
#11066 = AXIS2_PLACEMENT_3D('',#11067,#11068,#11069);
#11067 = CARTESIAN_POINT('',(77.865182643363,38.234079469317,
    223.07391116897));
#11068 = DIRECTION('',(0.128192494673,-0.207714432181,-0.96975326706));
#11069 = DIRECTION('',(-1.155552645267E-18,0.977820969475,
    -0.209442478152));
#11070 = ADVANCED_FACE('',(#11071),#11088,.T.);
#11071 = FACE_BOUND('',#11072,.T.);
#11072 = EDGE_LOOP('',(#11073,#11074,#11082));
#11073 = ORIENTED_EDGE('',*,*,#11059,.F.);
#11074 = ORIENTED_EDGE('',*,*,#11075,.T.);
#11075 = EDGE_CURVE('',#11052,#11076,#11078,.T.);
#11076 = VERTEX_POINT('',#11077);
#11077 = CARTESIAN_POINT('',(77.998367309571,38.280628204346,
    223.06794703168));
#11078 = LINE('',#11079,#11080);
#11079 = CARTESIAN_POINT('',(77.947074890137,38.317985534668,
    223.06676447553));
#11080 = VECTOR('',#11081,1.);
#11081 = DIRECTION('',(0.808192613607,-0.588623402131,1.863302916987E-02
    ));
#11082 = ORIENTED_EDGE('',*,*,#11083,.F.);
#11083 = EDGE_CURVE('',#11007,#11076,#11084,.T.);
#11084 = LINE('',#11085,#11086);
#11085 = CARTESIAN_POINT('',(77.780128479004,38.0673828125,
    223.09837305707));
#11086 = VECTOR('',#11087,1.);
#11087 = DIRECTION('',(0.71171237634,0.695427959269,-9.922422502511E-02)
  );
#11088 = PLANE('',#11089);
#11089 = AXIS2_PLACEMENT_3D('',#11090,#11091,#11092);
#11090 = CARTESIAN_POINT('',(77.885581076512,38.194228677509,
    223.08140333458));
#11091 = DIRECTION('',(-4.607161659954E-02,-9.473644762811E-02,
    -0.994435725241));
#11092 = DIRECTION('',(-8.940993994377E-20,0.995492799924,
    -9.483715147236E-02));
#11093 = ADVANCED_FACE('',(#11094),#11116,.T.);
#11094 = FACE_BOUND('',#11095,.T.);
#11095 = EDGE_LOOP('',(#11096,#11104,#11110));
#11096 = ORIENTED_EDGE('',*,*,#11097,.T.);
#11097 = EDGE_CURVE('',#11007,#11098,#11100,.T.);
#11098 = VERTEX_POINT('',#11099);
#11099 = CARTESIAN_POINT('',(78.034538269043,38.228492736816,
    223.06676447553));
#11100 = LINE('',#11101,#11102);
#11101 = CARTESIAN_POINT('',(77.780128479004,38.0673828125,
    223.09837305707));
#11102 = VECTOR('',#11103,1.);
#11103 = DIRECTION('',(0.840227456706,0.532090301783,-0.104392201557));
#11104 = ORIENTED_EDGE('',*,*,#11105,.T.);
#11105 = EDGE_CURVE('',#11098,#10689,#11106,.T.);
#11106 = LINE('',#11107,#11108);
#11107 = CARTESIAN_POINT('',(78.034538269043,38.228492736816,
    223.06676447553));
#11108 = VECTOR('',#11109,1.);
#11109 = DIRECTION('',(0.914154295702,-0.328386710234,-0.237663821797));
#11110 = ORIENTED_EDGE('',*,*,#11111,.F.);
#11111 = EDGE_CURVE('',#11007,#10689,#11112,.T.);
#11112 = LINE('',#11113,#11114);
#11113 = CARTESIAN_POINT('',(77.780128479004,38.0673828125,
    223.09837305707));
#11114 = VECTOR('',#11115,1.);
#11115 = DIRECTION('',(0.923675850844,0.354135157417,-0.146325708095));
#11116 = PLANE('',#11117);
#11117 = AXIS2_PLACEMENT_3D('',#11118,#11119,#11120);
#11118 = CARTESIAN_POINT('',(77.948763472772,38.148518220415,
    223.07391251252));
#11119 = DIRECTION('',(-0.204493091636,0.132641047679,-0.969839640324));
#11120 = DIRECTION('',(0.978485400309,2.966306829316E-17,-0.206316071555
    ));
#11121 = ADVANCED_FACE('',(#11122),#11132,.T.);
#11122 = FACE_BOUND('',#11123,.T.);
#11123 = EDGE_LOOP('',(#11124,#11125,#11131));
#11124 = ORIENTED_EDGE('',*,*,#11083,.T.);
#11125 = ORIENTED_EDGE('',*,*,#11126,.T.);
#11126 = EDGE_CURVE('',#11076,#11098,#11127,.T.);
#11127 = LINE('',#11128,#11129);
#11128 = CARTESIAN_POINT('',(77.99836730957,38.280628204346,
    223.06794703168));
#11129 = VECTOR('',#11130,1.);
#11130 = DIRECTION('',(0.569932893771,-0.821479947181,-1.86331150674E-02
    ));
#11131 = ORIENTED_EDGE('',*,*,#11097,.F.);
#11132 = PLANE('',#11133);
#11133 = AXIS2_PLACEMENT_3D('',#11134,#11135,#11136);
#11134 = CARTESIAN_POINT('',(77.909383602988,38.169873307713,
    223.08140336334));
#11135 = DIRECTION('',(-9.576215257408E-02,-4.388244805169E-02,
    -0.994436494145));
#11136 = DIRECTION('',(0.995395357095,3.179244581002E-19,
    -9.585448906878E-02));
#11137 = ADVANCED_FACE('',(#11138),#11148,.T.);
#11138 = FACE_BOUND('',#11139,.T.);
#11139 = EDGE_LOOP('',(#11140,#11141,#11142));
#11140 = ORIENTED_EDGE('',*,*,#10984,.T.);
#11141 = ORIENTED_EDGE('',*,*,#10998,.F.);
#11142 = ORIENTED_EDGE('',*,*,#11143,.F.);
#11143 = EDGE_CURVE('',#10954,#10999,#11144,.T.);
#11144 = LINE('',#11145,#11146);
#11145 = CARTESIAN_POINT('',(67.995361328125,38.248210906982,
    223.09837305707));
#11146 = VECTOR('',#11147,1.);
#11147 = DIRECTION('',(0.999902201541,-1.398525488277E-02,0.));
#11148 = PLANE('',#11149);
#11149 = AXIS2_PLACEMENT_3D('',#11150,#11151,#11152);
#11150 = CARTESIAN_POINT('',(68.196665034615,38.355638318443,
    223.08095957344));
#11151 = DIRECTION('',(-2.182203537054E-03,-0.156020761809,
    -0.987751365411));
#11152 = DIRECTION('',(1.695785737405E-20,0.987753717262,-0.156021133297
    ));
#11153 = ADVANCED_FACE('',(#11154),#11171,.T.);
#11154 = FACE_BOUND('',#11155,.T.);
#11155 = EDGE_LOOP('',(#11156,#11164,#11170));
#11156 = ORIENTED_EDGE('',*,*,#11157,.T.);
#11157 = EDGE_CURVE('',#10901,#11158,#11160,.T.);
#11158 = VERTEX_POINT('',#11159);
#11159 = CARTESIAN_POINT('',(58.040153503418,38.590732574463,
    223.06687891644));
#11160 = LINE('',#11161,#11162);
#11161 = CARTESIAN_POINT('',(58.203926086426,38.336135864258,
    223.09837305707));
#11162 = VECTOR('',#11163,1.);
#11163 = DIRECTION('',(-0.538094737922,0.836508452987,-0.103477829039));
#11164 = ORIENTED_EDGE('',*,*,#11165,.T.);
#11165 = EDGE_CURVE('',#11158,#10946,#11166,.T.);
#11166 = LINE('',#11167,#11168);
#11167 = CARTESIAN_POINT('',(58.040153503418,38.590732574463,
    223.06687891644));
#11168 = VECTOR('',#11169,1.);
#11169 = DIRECTION('',(0.330854647186,0.913272215831,-0.237632199472));
#11170 = ORIENTED_EDGE('',*,*,#10945,.F.);
#11171 = PLANE('',#11172);
#11172 = AXIS2_PLACEMENT_3D('',#11173,#11174,#11175);
#11173 = CARTESIAN_POINT('',(58.12140426894,38.505015983307,
    223.07393759826));
#11174 = DIRECTION('',(-0.131663698605,-0.204677196994,-0.969933974815)
  );
#11175 = DIRECTION('',(-1.070813667631E-19,0.978451945107,
    -0.206474674275));
#11176 = ADVANCED_FACE('',(#11177),#11187,.T.);
#11177 = FACE_BOUND('',#11178,.T.);
#11178 = EDGE_LOOP('',(#11179,#11180,#11186));
#11179 = ORIENTED_EDGE('',*,*,#10931,.T.);
#11180 = ORIENTED_EDGE('',*,*,#11181,.T.);
#11181 = EDGE_CURVE('',#10924,#11158,#11182,.T.);
#11182 = LINE('',#11183,#11184);
#11183 = CARTESIAN_POINT('',(57.987289428711,38.553596496582,
    223.06811487836));
#11184 = VECTOR('',#11185,1.);
#11185 = DIRECTION('',(0.818126813356,0.574719622458,-1.912780253481E-02
    ));
#11186 = ORIENTED_EDGE('',*,*,#11157,.F.);
#11187 = PLANE('',#11188);
#11188 = AXIS2_PLACEMENT_3D('',#11189,#11190,#11191);
#11189 = CARTESIAN_POINT('',(58.099672623028,38.465351163259,
    223.08146425946));
#11190 = DIRECTION('',(4.350949628766E-02,-9.503645489561E-02,
    -0.994522496464));
#11191 = DIRECTION('',(1.230065137744E-19,0.995465188584,
    -9.512653844572E-02));
#11192 = ADVANCED_FACE('',(#11193),#11210,.T.);
#11193 = FACE_BOUND('',#11194,.T.);
#11194 = EDGE_LOOP('',(#11195,#11203,#11204));
#11195 = ORIENTED_EDGE('',*,*,#11196,.T.);
#11196 = EDGE_CURVE('',#11197,#10893,#11199,.T.);
#11197 = VERTEX_POINT('',#11198);
#11198 = CARTESIAN_POINT('',(57.703224182129,38.660861968994,
    222.96939814252));
#11199 = LINE('',#11200,#11201);
#11200 = CARTESIAN_POINT('',(57.703224182129,38.660861968994,
    222.96939814252));
#11201 = VECTOR('',#11202,1.);
#11202 = DIRECTION('',(0.79645313647,-0.516406600451,0.314621398539));
#11203 = ORIENTED_EDGE('',*,*,#10890,.F.);
#11204 = ORIENTED_EDGE('',*,*,#11205,.F.);
#11205 = EDGE_CURVE('',#11197,#10891,#11206,.T.);
#11206 = LINE('',#11207,#11208);
#11207 = CARTESIAN_POINT('',(57.703224182129,38.660861968994,
    222.96939814252));
#11208 = VECTOR('',#11209,1.);
#11209 = DIRECTION('',(0.616993897867,-0.732218826656,0.288399236971));
#11210 = PLANE('',#11211);
#11211 = AXIS2_PLACEMENT_3D('',#11212,#11213,#11214);
#11212 = CARTESIAN_POINT('',(57.821105657314,38.561349302648,
    223.01906841529));
#11213 = DIRECTION('',(0.291810628758,-0.1274765302,-0.947943189855));
#11214 = DIRECTION('',(0.955740515438,-4.491882876925E-18,0.294210922895
    ));
#11215 = ADVANCED_FACE('',(#11216),#11233,.T.);
#11216 = FACE_BOUND('',#11217,.T.);
#11217 = EDGE_LOOP('',(#11218,#11226,#11227));
#11218 = ORIENTED_EDGE('',*,*,#11219,.T.);
#11219 = EDGE_CURVE('',#11220,#11197,#11222,.T.);
#11220 = VERTEX_POINT('',#11221);
#11221 = CARTESIAN_POINT('',(57.558059692383,38.597587585449,
    222.88880121869));
#11222 = LINE('',#11223,#11224);
#11223 = CARTESIAN_POINT('',(57.558059692383,38.597587585449,
    222.88880121869));
#11224 = VECTOR('',#11225,1.);
#11225 = DIRECTION('',(0.816972971061,0.356102661244,0.453592393246));
#11226 = ORIENTED_EDGE('',*,*,#11205,.T.);
#11227 = ORIENTED_EDGE('',*,*,#11228,.F.);
#11228 = EDGE_CURVE('',#11220,#10891,#11229,.T.);
#11229 = LINE('',#11230,#11231);
#11230 = CARTESIAN_POINT('',(57.558059692383,38.597587585449,
    222.88880121869));
#11231 = VECTOR('',#11232,1.);
#11232 = DIRECTION('',(0.835449149682,-0.34803260596,0.425321082813));
#11233 = PLANE('',#11234);
#11234 = AXIS2_PLACEMENT_3D('',#11235,#11236,#11237);
#11235 = CARTESIAN_POINT('',(57.716732823856,38.565194863111,
    222.97140413806));
#11236 = DIRECTION('',(0.468882100293,4.771473253056E-02,-0.881971020116
    ));
#11237 = DIRECTION('',(0.882976727524,8.396707787033E-19,0.469416764347)
  );
#11238 = ADVANCED_FACE('',(#11239),#11256,.T.);
#11239 = FACE_BOUND('',#11240,.T.);
#11240 = EDGE_LOOP('',(#11241,#11249,#11250));
#11241 = ORIENTED_EDGE('',*,*,#11242,.T.);
#11242 = EDGE_CURVE('',#11243,#11197,#11245,.T.);
#11243 = VERTEX_POINT('',#11244);
#11244 = CARTESIAN_POINT('',(57.48104095459,38.811550140381,
    222.80416071576));
#11245 = LINE('',#11246,#11247);
#11246 = CARTESIAN_POINT('',(57.48104095459,38.811550140381,
    222.80416071576));
#11247 = VECTOR('',#11248,1.);
#11248 = DIRECTION('',(0.704808494681,-0.478012244298,0.524165317554));
#11249 = ORIENTED_EDGE('',*,*,#11219,.F.);
#11250 = ORIENTED_EDGE('',*,*,#11251,.F.);
#11251 = EDGE_CURVE('',#11243,#11220,#11252,.T.);
#11252 = LINE('',#11253,#11254);
#11253 = CARTESIAN_POINT('',(57.48104095459,38.811550140381,
    222.80416071576));
#11254 = VECTOR('',#11255,1.);
#11255 = DIRECTION('',(0.317415190883,-0.881797951533,0.348826560442));
#11256 = PLANE('',#11257);
#11257 = AXIS2_PLACEMENT_3D('',#11258,#11259,#11260);
#11258 = CARTESIAN_POINT('',(57.577492131724,38.699927157228,
    222.88370907853));
#11259 = DIRECTION('',(0.527027204625,-0.141766622866,-0.837940660325));
#11260 = DIRECTION('',(0.846490118752,-3.323827819438E-17,0.532404431664
    ));
#11261 = ADVANCED_FACE('',(#11262),#11279,.T.);
#11262 = FACE_BOUND('',#11263,.T.);
#11263 = EDGE_LOOP('',(#11264,#11272,#11273));
#11264 = ORIENTED_EDGE('',*,*,#11265,.T.);
#11265 = EDGE_CURVE('',#11266,#11243,#11268,.T.);
#11266 = VERTEX_POINT('',#11267);
#11267 = CARTESIAN_POINT('',(57.315444946289,38.724784851074,
    222.64691889447));
#11268 = LINE('',#11269,#11270);
#11269 = CARTESIAN_POINT('',(57.315444946289,38.724784851074,
    222.64691889447));
#11270 = VECTOR('',#11271,1.);
#11271 = DIRECTION('',(0.677879909905,0.355180339801,0.643681407193));
#11272 = ORIENTED_EDGE('',*,*,#11251,.T.);
#11273 = ORIENTED_EDGE('',*,*,#11274,.F.);
#11274 = EDGE_CURVE('',#11266,#11220,#11275,.T.);
#11275 = LINE('',#11276,#11277);
#11276 = CARTESIAN_POINT('',(57.315444946289,38.724784851074,
    222.64691889447));
#11277 = VECTOR('',#11278,1.);
#11278 = DIRECTION('',(0.663893332929,-0.348063825364,0.661889126641));
#11279 = PLANE('',#11280);
#11280 = AXIS2_PLACEMENT_3D('',#11281,#11282,#11283);
#11281 = CARTESIAN_POINT('',(57.449285747347,38.704196192739,
    222.77811221664));
#11282 = DIRECTION('',(0.697093777908,-3.240863363695E-02,
    -0.716247125835));
#11283 = DIRECTION('',(0.716623566572,-2.895911104755E-19,0.697460152147
    ));
#11284 = ADVANCED_FACE('',(#11285),#11302,.T.);
#11285 = FACE_BOUND('',#11286,.T.);
#11286 = EDGE_LOOP('',(#11287,#11295,#11296));
#11287 = ORIENTED_EDGE('',*,*,#11288,.T.);
#11288 = EDGE_CURVE('',#11289,#11243,#11291,.T.);
#11289 = VERTEX_POINT('',#11290);
#11290 = CARTESIAN_POINT('',(57.303291320801,38.947463989258,
    222.5778270976));
#11291 = LINE('',#11292,#11293);
#11292 = CARTESIAN_POINT('',(57.303291320801,38.947463989258,
    222.5778270976));
#11293 = VECTOR('',#11294,1.);
#11294 = DIRECTION('',(0.558490728622,-0.427042367802,0.711141984519));
#11295 = ORIENTED_EDGE('',*,*,#11265,.F.);
#11296 = ORIENTED_EDGE('',*,*,#11297,.F.);
#11297 = EDGE_CURVE('',#11289,#11266,#11298,.T.);
#11298 = LINE('',#11299,#11300);
#11299 = CARTESIAN_POINT('',(57.303291320801,38.947463989258,
    222.5778270976));
#11300 = VECTOR('',#11301,1.);
#11301 = DIRECTION('',(5.205688458055E-02,-0.953788003925,0.295936689744
    ));
#11302 = PLANE('',#11303);
#11303 = AXIS2_PLACEMENT_3D('',#11304,#11305,#11306);
#11304 = CARTESIAN_POINT('',(57.369746855631,38.832615005366,
    222.67853641216));
#11305 = DIRECTION('',(0.723680817663,-0.168178471921,-0.669329571832));
#11306 = DIRECTION('',(-0.679000878032,4.400509172492E-17,
    -0.734137458268));
#11307 = ADVANCED_FACE('',(#11308),#11334,.T.);
#11308 = FACE_BOUND('',#11309,.T.);
#11309 = EDGE_LOOP('',(#11310,#11320,#11328));
#11310 = ORIENTED_EDGE('',*,*,#11311,.T.);
#11311 = EDGE_CURVE('',#11312,#11314,#11316,.T.);
#11312 = VERTEX_POINT('',#11313);
#11313 = CARTESIAN_POINT('',(78.120140075684,-38.19772720336,
    223.04450953168));
#11314 = VERTEX_POINT('',#11315);
#11315 = CARTESIAN_POINT('',(78.034591674805,-38.2283630371,
    223.06676447553));
#11316 = LINE('',#11317,#11318);
#11317 = CARTESIAN_POINT('',(78.120140075684,-38.19772720336,
    223.04450953168));
#11318 = VECTOR('',#11319,1.);
#11319 = DIRECTION('',(-0.914427266524,-0.327466573507,0.237883201325));
#11320 = ORIENTED_EDGE('',*,*,#11321,.T.);
#11321 = EDGE_CURVE('',#11314,#11322,#11324,.T.);
#11322 = VERTEX_POINT('',#11323);
#11323 = CARTESIAN_POINT('',(77.780128479004,-38.06735610961,
    223.09837305707));
#11324 = LINE('',#11325,#11326);
#11325 = CARTESIAN_POINT('',(78.034591674805,-38.2283630371,
    223.06676447553));
#11326 = VECTOR('',#11327,1.);
#11327 = DIRECTION('',(-0.840431340177,0.531767540774,0.104395617856));
#11328 = ORIENTED_EDGE('',*,*,#11329,.F.);
#11329 = EDGE_CURVE('',#11312,#11322,#11330,.T.);
#11330 = LINE('',#11331,#11332);
#11331 = CARTESIAN_POINT('',(78.120140075684,-38.19772720336,
    223.04450953168));
#11332 = VECTOR('',#11333,1.);
#11333 = DIRECTION('',(-0.923665681154,0.354162347071,0.146324097046));
#11334 = PLANE('',#11335);
#11335 = AXIS2_PLACEMENT_3D('',#11336,#11337,#11338);
#11336 = CARTESIAN_POINT('',(77.94876333657,-38.1484608988,
    223.07391445175));
#11337 = DIRECTION('',(-0.204635290865,-0.133034948149,-0.96975569104));
#11338 = DIRECTION('',(0.978452818412,-1.376894976722E-17,
    -0.206470535769));
#11339 = ADVANCED_FACE('',(#11340),#11357,.T.);
#11340 = FACE_BOUND('',#11341,.T.);
#11341 = EDGE_LOOP('',(#11342,#11343,#11351));
#11342 = ORIENTED_EDGE('',*,*,#11321,.F.);
#11343 = ORIENTED_EDGE('',*,*,#11344,.T.);
#11344 = EDGE_CURVE('',#11314,#11345,#11347,.T.);
#11345 = VERTEX_POINT('',#11346);
#11346 = CARTESIAN_POINT('',(77.998458862305,-38.28051757812,
    223.06794703168));
#11347 = LINE('',#11348,#11349);
#11348 = CARTESIAN_POINT('',(78.034591674805,-38.2283630371,
    223.06676447553));
#11349 = VECTOR('',#11350,1.);
#11350 = DIRECTION('',(-0.569386181745,-0.821858939698,
    1.863489403938E-02));
#11351 = ORIENTED_EDGE('',*,*,#11352,.F.);
#11352 = EDGE_CURVE('',#11322,#11345,#11353,.T.);
#11353 = LINE('',#11354,#11355);
#11354 = CARTESIAN_POINT('',(77.780128479004,-38.06735610961,
    223.09837305707));
#11355 = VECTOR('',#11356,1.);
#11356 = DIRECTION('',(0.711995105305,-0.695138807166,
    -9.922201768032E-02));
#11357 = PLANE('',#11358);
#11358 = AXIS2_PLACEMENT_3D('',#11359,#11360,#11361);
#11359 = CARTESIAN_POINT('',(77.909422177188,-38.16979509749,
    223.08140349048));
#11360 = DIRECTION('',(-9.579832311261E-02,4.382143426341E-02,
    -0.994435700882));
#11361 = DIRECTION('',(0.995391894688,-2.567133959732E-19,
    -9.58904374274E-02));
#11362 = ADVANCED_FACE('',(#11363),#11387,.T.);
#11363 = FACE_BOUND('',#11364,.T.);
#11364 = EDGE_LOOP('',(#11365,#11373,#11381));
#11365 = ORIENTED_EDGE('',*,*,#11366,.T.);
#11366 = EDGE_CURVE('',#11322,#11367,#11369,.T.);
#11367 = VERTEX_POINT('',#11368);
#11368 = CARTESIAN_POINT('',(77.918472290039,-38.40424728393,
    223.04450190228));
#11369 = LINE('',#11370,#11371);
#11370 = CARTESIAN_POINT('',(77.780128479004,-38.06735610961,
    223.09837305707));
#11371 = VECTOR('',#11372,1.);
#11372 = DIRECTION('',(0.375777836673,-0.915084207467,-0.14632809269));
#11373 = ORIENTED_EDGE('',*,*,#11374,.T.);
#11374 = EDGE_CURVE('',#11367,#11375,#11377,.T.);
#11375 = VERTEX_POINT('',#11376);
#11376 = CARTESIAN_POINT('',(67.977600097656,-38.24840164184,
    223.09837305707));
#11377 = LINE('',#11378,#11379);
#11378 = CARTESIAN_POINT('',(77.918472290039,-38.40424728393,
    223.04450190228));
#11379 = VECTOR('',#11380,1.);
#11380 = DIRECTION('',(-0.9998624565,1.567510410748E-02,
    5.418412400398E-03));
#11381 = ORIENTED_EDGE('',*,*,#11382,.F.);
#11382 = EDGE_CURVE('',#11322,#11375,#11383,.T.);
#11383 = LINE('',#11384,#11385);
#11384 = CARTESIAN_POINT('',(77.780128479004,-38.06735610961,
    223.09837305707));
#11385 = VECTOR('',#11386,1.);
#11386 = DIRECTION('',(-0.999829486676,-1.846611960803E-02,-0.));
#11387 = PLANE('',#11388);
#11388 = AXIS2_PLACEMENT_3D('',#11389,#11390,#11391);
#11389 = CARTESIAN_POINT('',(73.004027426888,-38.24256435438,
    223.08456634543));
#11390 = DIRECTION('',(-2.894887156084E-03,0.15674075554,-0.987635537626
    ));
#11391 = DIRECTION('',(-1.360215905667E-20,0.987639676028,0.156741412317
    ));
#11392 = ADVANCED_FACE('',(#11393),#11410,.T.);
#11393 = FACE_BOUND('',#11394,.T.);
#11394 = EDGE_LOOP('',(#11395,#11396,#11404));
#11395 = ORIENTED_EDGE('',*,*,#11374,.F.);
#11396 = ORIENTED_EDGE('',*,*,#11397,.T.);
#11397 = EDGE_CURVE('',#11367,#11398,#11400,.T.);
#11398 = VERTEX_POINT('',#11399);
#11399 = CARTESIAN_POINT('',(67.990219116211,-38.58706665039,
    223.04485285443));
#11400 = LINE('',#11401,#11402);
#11401 = CARTESIAN_POINT('',(77.918472290039,-38.40424728393,
    223.04450190228));
#11402 = VECTOR('',#11403,1.);
#11403 = DIRECTION('',(-0.99983050383,-1.841093051036E-02,
    3.534283999903E-05));
#11404 = ORIENTED_EDGE('',*,*,#11405,.F.);
#11405 = EDGE_CURVE('',#11375,#11398,#11406,.T.);
#11406 = LINE('',#11407,#11408);
#11407 = CARTESIAN_POINT('',(67.977600097656,-38.24840164184,
    223.09837305707));
#11408 = VECTOR('',#11409,1.);
#11409 = DIRECTION('',(3.677941405152E-02,-0.987073639686,
    -0.155990078338));
#11410 = PLANE('',#11411);
#11411 = AXIS2_PLACEMENT_3D('',#11412,#11413,#11414);
#11412 = CARTESIAN_POINT('',(72.866882761996,-38.41105363708,
    223.05829564106));
#11413 = DIRECTION('',(-2.90731173958E-03,0.155989340784,-0.987754459924
    ));
#11414 = DIRECTION('',(-1.082375026797E-22,0.987758634429,0.155990000036
    ));
#11415 = ADVANCED_FACE('',(#11416),#11440,.T.);
#11416 = FACE_BOUND('',#11417,.T.);
#11417 = EDGE_LOOP('',(#11418,#11426,#11434));
#11418 = ORIENTED_EDGE('',*,*,#11419,.T.);
#11419 = EDGE_CURVE('',#11420,#11398,#11422,.T.);
#11420 = VERTEX_POINT('',#11421);
#11421 = CARTESIAN_POINT('',(67.514915466309,-38.25455856323,
    223.09837305707));
#11422 = LINE('',#11423,#11424);
#11423 = CARTESIAN_POINT('',(67.514915466309,-38.25455856323,
    223.09837305707));
#11424 = VECTOR('',#11425,1.);
#11425 = DIRECTION('',(0.815931834002,-0.570801283413,
    -9.187566117468E-02));
#11426 = ORIENTED_EDGE('',*,*,#11427,.T.);
#11427 = EDGE_CURVE('',#11398,#11428,#11430,.T.);
#11428 = VERTEX_POINT('',#11429);
#11429 = CARTESIAN_POINT('',(58.203926086426,-38.3362121582,
    223.09837305707));
#11430 = LINE('',#11431,#11432);
#11431 = CARTESIAN_POINT('',(67.990219116211,-38.58706665039,
    223.04485285443));
#11432 = VECTOR('',#11433,1.);
#11433 = DIRECTION('',(-0.999656690727,2.562444949798E-02,
    5.467016825678E-03));
#11434 = ORIENTED_EDGE('',*,*,#11435,.F.);
#11435 = EDGE_CURVE('',#11420,#11428,#11436,.T.);
#11436 = LINE('',#11437,#11438);
#11437 = CARTESIAN_POINT('',(67.514915466309,-38.25455856323,
    223.09837305707));
#11438 = VECTOR('',#11439,1.);
#11439 = DIRECTION('',(-0.99996154933,-8.769256628267E-03,-0.));
#11440 = PLANE('',#11441);
#11441 = AXIS2_PLACEMENT_3D('',#11442,#11443,#11444);
#11442 = CARTESIAN_POINT('',(63.122428836755,-38.38178421874,
    223.08427189451));
#11443 = DIRECTION('',(-1.37678166314E-03,0.156994917964,-0.987598450893
    ));
#11444 = DIRECTION('',(-2.237651444907E-20,0.987599386904,0.156995066759
    ));
#11445 = ADVANCED_FACE('',(#11446),#11463,.T.);
#11446 = FACE_BOUND('',#11447,.T.);
#11447 = EDGE_LOOP('',(#11448,#11449,#11457));
#11448 = ORIENTED_EDGE('',*,*,#11427,.F.);
#11449 = ORIENTED_EDGE('',*,*,#11450,.T.);
#11450 = EDGE_CURVE('',#11398,#11451,#11453,.T.);
#11451 = VERTEX_POINT('',#11452);
#11452 = CARTESIAN_POINT('',(58.071319580078,-38.67684173584,
    223.04449427289));
#11453 = LINE('',#11454,#11455);
#11454 = CARTESIAN_POINT('',(67.990219116211,-38.58706665039,
    223.04485285443));
#11455 = VECTOR('',#11456,1.);
#11456 = DIRECTION('',(-0.99995904236,-9.050541155961E-03,
    -3.614986269484E-05));
#11457 = ORIENTED_EDGE('',*,*,#11458,.T.);
#11458 = EDGE_CURVE('',#11451,#11428,#11459,.T.);
#11459 = LINE('',#11460,#11461);
#11460 = CARTESIAN_POINT('',(58.071319580078,-38.67684173584,
    223.04449427289));
#11461 = VECTOR('',#11462,1.);
#11462 = DIRECTION('',(0.358899775148,0.921914634431,0.145823037345));
#11463 = PLANE('',#11464);
#11464 = AXIS2_PLACEMENT_3D('',#11465,#11466,#11467);
#11465 = CARTESIAN_POINT('',(62.973053867337,-38.54660564285,
    223.0583008504));
#11466 = DIRECTION('',(-1.38308877447E-03,0.156756929405,-0.987636244854
    ));
#11467 = DIRECTION('',(2.334910623407E-20,0.987637189497,0.156757079338)
  );
#11468 = ADVANCED_FACE('',(#11469),#11486,.T.);
#11469 = FACE_BOUND('',#11470,.T.);
#11470 = EDGE_LOOP('',(#11471,#11479,#11485));
#11471 = ORIENTED_EDGE('',*,*,#11472,.T.);
#11472 = EDGE_CURVE('',#11451,#11473,#11475,.T.);
#11473 = VERTEX_POINT('',#11474);
#11474 = CARTESIAN_POINT('',(58.040267944336,-38.59086608886,
    223.06687128705));
#11475 = LINE('',#11476,#11477);
#11476 = CARTESIAN_POINT('',(58.071319580078,-38.67684173584,
    223.04449427289));
#11477 = VECTOR('',#11478,1.);
#11478 = DIRECTION('',(-0.329949420871,0.913562659409,0.237774361527));
#11479 = ORIENTED_EDGE('',*,*,#11480,.T.);
#11480 = EDGE_CURVE('',#11473,#11428,#11481,.T.);
#11481 = LINE('',#11482,#11483);
#11482 = CARTESIAN_POINT('',(58.040267944336,-38.59086608886,
    223.06687128705));
#11483 = VECTOR('',#11484,1.);
#11484 = DIRECTION('',(0.537741517578,0.836731918032,0.103507282928));
#11485 = ORIENTED_EDGE('',*,*,#11458,.F.);
#11486 = PLANE('',#11487);
#11487 = AXIS2_PLACEMENT_3D('',#11488,#11489,#11490);
#11488 = CARTESIAN_POINT('',(58.121441582055,-38.5050941586,
    223.07393756266));
#11489 = DIRECTION('',(-0.131946938859,0.204775789746,-0.969874672965));
#11490 = DIRECTION('',(-2.96825116915E-18,0.978429294839,0.206581981308)
  );
#11491 = ADVANCED_FACE('',(#11492),#11509,.T.);
#11492 = FACE_BOUND('',#11493,.T.);
#11493 = EDGE_LOOP('',(#11494,#11495,#11503));
#11494 = ORIENTED_EDGE('',*,*,#11480,.F.);
#11495 = ORIENTED_EDGE('',*,*,#11496,.T.);
#11496 = EDGE_CURVE('',#11473,#11497,#11499,.T.);
#11497 = VERTEX_POINT('',#11498);
#11498 = CARTESIAN_POINT('',(57.987380981445,-38.55377197265,
    223.06811487836));
#11499 = LINE('',#11500,#11501);
#11500 = CARTESIAN_POINT('',(58.040267944336,-38.59086608886,
    223.06687128705));
#11501 = VECTOR('',#11502,1.);
#11502 = DIRECTION('',(-0.818547245724,0.574116663114,1.92474323504E-02)
  );
#11503 = ORIENTED_EDGE('',*,*,#11504,.F.);
#11504 = EDGE_CURVE('',#11428,#11497,#11505,.T.);
#11505 = LINE('',#11506,#11507);
#11506 = CARTESIAN_POINT('',(58.203926086426,-38.3362121582,
    223.09837305707));
#11507 = VECTOR('',#11508,1.);
#11508 = DIRECTION('',(-0.702049414144,-0.705339149975,
    -9.809843837847E-02));
#11509 = PLANE('',#11510);
#11510 = AXIS2_PLACEMENT_3D('',#11511,#11512,#11513);
#11511 = CARTESIAN_POINT('',(58.099729202105,-38.4654693922,
    223.08146228224));
#11512 = DIRECTION('',(4.335895286913E-02,9.516054417638E-02,
    -0.994517205501));
#11513 = DIRECTION('',(-4.48088745429E-19,0.995453371275,
    9.525012135406E-02));
#11514 = ADVANCED_FACE('',(#11515),#11537,.T.);
#11515 = FACE_BOUND('',#11516,.T.);
#11516 = EDGE_LOOP('',(#11517,#11525,#11531));
#11517 = ORIENTED_EDGE('',*,*,#11518,.T.);
#11518 = EDGE_CURVE('',#11428,#11519,#11521,.T.);
#11519 = VERTEX_POINT('',#11520);
#11520 = CARTESIAN_POINT('',(57.95002746582,-38.50106811523,
    223.06687891644));
#11521 = LINE('',#11522,#11523);
#11522 = CARTESIAN_POINT('',(58.203926086426,-38.3362121582,
    223.09837305707));
#11523 = VECTOR('',#11524,1.);
#11524 = DIRECTION('',(-0.834210056355,-0.541651218417,-0.103477241282)
  );
#11525 = ORIENTED_EDGE('',*,*,#11526,.T.);
#11526 = EDGE_CURVE('',#11519,#10790,#11527,.T.);
#11527 = LINE('',#11528,#11529);
#11528 = CARTESIAN_POINT('',(57.95002746582,-38.50106811523,
    223.06687891644));
#11529 = VECTOR('',#11530,1.);
#11530 = DIRECTION('',(-0.914595933862,0.327185373275,-0.237621567368));
#11531 = ORIENTED_EDGE('',*,*,#11532,.F.);
#11532 = EDGE_CURVE('',#11428,#10790,#11533,.T.);
#11533 = LINE('',#11534,#11535);
#11534 = CARTESIAN_POINT('',(58.203926086426,-38.3362121582,
    223.09837305707));
#11535 = VECTOR('',#11536,1.);
#11536 = DIRECTION('',(-0.92037636429,-0.362828768004,-0.145817122335));
#11537 = PLANE('',#11538);
#11538 = AXIS2_PLACEMENT_3D('',#11539,#11540,#11541);
#11539 = CARTESIAN_POINT('',(58.03541270772,-38.4194474974,
    223.07394069383));
#11540 = DIRECTION('',(0.20522037158,-0.130767046984,-0.969940502563));
#11541 = DIRECTION('',(0.978341400341,-2.389736106667E-18,0.206997836651
    ));
#11542 = ADVANCED_FACE('',(#11543),#11553,.T.);
#11543 = FACE_BOUND('',#11544,.T.);
#11544 = EDGE_LOOP('',(#11545,#11546,#11552));
#11545 = ORIENTED_EDGE('',*,*,#11504,.T.);
#11546 = ORIENTED_EDGE('',*,*,#11547,.T.);
#11547 = EDGE_CURVE('',#11497,#11519,#11548,.T.);
#11548 = LINE('',#11549,#11550);
#11549 = CARTESIAN_POINT('',(57.987380981445,-38.55377197265,
    223.06811487836));
#11550 = VECTOR('',#11551,1.);
#11551 = DIRECTION('',(-0.578134338776,0.815717322766,
    -1.912944503302E-02));
#11552 = ORIENTED_EDGE('',*,*,#11518,.F.);
#11553 = PLANE('',#11554);
#11554 = AXIS2_PLACEMENT_3D('',#11555,#11556,#11557);
#11555 = CARTESIAN_POINT('',(58.075154046251,-38.44101413005,
    223.08146439167));
#11556 = DIRECTION('',(9.485509059974E-02,4.390531155571E-02,
    -0.994522415738));
#11557 = DIRECTION('',(0.995482362497,-1.528079441246E-20,
    9.49466479497E-02));
#11558 = ADVANCED_FACE('',(#11559),#11569,.T.);
#11559 = FACE_BOUND('',#11560,.T.);
#11560 = EDGE_LOOP('',(#11561,#11562,#11563));
#11561 = ORIENTED_EDGE('',*,*,#11405,.T.);
#11562 = ORIENTED_EDGE('',*,*,#11419,.F.);
#11563 = ORIENTED_EDGE('',*,*,#11564,.F.);
#11564 = EDGE_CURVE('',#11375,#11420,#11565,.T.);
#11565 = LINE('',#11566,#11567);
#11566 = CARTESIAN_POINT('',(67.977600097656,-38.24840164184,
    223.09837305707));
#11567 = VECTOR('',#11568,1.);
#11568 = DIRECTION('',(-0.999911474294,-1.330577227727E-02,-0.));
#11569 = PLANE('',#11570);
#11570 = AXIS2_PLACEMENT_3D('',#11571,#11572,#11573);
#11571 = CARTESIAN_POINT('',(67.807635359341,-38.36361488301,
    223.08053184923));
#11572 = DIRECTION('',(-2.076148785316E-03,0.156019879908,
    -0.987751733322));
#11573 = DIRECTION('',(-5.547523235213E-20,0.987753862128,0.156020216162
    ));
#11574 = ADVANCED_FACE('',(#11575),#11592,.T.);
#11575 = FACE_BOUND('',#11576,.T.);
#11576 = EDGE_LOOP('',(#11577,#11585,#11591));
#11577 = ORIENTED_EDGE('',*,*,#11578,.T.);
#11578 = EDGE_CURVE('',#11322,#11579,#11581,.T.);
#11579 = VERTEX_POINT('',#11580);
#11580 = CARTESIAN_POINT('',(77.947189331055,-38.31791305542,
    223.06676447553));
#11581 = LINE('',#11582,#11583);
#11582 = CARTESIAN_POINT('',(77.780128479004,-38.06735610961,
    223.09837305707));
#11583 = VECTOR('',#11584,1.);
#11584 = DIRECTION('',(0.551722003095,-0.827469621576,-0.104388010176));
#11585 = ORIENTED_EDGE('',*,*,#11586,.T.);
#11586 = EDGE_CURVE('',#11579,#11367,#11587,.T.);
#11587 = LINE('',#11588,#11589);
#11588 = CARTESIAN_POINT('',(77.947189331055,-38.31791305542,
    223.06676447553));
#11589 = VECTOR('',#11590,1.);
#11590 = DIRECTION('',(-0.306579848382,-0.921694358207,-0.237672687986)
  );
#11591 = ORIENTED_EDGE('',*,*,#11366,.F.);
#11592 = PLANE('',#11593);
#11593 = AXIS2_PLACEMENT_3D('',#11594,#11595,#11596);
#11594 = CARTESIAN_POINT('',(77.865219326052,-38.23405410871,
    223.07390951325));
#11595 = DIRECTION('',(0.127817101424,0.207570767489,-0.969833575964));
#11596 = DIRECTION('',(3.337095280647E-19,0.977854174611,0.209287393782)
  );
#11597 = ADVANCED_FACE('',(#11598),#11608,.T.);
#11598 = FACE_BOUND('',#11599,.T.);
#11599 = EDGE_LOOP('',(#11600,#11601,#11607));
#11600 = ORIENTED_EDGE('',*,*,#11352,.T.);
#11601 = ORIENTED_EDGE('',*,*,#11602,.T.);
#11602 = EDGE_CURVE('',#11345,#11579,#11603,.T.);
#11603 = LINE('',#11604,#11605);
#11604 = CARTESIAN_POINT('',(77.998458862305,-38.28051757812,
    223.06794703168));
#11605 = VECTOR('',#11606,1.);
#11606 = DIRECTION('',(-0.807781424252,-0.589187596871,
    -1.86318632082E-02));
#11607 = ORIENTED_EDGE('',*,*,#11578,.F.);
#11608 = PLANE('',#11609);
#11609 = AXIS2_PLACEMENT_3D('',#11610,#11611,#11612);
#11610 = CARTESIAN_POINT('',(77.885637126731,-38.19416679409,
    223.08140331319));
#11611 = DIRECTION('',(-4.613110938052E-02,9.469321700775E-02,
    -0.994437084687));
#11612 = DIRECTION('',(-3.12321792356E-19,0.995496896974,
    9.479413544341E-02));
#11613 = ADVANCED_FACE('',(#11614),#11631,.T.);
#11614 = FACE_BOUND('',#11615,.T.);
#11615 = EDGE_LOOP('',(#11616,#11617,#11625));
#11616 = ORIENTED_EDGE('',*,*,#11450,.F.);
#11617 = ORIENTED_EDGE('',*,*,#11618,.T.);
#11618 = EDGE_CURVE('',#11398,#11619,#11621,.T.);
#11619 = VERTEX_POINT('',#11620);
#11620 = CARTESIAN_POINT('',(67.99439239502,-38.89301300048,
    222.8894802348));
#11621 = LINE('',#11622,#11623);
#11622 = CARTESIAN_POINT('',(67.990219116211,-38.58706665039,
    223.04485285443));
#11623 = VECTOR('',#11624,1.);
#11624 = DIRECTION('',(1.216119414675E-02,-0.891546702886,
    -0.452765482264));
#11625 = ORIENTED_EDGE('',*,*,#11626,.F.);
#11626 = EDGE_CURVE('',#11451,#11619,#11627,.T.);
#11627 = LINE('',#11628,#11629);
#11628 = CARTESIAN_POINT('',(58.071319580078,-38.67684173584,
    223.04449427289));
#11629 = VECTOR('',#11630,1.);
#11630 = DIRECTION('',(0.999640889914,-2.177688699831E-02,
    -1.561596633132E-02));
#11631 = PLANE('',#11632);
#11632 = AXIS2_PLACEMENT_3D('',#11633,#11634,#11635);
#11633 = CARTESIAN_POINT('',(63.116128837681,-38.70900566063,
    223.00515911514));
#11634 = DIRECTION('',(-4.065577101973E-03,0.452751137451,-0.89162765694
    ));
#11635 = DIRECTION('',(2.494681172146E-20,0.891635025851,0.45275487924)
  );
#11636 = ADVANCED_FACE('',(#11637),#11654,.T.);
#11637 = FACE_BOUND('',#11638,.T.);
#11638 = EDGE_LOOP('',(#11639,#11640,#11648));
#11639 = ORIENTED_EDGE('',*,*,#11626,.T.);
#11640 = ORIENTED_EDGE('',*,*,#11641,.T.);
#11641 = EDGE_CURVE('',#11619,#11642,#11644,.T.);
#11642 = VERTEX_POINT('',#11643);
#11643 = CARTESIAN_POINT('',(57.945182800293,-38.98323440551,
    222.8887859599));
#11644 = LINE('',#11645,#11646);
#11645 = CARTESIAN_POINT('',(67.99439239502,-38.89301300048,
    222.8894802348));
#11646 = VECTOR('',#11647,1.);
#11647 = DIRECTION('',(-0.999959698164,-8.977598495745E-03,
    -6.908472902734E-05));
#11648 = ORIENTED_EDGE('',*,*,#11649,.T.);
#11649 = EDGE_CURVE('',#11642,#11451,#11650,.T.);
#11650 = LINE('',#11651,#11652);
#11651 = CARTESIAN_POINT('',(57.945182800293,-38.98323440551,
    222.8887859599));
#11652 = VECTOR('',#11653,1.);
#11653 = DIRECTION('',(0.344538243546,0.83690096121,0.425311861884));
#11654 = PLANE('',#11655);
#11655 = AXIS2_PLACEMENT_3D('',#11656,#11657,#11658);
#11656 = CARTESIAN_POINT('',(62.911270257601,-38.861421916,
    222.92851917495));
#11657 = DIRECTION('',(-4.017695995481E-03,0.454361523112,
    -0.890808320816));
#11658 = DIRECTION('',(7.562675011556E-20,0.890815510564,0.454365190281)
  );
#11659 = ADVANCED_FACE('',(#11660),#11677,.T.);
#11660 = FACE_BOUND('',#11661,.T.);
#11661 = EDGE_LOOP('',(#11662,#11670,#11676));
#11662 = ORIENTED_EDGE('',*,*,#11663,.T.);
#11663 = EDGE_CURVE('',#11642,#11664,#11666,.T.);
#11664 = VERTEX_POINT('',#11665);
#11665 = CARTESIAN_POINT('',(57.881317138672,-38.83829116821,
    222.96940577191));
#11666 = LINE('',#11667,#11668);
#11667 = CARTESIAN_POINT('',(57.945182800293,-38.98323440551,
    222.8887859599));
#11668 = VECTOR('',#11669,1.);
#11669 = DIRECTION('',(-0.359346801176,0.815538230645,0.453615774462));
#11670 = ORIENTED_EDGE('',*,*,#11671,.T.);
#11671 = EDGE_CURVE('',#11664,#11451,#11672,.T.);
#11672 = LINE('',#11673,#11674);
#11673 = CARTESIAN_POINT('',(57.881317138672,-38.83829116821,
    222.96940577191));
#11674 = VECTOR('',#11675,1.);
#11675 = DIRECTION('',(0.729672376196,0.620019353874,0.288364741669));
#11676 = ORIENTED_EDGE('',*,*,#11649,.F.);
#11677 = PLANE('',#11678);
#11678 = AXIS2_PLACEMENT_3D('',#11679,#11680,#11681);
#11679 = CARTESIAN_POINT('',(57.97691740936,-38.824412508,
    222.97139479818));
#11680 = DIRECTION('',(-4.96891205201E-02,0.468673521376,-0.881972857668
    ));
#11681 = DIRECTION('',(-1.944144017579E-18,0.883063677345,0.469253174474
    ));
#11682 = ADVANCED_FACE('',(#11683),#11693,.T.);
#11683 = FACE_BOUND('',#11684,.T.);
#11684 = EDGE_LOOP('',(#11685,#11691,#11692));
#11685 = ORIENTED_EDGE('',*,*,#11686,.T.);
#11686 = EDGE_CURVE('',#11664,#11473,#11687,.T.);
#11687 = LINE('',#11688,#11689);
#11688 = CARTESIAN_POINT('',(57.881317138672,-38.83829116821,
    222.96940577191));
#11689 = VECTOR('',#11690,1.);
#11690 = DIRECTION('',(0.513054128243,0.798627335412,0.314594724407));
#11691 = ORIENTED_EDGE('',*,*,#11472,.F.);
#11692 = ORIENTED_EDGE('',*,*,#11671,.F.);
#11693 = PLANE('',#11694);
#11694 = AXIS2_PLACEMENT_3D('',#11695,#11696,#11697);
#11695 = CARTESIAN_POINT('',(57.980336550043,-38.71999283659,
    223.01907163488));
#11696 = DIRECTION('',(0.126238801295,0.292318417033,-0.947952376499));
#11697 = DIRECTION('',(-1.22821898706E-17,0.955597267807,0.2946758588));
#11698 = ADVANCED_FACE('',(#11699),#11716,.T.);
#11699 = FACE_BOUND('',#11700,.T.);
#11700 = EDGE_LOOP('',(#11701,#11702,#11710));
#11701 = ORIENTED_EDGE('',*,*,#11641,.F.);
#11702 = ORIENTED_EDGE('',*,*,#11703,.T.);
#11703 = EDGE_CURVE('',#11619,#11704,#11706,.T.);
#11704 = VERTEX_POINT('',#11705);
#11705 = CARTESIAN_POINT('',(67.997711181641,-39.13619613647,
    222.64738428754));
#11706 = LINE('',#11707,#11708);
#11707 = CARTESIAN_POINT('',(67.99439239502,-38.89301300048,
    222.8894802348));
#11708 = VECTOR('',#11709,1.);
#11709 = DIRECTION('',(9.671222051108E-03,-0.708656016708,-0.70548785776
    ));
#11710 = ORIENTED_EDGE('',*,*,#11711,.F.);
#11711 = EDGE_CURVE('',#11642,#11704,#11712,.T.);
#11712 = LINE('',#11713,#11714);
#11713 = CARTESIAN_POINT('',(57.945182800293,-38.98323440551,
    222.8887859599));
#11714 = VECTOR('',#11715,1.);
#11715 = DIRECTION('',(0.999596141026,-1.521009940872E-02,
    -2.4004327168E-02));
#11716 = PLANE('',#11717);
#11717 = AXIS2_PLACEMENT_3D('',#11718,#11719,#11720);
#11718 = CARTESIAN_POINT('',(63.054949452129,-38.99920343578,
    222.82757863759));
#11719 = DIRECTION('',(-6.284662818563E-03,0.705463842291,
    -0.708718047064));
#11720 = DIRECTION('',(4.531720461152E-19,0.708732043592,0.705477774551)
  );
#11721 = ADVANCED_FACE('',(#11722),#11739,.T.);
#11722 = FACE_BOUND('',#11723,.T.);
#11723 = EDGE_LOOP('',(#11724,#11725,#11733));
#11724 = ORIENTED_EDGE('',*,*,#11711,.T.);
#11725 = ORIENTED_EDGE('',*,*,#11726,.F.);
#11726 = EDGE_CURVE('',#11727,#11704,#11729,.T.);
#11727 = VERTEX_POINT('',#11728);
#11728 = CARTESIAN_POINT('',(57.818969726563,-39.22635269165,
    222.64691126508));
#11729 = LINE('',#11730,#11731);
#11730 = CARTESIAN_POINT('',(57.818969726563,-39.22635269165,
    222.64691126508));
#11731 = VECTOR('',#11732,1.);
#11732 = DIRECTION('',(0.999960775009,8.856990737366E-03,
    4.646978300048E-05));
#11733 = ORIENTED_EDGE('',*,*,#11734,.T.);
#11734 = EDGE_CURVE('',#11727,#11642,#11735,.T.);
#11735 = LINE('',#11736,#11737);
#11736 = CARTESIAN_POINT('',(57.818969726563,-39.22635269165,
    222.64691126508));
#11737 = VECTOR('',#11738,1.);
#11738 = DIRECTION('',(0.345381676501,0.665292419959,0.661889336282));
#11739 = PLANE('',#11740);
#11740 = AXIS2_PLACEMENT_3D('',#11741,#11742,#11743);
#11741 = CARTESIAN_POINT('',(62.849988657561,-39.12057788913,
    222.70832515722));
#11742 = DIRECTION('',(-6.228390834477E-03,0.706900809154,
    -0.707285270004));
#11743 = DIRECTION('',(-2.938534164442E-20,0.70729898921,0.706914520903)
  );
#11744 = ADVANCED_FACE('',(#11745),#11771,.T.);
#11745 = FACE_BOUND('',#11746,.T.);
#11746 = EDGE_LOOP('',(#11747,#11757,#11765));
#11747 = ORIENTED_EDGE('',*,*,#11748,.T.);
#11748 = EDGE_CURVE('',#11749,#11751,#11753,.T.);
#11749 = VERTEX_POINT('',#11750);
#11750 = CARTESIAN_POINT('',(57.15901184082,-38.85828018188,
    222.34212458295));
#11751 = VERTEX_POINT('',#11752);
#11752 = CARTESIAN_POINT('',(57.188041687012,-39.06450653076,
    222.30917322797));
#11753 = LINE('',#11754,#11755);
#11754 = CARTESIAN_POINT('',(57.15901184082,-38.85828018188,
    222.34212458295));
#11755 = VECTOR('',#11756,1.);
#11756 = DIRECTION('',(0.13767991868,-0.978070181834,-0.156278467485));
#11757 = ORIENTED_EDGE('',*,*,#11758,.T.);
#11758 = EDGE_CURVE('',#11751,#11759,#11761,.T.);
#11759 = VERTEX_POINT('',#11760);
#11760 = CARTESIAN_POINT('',(57.054809570313,-38.85828018188,
    222.16290247601));
#11761 = LINE('',#11762,#11763);
#11762 = CARTESIAN_POINT('',(57.188041687012,-39.06450653076,
    222.30917322797));
#11763 = VECTOR('',#11764,1.);
#11764 = DIRECTION('',(-0.466190829982,0.721604033088,-0.511814155209));
#11765 = ORIENTED_EDGE('',*,*,#11766,.F.);
#11766 = EDGE_CURVE('',#11749,#11759,#11767,.T.);
#11767 = LINE('',#11768,#11769);
#11768 = CARTESIAN_POINT('',(57.15901184082,-38.85828018188,
    222.34212458295));
#11769 = VECTOR('',#11770,1.);
#11770 = DIRECTION('',(-0.502632610392,0.,-0.864500120862));
#11771 = PLANE('',#11772);
#11772 = AXIS2_PLACEMENT_3D('',#11773,#11774,#11775);
#11773 = CARTESIAN_POINT('',(57.132756522066,-38.93102665613,
    222.26773054432));
#11774 = DIRECTION('',(0.847383824804,0.198005382499,-0.492680953521));
#11775 = DIRECTION('',(-0.502632610392,-1.15749669758E-18,
    -0.864500120862));
#11776 = ADVANCED_FACE('',(#11777),#11794,.T.);
#11777 = FACE_BOUND('',#11778,.T.);
#11778 = EDGE_LOOP('',(#11779,#11780,#11788));
#11779 = ORIENTED_EDGE('',*,*,#11758,.F.);
#11780 = ORIENTED_EDGE('',*,*,#11781,.T.);
#11781 = EDGE_CURVE('',#11751,#11782,#11784,.T.);
#11782 = VERTEX_POINT('',#11783);
#11783 = CARTESIAN_POINT('',(57.085762023926,-39.05320739746,
    222.16290247601));
#11784 = LINE('',#11785,#11786);
#11785 = CARTESIAN_POINT('',(57.188041687012,-39.06450653076,
    222.30917322797));
#11786 = VECTOR('',#11787,1.);
#11787 = DIRECTION('',(-0.571904293297,6.317993871194E-02,
    -0.817883717073));
#11788 = ORIENTED_EDGE('',*,*,#11789,.F.);
#11789 = EDGE_CURVE('',#11759,#11782,#11790,.T.);
#11790 = LINE('',#11791,#11792);
#11791 = CARTESIAN_POINT('',(57.054809570313,-38.85828018188,
    222.16290247601));
#11792 = VECTOR('',#11793,1.);
#11793 = DIRECTION('',(0.156824999802,-0.987626406814,0.));
#11794 = PLANE('',#11795);
#11795 = AXIS2_PLACEMENT_3D('',#11796,#11797,#11798);
#11796 = CARTESIAN_POINT('',(57.110359654518,-38.98603901047,
    222.21423315056));
#11797 = DIRECTION('',(0.817270786083,0.129774264825,-0.561450890466));
#11798 = DIRECTION('',(-0.566239256246,2.306853602394E-18,
    -0.824240926359));
#11799 = ADVANCED_FACE('',(#11800),#11826,.T.);
#11800 = FACE_BOUND('',#11801,.T.);
#11801 = EDGE_LOOP('',(#11802,#11812,#11820));
#11802 = ORIENTED_EDGE('',*,*,#11803,.T.);
#11803 = EDGE_CURVE('',#11804,#11806,#11808,.T.);
#11804 = VERTEX_POINT('',#11805);
#11805 = CARTESIAN_POINT('',(57.686149597168,-39.38331604003,
    222.34212458295));
#11806 = VERTEX_POINT('',#11807);
#11807 = CARTESIAN_POINT('',(67.986793518066,-39.39734268188,
    222.16290247601));
#11808 = LINE('',#11809,#11810);
#11809 = CARTESIAN_POINT('',(57.686149597168,-39.38331604003,
    222.34212458295));
#11810 = VECTOR('',#11811,1.);
#11811 = DIRECTION('',(0.999847743,-1.361517425415E-03,
    -1.739646768584E-02));
#11812 = ORIENTED_EDGE('',*,*,#11813,.T.);
#11813 = EDGE_CURVE('',#11806,#11814,#11816,.T.);
#11814 = VERTEX_POINT('',#11815);
#11815 = CARTESIAN_POINT('',(57.686569213867,-39.48752212524,
    222.16290247601));
#11816 = LINE('',#11817,#11818);
#11817 = CARTESIAN_POINT('',(67.986793518066,-39.39734268188,
    222.16290247601));
#11818 = VECTOR('',#11819,1.);
#11819 = DIRECTION('',(-0.999961676358,-8.754759575276E-03,-0.));
#11820 = ORIENTED_EDGE('',*,*,#11821,.T.);
#11821 = EDGE_CURVE('',#11814,#11804,#11822,.T.);
#11822 = LINE('',#11823,#11824);
#11823 = CARTESIAN_POINT('',(57.686569213867,-39.48752212524,
    222.16290247601));
#11824 = VECTOR('',#11825,1.);
#11825 = DIRECTION('',(-2.024050465889E-03,0.502645332515,0.86449035444)
  );
#11826 = PLANE('',#11827);
#11827 = AXIS2_PLACEMENT_3D('',#11828,#11829,#11830);
#11828 = CARTESIAN_POINT('',(62.785268840389,-39.41656855029,
    222.2081577962));
#11829 = DIRECTION('',(-7.568426581788E-03,0.864459665288,-0.50264520888
    ));
#11830 = DIRECTION('',(-4.899921838181E-19,-0.502659605529,
    -0.864484424943));
#11831 = ADVANCED_FACE('',(#11832),#11849,.T.);
#11832 = FACE_BOUND('',#11833,.T.);
#11833 = EDGE_LOOP('',(#11834,#11842,#11848));
#11834 = ORIENTED_EDGE('',*,*,#11835,.T.);
#11835 = EDGE_CURVE('',#11814,#11836,#11838,.T.);
#11836 = VERTEX_POINT('',#11837);
#11837 = CARTESIAN_POINT('',(57.491523742676,-39.45734786987,
    222.16290247601));
#11838 = LINE('',#11839,#11840);
#11839 = CARTESIAN_POINT('',(57.686569213867,-39.48752212524,
    222.16290247601));
#11840 = VECTOR('',#11841,1.);
#11841 = DIRECTION('',(-0.988243986806,0.152884997763,0.));
#11842 = ORIENTED_EDGE('',*,*,#11843,.T.);
#11843 = EDGE_CURVE('',#11836,#11804,#11844,.T.);
#11844 = LINE('',#11845,#11846);
#11845 = CARTESIAN_POINT('',(57.491523742676,-39.45734786987,
    222.16290247601));
#11846 = VECTOR('',#11847,1.);
#11847 = DIRECTION('',(0.70840750239,0.269464217932,0.652340283757));
#11848 = ORIENTED_EDGE('',*,*,#11821,.F.);
#11849 = PLANE('',#11850);
#11850 = AXIS2_PLACEMENT_3D('',#11851,#11852,#11853);
#11851 = CARTESIAN_POINT('',(57.618655370671,-39.44007111851,
    222.22648221451));
#11852 = DIRECTION('',(0.132580366459,0.856995466125,-0.497977125449));
#11853 = DIRECTION('',(-1.351725359756E-17,-0.502412291178,
    -0.864628180013));
#11854 = ADVANCED_FACE('',(#11855),#11872,.T.);
#11855 = FACE_BOUND('',#11856,.T.);
#11856 = EDGE_LOOP('',(#11857,#11865,#11871));
#11857 = ORIENTED_EDGE('',*,*,#11858,.T.);
#11858 = EDGE_CURVE('',#11804,#11859,#11861,.T.);
#11859 = VERTEX_POINT('',#11860);
#11860 = CARTESIAN_POINT('',(67.479568481445,-39.29992294311,
    222.34212458295));
#11861 = LINE('',#11862,#11863);
#11862 = CARTESIAN_POINT('',(57.686149597168,-39.38331604003,
    222.34212458295));
#11863 = VECTOR('',#11864,1.);
#11864 = DIRECTION('',(0.999963747503,8.514909318305E-03,0.));
#11865 = ORIENTED_EDGE('',*,*,#11866,.T.);
#11866 = EDGE_CURVE('',#11859,#11806,#11867,.T.);
#11867 = LINE('',#11868,#11869);
#11868 = CARTESIAN_POINT('',(67.479568481445,-39.29992294311,
    222.34212458295));
#11869 = VECTOR('',#11870,1.);
#11870 = DIRECTION('',(0.927782437087,-0.178193732821,-0.327821205866));
#11871 = ORIENTED_EDGE('',*,*,#11803,.F.);
#11872 = PLANE('',#11873);
#11873 = AXIS2_PLACEMENT_3D('',#11874,#11875,#11876);
#11874 = CARTESIAN_POINT('',(62.845832789787,-39.36611501881,
    222.29502883435));
#11875 = DIRECTION('',(-7.405039026108E-03,0.869624126123,
    -0.493658834279));
#11876 = DIRECTION('',(-5.313145520191E-19,-0.493672369628,
    -0.869647969851));
#11877 = ADVANCED_FACE('',(#11878),#11895,.T.);
#11878 = FACE_BOUND('',#11879,.T.);
#11879 = EDGE_LOOP('',(#11880,#11888,#11889));
#11880 = ORIENTED_EDGE('',*,*,#11881,.T.);
#11881 = EDGE_CURVE('',#11882,#11859,#11884,.T.);
#11882 = VERTEX_POINT('',#11883);
#11883 = CARTESIAN_POINT('',(67.968971252441,-39.29336929321,
    222.34212458295));
#11884 = LINE('',#11885,#11886);
#11885 = CARTESIAN_POINT('',(67.968971252441,-39.29336929321,
    222.34212458295));
#11886 = VECTOR('',#11887,1.);
#11887 = DIRECTION('',(-0.999910351046,-1.338991677784E-02,-0.));
#11888 = ORIENTED_EDGE('',*,*,#11858,.F.);
#11889 = ORIENTED_EDGE('',*,*,#11890,.T.);
#11890 = EDGE_CURVE('',#11804,#11882,#11891,.T.);
#11891 = LINE('',#11892,#11893);
#11892 = CARTESIAN_POINT('',(57.686149597168,-39.38331604003,
    222.34212458295));
#11893 = VECTOR('',#11894,1.);
#11894 = DIRECTION('',(0.999961744719,8.74694795878E-03,0.));
#11895 = PLANE('',#11896);
#11896 = AXIS2_PLACEMENT_3D('',#11897,#11898,#11899);
#11897 = CARTESIAN_POINT('',(62.827566647504,-39.33891078873,
    222.34212458295));
#11898 = DIRECTION('',(0.,0.,-1.));
#11899 = DIRECTION('',(0.,1.,0.));
#11900 = ADVANCED_FACE('',(#11901),#11916,.T.);
#11901 = FACE_BOUND('',#11902,.T.);
#11902 = EDGE_LOOP('',(#11903,#11909,#11915));
#11903 = ORIENTED_EDGE('',*,*,#11904,.T.);
#11904 = EDGE_CURVE('',#11804,#11727,#11905,.T.);
#11905 = LINE('',#11906,#11907);
#11906 = CARTESIAN_POINT('',(57.686149597168,-39.38331604003,
    222.34212458295));
#11907 = VECTOR('',#11908,1.);
#11908 = DIRECTION('',(0.36125840246,0.42692571331,0.828991436606));
#11909 = ORIENTED_EDGE('',*,*,#11910,.T.);
#11910 = EDGE_CURVE('',#11727,#11882,#11911,.T.);
#11911 = LINE('',#11912,#11913);
#11912 = CARTESIAN_POINT('',(57.818969726563,-39.22635269165,
    222.64691126508));
#11913 = VECTOR('',#11914,1.);
#11914 = DIRECTION('',(0.999527689932,-6.599501367174E-03,
    -3.001405739039E-02));
#11915 = ORIENTED_EDGE('',*,*,#11890,.F.);
#11916 = PLANE('',#11917);
#11917 = AXIS2_PLACEMENT_3D('',#11918,#11919,#11920);
#11918 = CARTESIAN_POINT('',(62.770292767801,-39.29944533319,
    222.41919743129));
#11919 = DIRECTION('',(-7.788423100617E-03,0.890382015419,
    -0.455147456418));
#11920 = DIRECTION('',(3.041289777163E-19,-0.455161261563,
    -0.890409021727));
#11921 = ADVANCED_FACE('',(#11922),#11939,.T.);
#11922 = FACE_BOUND('',#11923,.T.);
#11923 = EDGE_LOOP('',(#11924,#11932,#11938));
#11924 = ORIENTED_EDGE('',*,*,#11925,.T.);
#11925 = EDGE_CURVE('',#11836,#11926,#11928,.T.);
#11926 = VERTEX_POINT('',#11927);
#11927 = CARTESIAN_POINT('',(57.482139587402,-39.35596084594,
    222.30941736859));
#11928 = LINE('',#11929,#11930);
#11929 = CARTESIAN_POINT('',(57.491523742676,-39.45734786987,
    222.16290247601));
#11930 = VECTOR('',#11931,1.);
#11931 = DIRECTION('',(-5.259561611247E-02,0.568246457332,0.821175781971
    ));
#11932 = ORIENTED_EDGE('',*,*,#11933,.T.);
#11933 = EDGE_CURVE('',#11926,#11804,#11934,.T.);
#11934 = LINE('',#11935,#11936);
#11935 = CARTESIAN_POINT('',(57.482139587402,-39.35596084594,
    222.30941736859));
#11936 = VECTOR('',#11937,1.);
#11937 = DIRECTION('',(0.978849229496,-0.131251455212,0.15693068986));
#11938 = ORIENTED_EDGE('',*,*,#11843,.F.);
#11939 = PLANE('',#11940);
#11940 = AXIS2_PLACEMENT_3D('',#11941,#11942,#11943);
#11941 = CARTESIAN_POINT('',(57.559848724387,-39.40067311669,
    222.27118161497));
#11942 = DIRECTION('',(0.196956597732,0.812064334104,-0.54932651118));
#11943 = DIRECTION('',(7.261806147975E-17,-0.56030158173,-0.828288680057
    ));
#11944 = ADVANCED_FACE('',(#11945),#11962,.T.);
#11945 = FACE_BOUND('',#11946,.T.);
#11946 = EDGE_LOOP('',(#11947,#11955,#11961));
#11947 = ORIENTED_EDGE('',*,*,#11948,.T.);
#11948 = EDGE_CURVE('',#11926,#11949,#11951,.T.);
#11949 = VERTEX_POINT('',#11950);
#11950 = CARTESIAN_POINT('',(57.596336364746,-39.23940658569,
    222.5778270976));
#11951 = LINE('',#11952,#11953);
#11952 = CARTESIAN_POINT('',(57.482139587402,-39.35596084594,
    222.30941736859));
#11953 = VECTOR('',#11954,1.);
#11954 = DIRECTION('',(0.363548371564,0.371053478914,0.85448926109));
#11955 = ORIENTED_EDGE('',*,*,#11956,.T.);
#11956 = EDGE_CURVE('',#11949,#11804,#11957,.T.);
#11957 = LINE('',#11958,#11959);
#11958 = CARTESIAN_POINT('',(57.596336364746,-39.23940658569,
    222.5778270976));
#11959 = VECTOR('',#11960,1.);
#11960 = DIRECTION('',(0.309274467212,-0.49555637426,-0.811648436123));
#11961 = ORIENTED_EDGE('',*,*,#11933,.F.);
#11962 = PLANE('',#11963);
#11963 = AXIS2_PLACEMENT_3D('',#11964,#11965,#11966);
#11964 = CARTESIAN_POINT('',(57.587189632857,-39.32101724658,
    222.41924972854));
#11965 = DIRECTION('',(0.189866217805,0.868486051345,-0.457911342898));
#11966 = DIRECTION('',(-9.121462040668E-18,-0.466395082939,
    -0.884576523886));
#11967 = ADVANCED_FACE('',(#11968),#11978,.T.);
#11968 = FACE_BOUND('',#11969,.T.);
#11969 = EDGE_LOOP('',(#11970,#11971,#11977));
#11970 = ORIENTED_EDGE('',*,*,#11956,.F.);
#11971 = ORIENTED_EDGE('',*,*,#11972,.T.);
#11972 = EDGE_CURVE('',#11949,#11727,#11973,.T.);
#11973 = LINE('',#11974,#11975);
#11974 = CARTESIAN_POINT('',(57.596336364746,-39.23940658569,
    222.5778270976));
#11975 = VECTOR('',#11976,1.);
#11976 = DIRECTION('',(0.953580958983,5.591230666595E-02,0.295900605997)
  );
#11977 = ORIENTED_EDGE('',*,*,#11904,.F.);
#11978 = PLANE('',#11979);
#11979 = AXIS2_PLACEMENT_3D('',#11980,#11981,#11982);
#11980 = CARTESIAN_POINT('',(57.704540288232,-39.28811714524,
    222.51412894776));
#11981 = DIRECTION('',(0.101291341109,0.86580365221,-0.490024591257));
#11982 = DIRECTION('',(4.892046497297E-18,-0.492557912212,
    -0.870279669484));
#11983 = ADVANCED_FACE('',(#11984),#12001,.T.);
#11984 = FACE_BOUND('',#11985,.T.);
#11985 = EDGE_LOOP('',(#11986,#11987,#11995));
#11986 = ORIENTED_EDGE('',*,*,#11813,.F.);
#11987 = ORIENTED_EDGE('',*,*,#11988,.T.);
#11988 = EDGE_CURVE('',#11806,#11989,#11991,.T.);
#11989 = VERTEX_POINT('',#11990);
#11990 = CARTESIAN_POINT('',(67.996452331543,-39.56517028808,
    222.04135859174));
#11991 = LINE('',#11992,#11993);
#11992 = CARTESIAN_POINT('',(67.986793518066,-39.39734268188,
    222.16290247601));
#11993 = VECTOR('',#11994,1.);
#11994 = DIRECTION('',(4.656144285331E-02,-0.809032653369,-0.5859165451)
  );
#11995 = ORIENTED_EDGE('',*,*,#11996,.F.);
#11996 = EDGE_CURVE('',#11814,#11989,#11997,.T.);
#11997 = LINE('',#11998,#11999);
#11998 = CARTESIAN_POINT('',(57.686569213867,-39.48752212524,
    222.16290247601));
#11999 = VECTOR('',#12000,1.);
#12000 = DIRECTION('',(0.999902162112,-7.530693124586E-03,
    -1.178791178264E-02));
#12001 = PLANE('',#12002);
#12002 = AXIS2_PLACEMENT_3D('',#12003,#12004,#12005);
#12003 = CARTESIAN_POINT('',(62.890437598757,-39.48437879246,
    222.13219874225));
#12004 = DIRECTION('',(-5.13356015314E-03,0.586351158165,-0.810040718655
    ));
#12005 = DIRECTION('',(4.880103091939E-19,0.810051392545,0.586358884503)
  );
#12006 = ADVANCED_FACE('',(#12007),#12024,.T.);
#12007 = FACE_BOUND('',#12008,.T.);
#12008 = EDGE_LOOP('',(#12009,#12010,#12018));
#12009 = ORIENTED_EDGE('',*,*,#11996,.T.);
#12010 = ORIENTED_EDGE('',*,*,#12011,.F.);
#12011 = EDGE_CURVE('',#12012,#11989,#12014,.T.);
#12012 = VERTEX_POINT('',#12013);
#12013 = CARTESIAN_POINT('',(57.687240600586,-39.65565490722,
    222.041267039));
#12014 = LINE('',#12015,#12016);
#12015 = CARTESIAN_POINT('',(57.687240600586,-39.65565490722,
    222.041267039));
#12016 = VECTOR('',#12017,1.);
#12017 = DIRECTION('',(0.999961483753,8.77672671529E-03,
    8.88033057196E-06));
#12018 = ORIENTED_EDGE('',*,*,#12019,.T.);
#12019 = EDGE_CURVE('',#12012,#11814,#12020,.T.);
#12020 = LINE('',#12021,#12022);
#12021 = CARTESIAN_POINT('',(57.687240600586,-39.65565490722,
    222.041267039));
#12022 = VECTOR('',#12023,1.);
#12023 = DIRECTION('',(-3.235297617664E-03,0.810203082378,0.586140339982
    ));
#12024 = PLANE('',#12025);
#12025 = AXIS2_PLACEMENT_3D('',#12026,#12027,#12028);
#12026 = CARTESIAN_POINT('',(62.790319187207,-39.56840878664,
    222.07202606954));
#12027 = DIRECTION('',(-5.137237397987E-03,0.586122206853,
    -0.810206373356));
#12028 = DIRECTION('',(8.868980138224E-21,0.81021706473,0.586129941242)
  );
#12029 = ADVANCED_FACE('',(#12030),#12047,.T.);
#12030 = FACE_BOUND('',#12031,.T.);
#12031 = EDGE_LOOP('',(#12032,#12040,#12046));
#12032 = ORIENTED_EDGE('',*,*,#12033,.T.);
#12033 = EDGE_CURVE('',#10555,#12034,#12036,.T.);
#12034 = VERTEX_POINT('',#12035);
#12035 = CARTESIAN_POINT('',(78.618255615235,-39.30622482299,
    222.041267039));
#12036 = LINE('',#12037,#12038);
#12037 = CARTESIAN_POINT('',(78.695747375488,-39.49314117431,
    221.99837458295));
#12038 = VECTOR('',#12039,1.);
#12039 = DIRECTION('',(-0.374647345136,0.903679495143,0.207371012539));
#12040 = ORIENTED_EDGE('',*,*,#12041,.T.);
#12041 = EDGE_CURVE('',#12034,#10563,#12042,.T.);
#12042 = LINE('',#12043,#12044);
#12043 = CARTESIAN_POINT('',(78.618255615234,-39.30622482299,
    222.041267039));
#12044 = VECTOR('',#12045,1.);
#12045 = DIRECTION('',(0.990929902969,8.124795113974E-02,-0.107035965157
    ));
#12046 = ORIENTED_EDGE('',*,*,#10562,.F.);
#12047 = PLANE('',#12048);
#12048 = AXIS2_PLACEMENT_3D('',#12049,#12050,#12051);
#12049 = CARTESIAN_POINT('',(78.798686115371,-39.34915766434,
    222.01146651406));
#12050 = DIRECTION('',(-0.119879161476,0.174570096061,-0.977319941578));
#12051 = DIRECTION('',(-7.763742430829E-19,0.984419089304,0.175838154603
    ));
#12052 = ADVANCED_FACE('',(#12053),#12070,.T.);
#12053 = FACE_BOUND('',#12054,.T.);
#12054 = EDGE_LOOP('',(#12055,#12056,#12064));
#12055 = ORIENTED_EDGE('',*,*,#12041,.F.);
#12056 = ORIENTED_EDGE('',*,*,#12057,.T.);
#12057 = EDGE_CURVE('',#12034,#12058,#12060,.T.);
#12058 = VERTEX_POINT('',#12059);
#12059 = CARTESIAN_POINT('',(78.870506286622,-39.13218688964,
    222.041267039));
#12060 = LINE('',#12061,#12062);
#12061 = CARTESIAN_POINT('',(78.618255615234,-39.30622482299,
    222.041267039));
#12062 = VECTOR('',#12063,1.);
#12063 = DIRECTION('',(0.823103040005,0.567892054474,0.));
#12064 = ORIENTED_EDGE('',*,*,#12065,.F.);
#12065 = EDGE_CURVE('',#10563,#12058,#12066,.T.);
#12066 = LINE('',#12067,#12068);
#12067 = CARTESIAN_POINT('',(79.015350341797,-39.27366638183,
    221.99837458295));
#12068 = VECTOR('',#12069,1.);
#12069 = DIRECTION('',(-0.699835824969,0.683579433143,0.207241348853));
#12070 = PLANE('',#12071);
#12071 = AXIS2_PLACEMENT_3D('',#12072,#12073,#12074);
#12072 = CARTESIAN_POINT('',(78.821079370458,-39.24652949551,
    222.02701043746));
#12073 = DIRECTION('',(-0.119823564381,0.173672336722,-0.977486691918));
#12074 = DIRECTION('',(1.161987138698E-18,0.984580394625,0.174932691401)
  );
#12075 = ADVANCED_FACE('',(#12076),#12093,.T.);
#12076 = FACE_BOUND('',#12077,.T.);
#12077 = EDGE_LOOP('',(#12078,#12086,#12092));
#12078 = ORIENTED_EDGE('',*,*,#12079,.T.);
#12079 = EDGE_CURVE('',#10563,#12080,#12082,.T.);
#12080 = VERTEX_POINT('',#12081);
#12081 = CARTESIAN_POINT('',(79.038482666016,-38.87586212158,
    222.041267039));
#12082 = LINE('',#12083,#12084);
#12083 = CARTESIAN_POINT('',(79.015350341797,-39.27366638183,
    221.99837458295));
#12084 = VECTOR('',#12085,1.);
#12085 = DIRECTION('',(5.771853154874E-02,0.992579799961,0.107022949989)
  );
#12086 = ORIENTED_EDGE('',*,*,#12087,.T.);
#12087 = EDGE_CURVE('',#12080,#10571,#12088,.T.);
#12088 = LINE('',#12089,#12090);
#12089 = CARTESIAN_POINT('',(79.038482666016,-38.87586212158,
    222.041267039));
#12090 = VECTOR('',#12091,1.);
#12091 = DIRECTION('',(0.912237198606,-0.353301957256,-0.207366874113));
#12092 = ORIENTED_EDGE('',*,*,#10570,.F.);
#12093 = PLANE('',#12094);
#12094 = AXIS2_PLACEMENT_3D('',#12095,#12096,#12097);
#12095 = CARTESIAN_POINT('',(79.085676251916,-39.05525579278,
    222.01146694794));
#12096 = DIRECTION('',(-0.177355762972,0.115691169531,-0.97732312294));
#12097 = DIRECTION('',(0.983929983924,-6.221894506509E-19,
    -0.178554716361));
#12098 = ADVANCED_FACE('',(#12099),#12116,.T.);
#12099 = FACE_BOUND('',#12100,.T.);
#12100 = EDGE_LOOP('',(#12101,#12102,#12110));
#12101 = ORIENTED_EDGE('',*,*,#12087,.F.);
#12102 = ORIENTED_EDGE('',*,*,#12103,.T.);
#12103 = EDGE_CURVE('',#12080,#12104,#12106,.T.);
#12104 = VERTEX_POINT('',#12105);
#12105 = CARTESIAN_POINT('',(79.097373962403,-38.57510757446,
    222.041267039));
#12106 = LINE('',#12107,#12108);
#12107 = CARTESIAN_POINT('',(79.038482666016,-38.87586212158,
    222.041267039));
#12108 = VECTOR('',#12109,1.);
#12109 = DIRECTION('',(0.192162502277,0.981363119706,0.));
#12110 = ORIENTED_EDGE('',*,*,#12111,.F.);
#12111 = EDGE_CURVE('',#10571,#12104,#12112,.T.);
#12112 = LINE('',#12113,#12114);
#12113 = CARTESIAN_POINT('',(79.227172851563,-38.9489402771,
    221.99837458295));
#12114 = VECTOR('',#12115,1.);
#12115 = DIRECTION('',(-0.326092451909,0.939176162409,0.10775828864));
#12116 = PLANE('',#12117);
#12117 = AXIS2_PLACEMENT_3D('',#12118,#12119,#12120);
#12118 = CARTESIAN_POINT('',(79.123864334877,-38.78386678435,
    222.02703266481));
#12119 = DIRECTION('',(-0.206559680275,4.044682771766E-02,
    -0.977597643518));
#12120 = DIRECTION('',(0.978398274409,9.299351176583E-19,-0.206728848094
    ));
#12121 = ADVANCED_FACE('',(#12122),#12132,.T.);
#12122 = FACE_BOUND('',#12123,.T.);
#12123 = EDGE_LOOP('',(#12124,#12125,#12131));
#12124 = ORIENTED_EDGE('',*,*,#12111,.T.);
#12125 = ORIENTED_EDGE('',*,*,#12126,.F.);
#12126 = EDGE_CURVE('',#10579,#12104,#12127,.T.);
#12127 = LINE('',#12128,#12129);
#12128 = CARTESIAN_POINT('',(79.299995422363,-38.57510757446,
    221.99837458295));
#12129 = VECTOR('',#12130,1.);
#12130 = DIRECTION('',(-0.978320145216,0.,0.207098270066));
#12131 = ORIENTED_EDGE('',*,*,#10578,.F.);
#12132 = PLANE('',#12133);
#12133 = AXIS2_PLACEMENT_3D('',#12134,#12135,#12136);
#12134 = CARTESIAN_POINT('',(79.209054023342,-38.72276228191,
    222.01153695501));
#12135 = DIRECTION('',(-0.206929945647,4.030993145173E-02,
    -0.977524990484));
#12136 = DIRECTION('',(0.978320145216,1.539202594279E-18,-0.207098270066
    ));
#12137 = ADVANCED_FACE('',(#12138),#12148,.T.);
#12138 = FACE_BOUND('',#12139,.T.);
#12139 = EDGE_LOOP('',(#12140,#12141,#12147));
#12140 = ORIENTED_EDGE('',*,*,#12065,.T.);
#12141 = ORIENTED_EDGE('',*,*,#12142,.T.);
#12142 = EDGE_CURVE('',#12058,#12080,#12143,.T.);
#12143 = LINE('',#12144,#12145);
#12144 = CARTESIAN_POINT('',(78.870506286621,-39.13218688964,
    222.041267039));
#12145 = VECTOR('',#12146,1.);
#12146 = DIRECTION('',(0.548116348865,0.836402097144,0.));
#12147 = ORIENTED_EDGE('',*,*,#12079,.F.);
#12148 = PLANE('',#12149);
#12149 = AXIS2_PLACEMENT_3D('',#12150,#12151,#12152);
#12150 = CARTESIAN_POINT('',(78.98362497365,-39.08006567841,
    222.02701002488));
#12151 = DIRECTION('',(-0.176489341295,0.115658119097,-0.977483867844));
#12152 = DIRECTION('',(0.984088002194,-1.456357777384E-17,
    -0.177681749027));
#12153 = ADVANCED_FACE('',(#12154),#12164,.T.);
#12154 = FACE_BOUND('',#12155,.T.);
#12155 = EDGE_LOOP('',(#12156,#12162,#12163));
#12156 = ORIENTED_EDGE('',*,*,#12157,.T.);
#12157 = EDGE_CURVE('',#10547,#12034,#12158,.T.);
#12158 = LINE('',#12159,#12160);
#12159 = CARTESIAN_POINT('',(78.323791503906,-39.57482910156,
    221.99837458295));
#12160 = VECTOR('',#12161,1.);
#12161 = DIRECTION('',(0.734561742523,0.670052543998,0.106998292996));
#12162 = ORIENTED_EDGE('',*,*,#12033,.F.);
#12163 = ORIENTED_EDGE('',*,*,#10554,.F.);
#12164 = PLANE('',#12165);
#12165 = AXIS2_PLACEMENT_3D('',#12166,#12167,#12168);
#12166 = CARTESIAN_POINT('',(78.524863855861,-39.46798453751,
    222.01155888778));
#12167 = DIRECTION('',(-4.515576924774E-02,0.205611209315,
    -0.977591421355));
#12168 = DIRECTION('',(9.686905238428E-19,0.978589623864,0.205821155536)
  );
#12169 = ADVANCED_FACE('',(#12170),#12187,.T.);
#12170 = FACE_BOUND('',#12171,.T.);
#12171 = EDGE_LOOP('',(#12172,#12180,#12181));
#12172 = ORIENTED_EDGE('',*,*,#12173,.T.);
#12173 = EDGE_CURVE('',#12174,#12034,#12176,.T.);
#12174 = VERTEX_POINT('',#12175);
#12175 = CARTESIAN_POINT('',(78.318992614746,-39.37226486206,
    222.041267039));
#12176 = LINE('',#12177,#12178);
#12177 = CARTESIAN_POINT('',(78.318992614746,-39.37226486206,
    222.041267039));
#12178 = VECTOR('',#12179,1.);
#12179 = DIRECTION('',(0.976505826587,0.215490998979,0.));
#12180 = ORIENTED_EDGE('',*,*,#12157,.F.);
#12181 = ORIENTED_EDGE('',*,*,#12182,.F.);
#12182 = EDGE_CURVE('',#12174,#10547,#12183,.T.);
#12183 = LINE('',#12184,#12185);
#12184 = CARTESIAN_POINT('',(78.318992614746,-39.37226486206,
    222.041267039));
#12185 = VECTOR('',#12186,1.);
#12186 = DIRECTION('',(2.317058842004E-02,-0.978045640455,
    -0.207098645624));
#12187 = PLANE('',#12188);
#12188 = AXIS2_PLACEMENT_3D('',#12189,#12190,#12191);
#12189 = CARTESIAN_POINT('',(78.436329605594,-39.41406236309,
    222.02700820759));
#12190 = DIRECTION('',(-4.543928497098E-02,0.205909883663,
    -0.977515417368));
#12191 = DIRECTION('',(-4.061266886706E-19,0.978526134809,0.206122787426
    ));
#12192 = ADVANCED_FACE('',(#12193),#12208,.T.);
#12193 = FACE_BOUND('',#12194,.T.);
#12194 = EDGE_LOOP('',(#12195,#12201,#12207));
#12195 = ORIENTED_EDGE('',*,*,#12196,.T.);
#12196 = EDGE_CURVE('',#10539,#11989,#12197,.T.);
#12197 = LINE('',#12198,#12199);
#12198 = CARTESIAN_POINT('',(70.941802978516,-39.72370529174,
    221.99837458295));
#12199 = VECTOR('',#12200,1.);
#12200 = DIRECTION('',(-0.998448534986,5.37420026078E-02,
    1.457120925395E-02));
#12201 = ORIENTED_EDGE('',*,*,#12202,.T.);
#12202 = EDGE_CURVE('',#11989,#10547,#12203,.T.);
#12203 = LINE('',#12204,#12205);
#12204 = CARTESIAN_POINT('',(67.996452331543,-39.56517028808,
    222.04135859174));
#12205 = VECTOR('',#12206,1.);
#12206 = DIRECTION('',(0.999990900986,-9.352579042562E-04,
    -4.162119299036E-03));
#12207 = ORIENTED_EDGE('',*,*,#10546,.F.);
#12208 = PLANE('',#12209);
#12209 = AXIS2_PLACEMENT_3D('',#12210,#12211,#12212);
#12210 = CARTESIAN_POINT('',(73.159411297987,-39.60895538855,
    222.01218607128));
#12211 = DIRECTION('',(-3.902480973922E-03,0.193503539647,
    -0.981091815676));
#12212 = DIRECTION('',(-5.33774112732E-20,0.98109928646,0.193505013131)
  );
#12213 = ADVANCED_FACE('',(#12214),#12224,.T.);
#12214 = FACE_BOUND('',#12215,.T.);
#12215 = EDGE_LOOP('',(#12216,#12222,#12223));
#12216 = ORIENTED_EDGE('',*,*,#12217,.T.);
#12217 = EDGE_CURVE('',#11989,#12174,#12218,.T.);
#12218 = LINE('',#12219,#12220);
#12219 = CARTESIAN_POINT('',(67.996452331543,-39.56517028808,
    222.04135859174));
#12220 = VECTOR('',#12221,1.);
#12221 = DIRECTION('',(0.999825429007,1.868452387127E-02,
    -8.86765751568E-06));
#12222 = ORIENTED_EDGE('',*,*,#12182,.T.);
#12223 = ORIENTED_EDGE('',*,*,#12202,.F.);
#12224 = PLANE('',#12225);
#12225 = AXIS2_PLACEMENT_3D('',#12226,#12227,#12228);
#12226 = CARTESIAN_POINT('',(73.210181364358,-39.51891126686,
    222.03048118654));
#12227 = DIRECTION('',(-3.878259007661E-03,0.207064766546,
    -0.978319549821));
#12228 = DIRECTION('',(4.927984277242E-20,0.978326907304,0.207066323783)
  );
#12229 = ADVANCED_FACE('',(#12230),#12240,.T.);
#12230 = FACE_BOUND('',#12231,.T.);
#12231 = EDGE_LOOP('',(#12232,#12238,#12239));
#12232 = ORIENTED_EDGE('',*,*,#12233,.T.);
#12233 = EDGE_CURVE('',#10531,#11989,#12234,.T.);
#12234 = LINE('',#12235,#12236);
#12235 = CARTESIAN_POINT('',(67.999160766602,-39.76791000366,
    221.99837458295));
#12236 = VECTOR('',#12237,1.);
#12237 = DIRECTION('',(-1.306756340633E-02,0.97817153853,0.207387752764)
  );
#12238 = ORIENTED_EDGE('',*,*,#12196,.F.);
#12239 = ORIENTED_EDGE('',*,*,#10538,.F.);
#12240 = PLANE('',#12241);
#12241 = AXIS2_PLACEMENT_3D('',#12242,#12243,#12244);
#12242 = CARTESIAN_POINT('',(69.419790235753,-39.69409380298,
    222.00949794827));
#12243 = DIRECTION('',(-3.115055489512E-03,0.207364631031,
    -0.978258762407));
#12244 = DIRECTION('',(-9.699393923602E-20,0.978263508743,0.207365637127
    ));
#12245 = ADVANCED_FACE('',(#12246),#12256,.T.);
#12246 = FACE_BOUND('',#12247,.T.);
#12247 = EDGE_LOOP('',(#12248,#12249,#12250));
#12248 = ORIENTED_EDGE('',*,*,#12011,.T.);
#12249 = ORIENTED_EDGE('',*,*,#12233,.F.);
#12250 = ORIENTED_EDGE('',*,*,#12251,.F.);
#12251 = EDGE_CURVE('',#12012,#10531,#12252,.T.);
#12252 = LINE('',#12253,#12254);
#12253 = CARTESIAN_POINT('',(57.687240600586,-39.65565490722,
    222.041267039));
#12254 = VECTOR('',#12255,1.);
#12255 = DIRECTION('',(0.99993210418,-1.088521565107E-02,
    -4.15921992662E-03));
#12256 = PLANE('',#12257);
#12257 = AXIS2_PLACEMENT_3D('',#12258,#12259,#12260);
#12258 = CARTESIAN_POINT('',(62.893821340136,-39.66115901139,
    222.03045878687));
#12259 = DIRECTION('',(-1.811517323122E-03,0.207381962209,
    -0.978258370859));
#12260 = DIRECTION('',(4.312269259514E-20,0.978259975987,0.207382302482)
  );
#12261 = ADVANCED_FACE('',(#12262),#12279,.T.);
#12262 = FACE_BOUND('',#12263,.T.);
#12263 = EDGE_LOOP('',(#12264,#12272,#12278));
#12264 = ORIENTED_EDGE('',*,*,#12265,.T.);
#12265 = EDGE_CURVE('',#10483,#12266,#12268,.T.);
#12266 = VERTEX_POINT('',#12267);
#12267 = CARTESIAN_POINT('',(56.925895690918,-39.10528945922,
    222.041267039));
#12268 = LINE('',#12269,#12270);
#12269 = CARTESIAN_POINT('',(56.684051513672,-38.85828018188,
    221.99837458295));
#12270 = VECTOR('',#12271,1.);
#12271 = DIRECTION('',(0.694272793921,-0.709100475599,0.123133273839));
#12272 = ORIENTED_EDGE('',*,*,#12273,.T.);
#12273 = EDGE_CURVE('',#12266,#10491,#12274,.T.);
#12274 = LINE('',#12275,#12276);
#12275 = CARTESIAN_POINT('',(56.925895690918,-39.10528945922,
    222.041267039));
#12276 = VECTOR('',#12277,1.);
#12277 = DIRECTION('',(-0.765851343179,-0.611989600532,-0.197333344853)
  );
#12278 = ORIENTED_EDGE('',*,*,#10490,.F.);
#12279 = PLANE('',#12280);
#12280 = AXIS2_PLACEMENT_3D('',#12281,#12282,#12283);
#12281 = CARTESIAN_POINT('',(56.779735689729,-39.05215314129,
    222.01110326164));
#12282 = DIRECTION('',(0.21690694988,4.302301004419E-02,-0.975243762195)
  );
#12283 = DIRECTION('',(0.976147595175,5.060734121873E-19,0.217107974139)
  );
#12284 = ADVANCED_FACE('',(#12285),#12302,.T.);
#12285 = FACE_BOUND('',#12286,.T.);
#12286 = EDGE_LOOP('',(#12287,#12288,#12296));
#12287 = ORIENTED_EDGE('',*,*,#12273,.F.);
#12288 = ORIENTED_EDGE('',*,*,#12289,.T.);
#12289 = EDGE_CURVE('',#12266,#12290,#12292,.T.);
#12290 = VERTEX_POINT('',#12291);
#12291 = CARTESIAN_POINT('',(57.039710998535,-39.32799911499,
    222.041267039));
#12292 = LINE('',#12293,#12294);
#12293 = CARTESIAN_POINT('',(56.925895690918,-39.10528945922,
    222.041267039));
#12294 = VECTOR('',#12295,1.);
#12295 = DIRECTION('',(0.455066449043,-0.890457481835,0.));
#12296 = ORIENTED_EDGE('',*,*,#12297,.F.);
#12297 = EDGE_CURVE('',#10491,#12290,#12298,.T.);
#12298 = LINE('',#12299,#12300);
#12299 = CARTESIAN_POINT('',(56.759429931641,-39.23831176757,
    221.99837458295));
#12300 = VECTOR('',#12301,1.);
#12301 = DIRECTION('',(0.942468391078,-0.301581162624,0.144229449728));
#12302 = PLANE('',#12303);
#12303 = AXIS2_PLACEMENT_3D('',#12304,#12305,#12306);
#12304 = CARTESIAN_POINT('',(56.910615204815,-39.22976115703,
    222.02683368539));
#12305 = DIRECTION('',(0.17920858998,9.15841781825E-02,-0.979538983187)
  );
#12306 = DIRECTION('',(0.983673028475,9.189066059048E-19,0.179964921724)
  );
#12307 = ADVANCED_FACE('',(#12308),#12318,.T.);
#12308 = FACE_BOUND('',#12309,.T.);
#12309 = EDGE_LOOP('',(#12310,#12311,#12317));
#12310 = ORIENTED_EDGE('',*,*,#12297,.T.);
#12311 = ORIENTED_EDGE('',*,*,#12312,.T.);
#12312 = EDGE_CURVE('',#12290,#10499,#12313,.T.);
#12313 = LINE('',#12314,#12315);
#12314 = CARTESIAN_POINT('',(57.039710998535,-39.32799911499,
    222.041267039));
#12315 = VECTOR('',#12316,1.);
#12316 = DIRECTION('',(-0.244948869024,-0.954248193678,-0.171494712534)
  );
#12317 = ORIENTED_EDGE('',*,*,#10498,.F.);
#12318 = PLANE('',#12319);
#12319 = AXIS2_PLACEMENT_3D('',#12320,#12321,#12322);
#12320 = CARTESIAN_POINT('',(56.915807848108,-39.37672681794,
    222.0108367588));
#12321 = DIRECTION('',(0.189448457951,0.126365000288,-0.973725407126));
#12322 = DIRECTION('',(0.981594047855,-1.273275974992E-18,0.190979384269
    ));
#12323 = ADVANCED_FACE('',(#12324),#12341,.T.);
#12324 = FACE_BOUND('',#12325,.T.);
#12325 = EDGE_LOOP('',(#12326,#12327,#12335));
#12326 = ORIENTED_EDGE('',*,*,#12312,.F.);
#12327 = ORIENTED_EDGE('',*,*,#12328,.T.);
#12328 = EDGE_CURVE('',#12290,#12329,#12331,.T.);
#12329 = VERTEX_POINT('',#12330);
#12330 = CARTESIAN_POINT('',(57.216911315918,-39.50449752807,
    222.041267039));
#12331 = LINE('',#12332,#12333);
#12332 = CARTESIAN_POINT('',(57.039710998535,-39.32799911499,
    222.041267039));
#12333 = VECTOR('',#12334,1.);
#12334 = DIRECTION('',(0.708508617841,-0.70570215987,0.));
#12335 = ORIENTED_EDGE('',*,*,#12336,.F.);
#12336 = EDGE_CURVE('',#10499,#12329,#12337,.T.);
#12337 = LINE('',#12338,#12339);
#12338 = CARTESIAN_POINT('',(56.978446960449,-39.56666564941,
    221.99837458295));
#12339 = VECTOR('',#12340,1.);
#12340 = DIRECTION('',(0.953324571399,0.248533570196,0.171473980689));
#12341 = PLANE('',#12342);
#12342 = AXIS2_PLACEMENT_3D('',#12343,#12344,#12345);
#12343 = CARTESIAN_POINT('',(57.078356788753,-39.46639063579,
    222.0269691468));
#12344 = DIRECTION('',(0.139734273905,0.140289973447,-0.980200518285));
#12345 = DIRECTION('',(-1.948197554552E-18,0.989912511458,0.141679990325
    ));
#12346 = ADVANCED_FACE('',(#12347),#12357,.T.);
#12347 = FACE_BOUND('',#12348,.T.);
#12348 = EDGE_LOOP('',(#12349,#12350,#12356));
#12349 = ORIENTED_EDGE('',*,*,#12336,.T.);
#12350 = ORIENTED_EDGE('',*,*,#12351,.T.);
#12351 = EDGE_CURVE('',#12329,#10507,#12352,.T.);
#12352 = LINE('',#12353,#12354);
#12353 = CARTESIAN_POINT('',(57.216911315918,-39.50449752807,
    222.041267039));
#12354 = VECTOR('',#12355,1.);
#12355 = DIRECTION('',(0.305177737893,-0.941306800168,-0.144249978345));
#12356 = ORIENTED_EDGE('',*,*,#10506,.F.);
#12357 = PLANE('',#12358);
#12358 = AXIS2_PLACEMENT_3D('',#12359,#12360,#12361);
#12359 = CARTESIAN_POINT('',(57.16863444072,-39.62856475909,
    222.0108366644));
#12360 = DIRECTION('',(0.125624015384,0.189945905944,-0.973724375567));
#12361 = DIRECTION('',(-1.395586342014E-19,0.981499892572,0.19146268796)
  );
#12362 = ADVANCED_FACE('',(#12363),#12380,.T.);
#12363 = FACE_BOUND('',#12364,.T.);
#12364 = EDGE_LOOP('',(#12365,#12366,#12374));
#12365 = ORIENTED_EDGE('',*,*,#12351,.F.);
#12366 = ORIENTED_EDGE('',*,*,#12367,.T.);
#12367 = EDGE_CURVE('',#12329,#12368,#12370,.T.);
#12368 = VERTEX_POINT('',#12369);
#12369 = CARTESIAN_POINT('',(57.440078735352,-39.61742019653,
    222.041267039));
#12370 = LINE('',#12371,#12372);
#12371 = CARTESIAN_POINT('',(57.216911315918,-39.50449752807,
    222.041267039));
#12372 = VECTOR('',#12373,1.);
#12373 = DIRECTION('',(0.892275549247,-0.451491244894,0.));
#12374 = ORIENTED_EDGE('',*,*,#12375,.F.);
#12375 = EDGE_CURVE('',#10507,#12368,#12376,.T.);
#12376 = LINE('',#12377,#12378);
#12377 = CARTESIAN_POINT('',(57.307655334473,-39.78439331054,
    221.99837458295));
#12378 = VECTOR('',#12379,1.);
#12379 = DIRECTION('',(0.609168516645,0.768102642797,0.197312058569));
#12380 = PLANE('',#12381);
#12381 = AXIS2_PLACEMENT_3D('',#12382,#12383,#12384);
#12382 = CARTESIAN_POINT('',(57.315649528476,-39.63319202093,
    222.026833923));
#12383 = DIRECTION('',(9.086074226701E-02,0.179566757115,-0.979540762426
    ));
#12384 = DIRECTION('',(3.822464904238E-18,0.98360935641,0.180312600734)
  );
#12385 = ADVANCED_FACE('',(#12386),#12401,.T.);
#12386 = FACE_BOUND('',#12387,.T.);
#12387 = EDGE_LOOP('',(#12388,#12394,#12400));
#12388 = ORIENTED_EDGE('',*,*,#12389,.T.);
#12389 = EDGE_CURVE('',#10507,#12012,#12390,.T.);
#12390 = LINE('',#12391,#12392);
#12391 = CARTESIAN_POINT('',(57.307655334473,-39.78439331054,
    221.99837458295));
#12392 = VECTOR('',#12393,1.);
#12393 = DIRECTION('',(0.941640041051,0.319362330969,0.106403640198));
#12394 = ORIENTED_EDGE('',*,*,#12395,.T.);
#12395 = EDGE_CURVE('',#12012,#10515,#12396,.T.);
#12396 = LINE('',#12397,#12398);
#12397 = CARTESIAN_POINT('',(57.687240600586,-39.65565490722,
    222.041267039));
#12398 = VECTOR('',#12399,1.);
#12399 = DIRECTION('',(3.904774962488E-03,-0.978311896852,-0.20710042301
    ));
#12400 = ORIENTED_EDGE('',*,*,#10514,.F.);
#12401 = PLANE('',#12402);
#12402 = AXIS2_PLACEMENT_3D('',#12403,#12404,#12405);
#12403 = CARTESIAN_POINT('',(57.537086542994,-39.76703910808,
    222.01149138368));
#12404 = DIRECTION('',(4.022016698912E-02,0.207088067941,-0.977495202179
    ));
#12405 = DIRECTION('',(7.908562785876E-19,0.978286791041,0.207255770665)
  );
#12406 = ADVANCED_FACE('',(#12407),#12417,.T.);
#12407 = FACE_BOUND('',#12408,.T.);
#12408 = EDGE_LOOP('',(#12409,#12410,#12416));
#12409 = ORIENTED_EDGE('',*,*,#12395,.F.);
#12410 = ORIENTED_EDGE('',*,*,#12411,.T.);
#12411 = EDGE_CURVE('',#12012,#10523,#12412,.T.);
#12412 = LINE('',#12413,#12414);
#12413 = CARTESIAN_POINT('',(57.687240600586,-39.65565490722,
    222.041267039));
#12414 = VECTOR('',#12415,1.);
#12415 = DIRECTION('',(0.99967585738,-2.457028148436E-02,
    -6.669440769866E-03));
#12416 = ORIENTED_EDGE('',*,*,#10522,.F.);
#12417 = PLANE('',#12418);
#12418 = AXIS2_PLACEMENT_3D('',#12419,#12420,#12421);
#12419 = CARTESIAN_POINT('',(60.851048756233,-39.78485739548,
    222.00926990687));
#12420 = DIRECTION('',(-1.436895407585E-03,0.207096298934,
    -0.978319507267));
#12421 = DIRECTION('',(-6.515544064191E-21,0.978320517221,0.207096512727
    ));
#12422 = ADVANCED_FACE('',(#12423),#12433,.T.);
#12423 = FACE_BOUND('',#12424,.T.);
#12424 = EDGE_LOOP('',(#12425,#12426,#12432));
#12425 = ORIENTED_EDGE('',*,*,#12375,.T.);
#12426 = ORIENTED_EDGE('',*,*,#12427,.T.);
#12427 = EDGE_CURVE('',#12368,#12012,#12428,.T.);
#12428 = LINE('',#12429,#12430);
#12429 = CARTESIAN_POINT('',(57.440078735352,-39.61742019653,
    222.041267039));
#12430 = VECTOR('',#12431,1.);
#12431 = DIRECTION('',(0.988245281659,-0.15287662764,0.));
#12432 = ORIENTED_EDGE('',*,*,#12389,.F.);
#12433 = PLANE('',#12434);
#12434 = AXIS2_PLACEMENT_3D('',#12435,#12436,#12437);
#12435 = CARTESIAN_POINT('',(57.485611440096,-39.69126688236,
    222.02598180476));
#12436 = DIRECTION('',(3.448363999602E-02,0.222913698755,-0.974228084937
    ));
#12437 = DIRECTION('',(8.496634537804E-19,0.974807839783,0.223046352801)
  );
#12438 = ADVANCED_FACE('',(#12439),#12456,.T.);
#12439 = FACE_BOUND('',#12440,.T.);
#12440 = EDGE_LOOP('',(#12441,#12449,#12450));
#12441 = ORIENTED_EDGE('',*,*,#12442,.T.);
#12442 = EDGE_CURVE('',#12443,#12266,#12445,.T.);
#12443 = VERTEX_POINT('',#12444);
#12444 = CARTESIAN_POINT('',(56.886672973633,-38.85828018188,
    222.041267039));
#12445 = LINE('',#12446,#12447);
#12446 = CARTESIAN_POINT('',(56.886672973633,-38.85828018188,
    222.041267039));
#12447 = VECTOR('',#12448,1.);
#12448 = DIRECTION('',(0.156825637414,-0.987626305568,0.));
#12449 = ORIENTED_EDGE('',*,*,#12265,.F.);
#12450 = ORIENTED_EDGE('',*,*,#12451,.F.);
#12451 = EDGE_CURVE('',#12443,#10483,#12452,.T.);
#12452 = LINE('',#12453,#12454);
#12453 = CARTESIAN_POINT('',(56.886672973633,-38.85828018188,
    222.041267039));
#12454 = VECTOR('',#12455,1.);
#12455 = DIRECTION('',(-0.978320145216,0.,-0.207098270066));
#12456 = PLANE('',#12457);
#12457 = AXIS2_PLACEMENT_3D('',#12458,#12459,#12460);
#12458 = CARTESIAN_POINT('',(56.831385723599,-38.95003134498,
    222.02647929083));
#12459 = DIRECTION('',(0.206986378804,3.286746273266E-02,-0.977791577425
    ));
#12460 = DIRECTION('',(0.978320145216,3.989994345902E-19,0.207098270066)
  );
#12461 = ADVANCED_FACE('',(#12462),#12467,.T.);
#12462 = FACE_BOUND('',#12463,.T.);
#12463 = EDGE_LOOP('',(#12464,#12465,#12466));
#12464 = ORIENTED_EDGE('',*,*,#12411,.F.);
#12465 = ORIENTED_EDGE('',*,*,#12251,.T.);
#12466 = ORIENTED_EDGE('',*,*,#10530,.F.);
#12467 = PLANE('',#12468);
#12468 = AXIS2_PLACEMENT_3D('',#12469,#12470,#12471);
#12469 = CARTESIAN_POINT('',(62.843046501666,-39.73378984921,
    222.01578348659));
#12470 = DIRECTION('',(-2.126772541245E-03,0.18045583459,-0.983580789056
    ));
#12471 = DIRECTION('',(2.01576479845E-20,0.983583013511,0.180456242707)
  );
#12472 = ADVANCED_FACE('',(#12473),#12483,.T.);
#12473 = FACE_BOUND('',#12474,.T.);
#12474 = EDGE_LOOP('',(#12475,#12476,#12482));
#12475 = ORIENTED_EDGE('',*,*,#12427,.F.);
#12476 = ORIENTED_EDGE('',*,*,#12477,.T.);
#12477 = EDGE_CURVE('',#12368,#11814,#12478,.T.);
#12478 = LINE('',#12479,#12480);
#12479 = CARTESIAN_POINT('',(57.440078735352,-39.61742019653,
    222.041267039));
#12480 = VECTOR('',#12481,1.);
#12481 = DIRECTION('',(0.81077900566,0.427272605868,0.400094394182));
#12482 = ORIENTED_EDGE('',*,*,#12019,.F.);
#12483 = PLANE('',#12484);
#12484 = AXIS2_PLACEMENT_3D('',#12485,#12486,#12487);
#12485 = CARTESIAN_POINT('',(57.597105627383,-39.58528514135,
    222.08211382731));
#12486 = DIRECTION('',(9.033933713316E-02,0.583983471169,-0.806723068697
    ));
#12487 = DIRECTION('',(-3.702381500624E-18,0.810035268649,0.586381158927
    ));
#12488 = ADVANCED_FACE('',(#12489),#12499,.T.);
#12489 = FACE_BOUND('',#12490,.T.);
#12490 = EDGE_LOOP('',(#12491,#12492,#12498));
#12491 = ORIENTED_EDGE('',*,*,#12477,.F.);
#12492 = ORIENTED_EDGE('',*,*,#12493,.T.);
#12493 = EDGE_CURVE('',#12368,#11836,#12494,.T.);
#12494 = LINE('',#12495,#12496);
#12495 = CARTESIAN_POINT('',(57.440078735352,-39.61742019653,
    222.041267039));
#12496 = VECTOR('',#12497,1.);
#12497 = DIRECTION('',(0.247902793519,0.77135525891,0.586135879739));
#12498 = ORIENTED_EDGE('',*,*,#11835,.F.);
#12499 = PLANE('',#12500);
#12500 = AXIS2_PLACEMENT_3D('',#12501,#12502,#12503);
#12501 = CARTESIAN_POINT('',(57.541937050014,-39.52577177301,
    222.11901700979));
#12502 = DIRECTION('',(9.034361232553E-02,0.583978368926,-0.806726283406
    ));
#12503 = DIRECTION('',(2.063845796118E-18,0.810038811991,0.586376264073)
  );
#12504 = ADVANCED_FACE('',(#12505),#12515,.T.);
#12505 = FACE_BOUND('',#12506,.T.);
#12506 = EDGE_LOOP('',(#12507,#12513,#12514));
#12507 = ORIENTED_EDGE('',*,*,#12508,.T.);
#12508 = EDGE_CURVE('',#11806,#12174,#12509,.T.);
#12509 = LINE('',#12510,#12511);
#12510 = CARTESIAN_POINT('',(67.986793518066,-39.39734268188,
    222.16290247601));
#12511 = VECTOR('',#12512,1.);
#12512 = DIRECTION('',(0.999927766845,2.426976884545E-03,
    -1.177161316407E-02));
#12513 = ORIENTED_EDGE('',*,*,#12217,.F.);
#12514 = ORIENTED_EDGE('',*,*,#11988,.F.);
#12515 = PLANE('',#12516);
#12516 = AXIS2_PLACEMENT_3D('',#12517,#12518,#12519);
#12517 = CARTESIAN_POINT('',(73.103968141197,-39.42728518486,
    222.07201387503));
#12518 = DIRECTION('',(-1.096016488511E-02,0.586103632871,
    -0.810161963018));
#12519 = DIRECTION('',(1.242662902277E-19,0.810210627842,0.586138838956)
  );
#12520 = ADVANCED_FACE('',(#12521),#12531,.T.);
#12521 = FACE_BOUND('',#12522,.T.);
#12522 = EDGE_LOOP('',(#12523,#12524,#12525));
#12523 = ORIENTED_EDGE('',*,*,#11866,.F.);
#12524 = ORIENTED_EDGE('',*,*,#11881,.F.);
#12525 = ORIENTED_EDGE('',*,*,#12526,.T.);
#12526 = EDGE_CURVE('',#11882,#11806,#12527,.T.);
#12527 = LINE('',#12528,#12529);
#12528 = CARTESIAN_POINT('',(67.968971252441,-39.29336929321,
    222.34212458295));
#12529 = VECTOR('',#12530,1.);
#12530 = DIRECTION('',(8.569916146257E-02,-0.499960690245,
    -0.861797517944));
#12531 = PLANE('',#12532);
#12532 = AXIS2_PLACEMENT_3D('',#12533,#12534,#12535);
#12533 = CARTESIAN_POINT('',(67.770578892657,-39.32763303559,
    222.28776732165));
#12534 = DIRECTION('',(-1.157557244445E-02,0.864421706163,
    -0.502634181126));
#12535 = DIRECTION('',(-3.532993623051E-19,-0.502667859462,
    -0.864479625592));
#12536 = ADVANCED_FACE('',(#12537),#12554,.T.);
#12537 = FACE_BOUND('',#12538,.T.);
#12538 = EDGE_LOOP('',(#12539,#12547,#12553));
#12539 = ORIENTED_EDGE('',*,*,#12540,.T.);
#12540 = EDGE_CURVE('',#11882,#12541,#12543,.T.);
#12541 = VERTEX_POINT('',#12542);
#12542 = CARTESIAN_POINT('',(78.314987182618,-39.20417785644,
    222.16290247601));
#12543 = LINE('',#12544,#12545);
#12544 = CARTESIAN_POINT('',(67.968971252441,-39.29336929321,
    222.34212458295));
#12545 = VECTOR('',#12546,1.);
#12546 = DIRECTION('',(0.999812853096,8.619235217513E-03,
    -1.731957183137E-02));
#12547 = ORIENTED_EDGE('',*,*,#12548,.T.);
#12548 = EDGE_CURVE('',#12541,#11806,#12549,.T.);
#12549 = LINE('',#12550,#12551);
#12550 = CARTESIAN_POINT('',(78.314987182617,-39.20417785644,
    222.16290247601));
#12551 = VECTOR('',#12552,1.);
#12552 = DIRECTION('',(-0.999825150886,-1.869940252997E-02,-0.));
#12553 = ORIENTED_EDGE('',*,*,#12526,.F.);
#12554 = PLANE('',#12555);
#12555 = AXIS2_PLACEMENT_3D('',#12556,#12557,#12558);
#12556 = CARTESIAN_POINT('',(73.094967166454,-39.27544744151,
    222.20819264877));
#12557 = DIRECTION('',(-1.616225674155E-02,0.864168294114,
    -0.502943278019));
#12558 = DIRECTION('',(1.40129236984E-18,-0.503008979946,-0.864281184623
    ));
#12559 = ADVANCED_FACE('',(#12560),#12570,.T.);
#12560 = FACE_BOUND('',#12561,.T.);
#12561 = EDGE_LOOP('',(#12562,#12563,#12569));
#12562 = ORIENTED_EDGE('',*,*,#12548,.F.);
#12563 = ORIENTED_EDGE('',*,*,#12564,.T.);
#12564 = EDGE_CURVE('',#12541,#12174,#12565,.T.);
#12565 = LINE('',#12566,#12567);
#12566 = CARTESIAN_POINT('',(78.314987182617,-39.20417785644,
    222.16290247601));
#12567 = VECTOR('',#12568,1.);
#12568 = DIRECTION('',(1.930144624425E-02,-0.809980596058,
    -0.586138966614));
#12569 = ORIENTED_EDGE('',*,*,#12508,.F.);
#12570 = PLANE('',#12571);
#12571 = AXIS2_PLACEMENT_3D('',#12572,#12573,#12574);
#12572 = CARTESIAN_POINT('',(73.203249598594,-39.34224544235,
    222.13218696269));
#12573 = DIRECTION('',(-1.096054294686E-02,0.586041531973,
    -0.810206880556));
#12574 = DIRECTION('',(-1.436284511753E-19,0.810255551437,0.586076736756
    ));
#12575 = ADVANCED_FACE('',(#12576),#12593,.T.);
#12576 = FACE_BOUND('',#12577,.T.);
#12577 = EDGE_LOOP('',(#12578,#12586,#12587));
#12578 = ORIENTED_EDGE('',*,*,#12579,.T.);
#12579 = EDGE_CURVE('',#12580,#12541,#12582,.T.);
#12580 = VERTEX_POINT('',#12581);
#12581 = CARTESIAN_POINT('',(78.3125,-39.10000228881,222.34212458295));
#12582 = LINE('',#12583,#12584);
#12583 = CARTESIAN_POINT('',(78.3125,-39.10000228881,222.34212458295));
#12584 = VECTOR('',#12585,1.);
#12585 = DIRECTION('',(1.19971478768E-02,-0.502500170809,-0.864493867404
    ));
#12586 = ORIENTED_EDGE('',*,*,#12540,.F.);
#12587 = ORIENTED_EDGE('',*,*,#12588,.T.);
#12588 = EDGE_CURVE('',#11882,#12580,#12589,.T.);
#12589 = LINE('',#12590,#12591);
#12590 = CARTESIAN_POINT('',(67.968971252441,-39.29336929321,
    222.34212458295));
#12591 = VECTOR('',#12592,1.);
#12592 = DIRECTION('',(0.999825303793,1.869122507713E-02,0.));
#12593 = PLANE('',#12594);
#12594 = AXIS2_PLACEMENT_3D('',#12595,#12596,#12597);
#12595 = CARTESIAN_POINT('',(73.192662747155,-39.22203226421,
    222.29686901811));
#12596 = DIRECTION('',(-1.615850418312E-02,0.864345771188,
    -0.502638329788));
#12597 = DIRECTION('',(9.502595357623E-20,-0.502703961385,
    -0.864458632444));
#12598 = ADVANCED_FACE('',(#12599),#12614,.T.);
#12599 = FACE_BOUND('',#12600,.T.);
#12600 = EDGE_LOOP('',(#12601,#12607,#12613));
#12601 = ORIENTED_EDGE('',*,*,#12602,.T.);
#12602 = EDGE_CURVE('',#11882,#11704,#12603,.T.);
#12603 = LINE('',#12604,#12605);
#12604 = CARTESIAN_POINT('',(67.968971252441,-39.29336929321,
    222.34212458295));
#12605 = VECTOR('',#12606,1.);
#12606 = DIRECTION('',(8.341358519751E-02,0.456172887883,0.885973176888)
  );
#12607 = ORIENTED_EDGE('',*,*,#12608,.T.);
#12608 = EDGE_CURVE('',#11704,#12580,#12609,.T.);
#12609 = LINE('',#12610,#12611);
#12610 = CARTESIAN_POINT('',(67.997711181641,-39.13619613647,
    222.64738428754));
#12611 = VECTOR('',#12612,1.);
#12612 = DIRECTION('',(0.999556225844,3.507370475453E-03,
    -2.958123948005E-02));
#12613 = ORIENTED_EDGE('',*,*,#12588,.F.);
#12614 = PLANE('',#12615);
#12615 = AXIS2_PLACEMENT_3D('',#12616,#12617,#12618);
#12616 = CARTESIAN_POINT('',(73.063213703394,-39.15838225644,
    222.41959673156));
#12617 = DIRECTION('',(-1.663033870157E-02,0.889584999157,
    -0.456466823667));
#12618 = DIRECTION('',(6.088166799684E-19,-0.456529958859,
    -0.889708040125));
#12619 = ADVANCED_FACE('',(#12620),#12625,.T.);
#12620 = FACE_BOUND('',#12621,.T.);
#12621 = EDGE_LOOP('',(#12622,#12623,#12624));
#12622 = ORIENTED_EDGE('',*,*,#11726,.T.);
#12623 = ORIENTED_EDGE('',*,*,#12602,.F.);
#12624 = ORIENTED_EDGE('',*,*,#11910,.F.);
#12625 = PLANE('',#12626);
#12626 = AXIS2_PLACEMENT_3D('',#12627,#12628,#12629);
#12627 = CARTESIAN_POINT('',(62.985843901982,-39.2204250565,
    222.56965506169));
#12628 = DIRECTION('',(-7.855983782587E-03,0.889344973378,
    -0.457169336074));
#12629 = DIRECTION('',(-4.772556942743E-19,-0.457183444168,
    -0.889372418269));
#12630 = ADVANCED_FACE('',(#12631),#12648,.T.);
#12631 = FACE_BOUND('',#12632,.T.);
#12632 = EDGE_LOOP('',(#12633,#12641,#12647));
#12633 = ORIENTED_EDGE('',*,*,#12634,.T.);
#12634 = EDGE_CURVE('',#12580,#12635,#12637,.T.);
#12635 = VERTEX_POINT('',#12636);
#12636 = CARTESIAN_POINT('',(78.514343261719,-39.06708526611,
    222.31049311322));
#12637 = LINE('',#12638,#12639);
#12638 = CARTESIAN_POINT('',(78.3125,-39.10000228881,222.34212458295));
#12639 = VECTOR('',#12640,1.);
#12640 = DIRECTION('',(0.975363888357,0.159064389791,-0.152852233184));
#12641 = ORIENTED_EDGE('',*,*,#12642,.T.);
#12642 = EDGE_CURVE('',#12635,#12541,#12643,.T.);
#12643 = LINE('',#12644,#12645);
#12644 = CARTESIAN_POINT('',(78.514343261719,-39.06708526611,
    222.31049311322));
#12645 = VECTOR('',#12646,1.);
#12646 = DIRECTION('',(-0.703423764785,-0.483728344027,-0.520770483343)
  );
#12647 = ORIENTED_EDGE('',*,*,#12579,.F.);
#12648 = PLANE('',#12649);
#12649 = AXIS2_PLACEMENT_3D('',#12650,#12651,#12652);
#12650 = CARTESIAN_POINT('',(78.384306968209,-39.12507198856,
    222.26797799523));
#12651 = DIRECTION('',(-0.21475751972,0.843085940194,-0.493036819285));
#12652 = DIRECTION('',(-1.662945951316E-17,-0.504815477542,
    -0.863227278088));
#12653 = ADVANCED_FACE('',(#12654),#12671,.T.);
#12654 = FACE_BOUND('',#12655,.T.);
#12655 = EDGE_LOOP('',(#12656,#12664,#12670));
#12656 = ORIENTED_EDGE('',*,*,#12657,.T.);
#12657 = EDGE_CURVE('',#12580,#12658,#12660,.T.);
#12658 = VERTEX_POINT('',#12659);
#12659 = CARTESIAN_POINT('',(78.179023742676,-38.9467048645,
    222.64691889447));
#12660 = LINE('',#12661,#12662);
#12661 = CARTESIAN_POINT('',(78.3125,-39.10000228881,222.34212458295));
#12662 = VECTOR('',#12663,1.);
#12663 = DIRECTION('',(-0.364336387588,0.418440184956,0.831965629274));
#12664 = ORIENTED_EDGE('',*,*,#12665,.T.);
#12665 = EDGE_CURVE('',#12658,#12635,#12666,.T.);
#12666 = LINE('',#12667,#12668);
#12667 = CARTESIAN_POINT('',(78.179023742676,-38.9467048645,
    222.64691889447));
#12668 = VECTOR('',#12669,1.);
#12669 = DIRECTION('',(0.684307127413,-0.245667675591,-0.686564744611));
#12670 = ORIENTED_EDGE('',*,*,#12634,.F.);
#12671 = PLANE('',#12672);
#12672 = AXIS2_PLACEMENT_3D('',#12673,#12674,#12675);
#12673 = CARTESIAN_POINT('',(78.324900372799,-39.02748310244,
    222.45449561239));
#12674 = DIRECTION('',(-0.215856874336,0.831094553881,-0.512530635485));
#12675 = DIRECTION('',(-6.1208163546E-17,-0.524905269368,-0.851160653572
    ));
#12676 = ADVANCED_FACE('',(#12677),#12687,.T.);
#12677 = FACE_BOUND('',#12678,.T.);
#12678 = EDGE_LOOP('',(#12679,#12685,#12686));
#12679 = ORIENTED_EDGE('',*,*,#12680,.T.);
#12680 = EDGE_CURVE('',#11704,#12658,#12681,.T.);
#12681 = LINE('',#12682,#12683);
#12682 = CARTESIAN_POINT('',(67.997711181641,-39.13619613647,
    222.64738428754));
#12683 = VECTOR('',#12684,1.);
#12684 = DIRECTION('',(0.999826846731,1.860845149422E-02,
    -4.570260261494E-05));
#12685 = ORIENTED_EDGE('',*,*,#12657,.F.);
#12686 = ORIENTED_EDGE('',*,*,#12608,.F.);
#12687 = PLANE('',#12688);
#12688 = AXIS2_PLACEMENT_3D('',#12689,#12690,#12691);
#12689 = CARTESIAN_POINT('',(73.211907383387,-39.07903466709,
    222.56911360528));
#12690 = DIRECTION('',(-1.659097770957E-02,0.89031093908,-0.455050734768
    ));
#12691 = DIRECTION('',(-5.829287514354E-19,-0.455113376456,
    -0.890433498118));
#12692 = ADVANCED_FACE('',(#12693),#12710,.T.);
#12693 = FACE_BOUND('',#12694,.T.);
#12694 = EDGE_LOOP('',(#12695,#12703,#12709));
#12695 = ORIENTED_EDGE('',*,*,#12696,.T.);
#12696 = EDGE_CURVE('',#12541,#12697,#12699,.T.);
#12697 = VERTEX_POINT('',#12698);
#12698 = CARTESIAN_POINT('',(78.551147460938,-39.1520614624,
    222.16290247601));
#12699 = LINE('',#12700,#12701);
#12700 = CARTESIAN_POINT('',(78.314987182617,-39.20417785644,
    222.16290247601));
#12701 = VECTOR('',#12702,1.);
#12702 = DIRECTION('',(0.976504447107,0.215497250054,0.));
#12703 = ORIENTED_EDGE('',*,*,#12704,.T.);
#12704 = EDGE_CURVE('',#12697,#12174,#12705,.T.);
#12705 = LINE('',#12706,#12707);
#12706 = CARTESIAN_POINT('',(78.551147460938,-39.1520614624,
    222.16290247601));
#12707 = VECTOR('',#12708,1.);
#12708 = DIRECTION('',(-0.678187709402,-0.643274270026,-0.355330331296)
  );
#12709 = ORIENTED_EDGE('',*,*,#12564,.F.);
#12710 = PLANE('',#12711);
#12711 = AXIS2_PLACEMENT_3D('',#12712,#12713,#12714);
#12712 = CARTESIAN_POINT('',(78.403506343171,-39.24332004135,
    222.12066338965));
#12713 = DIRECTION('',(-0.127870811145,0.579433917169,-0.804925705448));
#12714 = DIRECTION('',(-2.36970845197E-17,0.811588168573,0.584229958692)
  );
#12715 = ADVANCED_FACE('',(#12716),#12726,.T.);
#12716 = FACE_BOUND('',#12717,.T.);
#12717 = EDGE_LOOP('',(#12718,#12724,#12725));
#12718 = ORIENTED_EDGE('',*,*,#12719,.T.);
#12719 = EDGE_CURVE('',#12697,#12034,#12720,.T.);
#12720 = LINE('',#12721,#12722);
#12721 = CARTESIAN_POINT('',(78.551147460938,-39.1520614624,
    222.16290247601));
#12722 = VECTOR('',#12723,1.);
#12723 = DIRECTION('',(0.323379838074,-0.742880252166,-0.586135147615));
#12724 = ORIENTED_EDGE('',*,*,#12173,.F.);
#12725 = ORIENTED_EDGE('',*,*,#12704,.F.);
#12726 = PLANE('',#12727);
#12727 = AXIS2_PLACEMENT_3D('',#12728,#12729,#12730);
#12728 = CARTESIAN_POINT('',(78.48334138038,-39.281747798,
    222.08031858895));
#12729 = DIRECTION('',(-0.127866220748,0.579430742705,-0.804928719825));
#12730 = DIRECTION('',(1.064049504389E-16,0.811590723604,0.584226409331)
  );
#12731 = ADVANCED_FACE('',(#12732),#12742,.T.);
#12732 = FACE_BOUND('',#12733,.T.);
#12733 = EDGE_LOOP('',(#12734,#12735,#12741));
#12734 = ORIENTED_EDGE('',*,*,#12642,.F.);
#12735 = ORIENTED_EDGE('',*,*,#12736,.T.);
#12736 = EDGE_CURVE('',#12635,#12697,#12737,.T.);
#12737 = LINE('',#12738,#12739);
#12738 = CARTESIAN_POINT('',(78.514343261719,-39.06708526611,
    222.31049311322));
#12739 = VECTOR('',#12740,1.);
#12740 = DIRECTION('',(0.211230790239,-0.487704921577,-0.847068747343));
#12741 = ORIENTED_EDGE('',*,*,#12696,.F.);
#12742 = PLANE('',#12743);
#12743 = AXIS2_PLACEMENT_3D('',#12744,#12745,#12746);
#12744 = CARTESIAN_POINT('',(78.45044044788,-39.1438306031,
    222.21118362725));
#12745 = DIRECTION('',(-0.183482382161,0.831432243804,-0.52445651812));
#12746 = DIRECTION('',(-7.05005585671E-17,-0.533513985898,
    -0.845791243068));
#12747 = ADVANCED_FACE('',(#12748),#12765,.T.);
#12748 = FACE_BOUND('',#12749,.T.);
#12749 = EDGE_LOOP('',(#12750,#12751,#12759));
#12750 = ORIENTED_EDGE('',*,*,#12103,.F.);
#12751 = ORIENTED_EDGE('',*,*,#12752,.T.);
#12752 = EDGE_CURVE('',#12080,#12753,#12755,.T.);
#12753 = VERTEX_POINT('',#12754);
#12754 = CARTESIAN_POINT('',(78.929244995118,-38.57510757446,
    222.16290247601));
#12755 = LINE('',#12756,#12757);
#12756 = CARTESIAN_POINT('',(79.038482666016,-38.87586212158,
    222.041267039));
#12757 = VECTOR('',#12758,1.);
#12758 = DIRECTION('',(-0.31911204043,0.878583334948,0.355329184284));
#12759 = ORIENTED_EDGE('',*,*,#12760,.F.);
#12760 = EDGE_CURVE('',#12104,#12753,#12761,.T.);
#12761 = LINE('',#12762,#12763);
#12762 = CARTESIAN_POINT('',(79.097373962402,-38.57510757446,
    222.041267039));
#12763 = VECTOR('',#12764,1.);
#12764 = DIRECTION('',(-0.810201006973,0.,0.586152137504));
#12765 = PLANE('',#12766);
#12766 = AXIS2_PLACEMENT_3D('',#12767,#12768,#12769);
#12767 = CARTESIAN_POINT('',(79.021086037815,-38.68904247847,
    222.08031832633));
#12768 = DIRECTION('',(-0.582329054536,0.114026914219,-0.804916601318));
#12769 = DIRECTION('',(0.810201006973,-1.091174713635E-17,
    -0.586152137504));
#12770 = ADVANCED_FACE('',(#12771),#12788,.T.);
#12771 = FACE_BOUND('',#12772,.T.);
#12772 = EDGE_LOOP('',(#12773,#12774,#12782));
#12773 = ORIENTED_EDGE('',*,*,#12752,.F.);
#12774 = ORIENTED_EDGE('',*,*,#12775,.T.);
#12775 = EDGE_CURVE('',#12080,#12776,#12778,.T.);
#12776 = VERTEX_POINT('',#12777);
#12777 = CARTESIAN_POINT('',(78.882766723633,-38.81244659423,
    222.16290247601));
#12778 = LINE('',#12779,#12780);
#12779 = CARTESIAN_POINT('',(79.038482666016,-38.87586212158,
    222.041267039));
#12780 = VECTOR('',#12781,1.);
#12781 = DIRECTION('',(-0.750369324093,0.305588918269,0.586141015875));
#12782 = ORIENTED_EDGE('',*,*,#12783,.F.);
#12783 = EDGE_CURVE('',#12753,#12776,#12784,.T.);
#12784 = LINE('',#12785,#12786);
#12785 = CARTESIAN_POINT('',(78.929244995117,-38.57510757446,
    222.16290247601));
#12786 = VECTOR('',#12787,1.);
#12787 = DIRECTION('',(-0.192180362877,-0.98135962222,-0.));
#12788 = PLANE('',#12789);
#12789 = AXIS2_PLACEMENT_3D('',#12790,#12791,#12792);
#12790 = CARTESIAN_POINT('',(78.953987899021,-38.74690470479,
    222.12066362832));
#12791 = DIRECTION('',(-0.582315569952,0.114035278208,-0.804925171874));
#12792 = DIRECTION('',(0.810210416718,1.866668873883E-18,-0.586139130789
    ));
#12793 = ADVANCED_FACE('',(#12794),#12811,.T.);
#12794 = FACE_BOUND('',#12795,.T.);
#12795 = EDGE_LOOP('',(#12796,#12797,#12805));
#12796 = ORIENTED_EDGE('',*,*,#12783,.T.);
#12797 = ORIENTED_EDGE('',*,*,#12798,.T.);
#12798 = EDGE_CURVE('',#12776,#12799,#12801,.T.);
#12799 = VERTEX_POINT('',#12800);
#12800 = CARTESIAN_POINT('',(78.825035095215,-38.57510757446,
    222.34212458295));
#12801 = LINE('',#12802,#12803);
#12802 = CARTESIAN_POINT('',(78.882766723633,-38.81244659423,
    222.16290247601));
#12803 = VECTOR('',#12804,1.);
#12804 = DIRECTION('',(-0.19056008523,0.783406688432,0.591574859538));
#12805 = ORIENTED_EDGE('',*,*,#12806,.F.);
#12806 = EDGE_CURVE('',#12753,#12799,#12807,.T.);
#12807 = LINE('',#12808,#12809);
#12808 = CARTESIAN_POINT('',(78.929244995117,-38.57510757446,
    222.16290247601));
#12809 = VECTOR('',#12810,1.);
#12810 = DIRECTION('',(-0.502660113491,0.,0.864484129586));
#12811 = PLANE('',#12812);
#12812 = AXIS2_PLACEMENT_3D('',#12813,#12814,#12815);
#12813 = CARTESIAN_POINT('',(78.877061123867,-38.66106669963,
    222.22369880365));
#12814 = DIRECTION('',(-0.852356162453,0.166917522274,-0.495608225403));
#12815 = DIRECTION('',(-0.502660113491,-2.137000119156E-17,
    0.864484129586));
#12816 = ADVANCED_FACE('',(#12817),#12834,.T.);
#12817 = FACE_BOUND('',#12818,.T.);
#12818 = EDGE_LOOP('',(#12819,#12827,#12833));
#12819 = ORIENTED_EDGE('',*,*,#12820,.T.);
#12820 = EDGE_CURVE('',#12776,#12821,#12823,.T.);
#12821 = VERTEX_POINT('',#12822);
#12822 = CARTESIAN_POINT('',(78.797721862793,-38.77551651001,
    222.31071436566));
#12823 = LINE('',#12824,#12825);
#12824 = CARTESIAN_POINT('',(78.882766723633,-38.81244659423,
    222.16290247601));
#12825 = VECTOR('',#12826,1.);
#12826 = DIRECTION('',(-0.487406605812,0.211652612849,0.847135155737));
#12827 = ORIENTED_EDGE('',*,*,#12828,.T.);
#12828 = EDGE_CURVE('',#12821,#12799,#12829,.T.);
#12829 = LINE('',#12830,#12831);
#12830 = CARTESIAN_POINT('',(78.797721862793,-38.77551651001,
    222.31071436566));
#12831 = VECTOR('',#12832,1.);
#12832 = DIRECTION('',(0.13343967498,0.979104296753,0.153455626227));
#12833 = ORIENTED_EDGE('',*,*,#12798,.F.);
#12834 = PLANE('',#12835);
#12835 = AXIS2_PLACEMENT_3D('',#12836,#12837,#12838);
#12836 = CARTESIAN_POINT('',(78.837647930157,-38.71386800974,
    222.27067319212));
#12837 = DIRECTION('',(-0.828224827815,0.195206955956,-0.525297895425));
#12838 = DIRECTION('',(-0.535601762901,2.26151944225E-18,0.844470693143)
  );
#12839 = ADVANCED_FACE('',(#12840),#12857,.T.);
#12840 = FACE_BOUND('',#12841,.T.);
#12841 = EDGE_LOOP('',(#12842,#12850,#12856));
#12842 = ORIENTED_EDGE('',*,*,#12843,.T.);
#12843 = EDGE_CURVE('',#12821,#12844,#12846,.T.);
#12844 = VERTEX_POINT('',#12845);
#12845 = CARTESIAN_POINT('',(78.681449890137,-38.6639175415,
    222.57833826703));
#12846 = LINE('',#12847,#12848);
#12847 = CARTESIAN_POINT('',(78.797721862793,-38.77551651001,
    222.31071436566));
#12848 = VECTOR('',#12849,1.);
#12849 = DIRECTION('',(-0.37218503896,0.357226814789,0.85666055096));
#12850 = ORIENTED_EDGE('',*,*,#12851,.T.);
#12851 = EDGE_CURVE('',#12844,#12799,#12852,.T.);
#12852 = LINE('',#12853,#12854);
#12853 = CARTESIAN_POINT('',(78.681449890137,-38.6639175415,
    222.57833826703));
#12854 = VECTOR('',#12855,1.);
#12855 = DIRECTION('',(0.494531292906,0.30587627604,-0.813559158324));
#12856 = ORIENTED_EDGE('',*,*,#12828,.F.);
#12857 = PLANE('',#12858);
#12858 = AXIS2_PLACEMENT_3D('',#12859,#12860,#12861);
#12859 = CARTESIAN_POINT('',(78.762696180406,-38.67242775106,
    222.42023348429));
#12860 = DIRECTION('',(-0.869032477562,0.190033429685,-0.456803949791));
#12861 = DIRECTION('',(-0.46528250428,-9.297636847277E-18,0.88516224005)
  );
#12862 = ADVANCED_FACE('',(#12863),#12880,.T.);
#12863 = FACE_BOUND('',#12864,.T.);
#12864 = EDGE_LOOP('',(#12865,#12866,#12874));
#12865 = ORIENTED_EDGE('',*,*,#12851,.F.);
#12866 = ORIENTED_EDGE('',*,*,#12867,.T.);
#12867 = EDGE_CURVE('',#12844,#12868,#12870,.T.);
#12868 = VERTEX_POINT('',#12869);
#12869 = CARTESIAN_POINT('',(78.668601989746,-38.44535064697,
    222.64692652387));
#12870 = LINE('',#12871,#12872);
#12871 = CARTESIAN_POINT('',(78.681449890137,-38.6639175415,
    222.57833826703));
#12872 = VECTOR('',#12873,1.);
#12873 = DIRECTION('',(-5.599773844992E-02,0.952626609925,0.298942796119
    ));
#12874 = ORIENTED_EDGE('',*,*,#12875,.F.);
#12875 = EDGE_CURVE('',#12799,#12868,#12876,.T.);
#12876 = LINE('',#12877,#12878);
#12877 = CARTESIAN_POINT('',(78.825035095215,-38.57510757446,
    222.34212458295));
#12878 = VECTOR('',#12879,1.);
#12879 = DIRECTION('',(-0.427004395682,0.35418831738,0.831996323249));
#12880 = PLANE('',#12881);
#12881 = AXIS2_PLACEMENT_3D('',#12882,#12883,#12884);
#12882 = CARTESIAN_POINT('',(78.730334948874,-38.55753370101,
    222.51386894661));
#12883 = DIRECTION('',(-0.866639478089,0.10230056247,-0.488334526669));
#12884 = DIRECTION('',(-0.490910069283,1.052035959076E-17,0.871210252394
    ));
#12885 = ADVANCED_FACE('',(#12886),#12901,.T.);
#12886 = FACE_BOUND('',#12887,.T.);
#12887 = EDGE_LOOP('',(#12888,#12894,#12895));
#12888 = ORIENTED_EDGE('',*,*,#12889,.T.);
#12889 = EDGE_CURVE('',#11782,#12266,#12890,.T.);
#12890 = LINE('',#12891,#12892);
#12891 = CARTESIAN_POINT('',(57.085762023926,-39.05320739746,
    222.16290247601));
#12892 = VECTOR('',#12893,1.);
#12893 = DIRECTION('',(-0.770362197539,-0.250972489334,-0.586135559577)
  );
#12894 = ORIENTED_EDGE('',*,*,#12442,.F.);
#12895 = ORIENTED_EDGE('',*,*,#12896,.F.);
#12896 = EDGE_CURVE('',#11782,#12443,#12897,.T.);
#12897 = LINE('',#12898,#12899);
#12898 = CARTESIAN_POINT('',(57.085762023926,-39.05320739746,
    222.16290247601));
#12899 = VECTOR('',#12900,1.);
#12900 = DIRECTION('',(-0.654854795825,0.641165457211,-0.400090055943));
#12901 = PLANE('',#12902);
#12902 = AXIS2_PLACEMENT_3D('',#12903,#12904,#12905);
#12903 = CARTESIAN_POINT('',(56.965312966904,-38.99794555835,
    222.08211383762));
#12904 = DIRECTION('',(0.5836126466,9.267212182395E-02,-0.806726816565)
  );
#12905 = DIRECTION('',(0.810213424494,-3.775876864389E-18,0.586134973167
    ));
#12906 = ADVANCED_FACE('',(#12907),#12917,.T.);
#12907 = FACE_BOUND('',#12908,.T.);
#12908 = EDGE_LOOP('',(#12909,#12910,#12911));
#12909 = ORIENTED_EDGE('',*,*,#11789,.T.);
#12910 = ORIENTED_EDGE('',*,*,#12896,.T.);
#12911 = ORIENTED_EDGE('',*,*,#12912,.F.);
#12912 = EDGE_CURVE('',#11759,#12443,#12913,.T.);
#12913 = LINE('',#12914,#12915);
#12914 = CARTESIAN_POINT('',(57.054809570313,-38.85828018188,
    222.16290247601));
#12915 = VECTOR('',#12916,1.);
#12916 = DIRECTION('',(-0.810213638086,0.,-0.58613467792));
#12917 = PLANE('',#12918);
#12918 = AXIS2_PLACEMENT_3D('',#12919,#12920,#12921);
#12919 = CARTESIAN_POINT('',(57.005092737535,-38.92721301466,
    222.11901714865));
#12920 = DIRECTION('',(0.58361237604,9.26716925809E-02,-0.806727061606)
  );
#12921 = DIRECTION('',(0.810213638086,1.059063634131E-16,0.58613467792)
  );
#12922 = ADVANCED_FACE('',(#12923),#12938,.T.);
#12923 = FACE_BOUND('',#12924,.T.);
#12924 = EDGE_LOOP('',(#12925,#12931,#12937));
#12925 = ORIENTED_EDGE('',*,*,#12926,.T.);
#12926 = EDGE_CURVE('',#11749,#10846,#12927,.T.);
#12927 = LINE('',#12928,#12929);
#12928 = CARTESIAN_POINT('',(57.15901184082,-38.85828018188,
    222.34212458295));
#12929 = VECTOR('',#12930,1.);
#12930 = DIRECTION('',(0.42549804083,0.362871701536,0.829020835368));
#12931 = ORIENTED_EDGE('',*,*,#12932,.T.);
#12932 = EDGE_CURVE('',#10846,#11751,#12933,.T.);
#12933 = LINE('',#12934,#12935);
#12934 = CARTESIAN_POINT('',(57.315452575684,-38.72486495971,
    222.64692652387));
#12935 = VECTOR('',#12936,1.);
#12936 = DIRECTION('',(-0.257059074142,-0.685247145696,-0.68143743786));
#12937 = ORIENTED_EDGE('',*,*,#11748,.F.);
#12938 = PLANE('',#12939);
#12939 = AXIS2_PLACEMENT_3D('',#12940,#12941,#12942);
#12940 = CARTESIAN_POINT('',(57.231424887127,-38.87248634352,
    222.45377400633));
#12941 = DIRECTION('',(0.833501584701,0.199647063547,-0.515185557171));
#12942 = DIRECTION('',(-0.525770433923,3.454363336511E-17,
    -0.850626504885));
#12943 = ADVANCED_FACE('',(#12944),#12959,.T.);
#12944 = FACE_BOUND('',#12945,.T.);
#12945 = EDGE_LOOP('',(#12946,#12952,#12953));
#12946 = ORIENTED_EDGE('',*,*,#12947,.T.);
#12947 = EDGE_CURVE('',#11266,#10846,#12948,.T.);
#12948 = LINE('',#12949,#12950);
#12949 = CARTESIAN_POINT('',(57.315444946289,38.724784851074,
    222.64691889447));
#12950 = VECTOR('',#12951,1.);
#12951 = DIRECTION('',(9.850779894E-08,-1.,9.850779894E-08));
#12952 = ORIENTED_EDGE('',*,*,#12926,.F.);
#12953 = ORIENTED_EDGE('',*,*,#12954,.F.);
#12954 = EDGE_CURVE('',#11266,#11749,#12955,.T.);
#12955 = LINE('',#12956,#12957);
#12956 = CARTESIAN_POINT('',(57.315444946289,38.724784851074,
    222.64691889447));
#12957 = VECTOR('',#12958,1.);
#12958 = DIRECTION('',(-2.016310907931E-03,-0.999990250324,
    -3.928580802372E-03));
#12959 = PLANE('',#12960);
#12960 = AXIS2_PLACEMENT_3D('',#12961,#12962,#12963);
#12961 = CARTESIAN_POINT('',(57.276212287844,-0.1251209929,
    222.57047615886));
#12962 = DIRECTION('',(0.889660906892,4.2657729E-08,-0.456621802753));
#12963 = DIRECTION('',(-0.456621802753,-1.356166766084E-24,
    -0.889660906892));
#12964 = ADVANCED_FACE('',(#12965),#12991,.T.);
#12965 = FACE_BOUND('',#12966,.T.);
#12966 = EDGE_LOOP('',(#12967,#12977,#12985));
#12967 = ORIENTED_EDGE('',*,*,#12968,.T.);
#12968 = EDGE_CURVE('',#12969,#12971,#12973,.T.);
#12969 = VERTEX_POINT('',#12970);
#12970 = CARTESIAN_POINT('',(78.312507629395,39.100017547607,
    222.34212458295));
#12971 = VERTEX_POINT('',#12972);
#12972 = CARTESIAN_POINT('',(68.018608093262,39.397003173828,
    222.16290247601));
#12973 = LINE('',#12974,#12975);
#12974 = CARTESIAN_POINT('',(78.312507629395,39.100017547607,
    222.34212458295));
#12975 = VECTOR('',#12976,1.);
#12976 = DIRECTION('',(-0.999432740183,2.883427773575E-02,
    -1.740064013694E-02));
#12977 = ORIENTED_EDGE('',*,*,#12978,.T.);
#12978 = EDGE_CURVE('',#12971,#12979,#12981,.T.);
#12979 = VERTEX_POINT('',#12980);
#12980 = CARTESIAN_POINT('',(78.314987182618,39.204193115234,
    222.16290247601));
#12981 = LINE('',#12982,#12983);
#12982 = CARTESIAN_POINT('',(68.018608093262,39.397003173828,
    222.16290247601));
#12983 = VECTOR('',#12984,1.);
#12984 = DIRECTION('',(0.999824714444,-1.87227237947E-02,0.));
#12985 = ORIENTED_EDGE('',*,*,#12986,.T.);
#12986 = EDGE_CURVE('',#12979,#12969,#12987,.T.);
#12987 = LINE('',#12988,#12989);
#12988 = CARTESIAN_POINT('',(78.314987182617,39.204193115234,
    222.16290247601));
#12989 = VECTOR('',#12990,1.);
#12990 = DIRECTION('',(-1.196035208218E-02,-0.502500392327,0.8644942485)
  );
#12991 = PLANE('',#12992);
#12992 = AXIS2_PLACEMENT_3D('',#12993,#12994,#12995);
#12993 = CARTESIAN_POINT('',(73.217470804271,39.273332156704,
    222.20815782383));
#12994 = DIRECTION('',(-1.618573966403E-02,-0.864345525529,
    -0.502637875941));
#12995 = DIRECTION('',(2.042703719065E-18,-0.502703728955,0.864458767608
    ));
#12996 = ADVANCED_FACE('',(#12997),#13014,.T.);
#12997 = FACE_BOUND('',#12998,.T.);
#12998 = EDGE_LOOP('',(#12999,#13007,#13013));
#12999 = ORIENTED_EDGE('',*,*,#13000,.T.);
#13000 = EDGE_CURVE('',#12979,#13001,#13003,.T.);
#13001 = VERTEX_POINT('',#13002);
#13002 = CARTESIAN_POINT('',(78.505813598633,39.169757843018,
    222.16290247601));
#13003 = LINE('',#13004,#13005);
#13004 = CARTESIAN_POINT('',(78.314987182617,39.204193115234,
    222.16290247601));
#13005 = VECTOR('',#13006,1.);
#13006 = DIRECTION('',(0.984105437831,-0.177585154872,0.));
#13007 = ORIENTED_EDGE('',*,*,#13008,.T.);
#13008 = EDGE_CURVE('',#13001,#12969,#13009,.T.);
#13009 = LINE('',#13010,#13011);
#13010 = CARTESIAN_POINT('',(78.505813598633,39.169757843018,
    222.16290247601));
#13011 = VECTOR('',#13012,1.);
#13012 = DIRECTION('',(-0.708925315236,-0.255763756821,0.657274522643));
#13013 = ORIENTED_EDGE('',*,*,#12986,.F.);
#13014 = PLANE('',#13015);
#13015 = AXIS2_PLACEMENT_3D('',#13016,#13017,#13018);
#13016 = CARTESIAN_POINT('',(78.380164918315,39.15517227409,
    222.22672868262));
#13017 = DIRECTION('',(-0.153984072343,-0.853317739548,-0.498134259851)
  );
#13018 = DIRECTION('',(7.812071285334E-17,-0.504147055411,0.863617824342
    ));
#13019 = ADVANCED_FACE('',(#13020),#13037,.T.);
#13020 = FACE_BOUND('',#13021,.T.);
#13021 = EDGE_LOOP('',(#13022,#13030,#13036));
#13022 = ORIENTED_EDGE('',*,*,#13023,.T.);
#13023 = EDGE_CURVE('',#12969,#13024,#13026,.T.);
#13024 = VERTEX_POINT('',#13025);
#13025 = CARTESIAN_POINT('',(68.578979492188,39.28498840332,
    222.34212458295));
#13026 = LINE('',#13027,#13028);
#13027 = CARTESIAN_POINT('',(78.312507629395,39.100017547607,
    222.34212458295));
#13028 = VECTOR('',#13029,1.);
#13029 = DIRECTION('',(-0.999819482866,1.900004424883E-02,0.));
#13030 = ORIENTED_EDGE('',*,*,#13031,.T.);
#13031 = EDGE_CURVE('',#13024,#12971,#13032,.T.);
#13032 = LINE('',#13033,#13034);
#13033 = CARTESIAN_POINT('',(68.578979492188,39.28498840332,
    222.34212458295));
#13034 = VECTOR('',#13035,1.);
#13035 = DIRECTION('',(-0.935664113136,0.187033458714,-0.299250986149));
#13036 = ORIENTED_EDGE('',*,*,#12968,.F.);
#13037 = PLANE('',#13038);
#13038 = AXIS2_PLACEMENT_3D('',#13039,#13040,#13041);
#13039 = CARTESIAN_POINT('',(73.156493739266,39.224769941396,
    222.29479288158));
#13040 = DIRECTION('',(-1.65388340021E-02,-0.870305786799,
    -0.492233993579));
#13041 = DIRECTION('',(-3.664084419135E-19,-0.492301328521,
    0.870424839913));
#13042 = ADVANCED_FACE('',(#13043),#13060,.T.);
#13043 = FACE_BOUND('',#13044,.T.);
#13044 = EDGE_LOOP('',(#13045,#13053,#13054));
#13045 = ORIENTED_EDGE('',*,*,#13046,.T.);
#13046 = EDGE_CURVE('',#13047,#13024,#13049,.T.);
#13047 = VERTEX_POINT('',#13048);
#13048 = CARTESIAN_POINT('',(68.036277770996,39.292549133301,
    222.34212458295));
#13049 = LINE('',#13050,#13051);
#13050 = CARTESIAN_POINT('',(68.036277770996,39.292549133301,
    222.34212458295));
#13051 = VECTOR('',#13052,1.);
#13052 = DIRECTION('',(0.9999029687,-1.393029735822E-02,0.));
#13053 = ORIENTED_EDGE('',*,*,#13023,.F.);
#13054 = ORIENTED_EDGE('',*,*,#13055,.T.);
#13055 = EDGE_CURVE('',#12969,#13047,#13056,.T.);
#13056 = LINE('',#13057,#13058);
#13057 = CARTESIAN_POINT('',(78.312507629395,39.100017547607,
    222.34212458295));
#13058 = VECTOR('',#13059,1.);
#13059 = DIRECTION('',(-0.999824534377,1.87323372162E-02,0.));
#13060 = PLANE('',#13061);
#13061 = AXIS2_PLACEMENT_3D('',#13062,#13063,#13064);
#13062 = CARTESIAN_POINT('',(73.174403430071,39.196934921077,
    222.34212458295));
#13063 = DIRECTION('',(0.,0.,-1.));
#13064 = DIRECTION('',(0.,1.,0.));
#13065 = ADVANCED_FACE('',(#13066),#13083,.T.);
#13066 = FACE_BOUND('',#13067,.T.);
#13067 = EDGE_LOOP('',(#13068,#13076,#13082));
#13068 = ORIENTED_EDGE('',*,*,#13069,.T.);
#13069 = EDGE_CURVE('',#12969,#13070,#13072,.T.);
#13070 = VERTEX_POINT('',#13071);
#13071 = CARTESIAN_POINT('',(78.179023742676,38.946720123291,
    222.64692652387));
#13072 = LINE('',#13073,#13074);
#13073 = CARTESIAN_POINT('',(78.312507629395,39.100017547607,
    222.34212458295));
#13074 = VECTOR('',#13075,1.);
#13075 = DIRECTION('',(-0.364348135639,-0.418429760482,0.831965727419));
#13076 = ORIENTED_EDGE('',*,*,#13077,.T.);
#13077 = EDGE_CURVE('',#13070,#13047,#13078,.T.);
#13078 = LINE('',#13079,#13080);
#13079 = CARTESIAN_POINT('',(78.179023742676,38.946720123291,
    222.64692652387));
#13080 = VECTOR('',#13081,1.);
#13081 = DIRECTION('',(-0.998968784104,3.406103106613E-02,
    -3.002023566019E-02));
#13082 = ORIENTED_EDGE('',*,*,#13055,.F.);
#13083 = PLANE('',#13084);
#13084 = AXIS2_PLACEMENT_3D('',#13085,#13086,#13087);
#13085 = CARTESIAN_POINT('',(73.231145413966,39.155818094896,
    222.41921007135));
#13086 = DIRECTION('',(-1.668029236033E-02,-0.890298169948,
    -0.455072451851));
#13087 = DIRECTION('',(7.757660624304E-19,-0.455135772959,0.890422050588
    ));
#13088 = ADVANCED_FACE('',(#13089),#13106,.T.);
#13089 = FACE_BOUND('',#13090,.T.);
#13090 = EDGE_LOOP('',(#13091,#13099,#13105));
#13091 = ORIENTED_EDGE('',*,*,#13092,.T.);
#13092 = EDGE_CURVE('',#13001,#13093,#13095,.T.);
#13093 = VERTEX_POINT('',#13094);
#13094 = CARTESIAN_POINT('',(78.512214660645,39.067928314209,
    222.31071436566));
#13095 = LINE('',#13096,#13097);
#13096 = CARTESIAN_POINT('',(78.505813598633,39.169757843018,
    222.16290247601));
#13097 = VECTOR('',#13098,1.);
#13098 = DIRECTION('',(3.563931950354E-02,-0.566958280588,0.82297518005)
  );
#13099 = ORIENTED_EDGE('',*,*,#13100,.T.);
#13100 = EDGE_CURVE('',#13093,#12969,#13101,.T.);
#13101 = LINE('',#13102,#13103);
#13102 = CARTESIAN_POINT('',(78.512214660645,39.067928314209,
    222.31071436566));
#13103 = VECTOR('',#13104,1.);
#13104 = DIRECTION('',(-0.975641784552,0.156767624764,0.153450383061));
#13105 = ORIENTED_EDGE('',*,*,#13008,.F.);
#13106 = PLANE('',#13107);
#13107 = AXIS2_PLACEMENT_3D('',#13108,#13109,#13110);
#13108 = CARTESIAN_POINT('',(78.437456223519,39.114637870091,
    222.27124680961));
#13109 = DIRECTION('',(-0.216016578878,-0.808400644746,-0.54756299658));
#13110 = DIRECTION('',(1.097202227879E-17,-0.560803743684,0.827948767177
    ));
#13111 = ADVANCED_FACE('',(#13112),#13129,.T.);
#13112 = FACE_BOUND('',#13113,.T.);
#13113 = EDGE_LOOP('',(#13114,#13122,#13128));
#13114 = ORIENTED_EDGE('',*,*,#13115,.T.);
#13115 = EDGE_CURVE('',#13093,#13116,#13118,.T.);
#13116 = VERTEX_POINT('',#13117);
#13117 = CARTESIAN_POINT('',(78.397850036622,38.954364776611,
    222.57834589642));
#13118 = LINE('',#13119,#13120);
#13119 = CARTESIAN_POINT('',(78.512214660645,39.067928314209,
    222.31071436566));
#13120 = VECTOR('',#13121,1.);
#13121 = DIRECTION('',(-0.366067401462,-0.363503220198,0.856656329278));
#13122 = ORIENTED_EDGE('',*,*,#13123,.T.);
#13123 = EDGE_CURVE('',#13116,#12969,#13124,.T.);
#13124 = LINE('',#13125,#13126);
#13125 = CARTESIAN_POINT('',(78.397850036621,38.954364776611,
    222.57834589642));
#13126 = VECTOR('',#13127,1.);
#13127 = DIRECTION('',(-0.293937365615,0.501659060161,-0.813596344912));
#13128 = ORIENTED_EDGE('',*,*,#13100,.F.);
#13129 = PLANE('',#13130);
#13130 = AXIS2_PLACEMENT_3D('',#13131,#13132,#13133);
#13131 = CARTESIAN_POINT('',(78.408309684091,39.035377763386,
    222.42023564076));
#13132 = DIRECTION('',(-0.210713881533,-0.864266375283,-0.456774881846)
  );
#13133 = DIRECTION('',(2.364624358539E-17,-0.467266042317,0.884116760218
    ));
#13134 = ADVANCED_FACE('',(#13135),#13145,.T.);
#13135 = FACE_BOUND('',#13136,.T.);
#13136 = EDGE_LOOP('',(#13137,#13138,#13144));
#13137 = ORIENTED_EDGE('',*,*,#13123,.F.);
#13138 = ORIENTED_EDGE('',*,*,#13139,.T.);
#13139 = EDGE_CURVE('',#13116,#13070,#13140,.T.);
#13140 = LINE('',#13141,#13142);
#13141 = CARTESIAN_POINT('',(78.397850036621,38.954364776611,
    222.57834589642));
#13142 = VECTOR('',#13143,1.);
#13143 = DIRECTION('',(-0.953704801265,-3.331748869911E-02,
    0.298893119677));
#13144 = ORIENTED_EDGE('',*,*,#13069,.F.);
#13145 = PLANE('',#13146);
#13146 = AXIS2_PLACEMENT_3D('',#13147,#13148,#13149);
#13147 = CARTESIAN_POINT('',(78.292662817571,39.005764528009,
    222.51387253085));
#13148 = DIRECTION('',(-0.122861115188,-0.863967044344,-0.488329901462)
  );
#13149 = DIRECTION('',(2.344336895967E-17,-0.492057793132,0.870562535501
    ));
#13150 = ADVANCED_FACE('',(#13151),#13168,.T.);
#13151 = FACE_BOUND('',#13152,.T.);
#13152 = EDGE_LOOP('',(#13153,#13154,#13162));
#13153 = ORIENTED_EDGE('',*,*,#12978,.F.);
#13154 = ORIENTED_EDGE('',*,*,#13155,.T.);
#13155 = EDGE_CURVE('',#12971,#13156,#13158,.T.);
#13156 = VERTEX_POINT('',#13157);
#13157 = CARTESIAN_POINT('',(68.01237487793,39.565048217773,
    222.04135859174));
#13158 = LINE('',#13159,#13160);
#13159 = CARTESIAN_POINT('',(68.018608093262,39.397003173828,
    222.16290247601));
#13160 = VECTOR('',#13161,1.);
#13161 = DIRECTION('',(-3.00414564917E-02,0.809905900473,-0.585790016364
    ));
#13162 = ORIENTED_EDGE('',*,*,#13163,.F.);
#13163 = EDGE_CURVE('',#12979,#13156,#13164,.T.);
#13164 = LINE('',#13165,#13166);
#13165 = CARTESIAN_POINT('',(78.314987182617,39.204193115234,
    222.16290247601));
#13166 = VECTOR('',#13167,1.);
#13167 = DIRECTION('',(-0.999317713688,3.500169523781E-02,
    -1.178933584578E-02));
#13168 = PLANE('',#13169);
#13169 = AXIS2_PLACEMENT_3D('',#13170,#13171,#13172);
#13170 = CARTESIAN_POINT('',(73.113905781055,39.344012273367,
    222.13219688511));
#13171 = DIRECTION('',(-1.097880539953E-02,-0.586286541098,
    -0.810029355986));
#13172 = DIRECTION('',(1.221726421193E-18,0.810078178507,-0.586321878073
    ));
#13173 = ADVANCED_FACE('',(#13174),#13191,.T.);
#13174 = FACE_BOUND('',#13175,.T.);
#13175 = EDGE_LOOP('',(#13176,#13177,#13185));
#13176 = ORIENTED_EDGE('',*,*,#13163,.T.);
#13177 = ORIENTED_EDGE('',*,*,#13178,.F.);
#13178 = EDGE_CURVE('',#13179,#13156,#13181,.T.);
#13179 = VERTEX_POINT('',#13180);
#13180 = CARTESIAN_POINT('',(78.318992614746,39.37228012085,
    222.041267039));
#13181 = LINE('',#13182,#13183);
#13182 = CARTESIAN_POINT('',(78.318992614746,39.37228012085,
    222.041267039));
#13183 = VECTOR('',#13184,1.);
#13184 = DIRECTION('',(-0.999825138516,1.870006185635E-02,
    8.88135445258E-06));
#13185 = ORIENTED_EDGE('',*,*,#13186,.T.);
#13186 = EDGE_CURVE('',#13179,#12979,#13187,.T.);
#13187 = LINE('',#13188,#13189);
#13188 = CARTESIAN_POINT('',(78.318992614746,39.37228012085,
    222.041267039));
#13189 = VECTOR('',#13190,1.);
#13190 = DIRECTION('',(-1.930144624425E-02,-0.809980596058,
    0.586138966614));
#13191 = PLANE('',#13192);
#13192 = AXIS2_PLACEMENT_3D('',#13193,#13194,#13195);
#13193 = CARTESIAN_POINT('',(73.21602329818,39.425260777683,
    222.07202602267));
#13194 = DIRECTION('',(-1.096812340671E-02,-0.586041364671,
    -0.810206898986));
#13195 = DIRECTION('',(6.479994906144E-19,0.810255637219,-0.586076618161
    ));
#13196 = ADVANCED_FACE('',(#13197),#13223,.T.);
#13197 = FACE_BOUND('',#13198,.T.);
#13198 = EDGE_LOOP('',(#13199,#13209,#13217));
#13199 = ORIENTED_EDGE('',*,*,#13200,.T.);
#13200 = EDGE_CURVE('',#13201,#13203,#13205,.T.);
#13201 = VERTEX_POINT('',#13202);
#13202 = CARTESIAN_POINT('',(78.825035095215,38.575126647949,
    222.34212458295));
#13203 = VERTEX_POINT('',#13204);
#13204 = CARTESIAN_POINT('',(78.796943664551,38.777690887451,
    222.31049311322));
#13205 = LINE('',#13206,#13207);
#13206 = CARTESIAN_POINT('',(78.825035095215,38.575126647949,
    222.34212458295));
#13207 = VECTOR('',#13208,1.);
#13208 = DIRECTION('',(-0.135750250761,0.978880237051,-0.152857289423));
#13209 = ORIENTED_EDGE('',*,*,#13210,.T.);
#13210 = EDGE_CURVE('',#13203,#13211,#13213,.T.);
#13211 = VERTEX_POINT('',#13212);
#13212 = CARTESIAN_POINT('',(78.929244995118,38.575126647949,
    222.16290247601));
#13213 = LINE('',#13214,#13215);
#13214 = CARTESIAN_POINT('',(78.796943664551,38.777690887451,
    222.31049311322));
#13215 = VECTOR('',#13216,1.);
#13216 = DIRECTION('',(0.466826294929,-0.714749526759,-0.520774734756));
#13217 = ORIENTED_EDGE('',*,*,#13218,.F.);
#13218 = EDGE_CURVE('',#13201,#13211,#13219,.T.);
#13219 = LINE('',#13220,#13221);
#13220 = CARTESIAN_POINT('',(78.825035095215,38.575126647949,
    222.34212458295));
#13221 = VECTOR('',#13222,1.);
#13222 = DIRECTION('',(0.502660113491,0.,-0.864484129586));
#13223 = PLANE('',#13224);
#13224 = AXIS2_PLACEMENT_3D('',#13225,#13226,#13227);
#13225 = CARTESIAN_POINT('',(78.851813138513,38.64631163389,
    222.26797747487));
#13226 = DIRECTION('',(-0.847959750394,-0.194586956433,-0.493051902032)
  );
#13227 = DIRECTION('',(-0.502660113491,7.606920120773E-19,0.864484129586
    ));
#13228 = ADVANCED_FACE('',(#13229),#13246,.T.);
#13229 = FACE_BOUND('',#13230,.T.);
#13230 = EDGE_LOOP('',(#13231,#13232,#13240));
#13231 = ORIENTED_EDGE('',*,*,#13210,.F.);
#13232 = ORIENTED_EDGE('',*,*,#13233,.T.);
#13233 = EDGE_CURVE('',#13203,#13234,#13236,.T.);
#13234 = VERTEX_POINT('',#13235);
#13235 = CARTESIAN_POINT('',(78.899368286133,38.766719818115,
    222.16290247601));
#13236 = LINE('',#13237,#13238);
#13237 = CARTESIAN_POINT('',(78.796943664551,38.777690887451,
    222.31049311322));
#13238 = VECTOR('',#13239,1.);
#13239 = DIRECTION('',(0.569076932804,-6.095587555847E-02,-0.8200218447)
  );
#13240 = ORIENTED_EDGE('',*,*,#13241,.F.);
#13241 = EDGE_CURVE('',#13211,#13234,#13242,.T.);
#13242 = LINE('',#13243,#13244);
#13243 = CARTESIAN_POINT('',(78.929244995117,38.575126647949,
    222.16290247601));
#13244 = VECTOR('',#13245,1.);
#13245 = DIRECTION('',(-0.154076213485,0.988058966073,0.));
#13246 = PLANE('',#13247);
#13247 = AXIS2_PLACEMENT_3D('',#13248,#13249,#13250);
#13248 = CARTESIAN_POINT('',(78.874111926428,38.701021852394,
    222.21492754348));
#13249 = DIRECTION('',(-0.819240813318,-0.127751001491,-0.559038613525)
  );
#13250 = DIRECTION('',(-0.563657066085,-1.042058078224E-17,
    0.826008905432));
#13251 = ADVANCED_FACE('',(#13252),#13269,.T.);
#13252 = FACE_BOUND('',#13253,.T.);
#13253 = EDGE_LOOP('',(#13254,#13262,#13268));
#13254 = ORIENTED_EDGE('',*,*,#13255,.T.);
#13255 = EDGE_CURVE('',#10587,#13256,#13258,.T.);
#13256 = VERTEX_POINT('',#13257);
#13257 = CARTESIAN_POINT('',(79.059516906739,38.81791305542,
    222.041267039));
#13258 = LINE('',#13259,#13260);
#13259 = CARTESIAN_POINT('',(79.299995422363,38.575126647949,
    221.99837458295));
#13260 = VECTOR('',#13261,1.);
#13261 = DIRECTION('',(-0.698243054429,0.704944149732,0.124540686929));
#13262 = ORIENTED_EDGE('',*,*,#13263,.T.);
#13263 = EDGE_CURVE('',#13256,#10595,#13264,.T.);
#13264 = LINE('',#13265,#13266);
#13265 = CARTESIAN_POINT('',(79.059516906738,38.81791305542,
    222.041267039));
#13266 = VECTOR('',#13267,1.);
#13267 = DIRECTION('',(0.772524113224,0.603453179353,-0.197612638299));
#13268 = ORIENTED_EDGE('',*,*,#10594,.F.);
#13269 = PLANE('',#13270);
#13270 = AXIS2_PLACEMENT_3D('',#13271,#13272,#13273);
#13271 = CARTESIAN_POINT('',(79.205253263034,38.766036513048,
    222.01115374485));
#13272 = DIRECTION('',(-0.216550995596,-4.217816923643E-02,
    -0.975359763547));
#13273 = DIRECTION('',(0.97622850435,1.089919685185E-18,-0.216743874873)
  );
#13274 = ADVANCED_FACE('',(#13275),#13292,.T.);
#13275 = FACE_BOUND('',#13276,.T.);
#13276 = EDGE_LOOP('',(#13277,#13278,#13286));
#13277 = ORIENTED_EDGE('',*,*,#13263,.F.);
#13278 = ORIENTED_EDGE('',*,*,#13279,.T.);
#13279 = EDGE_CURVE('',#13256,#13280,#13282,.T.);
#13280 = VERTEX_POINT('',#13281);
#13281 = CARTESIAN_POINT('',(78.949531555176,39.037643432617,
    222.041267039));
#13282 = LINE('',#13283,#13284);
#13283 = CARTESIAN_POINT('',(79.059516906738,38.81791305542,
    222.041267039));
#13284 = VECTOR('',#13285,1.);
#13285 = DIRECTION('',(-0.447604772208,0.894231495697,0.));
#13286 = ORIENTED_EDGE('',*,*,#13287,.F.);
#13287 = EDGE_CURVE('',#10595,#13280,#13288,.T.);
#13288 = LINE('',#13289,#13290);
#13289 = CARTESIAN_POINT('',(79.227195739746,38.948894500732,
    221.99837458295));
#13290 = VECTOR('',#13291,1.);
#13291 = DIRECTION('',(-0.942380180656,0.301210019549,0.145575132595));
#13292 = PLANE('',#13293);
#13293 = AXIS2_PLACEMENT_3D('',#13294,#13295,#13296);
#13294 = CARTESIAN_POINT('',(79.076923849088,38.94053830849,
    222.02677837999));
#13295 = DIRECTION('',(-0.180127952155,-9.016248184103E-02,
    -0.979502244878));
#13296 = DIRECTION('',(0.98350800507,2.757850117692E-19,-0.180864601187)
  );
#13297 = ADVANCED_FACE('',(#13298),#13308,.T.);
#13298 = FACE_BOUND('',#13299,.T.);
#13299 = EDGE_LOOP('',(#13300,#13301,#13307));
#13300 = ORIENTED_EDGE('',*,*,#13287,.T.);
#13301 = ORIENTED_EDGE('',*,*,#13302,.T.);
#13302 = EDGE_CURVE('',#13280,#10603,#13303,.T.);
#13303 = LINE('',#13304,#13305);
#13304 = CARTESIAN_POINT('',(78.949531555176,39.037643432617,
    222.041267039));
#13305 = VECTOR('',#13306,1.);
#13306 = DIRECTION('',(0.264795496186,0.948761066608,-0.172440667156));
#13307 = ORIENTED_EDGE('',*,*,#10602,.F.);
#13308 = PLANE('',#13309);
#13309 = AXIS2_PLACEMENT_3D('',#13310,#13311,#13312);
#13310 = CARTESIAN_POINT('',(79.073785810711,39.085779888677,
    222.01089054772));
#13311 = DIRECTION('',(-0.190068658806,-0.12396471325,-0.97391306327));
#13312 = DIRECTION('',(0.981483612593,-7.431290111241E-19,
    -0.191546125543));
#13313 = ADVANCED_FACE('',(#13314),#13331,.T.);
#13314 = FACE_BOUND('',#13315,.T.);
#13315 = EDGE_LOOP('',(#13316,#13317,#13325));
#13316 = ORIENTED_EDGE('',*,*,#13302,.F.);
#13317 = ORIENTED_EDGE('',*,*,#13318,.T.);
#13318 = EDGE_CURVE('',#13280,#13319,#13321,.T.);
#13319 = VERTEX_POINT('',#13320);
#13320 = CARTESIAN_POINT('',(78.777862548829,39.213451385498,
    222.041267039));
#13321 = LINE('',#13322,#13323);
#13322 = CARTESIAN_POINT('',(78.949531555176,39.037643432617,
    222.041267039));
#13323 = VECTOR('',#13324,1.);
#13324 = DIRECTION('',(-0.698634570067,0.715478677185,0.));
#13325 = ORIENTED_EDGE('',*,*,#13326,.F.);
#13326 = EDGE_CURVE('',#10603,#13319,#13327,.T.);
#13327 = LINE('',#13328,#13329);
#13328 = CARTESIAN_POINT('',(79.015396118164,39.273635864258,
    221.99837458295));
#13329 = VECTOR('',#13330,1.);
#13330 = DIRECTION('',(-0.954850427745,-0.241932857945,0.172421439737));
#13331 = PLANE('',#13332);
#13332 = AXIS2_PLACEMENT_3D('',#13333,#13334,#13335);
#13333 = CARTESIAN_POINT('',(78.914467997197,39.175113151705,
    222.02691125362));
#13334 = DIRECTION('',(-0.141884718301,-0.138544407164,-0.980139874689)
  );
#13335 = DIRECTION('',(0.989684168708,2.363852279664E-18,-0.14326634709)
  );
#13336 = ADVANCED_FACE('',(#13337),#13347,.T.);
#13337 = FACE_BOUND('',#13338,.T.);
#13338 = EDGE_LOOP('',(#13339,#13340,#13346));
#13339 = ORIENTED_EDGE('',*,*,#13326,.T.);
#13340 = ORIENTED_EDGE('',*,*,#13341,.T.);
#13341 = EDGE_CURVE('',#13319,#10611,#13342,.T.);
#13342 = LINE('',#13343,#13344);
#13343 = CARTESIAN_POINT('',(78.777862548828,39.213451385498,
    222.041267039));
#13344 = VECTOR('',#13345,1.);
#13345 = DIRECTION('',(-0.278521731831,0.949330510968,-0.145592670977));
#13346 = ORIENTED_EDGE('',*,*,#10610,.F.);
#13347 = PLANE('',#13348);
#13348 = AXIS2_PLACEMENT_3D('',#13349,#13350,#13351);
#13349 = CARTESIAN_POINT('',(78.828984321935,39.336498819064,
    222.01089051101));
#13350 = DIRECTION('',(-0.12846929588,-0.187054009806,-0.97391295167));
#13351 = DIRECTION('',(-2.230785413964E-17,0.982050727934,
    -0.188616986948));
#13352 = ADVANCED_FACE('',(#13353),#13370,.T.);
#13353 = FACE_BOUND('',#13354,.T.);
#13354 = EDGE_LOOP('',(#13355,#13356,#13364));
#13355 = ORIENTED_EDGE('',*,*,#13341,.F.);
#13356 = ORIENTED_EDGE('',*,*,#13357,.T.);
#13357 = EDGE_CURVE('',#13319,#13358,#13360,.T.);
#13358 = VERTEX_POINT('',#13359);
#13359 = CARTESIAN_POINT('',(78.560813903809,39.328643798828,
    222.041267039));
#13360 = LINE('',#13361,#13362);
#13361 = CARTESIAN_POINT('',(78.777862548828,39.213451385498,
    222.041267039));
#13362 = VECTOR('',#13363,1.);
#13363 = DIRECTION('',(-0.88330900814,0.468791207403,0.));
#13364 = ORIENTED_EDGE('',*,*,#13365,.F.);
#13365 = EDGE_CURVE('',#10611,#13358,#13366,.T.);
#13366 = LINE('',#13367,#13368);
#13367 = CARTESIAN_POINT('',(78.695808410645,39.493129730225,
    221.99837458295));
#13368 = VECTOR('',#13369,1.);
#13369 = DIRECTION('',(-0.621897082048,-0.757759135323,0.197598360759));
#13370 = PLANE('',#13371);
#13371 = AXIS2_PLACEMENT_3D('',#13372,#13373,#13374);
#13372 = CARTESIAN_POINT('',(78.683834438369,39.34311547207,
    222.02677860829));
#13373 = DIRECTION('',(-9.442816692648E-02,-0.177924093181,
    -0.979503107885));
#13374 = DIRECTION('',(2.986337786238E-18,0.983899487915,-0.178722683735
    ));
#13375 = ADVANCED_FACE('',(#13376),#13393,.T.);
#13376 = FACE_BOUND('',#13377,.T.);
#13377 = EDGE_LOOP('',(#13378,#13386,#13392));
#13378 = ORIENTED_EDGE('',*,*,#13379,.T.);
#13379 = EDGE_CURVE('',#10651,#13380,#13382,.T.);
#13380 = VERTEX_POINT('',#13381);
#13381 = CARTESIAN_POINT('',(57.381134033203,39.595798492432,
    222.041267039));
#13382 = LINE('',#13383,#13384);
#13383 = CARTESIAN_POINT('',(57.307731628418,39.784343719482,
    221.99837458295));
#13384 = VECTOR('',#13385,1.);
#13385 = DIRECTION('',(0.354899376076,-0.911612959251,0.207384293971));
#13386 = ORIENTED_EDGE('',*,*,#13387,.T.);
#13387 = EDGE_CURVE('',#13380,#10659,#13388,.T.);
#13388 = LINE('',#13389,#13390);
#13389 = CARTESIAN_POINT('',(57.381134033203,39.595798492432,
    222.041267039));
#13390 = VECTOR('',#13391,1.);
#13391 = DIRECTION('',(-0.991805749842,-7.18191850726E-02,
    -0.105656799288));
#13392 = ORIENTED_EDGE('',*,*,#10658,.F.);
#13393 = PLANE('',#13394);
#13394 = AXIS2_PLACEMENT_3D('',#13395,#13396,#13397);
#13395 = CARTESIAN_POINT('',(57.199232755603,39.640499310854,
    222.01141890202));
#13396 = DIRECTION('',(0.116912148469,-0.176807371529,-0.977277188372));
#13397 = DIRECTION('',(-1.41429666E-18,0.984025378102,-0.178028242847));
#13398 = ADVANCED_FACE('',(#13399),#13416,.T.);
#13399 = FACE_BOUND('',#13400,.T.);
#13400 = EDGE_LOOP('',(#13401,#13402,#13410));
#13401 = ORIENTED_EDGE('',*,*,#13387,.F.);
#13402 = ORIENTED_EDGE('',*,*,#13403,.T.);
#13403 = EDGE_CURVE('',#13380,#13404,#13406,.T.);
#13404 = VERTEX_POINT('',#13405);
#13405 = CARTESIAN_POINT('',(57.121353149414,39.423164367676,
    222.041267039));
#13406 = LINE('',#13407,#13408);
#13407 = CARTESIAN_POINT('',(57.381134033203,39.595798492432,
    222.041267039));
#13408 = VECTOR('',#13409,1.);
#13409 = DIRECTION('',(-0.832867862588,-0.553471881371,-0.));
#13410 = ORIENTED_EDGE('',*,*,#13411,.F.);
#13411 = EDGE_CURVE('',#10659,#13404,#13412,.T.);
#13412 = LINE('',#13413,#13414);
#13413 = CARTESIAN_POINT('',(56.978500366211,39.56664276123,
    221.99837458295));
#13414 = VECTOR('',#13415,1.);
#13415 = DIRECTION('',(0.690241121421,-0.693263967605,0.20724928352));
#13416 = PLANE('',#13417);
#13417 = AXIS2_PLACEMENT_3D('',#13418,#13419,#13420);
#13418 = CARTESIAN_POINT('',(57.174839519515,39.537709485164,
    222.02705382103));
#13419 = DIRECTION('',(0.116862117128,-0.175854826569,-0.977455024824));
#13420 = DIRECTION('',(1.314823385432E-18,0.984198607174,-0.177068070631
    ));
#13421 = ADVANCED_FACE('',(#13422),#13439,.T.);
#13422 = FACE_BOUND('',#13423,.T.);
#13423 = EDGE_LOOP('',(#13424,#13432,#13438));
#13424 = ORIENTED_EDGE('',*,*,#13425,.T.);
#13425 = EDGE_CURVE('',#10659,#13426,#13428,.T.);
#13426 = VERTEX_POINT('',#13427);
#13427 = CARTESIAN_POINT('',(56.947677612305,39.164085388184,
    222.041267039));
#13428 = LINE('',#13429,#13430);
#13429 = CARTESIAN_POINT('',(56.978500366211,39.56664276123,
    221.99837458295));
#13430 = VECTOR('',#13431,1.);
#13431 = DIRECTION('',(-7.591667532465E-02,-0.99150184575,0.105644442741
    ));
#13432 = ORIENTED_EDGE('',*,*,#13433,.T.);
#13433 = EDGE_CURVE('',#13426,#10667,#13434,.T.);
#13434 = LINE('',#13435,#13436);
#13435 = CARTESIAN_POINT('',(56.947677612305,39.164085388184,
    222.041267039));
#13436 = VECTOR('',#13437,1.);
#13437 = DIRECTION('',(-0.910059670194,0.35885936245,-0.207391790265));
#13438 = ORIENTED_EDGE('',*,*,#10666,.F.);
#13439 = PLANE('',#13440);
#13440 = AXIS2_PLACEMENT_3D('',#13441,#13442,#13443);
#13441 = CARTESIAN_POINT('',(56.903740395688,39.346201875595,
    222.01141927164));
#13442 = DIRECTION('',(0.176325730893,-0.117629699181,-0.977278102945));
#13443 = DIRECTION('',(0.984110260899,9.18020085312E-19,0.177558425293)
  );
#13444 = ADVANCED_FACE('',(#13445),#13462,.T.);
#13445 = FACE_BOUND('',#13446,.T.);
#13446 = EDGE_LOOP('',(#13447,#13448,#13456));
#13447 = ORIENTED_EDGE('',*,*,#13433,.F.);
#13448 = ORIENTED_EDGE('',*,*,#13449,.T.);
#13449 = EDGE_CURVE('',#13426,#13450,#13452,.T.);
#13450 = VERTEX_POINT('',#13451);
#13451 = CARTESIAN_POINT('',(56.886672973633,38.858200073242,
    222.041267039));
#13452 = LINE('',#13453,#13454);
#13453 = CARTESIAN_POINT('',(56.947677612305,39.164085388184,
    222.041267039));
#13454 = VECTOR('',#13455,1.);
#13455 = DIRECTION('',(-0.195584565173,-0.980686839856,-0.));
#13456 = ORIENTED_EDGE('',*,*,#13457,.F.);
#13457 = EDGE_CURVE('',#10667,#13450,#13458,.T.);
#13458 = LINE('',#13459,#13460);
#13459 = CARTESIAN_POINT('',(56.759460449219,39.238304138184,
    221.99837458295));
#13460 = VECTOR('',#13461,1.);
#13461 = DIRECTION('',(0.315573599508,-0.942916654736,0.106402469499));
#13462 = PLANE('',#13463);
#13463 = AXIS2_PLACEMENT_3D('',#13464,#13465,#13466);
#13464 = CARTESIAN_POINT('',(56.861752022163,39.070009184906,
    222.02707722818));
#13465 = DIRECTION('',(0.206534579092,-4.119049446084E-02,
    -0.977571895466));
#13466 = DIRECTION('',(0.97840225426,1.521181068293E-18,0.206710011512)
  );
#13467 = ADVANCED_FACE('',(#13468),#13478,.T.);
#13468 = FACE_BOUND('',#13469,.T.);
#13469 = EDGE_LOOP('',(#13470,#13471,#13477));
#13470 = ORIENTED_EDGE('',*,*,#13457,.T.);
#13471 = ORIENTED_EDGE('',*,*,#13472,.F.);
#13472 = EDGE_CURVE('',#10481,#13450,#13473,.T.);
#13473 = LINE('',#13474,#13475);
#13474 = CARTESIAN_POINT('',(56.684051513672,38.858200073242,
    221.99837458295));
#13475 = VECTOR('',#13476,1.);
#13476 = DIRECTION('',(0.978320145216,0.,0.207098270066));
#13477 = ORIENTED_EDGE('',*,*,#10674,.F.);
#13478 = PLANE('',#13479);
#13479 = AXIS2_PLACEMENT_3D('',#13480,#13481,#13482);
#13480 = CARTESIAN_POINT('',(56.775891880978,39.008800920872,
    222.01149130494));
#13481 = DIRECTION('',(0.206923691632,-4.105164023392E-02,
    -0.977495446882));
#13482 = DIRECTION('',(0.978320145216,9.055475946286E-19,0.207098270066)
  );
#13483 = ADVANCED_FACE('',(#13484),#13494,.T.);
#13484 = FACE_BOUND('',#13485,.T.);
#13485 = EDGE_LOOP('',(#13486,#13487,#13493));
#13486 = ORIENTED_EDGE('',*,*,#13411,.T.);
#13487 = ORIENTED_EDGE('',*,*,#13488,.T.);
#13488 = EDGE_CURVE('',#13404,#13426,#13489,.T.);
#13489 = LINE('',#13490,#13491);
#13490 = CARTESIAN_POINT('',(57.121353149414,39.423164367676,
    222.041267039));
#13491 = VECTOR('',#13492,1.);
#13492 = DIRECTION('',(-0.556820817943,-0.830632636431,-0.));
#13493 = ORIENTED_EDGE('',*,*,#13425,.F.);
#13494 = PLANE('',#13495);
#13495 = AXIS2_PLACEMENT_3D('',#13496,#13497,#13498);
#13496 = CARTESIAN_POINT('',(57.006608752501,39.370157944005,
    222.02705336252));
#13497 = DIRECTION('',(0.175394351159,-0.117576918834,-0.977452039611));
#13498 = DIRECTION('',(0.984279218292,1.928348713714E-18,0.176619422596)
  );
#13499 = ADVANCED_FACE('',(#13500),#13510,.T.);
#13500 = FACE_BOUND('',#13501,.T.);
#13501 = EDGE_LOOP('',(#13502,#13508,#13509));
#13502 = ORIENTED_EDGE('',*,*,#13503,.T.);
#13503 = EDGE_CURVE('',#10643,#13380,#13504,.T.);
#13504 = LINE('',#13505,#13506);
#13505 = CARTESIAN_POINT('',(57.688125610352,39.858200073242,
    221.99837458295));
#13506 = VECTOR('',#13507,1.);
#13507 = DIRECTION('',(-0.755902636092,-0.646109083812,0.105613713905));
#13508 = ORIENTED_EDGE('',*,*,#13379,.F.);
#13509 = ORIENTED_EDGE('',*,*,#10650,.F.);
#13510 = PLANE('',#13511);
#13511 = AXIS2_PLACEMENT_3D('',#13512,#13513,#13514);
#13512 = CARTESIAN_POINT('',(57.481094575029,39.755879006623,
    222.01151418273));
#13513 = DIRECTION('',(4.014401425427E-02,-0.206760023419,
    -0.977567773014));
#13514 = DIRECTION('',(-1.863527168885E-19,0.978356422051,
    -0.206926826272));
#13515 = ADVANCED_FACE('',(#13516),#13533,.T.);
#13516 = FACE_BOUND('',#13517,.T.);
#13517 = EDGE_LOOP('',(#13518,#13526,#13527));
#13518 = ORIENTED_EDGE('',*,*,#13519,.T.);
#13519 = EDGE_CURVE('',#13520,#13380,#13522,.T.);
#13520 = VERTEX_POINT('',#13521);
#13521 = CARTESIAN_POINT('',(57.687255859375,39.655574798584,
    222.041267039));
#13522 = LINE('',#13523,#13524);
#13523 = CARTESIAN_POINT('',(57.687255859375,39.655574798584,
    222.041267039));
#13524 = VECTOR('',#13525,1.);
#13525 = DIRECTION('',(-0.981463331827,-0.191650015075,-0.));
#13526 = ORIENTED_EDGE('',*,*,#13503,.F.);
#13527 = ORIENTED_EDGE('',*,*,#13528,.F.);
#13528 = EDGE_CURVE('',#13520,#10643,#13529,.T.);
#13529 = LINE('',#13530,#13531);
#13530 = CARTESIAN_POINT('',(57.687255859375,39.655574798584,
    222.041267039));
#13531 = VECTOR('',#13532,1.);
#13532 = DIRECTION('',(4.199318607642E-03,0.978312309132,-0.207092712387
    ));
#13533 = PLANE('',#13534);
#13534 = AXIS2_PLACEMENT_3D('',#13535,#13536,#13537);
#13535 = CARTESIAN_POINT('',(57.568749720474,39.699533994626,
    222.02705118299));
#13536 = DIRECTION('',(4.043864305373E-02,-0.207091271715,
    -0.977485509523));
#13537 = DIRECTION('',(-9.131884239266E-19,0.978285724225,
    -0.207260806177));
#13538 = ADVANCED_FACE('',(#13539),#13554,.T.);
#13539 = FACE_BOUND('',#13540,.T.);
#13540 = EDGE_LOOP('',(#13541,#13547,#13553));
#13541 = ORIENTED_EDGE('',*,*,#13542,.T.);
#13542 = EDGE_CURVE('',#10635,#13156,#13543,.T.);
#13543 = LINE('',#13544,#13545);
#13544 = CARTESIAN_POINT('',(68.01651763916,39.767951965332,
    221.99837458295));
#13545 = VECTOR('',#13546,1.);
#13546 = DIRECTION('',(-1.997010835461E-02,-0.978093981014,0.20720366569
    ));
#13547 = ORIENTED_EDGE('',*,*,#13548,.T.);
#13548 = EDGE_CURVE('',#13156,#10643,#13549,.T.);
#13549 = LINE('',#13550,#13551);
#13550 = CARTESIAN_POINT('',(68.01237487793,39.565048217773,
    222.04135859174));
#13551 = VECTOR('',#13552,1.);
#13552 = DIRECTION('',(-0.999588463517,2.838281071975E-02,
    -4.16168945438E-03));
#13553 = ORIENTED_EDGE('',*,*,#10642,.F.);
#13554 = PLANE('',#13555);
#13555 = AXIS2_PLACEMENT_3D('',#13556,#13557,#13558);
#13556 = CARTESIAN_POINT('',(62.902620791347,39.761397788116,
    222.00922727997));
#13557 = DIRECTION('',(-1.810566934365E-03,-0.207209275912,
    -0.978294964631));
#13558 = DIRECTION('',(-3.576844226102E-20,0.978296568136,
    -0.207209615545));
#13559 = ADVANCED_FACE('',(#13560),#13570,.T.);
#13560 = FACE_BOUND('',#13561,.T.);
#13561 = EDGE_LOOP('',(#13562,#13568,#13569));
#13562 = ORIENTED_EDGE('',*,*,#13563,.T.);
#13563 = EDGE_CURVE('',#13156,#13520,#13564,.T.);
#13564 = LINE('',#13565,#13566);
#13565 = CARTESIAN_POINT('',(68.01237487793,39.565048217773,
    222.04135859174));
#13566 = VECTOR('',#13567,1.);
#13567 = DIRECTION('',(-0.999961566714,8.767269550495E-03,
    -8.86664991833E-06));
#13568 = ORIENTED_EDGE('',*,*,#13528,.T.);
#13569 = ORIENTED_EDGE('',*,*,#13548,.F.);
#13570 = PLANE('',#13571);
#13571 = AXIS2_PLACEMENT_3D('',#13572,#13573,#13574);
#13572 = CARTESIAN_POINT('',(62.798779165108,39.661927398614,
    222.03048124994));
#13573 = DIRECTION('',(-1.80698061016E-03,-0.20708677662,-0.978320909401
    ));
#13574 = DIRECTION('',(-4.756875806587E-20,0.978322506601,
    -0.207087114708));
#13575 = ADVANCED_FACE('',(#13576),#13586,.T.);
#13576 = FACE_BOUND('',#13577,.T.);
#13577 = EDGE_LOOP('',(#13578,#13579,#13580));
#13578 = ORIENTED_EDGE('',*,*,#13178,.T.);
#13579 = ORIENTED_EDGE('',*,*,#13542,.F.);
#13580 = ORIENTED_EDGE('',*,*,#13581,.F.);
#13581 = EDGE_CURVE('',#13179,#10635,#13582,.T.);
#13582 = LINE('',#13583,#13584);
#13583 = CARTESIAN_POINT('',(78.318992614746,39.37228012085,
    222.041267039));
#13584 = VECTOR('',#13585,1.);
#13585 = DIRECTION('',(-0.999254675749,3.837688920362E-02,
    -4.160212703118E-03));
#13586 = PLANE('',#13587);
#13587 = AXIS2_PLACEMENT_3D('',#13588,#13589,#13590);
#13588 = CARTESIAN_POINT('',(73.115397718359,39.520859705034,
    222.03045933084));
#13589 = DIRECTION('',(-3.883413632095E-03,-0.207167548061,
    -0.978297769664));
#13590 = DIRECTION('',(7.412034763814E-20,0.978305146553,-0.207169110215
    ));
#13591 = ADVANCED_FACE('',(#13592),#13602,.T.);
#13592 = FACE_BOUND('',#13593,.T.);
#13593 = EDGE_LOOP('',(#13594,#13600,#13601));
#13594 = ORIENTED_EDGE('',*,*,#13595,.T.);
#13595 = EDGE_CURVE('',#10627,#13179,#13596,.T.);
#13596 = LINE('',#13597,#13598);
#13597 = CARTESIAN_POINT('',(68.554252624512,39.760429382324,
    221.99837458295));
#13598 = VECTOR('',#13599,1.);
#13599 = DIRECTION('',(0.999201275859,-3.971833737274E-02,
    4.389077113926E-03));
#13600 = ORIENTED_EDGE('',*,*,#13581,.T.);
#13601 = ORIENTED_EDGE('',*,*,#10634,.F.);
#13602 = PLANE('',#13603);
#13603 = AXIS2_PLACEMENT_3D('',#13604,#13605,#13606);
#13604 = CARTESIAN_POINT('',(73.167844444642,39.573394991803,
    222.01926148799));
#13605 = DIRECTION('',(-2.351453995119E-03,-0.168088418341,
    -0.985769118143));
#13606 = DIRECTION('',(-4.324749447015E-21,0.985771843478,
    -0.168088883051));
#13607 = ADVANCED_FACE('',(#13608),#13618,.T.);
#13608 = FACE_BOUND('',#13609,.T.);
#13609 = EDGE_LOOP('',(#13610,#13616,#13617));
#13610 = ORIENTED_EDGE('',*,*,#13611,.T.);
#13611 = EDGE_CURVE('',#10619,#13179,#13612,.T.);
#13612 = LINE('',#13613,#13614);
#13613 = CARTESIAN_POINT('',(78.323829650879,39.574840545654,
    221.99837458295));
#13614 = VECTOR('',#13615,1.);
#13615 = DIRECTION('',(-2.335509499106E-02,-0.978040649862,
    0.207101489022));
#13616 = ORIENTED_EDGE('',*,*,#13595,.F.);
#13617 = ORIENTED_EDGE('',*,*,#10626,.F.);
#13618 = PLANE('',#13619);
#13619 = AXIS2_PLACEMENT_3D('',#13620,#13621,#13622);
#13620 = CARTESIAN_POINT('',(73.489040886245,39.615487715332,
    222.00921079396));
#13621 = DIRECTION('',(-3.933561206135E-03,-0.207066491071,
    -0.978318964025));
#13622 = DIRECTION('',(-1.554209665376E-20,0.978326532831,-0.20706809305
    ));
#13623 = ADVANCED_FACE('',(#13624),#13634,.T.);
#13624 = FACE_BOUND('',#13625,.T.);
#13625 = EDGE_LOOP('',(#13626,#13632,#13633));
#13626 = ORIENTED_EDGE('',*,*,#13627,.T.);
#13627 = EDGE_CURVE('',#10611,#13179,#13628,.T.);
#13628 = LINE('',#13629,#13630);
#13629 = CARTESIAN_POINT('',(78.695808410645,39.493129730225,
    221.99837458295));
#13630 = VECTOR('',#13631,1.);
#13631 = DIRECTION('',(-0.946682116846,-0.303612972886,0.107759604392));
#13632 = ORIENTED_EDGE('',*,*,#13611,.F.);
#13633 = ORIENTED_EDGE('',*,*,#10618,.F.);
#13634 = PLANE('',#13635);
#13635 = AXIS2_PLACEMENT_3D('',#13636,#13637,#13638);
#13636 = CARTESIAN_POINT('',(78.469267559458,39.480406842725,
    222.01153704768));
#13637 = DIRECTION('',(-4.52317373741E-02,-0.205912099665,
    -0.977524576236));
#13638 = DIRECTION('',(-4.627416074389E-19,0.978526076919,
    -0.206123062247));
#13639 = ADVANCED_FACE('',(#13640),#13650,.T.);
#13640 = FACE_BOUND('',#13641,.T.);
#13641 = EDGE_LOOP('',(#13642,#13643,#13649));
#13642 = ORIENTED_EDGE('',*,*,#13365,.T.);
#13643 = ORIENTED_EDGE('',*,*,#13644,.T.);
#13644 = EDGE_CURVE('',#13358,#13179,#13645,.T.);
#13645 = LINE('',#13646,#13647);
#13646 = CARTESIAN_POINT('',(78.560813903809,39.328643798828,
    222.041267039));
#13647 = VECTOR('',#13648,1.);
#13648 = DIRECTION('',(-0.984106253945,0.177580632239,0.));
#13649 = ORIENTED_EDGE('',*,*,#13627,.F.);
#13650 = PLANE('',#13651);
#13651 = AXIS2_PLACEMENT_3D('',#13652,#13653,#13654);
#13652 = CARTESIAN_POINT('',(78.518622250747,39.403726813785,
    222.02594267982));
#13653 = DIRECTION('',(-3.993543951048E-02,-0.221311948723,
    -0.974385027606));
#13654 = DIRECTION('',(-3.029780599206E-19,0.97516295201,-0.221488638595
    ));
#13655 = ADVANCED_FACE('',(#13656),#13673,.T.);
#13656 = FACE_BOUND('',#13657,.T.);
#13657 = EDGE_LOOP('',(#13658,#13666,#13667));
#13658 = ORIENTED_EDGE('',*,*,#13659,.T.);
#13659 = EDGE_CURVE('',#13660,#13256,#13662,.T.);
#13660 = VERTEX_POINT('',#13661);
#13661 = CARTESIAN_POINT('',(79.097373962403,38.575126647949,
    222.041267039));
#13662 = LINE('',#13663,#13664);
#13663 = CARTESIAN_POINT('',(79.097373962402,38.575126647949,
    222.041267039));
#13664 = VECTOR('',#13665,1.);
#13665 = DIRECTION('',(-0.154065730252,0.988060600754,0.));
#13666 = ORIENTED_EDGE('',*,*,#13255,.F.);
#13667 = ORIENTED_EDGE('',*,*,#13668,.F.);
#13668 = EDGE_CURVE('',#13660,#10587,#13669,.T.);
#13669 = LINE('',#13670,#13671);
#13670 = CARTESIAN_POINT('',(79.097373962402,38.575126647949,
    222.041267039));
#13671 = VECTOR('',#13672,1.);
#13672 = DIRECTION('',(0.978320145216,0.,-0.207098270066));
#13673 = PLANE('',#13674);
#13674 = AXIS2_PLACEMENT_3D('',#13675,#13676,#13677);
#13675 = CARTESIAN_POINT('',(79.153448087431,38.664983503183,
    222.02643085414));
#13676 = DIRECTION('',(-0.206990374188,-3.227547291141E-02,
    -0.977810451387));
#13677 = DIRECTION('',(0.978320145216,3.412661889397E-19,-0.207098270066
    ));
#13678 = ADVANCED_FACE('',(#13679),#13694,.T.);
#13679 = FACE_BOUND('',#13680,.T.);
#13680 = EDGE_LOOP('',(#13681,#13687,#13688));
#13681 = ORIENTED_EDGE('',*,*,#13682,.T.);
#13682 = EDGE_CURVE('',#13234,#13256,#13683,.T.);
#13683 = LINE('',#13684,#13685);
#13684 = CARTESIAN_POINT('',(78.899368286133,38.766719818115,
    222.16290247601));
#13685 = VECTOR('',#13686,1.);
#13686 = DIRECTION('',(0.77173554028,0.246693605606,-0.586145477523));
#13687 = ORIENTED_EDGE('',*,*,#13659,.F.);
#13688 = ORIENTED_EDGE('',*,*,#13689,.F.);
#13689 = EDGE_CURVE('',#13234,#13660,#13690,.T.);
#13690 = LINE('',#13691,#13692);
#13691 = CARTESIAN_POINT('',(78.899368286133,38.766719818115,
    222.16290247601));
#13692 = VECTOR('',#13693,1.);
#13693 = DIRECTION('',(0.65743309805,-0.636141820783,-0.403862978546));
#13694 = PLANE('',#13695);
#13695 = AXIS2_PLACEMENT_3D('',#13696,#13697,#13698);
#13696 = CARTESIAN_POINT('',(79.019245334358,38.712651869102,
    222.08227591524));
#13697 = DIRECTION('',(-0.583714468672,-9.101708519293E-02,
    -0.806841563918));
#13698 = DIRECTION('',(0.810204454369,-1.355496107185E-18,
    -0.586147372356));
#13699 = ADVANCED_FACE('',(#13700),#13710,.T.);
#13700 = FACE_BOUND('',#13701,.T.);
#13701 = EDGE_LOOP('',(#13702,#13703,#13704));
#13702 = ORIENTED_EDGE('',*,*,#13241,.T.);
#13703 = ORIENTED_EDGE('',*,*,#13689,.T.);
#13704 = ORIENTED_EDGE('',*,*,#13705,.F.);
#13705 = EDGE_CURVE('',#13211,#13660,#13706,.T.);
#13706 = LINE('',#13707,#13708);
#13707 = CARTESIAN_POINT('',(78.929244995117,38.575126647949,
    222.16290247601));
#13708 = VECTOR('',#13709,1.);
#13709 = DIRECTION('',(0.810201006973,0.,-0.586152137504));
#13710 = PLANE('',#13711);
#13711 = AXIS2_PLACEMENT_3D('',#13712,#13713,#13714);
#13712 = CARTESIAN_POINT('',(78.979582588874,38.642629559268,
    222.11886958303));
#13713 = DIRECTION('',(-0.583718837679,-9.102411023804E-02,
    -0.806837610609));
#13714 = DIRECTION('',(0.810201006973,-2.484496637605E-17,
    -0.586152137504));
#13715 = ADVANCED_FACE('',(#13716),#13731,.T.);
#13716 = FACE_BOUND('',#13717,.T.);
#13717 = EDGE_LOOP('',(#13718,#13724,#13730));
#13718 = ORIENTED_EDGE('',*,*,#13719,.T.);
#13719 = EDGE_CURVE('',#13201,#10745,#13720,.T.);
#13720 = LINE('',#13721,#13722);
#13721 = CARTESIAN_POINT('',(78.825035095215,38.575126647949,
    222.34212458295));
#13722 = VECTOR('',#13723,1.);
#13723 = DIRECTION('',(-0.42700282085,-0.354197423772,0.831993254768));
#13724 = ORIENTED_EDGE('',*,*,#13725,.T.);
#13725 = EDGE_CURVE('',#10745,#13203,#13726,.T.);
#13726 = LINE('',#13727,#13728);
#13727 = CARTESIAN_POINT('',(78.668601989746,38.445365905762,
    222.64692652387));
#13728 = VECTOR('',#13729,1.);
#13729 = DIRECTION('',(0.261922375081,0.678215775471,-0.686600343238));
#13730 = ORIENTED_EDGE('',*,*,#13200,.F.);
#13731 = PLANE('',#13732);
#13732 = AXIS2_PLACEMENT_3D('',#13733,#13734,#13735);
#13733 = CARTESIAN_POINT('',(78.752834600975,38.589258868556,
    222.45449907173));
#13734 = DIRECTION('',(-0.836025840262,-0.195969000795,-0.512500678187)
  );
#13735 = DIRECTION('',(-0.522634513808,8.753970004478E-17,0.852556839734
    ));
#13736 = ADVANCED_FACE('',(#13737),#13747,.T.);
#13737 = FACE_BOUND('',#13738,.T.);
#13738 = EDGE_LOOP('',(#13739,#13740,#13746));
#13739 = ORIENTED_EDGE('',*,*,#13644,.F.);
#13740 = ORIENTED_EDGE('',*,*,#13741,.T.);
#13741 = EDGE_CURVE('',#13358,#12979,#13742,.T.);
#13742 = LINE('',#13743,#13744);
#13743 = CARTESIAN_POINT('',(78.560813903809,39.328643798828,
    222.041267039));
#13744 = VECTOR('',#13745,1.);
#13745 = DIRECTION('',(-0.816191560442,-0.413199985535,0.403852830394));
#13746 = ORIENTED_EDGE('',*,*,#13186,.F.);
#13747 = PLANE('',#13748);
#13748 = AXIS2_PLACEMENT_3D('',#13749,#13750,#13751);
#13749 = CARTESIAN_POINT('',(78.405294342322,39.299793725837,
    222.082275813));
#13750 = DIRECTION('',(-0.10490766174,-0.581371316812,-0.806846809807));
#13751 = DIRECTION('',(-2.495036119222E-18,0.811323720947,
    -0.584597143193));
#13752 = ADVANCED_FACE('',(#13753),#13763,.T.);
#13753 = FACE_BOUND('',#13754,.T.);
#13754 = EDGE_LOOP('',(#13755,#13756,#13762));
#13755 = ORIENTED_EDGE('',*,*,#13741,.F.);
#13756 = ORIENTED_EDGE('',*,*,#13757,.T.);
#13757 = EDGE_CURVE('',#13358,#13001,#13758,.T.);
#13758 = LINE('',#13759,#13760);
#13759 = CARTESIAN_POINT('',(78.560813903809,39.328643798828,
    222.041267039));
#13760 = VECTOR('',#13761,1.);
#13761 = DIRECTION('',(-0.26503490544,-0.765638011269,0.586135594039));
#13762 = ORIENTED_EDGE('',*,*,#13000,.F.);
#13763 = PLANE('',#13764);
#13764 = AXIS2_PLACEMENT_3D('',#13765,#13766,#13767);
#13765 = CARTESIAN_POINT('',(78.458491745898,39.239408451036,
    222.11886925399));
#13766 = DIRECTION('',(-0.104909918222,-0.581368533191,-0.806848522137)
  );
#13767 = DIRECTION('',(1.318947772986E-18,0.811325636975,-0.584594484054
    ));
#13768 = ADVANCED_FACE('',(#13769),#13779,.T.);
#13769 = FACE_BOUND('',#13770,.T.);
#13770 = EDGE_LOOP('',(#13771,#13777,#13778));
#13771 = ORIENTED_EDGE('',*,*,#13772,.T.);
#13772 = EDGE_CURVE('',#12971,#13520,#13773,.T.);
#13773 = LINE('',#13774,#13775);
#13774 = CARTESIAN_POINT('',(68.018608093262,39.397003173828,
    222.16290247601));
#13775 = VECTOR('',#13776,1.);
#13776 = DIRECTION('',(-0.999617715657,2.501829102528E-02,
    -1.176892771981E-02));
#13777 = ORIENTED_EDGE('',*,*,#13563,.F.);
#13778 = ORIENTED_EDGE('',*,*,#13155,.F.);
#13779 = PLANE('',#13780);
#13780 = AXIS2_PLACEMENT_3D('',#13781,#13782,#13783);
#13781 = CARTESIAN_POINT('',(62.902719631245,39.567412799687,
    222.07201561116));
#13782 = DIRECTION('',(-5.132139802194E-03,-0.586171786566,
    -0.81017053623));
#13783 = DIRECTION('',(3.325647717153E-19,0.810181205925,-0.586179506266
    ));
#13784 = ADVANCED_FACE('',(#13785),#13795,.T.);
#13785 = FACE_BOUND('',#13786,.T.);
#13786 = EDGE_LOOP('',(#13787,#13788,#13789));
#13787 = ORIENTED_EDGE('',*,*,#13031,.F.);
#13788 = ORIENTED_EDGE('',*,*,#13046,.F.);
#13789 = ORIENTED_EDGE('',*,*,#13790,.T.);
#13790 = EDGE_CURVE('',#13047,#12971,#13791,.T.);
#13791 = LINE('',#13792,#13793);
#13792 = CARTESIAN_POINT('',(68.036277770996,39.292549133301,
    222.34212458295));
#13793 = VECTOR('',#13794,1.);
#13794 = DIRECTION('',(-8.48725013924E-02,0.501722546012,-0.860854892145
    ));
#13795 = PLANE('',#13796);
#13796 = AXIS2_PLACEMENT_3D('',#13797,#13798,#13799);
#13797 = CARTESIAN_POINT('',(68.260494936198,39.320579107367,
    222.28854485213));
#13798 = DIRECTION('',(-1.204287540642E-02,-0.864425687472,
    -0.502616354678));
#13799 = DIRECTION('',(-6.637980227718E-19,-0.502652806081,
    0.864488378487));
#13800 = ADVANCED_FACE('',(#13801),#13818,.T.);
#13801 = FACE_BOUND('',#13802,.T.);
#13802 = EDGE_LOOP('',(#13803,#13811,#13817));
#13803 = ORIENTED_EDGE('',*,*,#13804,.T.);
#13804 = EDGE_CURVE('',#13047,#13805,#13807,.T.);
#13805 = VERTEX_POINT('',#13806);
#13806 = CARTESIAN_POINT('',(57.686584472656,39.487442016602,
    222.16290247601));
#13807 = LINE('',#13808,#13809);
#13808 = CARTESIAN_POINT('',(68.036277770996,39.292549133301,
    222.34212458295));
#13809 = VECTOR('',#13810,1.);
#13810 = DIRECTION('',(-0.999672927906,1.882462925819E-02,
    -1.731099494634E-02));
#13811 = ORIENTED_EDGE('',*,*,#13812,.T.);
#13812 = EDGE_CURVE('',#13805,#12971,#13813,.T.);
#13813 = LINE('',#13814,#13815);
#13814 = CARTESIAN_POINT('',(57.686584472656,39.487442016602,
    222.16290247601));
#13815 = VECTOR('',#13816,1.);
#13816 = DIRECTION('',(0.99996169246,-8.752920202729E-03,0.));
#13817 = ORIENTED_EDGE('',*,*,#13790,.F.);
#13818 = PLANE('',#13819);
#13819 = AXIS2_PLACEMENT_3D('',#13820,#13821,#13822);
#13820 = CARTESIAN_POINT('',(62.90853774162,39.415372481333,
    222.20819876268));
#13821 = DIRECTION('',(-7.565192237961E-03,-0.864271838295,
    -0.502968147498));
#13822 = DIRECTION('',(-3.52161499505E-19,-0.502982541086,0.864296571417
    ));
#13823 = ADVANCED_FACE('',(#13824),#13834,.T.);
#13824 = FACE_BOUND('',#13825,.T.);
#13825 = EDGE_LOOP('',(#13826,#13827,#13833));
#13826 = ORIENTED_EDGE('',*,*,#13812,.F.);
#13827 = ORIENTED_EDGE('',*,*,#13828,.T.);
#13828 = EDGE_CURVE('',#13805,#13520,#13829,.T.);
#13829 = LINE('',#13830,#13831);
#13830 = CARTESIAN_POINT('',(57.686584472656,39.487442016602,
    222.16290247601));
#13831 = VECTOR('',#13832,1.);
#13832 = DIRECTION('',(3.235297617664E-03,0.810203082378,-0.586140339982
    ));
#13833 = ORIENTED_EDGE('',*,*,#13772,.F.);
#13834 = PLANE('',#13835);
#13835 = AXIS2_PLACEMENT_3D('',#13836,#13837,#13838);
#13836 = CARTESIAN_POINT('',(62.801410862725,39.485128969526,
    222.13218712358));
#13837 = DIRECTION('',(-5.130477774749E-03,-0.586122244913,
    -0.810206388654));
#13838 = DIRECTION('',(2.694687921085E-19,0.810217051911,-0.586129958962
    ));
#13839 = ADVANCED_FACE('',(#13840),#13857,.T.);
#13840 = FACE_BOUND('',#13841,.T.);
#13841 = EDGE_LOOP('',(#13842,#13850,#13851));
#13842 = ORIENTED_EDGE('',*,*,#13843,.T.);
#13843 = EDGE_CURVE('',#13844,#13805,#13846,.T.);
#13844 = VERTEX_POINT('',#13845);
#13845 = CARTESIAN_POINT('',(57.686164855957,39.383235931396,
    222.34212458295));
#13846 = LINE('',#13847,#13848);
#13847 = CARTESIAN_POINT('',(57.686164855957,39.383235931396,
    222.34212458295));
#13848 = VECTOR('',#13849,1.);
#13849 = DIRECTION('',(2.024050465889E-03,0.502645332515,-0.86449035444)
  );
#13850 = ORIENTED_EDGE('',*,*,#13804,.F.);
#13851 = ORIENTED_EDGE('',*,*,#13852,.T.);
#13852 = EDGE_CURVE('',#13047,#13844,#13853,.T.);
#13853 = LINE('',#13854,#13855);
#13854 = CARTESIAN_POINT('',(68.036277770996,39.292549133301,
    222.34212458295));
#13855 = VECTOR('',#13856,1.);
#13856 = DIRECTION('',(-0.999961616643,8.761577576622E-03,0.));
#13857 = PLANE('',#13858);
#13858 = AXIS2_PLACEMENT_3D('',#13859,#13860,#13861);
#13859 = CARTESIAN_POINT('',(62.810020617039,39.364655079592,
    222.29686933911));
#13860 = DIRECTION('',(-7.57432075657E-03,-0.86445962071,-0.502645196761
    ));
#13861 = DIRECTION('',(1.287608674818E-19,-0.502659615843,0.864484418946
    ));
#13862 = ADVANCED_FACE('',(#13863),#13880,.T.);
#13863 = FACE_BOUND('',#13864,.T.);
#13864 = EDGE_LOOP('',(#13865,#13873,#13879));
#13865 = ORIENTED_EDGE('',*,*,#13866,.T.);
#13866 = EDGE_CURVE('',#13047,#13867,#13869,.T.);
#13867 = VERTEX_POINT('',#13868);
#13868 = CARTESIAN_POINT('',(67.997703552246,39.136291503906,
    222.64738428754));
#13869 = LINE('',#13870,#13871);
#13870 = CARTESIAN_POINT('',(68.036277770996,39.292549133301,
    222.34212458295));
#13871 = VECTOR('',#13872,1.);
#13872 = DIRECTION('',(-0.111779795974,-0.452801028748,0.884577020715));
#13873 = ORIENTED_EDGE('',*,*,#13874,.T.);
#13874 = EDGE_CURVE('',#13867,#13844,#13875,.T.);
#13875 = LINE('',#13876,#13877);
#13876 = CARTESIAN_POINT('',(67.997703552246,39.136291503906,
    222.64738428754));
#13877 = VECTOR('',#13878,1.);
#13878 = DIRECTION('',(-0.999275835893,2.393101616233E-02,
    -2.958226269162E-02));
#13879 = ORIENTED_EDGE('',*,*,#13852,.F.);
#13880 = PLANE('',#13881);
#13881 = AXIS2_PLACEMENT_3D('',#13882,#13883,#13884);
#13882 = CARTESIAN_POINT('',(62.936415965579,39.297500577173,
    222.41957832493));
#13883 = DIRECTION('',(-7.795725975056E-03,-0.889728668239,
    -0.456423184742));
#13884 = DIRECTION('',(-4.309790071368E-19,-0.456437054556,
    0.889755705364));
#13885 = ADVANCED_FACE('',(#13886),#13896,.T.);
#13886 = FACE_BOUND('',#13887,.T.);
#13887 = EDGE_LOOP('',(#13888,#13889,#13895));
#13888 = ORIENTED_EDGE('',*,*,#13077,.F.);
#13889 = ORIENTED_EDGE('',*,*,#13890,.T.);
#13890 = EDGE_CURVE('',#13070,#13867,#13891,.T.);
#13891 = LINE('',#13892,#13893);
#13892 = CARTESIAN_POINT('',(78.179023742676,38.946720123291,
    222.64692652387));
#13893 = VECTOR('',#13894,1.);
#13894 = DIRECTION('',(-0.999826700629,1.861630166513E-02,
    4.495333936644E-05));
#13895 = ORIENTED_EDGE('',*,*,#13866,.F.);
#13896 = PLANE('',#13897);
#13897 = AXIS2_PLACEMENT_3D('',#13898,#13899,#13900);
#13898 = CARTESIAN_POINT('',(73.01321107796,39.082747234849,
    222.56968111917));
#13899 = DIRECTION('',(-1.657671069507E-02,-0.889182137699,
    -0.457253035702));
#13900 = DIRECTION('',(1.884071279672E-19,-0.457315872325,0.889304330879
    ));
#13901 = ADVANCED_FACE('',(#13902),#13919,.T.);
#13902 = FACE_BOUND('',#13903,.T.);
#13903 = EDGE_LOOP('',(#13904,#13912,#13918));
#13904 = ORIENTED_EDGE('',*,*,#13905,.T.);
#13905 = EDGE_CURVE('',#13844,#13906,#13908,.T.);
#13906 = VERTEX_POINT('',#13907);
#13907 = CARTESIAN_POINT('',(57.479820251465,39.355041503906,
    222.30917322797));
#13908 = LINE('',#13909,#13910);
#13909 = CARTESIAN_POINT('',(57.686164855957,39.383235931396,
    222.34212458295));
#13910 = VECTOR('',#13911,1.);
#13911 = DIRECTION('',(-0.97862021838,-0.133716298788,-0.156276740486));
#13912 = ORIENTED_EDGE('',*,*,#13913,.T.);
#13913 = EDGE_CURVE('',#13906,#13805,#13914,.T.);
#13914 = LINE('',#13915,#13916);
#13915 = CARTESIAN_POINT('',(57.479820251465,39.355041503906,
    222.30917322797));
#13916 = VECTOR('',#13917,1.);
#13917 = DIRECTION('',(0.723480625401,0.463277472167,-0.511810285605));
#13918 = ORIENTED_EDGE('',*,*,#13843,.F.);
#13919 = PLANE('',#13920);
#13920 = AXIS2_PLACEMENT_3D('',#13921,#13922,#13923);
#13921 = CARTESIAN_POINT('',(57.61352368101,39.409787266299,
    222.26773058812));
#13922 = DIRECTION('',(0.194571268489,-0.848168168844,-0.492699481265));
#13923 = DIRECTION('',(5.745029452834E-18,-0.502299231391,0.864693866142
    ));
#13924 = ADVANCED_FACE('',(#13925),#13942,.T.);
#13925 = FACE_BOUND('',#13926,.T.);
#13926 = EDGE_LOOP('',(#13927,#13935,#13941));
#13927 = ORIENTED_EDGE('',*,*,#13928,.T.);
#13928 = EDGE_CURVE('',#13844,#13929,#13931,.T.);
#13929 = VERTEX_POINT('',#13930);
#13930 = CARTESIAN_POINT('',(57.818984985352,39.226276397705,
    222.64692652387));
#13931 = LINE('',#13932,#13933);
#13932 = CARTESIAN_POINT('',(57.686164855957,39.383235931396,
    222.34212458295));
#13933 = VECTOR('',#13934,1.);
#13934 = DIRECTION('',(0.361247573684,-0.426902540835,0.829008088704));
#13935 = ORIENTED_EDGE('',*,*,#13936,.T.);
#13936 = EDGE_CURVE('',#13929,#13906,#13937,.T.);
#13937 = LINE('',#13938,#13939);
#13938 = CARTESIAN_POINT('',(57.818984985352,39.226276397705,
    222.64692652387));
#13939 = VECTOR('',#13940,1.);
#13940 = DIRECTION('',(-0.684252736889,0.259779002741,-0.681405211159));
#13941 = ORIENTED_EDGE('',*,*,#13905,.F.);
#13942 = PLANE('',#13943);
#13943 = AXIS2_PLACEMENT_3D('',#13944,#13945,#13946);
#13944 = CARTESIAN_POINT('',(57.671680411718,39.310888792121,
    222.45377447263));
#13945 = DIRECTION('',(0.196265973241,-0.834318788466,-0.515161942461));
#13946 = DIRECTION('',(-3.032744181937E-18,-0.525380222029,
    0.850867570366));
#13947 = ADVANCED_FACE('',(#13948),#13958,.T.);
#13948 = FACE_BOUND('',#13949,.T.);
#13949 = EDGE_LOOP('',(#13950,#13956,#13957));
#13950 = ORIENTED_EDGE('',*,*,#13951,.T.);
#13951 = EDGE_CURVE('',#13867,#13929,#13952,.T.);
#13952 = LINE('',#13953,#13954);
#13953 = CARTESIAN_POINT('',(67.997703552246,39.136291503906,
    222.64738428754));
#13954 = VECTOR('',#13955,1.);
#13955 = DIRECTION('',(-0.999960924118,8.840147899598E-03,
    -4.497086557089E-05));
#13956 = ORIENTED_EDGE('',*,*,#13928,.F.);
#13957 = ORIENTED_EDGE('',*,*,#13874,.F.);
#13958 = PLANE('',#13959);
#13959 = AXIS2_PLACEMENT_3D('',#13960,#13961,#13962);
#13960 = CARTESIAN_POINT('',(62.784653278076,39.22227115391,
    222.56909729186));
#13961 = DIRECTION('',(-7.851164617874E-03,-0.890406371011,
    -0.455098729593));
#13962 = DIRECTION('',(-2.21980951056E-19,-0.455112756563,0.890433814954
    ));
#13963 = ADVANCED_FACE('',(#13964),#13981,.T.);
#13964 = FACE_BOUND('',#13965,.T.);
#13965 = EDGE_LOOP('',(#13966,#13974,#13980));
#13966 = ORIENTED_EDGE('',*,*,#13967,.T.);
#13967 = EDGE_CURVE('',#13805,#13968,#13970,.T.);
#13968 = VERTEX_POINT('',#13969);
#13969 = CARTESIAN_POINT('',(57.445007324219,39.440269470215,
    222.16290247601));
#13970 = LINE('',#13971,#13972);
#13971 = CARTESIAN_POINT('',(57.686584472656,39.487442016602,
    222.16290247601));
#13972 = VECTOR('',#13973,1.);
#13973 = DIRECTION('',(-0.981463440517,-0.191649458461,-0.));
#13974 = ORIENTED_EDGE('',*,*,#13975,.T.);
#13975 = EDGE_CURVE('',#13968,#13520,#13976,.T.);
#13976 = LINE('',#13977,#13978);
#13977 = CARTESIAN_POINT('',(57.445007324219,39.440269470215,
    222.16290247601));
#13978 = VECTOR('',#13979,1.);
#13979 = DIRECTION('',(0.699789881077,0.621958312514,-0.351371569476));
#13980 = ORIENTED_EDGE('',*,*,#13828,.F.);
#13981 = PLANE('',#13982);
#13982 = AXIS2_PLACEMENT_3D('',#13983,#13984,#13985);
#13983 = CARTESIAN_POINT('',(57.597367307282,39.528171153865,
    222.12080075237));
#13984 = DIRECTION('',(0.113770749976,-0.58263577992,-0.804730864579));
#13985 = DIRECTION('',(-2.297939623923E-18,0.809990106945,-0.58644354089
    ));
#13986 = ADVANCED_FACE('',(#13987),#13997,.T.);
#13987 = FACE_BOUND('',#13988,.T.);
#13988 = EDGE_LOOP('',(#13989,#13995,#13996));
#13989 = ORIENTED_EDGE('',*,*,#13990,.T.);
#13990 = EDGE_CURVE('',#13968,#13380,#13991,.T.);
#13991 = LINE('',#13992,#13993);
#13992 = CARTESIAN_POINT('',(57.445007324219,39.440269470215,
    222.16290247601));
#13993 = VECTOR('',#13994,1.);
#13994 = DIRECTION('',(-0.307794483076,0.749467801571,-0.586140401778));
#13995 = ORIENTED_EDGE('',*,*,#13519,.F.);
#13996 = ORIENTED_EDGE('',*,*,#13975,.F.);
#13997 = PLANE('',#13998);
#13998 = AXIS2_PLACEMENT_3D('',#13999,#14000,#14001);
#13999 = CARTESIAN_POINT('',(57.517928686999,39.568777883611,
    222.08017007942));
#14000 = DIRECTION('',(0.113771151111,-0.582636077497,-0.804730592418));
#14001 = DIRECTION('',(-2.641188719378E-18,0.809989870455,
    -0.586443867527));
#14002 = ADVANCED_FACE('',(#14003),#14013,.T.);
#14003 = FACE_BOUND('',#14004,.T.);
#14004 = EDGE_LOOP('',(#14005,#14006,#14012));
#14005 = ORIENTED_EDGE('',*,*,#13913,.F.);
#14006 = ORIENTED_EDGE('',*,*,#14007,.T.);
#14007 = EDGE_CURVE('',#13906,#13968,#14008,.T.);
#14008 = LINE('',#14009,#14010);
#14009 = CARTESIAN_POINT('',(57.479820251465,39.355041503906,
    222.30917322797));
#14010 = VECTOR('',#14011,1.);
#14011 = DIRECTION('',(-0.201426469643,0.493126252987,-0.846317833879));
#14012 = ORIENTED_EDGE('',*,*,#13967,.F.);
#14013 = PLANE('',#14014);
#14014 = AXIS2_PLACEMENT_3D('',#14015,#14016,#14017);
#14015 = CARTESIAN_POINT('',(57.547501624385,39.430340615409,
    222.21049517831));
#14016 = DIRECTION('',(0.163066781085,-0.835087587947,-0.525393134104));
#14017 = DIRECTION('',(-6.229236664753E-17,-0.532520908468,
    0.846416848866));
#14018 = ADVANCED_FACE('',(#14019),#14036,.T.);
#14019 = FACE_BOUND('',#14020,.T.);
#14020 = EDGE_LOOP('',(#14021,#14022,#14030));
#14021 = ORIENTED_EDGE('',*,*,#13449,.F.);
#14022 = ORIENTED_EDGE('',*,*,#14023,.T.);
#14023 = EDGE_CURVE('',#13426,#14024,#14026,.T.);
#14024 = VERTEX_POINT('',#14025);
#14025 = CARTESIAN_POINT('',(57.054809570313,38.858200073242,
    222.16290247601));
#14026 = LINE('',#14027,#14028);
#14027 = CARTESIAN_POINT('',(56.947677612305,39.164085388184,
    222.041267039));
#14028 = VECTOR('',#14029,1.);
#14029 = DIRECTION('',(0.309471950201,-0.883610518401,0.351368131466));
#14030 = ORIENTED_EDGE('',*,*,#14031,.F.);
#14031 = EDGE_CURVE('',#13450,#14024,#14032,.T.);
#14032 = LINE('',#14033,#14034);
#14033 = CARTESIAN_POINT('',(56.886672973633,38.858200073242,
    222.041267039));
#14034 = VECTOR('',#14035,1.);
#14035 = DIRECTION('',(0.810213638086,0.,0.58613467792));
#14036 = PLANE('',#14037);
#14037 = AXIS2_PLACEMENT_3D('',#14038,#14039,#14040);
#14038 = CARTESIAN_POINT('',(56.963638125187,38.974476145296,
    222.08016995621));
#14039 = DIRECTION('',(0.582170551987,-0.116105947015,-0.804734029022));
#14040 = DIRECTION('',(0.810213638086,-1.257585399764E-20,0.58613467792)
  );
#14041 = ADVANCED_FACE('',(#14042),#14059,.T.);
#14042 = FACE_BOUND('',#14043,.T.);
#14043 = EDGE_LOOP('',(#14044,#14045,#14053));
#14044 = ORIENTED_EDGE('',*,*,#14023,.F.);
#14045 = ORIENTED_EDGE('',*,*,#14046,.T.);
#14046 = EDGE_CURVE('',#13426,#14047,#14049,.T.);
#14047 = VERTEX_POINT('',#14048);
#14048 = CARTESIAN_POINT('',(57.102951049805,39.099586486816,
    222.16290247601));
#14049 = LINE('',#14050,#14051);
#14050 = CARTESIAN_POINT('',(56.947677612305,39.164085388184,
    222.041267039));
#14051 = VECTOR('',#14052,1.);
#14052 = DIRECTION('',(0.748228584423,-0.310806036395,0.586134449757));
#14053 = ORIENTED_EDGE('',*,*,#14054,.F.);
#14054 = EDGE_CURVE('',#14024,#14047,#14055,.T.);
#14055 = LINE('',#14056,#14057);
#14056 = CARTESIAN_POINT('',(57.054809570313,38.858200073242,
    222.16290247601));
#14057 = VECTOR('',#14058,1.);
#14058 = DIRECTION('',(0.195585595708,0.980686634329,0.));
#14059 = PLANE('',#14060);
#14060 = AXIS2_PLACEMENT_3D('',#14061,#14062,#14063);
#14061 = CARTESIAN_POINT('',(57.031380574721,39.03253272558,
    222.12080064943));
#14062 = DIRECTION('',(0.582169759576,-0.116106425074,-0.804734533304));
#14063 = DIRECTION('',(0.810214191387,2.978611659483E-18,0.586133913091)
  );
#14064 = ADVANCED_FACE('',(#14065),#14082,.T.);
#14065 = FACE_BOUND('',#14066,.T.);
#14066 = EDGE_LOOP('',(#14067,#14068,#14076));
#14067 = ORIENTED_EDGE('',*,*,#14054,.T.);
#14068 = ORIENTED_EDGE('',*,*,#14069,.T.);
#14069 = EDGE_CURVE('',#14047,#14070,#14072,.T.);
#14070 = VERTEX_POINT('',#14071);
#14071 = CARTESIAN_POINT('',(57.15901184082,38.858200073242,
    222.34212458295));
#14072 = LINE('',#14073,#14074);
#14073 = CARTESIAN_POINT('',(57.102951049805,39.099586486816,
    222.16290247601));
#14074 = VECTOR('',#14075,1.);
#14075 = DIRECTION('',(0.183308224642,-0.789288094645,0.586022523825));
#14076 = ORIENTED_EDGE('',*,*,#14077,.F.);
#14077 = EDGE_CURVE('',#14024,#14070,#14078,.T.);
#14078 = LINE('',#14079,#14080);
#14079 = CARTESIAN_POINT('',(57.054809570313,38.858200073242,
    222.16290247601));
#14080 = VECTOR('',#14081,1.);
#14081 = DIRECTION('',(0.502632610392,0.,0.864500120862));
#14082 = PLANE('',#14083);
#14083 = AXIS2_PLACEMENT_3D('',#14084,#14085,#14086);
#14084 = CARTESIAN_POINT('',(57.10751930643,38.94593938995,
    222.22346384025));
#14085 = DIRECTION('',(0.85193040827,-0.169906788337,-0.495324401522));
#14086 = DIRECTION('',(-0.502632610392,-2.914505320479E-17,
    -0.864500120862));
#14087 = ADVANCED_FACE('',(#14088),#14105,.T.);
#14088 = FACE_BOUND('',#14089,.T.);
#14089 = EDGE_LOOP('',(#14090,#14098,#14104));
#14090 = ORIENTED_EDGE('',*,*,#14091,.T.);
#14091 = EDGE_CURVE('',#14047,#14092,#14094,.T.);
#14092 = VERTEX_POINT('',#14093);
#14093 = CARTESIAN_POINT('',(57.187187194824,39.06209564209,
    222.30941736859));
#14094 = LINE('',#14095,#14096);
#14095 = CARTESIAN_POINT('',(57.102951049805,39.099586486816,
    222.16290247601));
#14096 = VECTOR('',#14097,1.);
#14097 = DIRECTION('',(0.4865979665,-0.216569369385,0.846356973884));
#14098 = ORIENTED_EDGE('',*,*,#14099,.T.);
#14099 = EDGE_CURVE('',#14092,#14070,#14100,.T.);
#14100 = LINE('',#14101,#14102);
#14101 = CARTESIAN_POINT('',(57.187187194824,39.06209564209,
    222.30941736859));
#14102 = VECTOR('',#14103,1.);
#14103 = DIRECTION('',(-0.135188389014,-0.978312942431,0.15693274403));
#14104 = ORIENTED_EDGE('',*,*,#14069,.F.);
#14105 = PLANE('',#14106);
#14106 = AXIS2_PLACEMENT_3D('',#14107,#14108,#14109);
#14107 = CARTESIAN_POINT('',(57.147300225857,38.998885237217,
    222.27060746578));
#14108 = DIRECTION('',(0.826826220823,-0.198664418882,-0.526204189674));
#14109 = DIRECTION('',(-0.536906029635,-6.089440301136E-17,
    -0.843642054038));
#14110 = ADVANCED_FACE('',(#14111),#14126,.T.);
#14111 = FACE_BOUND('',#14112,.T.);
#14112 = EDGE_LOOP('',(#14113,#14119,#14125));
#14113 = ORIENTED_EDGE('',*,*,#14114,.T.);
#14114 = EDGE_CURVE('',#14092,#11289,#14115,.T.);
#14115 = LINE('',#14116,#14117);
#14116 = CARTESIAN_POINT('',(57.187187194824,39.06209564209,
    222.30941736859));
#14117 = VECTOR('',#14118,1.);
#14118 = DIRECTION('',(0.36963023428,-0.364942454334,0.854511845986));
#14119 = ORIENTED_EDGE('',*,*,#14120,.T.);
#14120 = EDGE_CURVE('',#11289,#14070,#14121,.T.);
#14121 = LINE('',#14122,#14123);
#14122 = CARTESIAN_POINT('',(57.303291320801,38.947463989258,
    222.5778270976));
#14123 = VECTOR('',#14124,1.);
#14124 = DIRECTION('',(-0.496806217273,-0.30736781461,-0.811608655092));
#14125 = ORIENTED_EDGE('',*,*,#14099,.F.);
#14126 = PLANE('',#14127);
#14127 = AXIS2_PLACEMENT_3D('',#14128,#14129,#14130);
#14128 = CARTESIAN_POINT('',(57.221711891765,38.956917568923,
    222.41925050642));
#14129 = DIRECTION('',(0.867710599259,-0.193360348421,-0.457919306857));
#14130 = DIRECTION('',(-0.466727477416,7.299501529019E-19,
    -0.884401188276));
#14131 = ADVANCED_FACE('',(#14132),#14142,.T.);
#14132 = FACE_BOUND('',#14133,.T.);
#14133 = EDGE_LOOP('',(#14134,#14135,#14136));
#14134 = ORIENTED_EDGE('',*,*,#14120,.F.);
#14135 = ORIENTED_EDGE('',*,*,#11297,.T.);
#14136 = ORIENTED_EDGE('',*,*,#14137,.F.);
#14137 = EDGE_CURVE('',#14070,#11266,#14138,.T.);
#14138 = LINE('',#14139,#14140);
#14139 = CARTESIAN_POINT('',(57.15901184082,38.858200073242,
    222.34212458295));
#14140 = VECTOR('',#14141,1.);
#14141 = DIRECTION('',(0.425488366354,-0.362881148187,0.829021665813));
#14142 = PLANE('',#14143);
#14143 = AXIS2_PLACEMENT_3D('',#14144,#14145,#14146);
#14144 = CARTESIAN_POINT('',(57.254140233994,38.839448612745,
    222.51413045165));
#14145 = DIRECTION('',(0.865382237342,-0.104811911499,-0.490028618043));
#14146 = DIRECTION('',(-0.492742613355,2.48640827627E-17,-0.870175107081
    ));
#14147 = ADVANCED_FACE('',(#14148),#14158,.T.);
#14148 = FACE_BOUND('',#14149,.T.);
#14149 = EDGE_LOOP('',(#14150,#14151,#14152));
#14150 = ORIENTED_EDGE('',*,*,#14137,.T.);
#14151 = ORIENTED_EDGE('',*,*,#12954,.T.);
#14152 = ORIENTED_EDGE('',*,*,#14153,.F.);
#14153 = EDGE_CURVE('',#14070,#11749,#14154,.T.);
#14154 = LINE('',#14155,#14156);
#14155 = CARTESIAN_POINT('',(57.15901184082,38.858200073242,
    222.34212458295));
#14156 = VECTOR('',#14157,1.);
#14157 = DIRECTION('',(0.,-1.,0.));
#14158 = PLANE('',#14159);
#14159 = AXIS2_PLACEMENT_3D('',#14160,#14161,#14162);
#14160 = CARTESIAN_POINT('',(57.198179155109,5.833089169891E-02,
    222.41843819033));
#14161 = DIRECTION('',(0.889665317891,0.,-0.456613208462));
#14162 = DIRECTION('',(-0.456613208462,0.,-0.889665317891));
#14163 = ADVANCED_FACE('',(#14164),#14181,.T.);
#14164 = FACE_BOUND('',#14165,.T.);
#14165 = EDGE_LOOP('',(#14166,#14167,#14175));
#14166 = ORIENTED_EDGE('',*,*,#11781,.F.);
#14167 = ORIENTED_EDGE('',*,*,#14168,.T.);
#14168 = EDGE_CURVE('',#11751,#14169,#14171,.T.);
#14169 = VERTEX_POINT('',#14170);
#14170 = CARTESIAN_POINT('',(57.175575256348,-39.22895431518,
    222.16290247601));
#14171 = LINE('',#14172,#14173);
#14172 = CARTESIAN_POINT('',(57.188041687012,-39.06450653076,
    222.30917322797));
#14173 = VECTOR('',#14174,1.);
#14174 = DIRECTION('',(-5.655259079678E-02,-0.745999276823,
    -0.663541169373));
#14175 = ORIENTED_EDGE('',*,*,#14176,.T.);
#14176 = EDGE_CURVE('',#14169,#11782,#14177,.T.);
#14177 = LINE('',#14178,#14179);
#14178 = CARTESIAN_POINT('',(57.175575256348,-39.22895431518,
    222.16290247601));
#14179 = VECTOR('',#14180,1.);
#14180 = DIRECTION('',(-0.455058955082,0.890461311568,0.));
#14181 = PLANE('',#14182);
#14182 = AXIS2_PLACEMENT_3D('',#14183,#14184,#14185);
#14183 = CARTESIAN_POINT('',(57.151431353688,-39.1185221372,
    222.21184521392));
#14184 = DIRECTION('',(0.767765108235,0.392356617141,-0.506550119498));
#14185 = DIRECTION('',(-0.550709786341,4.09146892698E-17,-0.834696789995
    ));
#14186 = ADVANCED_FACE('',(#14187),#14197,.T.);
#14187 = FACE_BOUND('',#14188,.T.);
#14188 = EDGE_LOOP('',(#14189,#14195,#14196));
#14189 = ORIENTED_EDGE('',*,*,#14190,.T.);
#14190 = EDGE_CURVE('',#14169,#12266,#14191,.T.);
#14191 = LINE('',#14192,#14193);
#14192 = CARTESIAN_POINT('',(57.175575256348,-39.22895431518,
    222.16290247601));
#14193 = VECTOR('',#14194,1.);
#14194 = DIRECTION('',(-0.821260768935,0.406765746002,-0.40009046138));
#14195 = ORIENTED_EDGE('',*,*,#12889,.F.);
#14196 = ORIENTED_EDGE('',*,*,#14176,.F.);
#14197 = PLANE('',#14198);
#14198 = AXIS2_PLACEMENT_3D('',#14199,#14200,#14201);
#14199 = CARTESIAN_POINT('',(57.059843911467,-39.13414830045,
    222.11901696304));
#14200 = DIRECTION('',(0.526197125206,0.268906364434,-0.806725450566));
#14201 = DIRECTION('',(0.837576471157,-1.820360017716E-17,0.546320103021
    ));
#14202 = ADVANCED_FACE('',(#14203),#14220,.T.);
#14203 = FACE_BOUND('',#14204,.T.);
#14204 = EDGE_LOOP('',(#14205,#14206,#14214));
#14205 = ORIENTED_EDGE('',*,*,#14168,.F.);
#14206 = ORIENTED_EDGE('',*,*,#14207,.T.);
#14207 = EDGE_CURVE('',#11751,#14208,#14210,.T.);
#14208 = VERTEX_POINT('',#14209);
#14209 = CARTESIAN_POINT('',(57.302314758301,-39.24186325073,
    222.29970514935));
#14210 = LINE('',#14211,#14212);
#14211 = CARTESIAN_POINT('',(57.188041687012,-39.06450653076,
    222.30917322797));
#14212 = VECTOR('',#14213,1.);
#14213 = DIRECTION('',(0.541078139748,-0.839776537298,
    -4.483095015535E-02));
#14214 = ORIENTED_EDGE('',*,*,#14215,.F.);
#14215 = EDGE_CURVE('',#14169,#14208,#14216,.T.);
#14216 = LINE('',#14217,#14218);
#14217 = CARTESIAN_POINT('',(57.175575256348,-39.22895431518,
    222.16290247601));
#14218 = VECTOR('',#14219,1.);
#14219 = DIRECTION('',(0.677988765391,-6.905592288959E-02,0.731821367218
    ));
#14220 = PLANE('',#14221);
#14221 = AXIS2_PLACEMENT_3D('',#14222,#14223,#14224);
#14222 = CARTESIAN_POINT('',(57.220711429794,-39.17573315529,
    222.25796114374));
#14223 = DIRECTION('',(0.67140617071,0.4634664283,-0.578284206746));
#14224 = DIRECTION('',(-0.652606655766,9.018222034536E-17,
    -0.757696873988));
#14225 = ADVANCED_FACE('',(#14226),#14243,.T.);
#14226 = FACE_BOUND('',#14227,.T.);
#14227 = EDGE_LOOP('',(#14228,#14229,#14237));
#14228 = ORIENTED_EDGE('',*,*,#14215,.T.);
#14229 = ORIENTED_EDGE('',*,*,#14230,.T.);
#14230 = EDGE_CURVE('',#14208,#14231,#14233,.T.);
#14231 = VERTEX_POINT('',#14232);
#14232 = CARTESIAN_POINT('',(57.315414428711,-39.36823654174,
    222.16290247601));
#14233 = LINE('',#14234,#14235);
#14234 = CARTESIAN_POINT('',(57.302314758301,-39.24186325073,
    222.29970514935));
#14235 = VECTOR('',#14236,1.);
#14236 = DIRECTION('',(7.016438565524E-02,-0.676879955733,
    -0.732741758407));
#14237 = ORIENTED_EDGE('',*,*,#14238,.T.);
#14238 = EDGE_CURVE('',#14231,#14169,#14239,.T.);
#14239 = LINE('',#14240,#14241);
#14240 = CARTESIAN_POINT('',(57.315414428711,-39.36823654174,
    222.16290247601));
#14241 = VECTOR('',#14242,1.);
#14242 = DIRECTION('',(-0.708516298572,0.70569444851,0.));
#14243 = PLANE('',#14244);
#14244 = AXIS2_PLACEMENT_3D('',#14245,#14246,#14247);
#14245 = CARTESIAN_POINT('',(57.264070435166,-39.28001984643,
    222.20766068072));
#14246 = DIRECTION('',(0.60860989576,0.611043535243,-0.506181580879));
#14247 = DIRECTION('',(0.708516298572,-0.70569444851,-2.927069020888E-17
    ));
#14248 = ADVANCED_FACE('',(#14249),#14264,.T.);
#14249 = FACE_BOUND('',#14250,.T.);
#14250 = EDGE_LOOP('',(#14251,#14257,#14263));
#14251 = ORIENTED_EDGE('',*,*,#14252,.T.);
#14252 = EDGE_CURVE('',#14231,#12290,#14253,.T.);
#14253 = LINE('',#14254,#14255);
#14254 = CARTESIAN_POINT('',(57.315414428711,-39.36823654174,
    222.16290247601));
#14255 = VECTOR('',#14256,1.);
#14256 = DIRECTION('',(-0.906867115214,0.132352358127,-0.400093599852));
#14257 = ORIENTED_EDGE('',*,*,#14258,.T.);
#14258 = EDGE_CURVE('',#12290,#14169,#14259,.T.);
#14259 = LINE('',#14260,#14261);
#14260 = CARTESIAN_POINT('',(57.039710998535,-39.32799911499,
    222.041267039));
#14261 = VECTOR('',#14262,1.);
#14262 = DIRECTION('',(0.65470745886,0.477280561035,0.586141117284));
#14263 = ORIENTED_EDGE('',*,*,#14238,.F.);
#14264 = PLANE('',#14265);
#14265 = AXIS2_PLACEMENT_3D('',#14266,#14267,#14268);
#14266 = CARTESIAN_POINT('',(57.176008279895,-39.31394395909,
    222.11901724531));
#14267 = DIRECTION('',(0.417016257282,0.418683774086,-0.806722590783));
#14268 = DIRECTION('',(-8.242683643589E-18,0.887582192165,0.460649380931
    ));
#14269 = ADVANCED_FACE('',(#14270),#14275,.T.);
#14270 = FACE_BOUND('',#14271,.T.);
#14271 = EDGE_LOOP('',(#14272,#14273,#14274));
#14272 = ORIENTED_EDGE('',*,*,#12289,.F.);
#14273 = ORIENTED_EDGE('',*,*,#14190,.F.);
#14274 = ORIENTED_EDGE('',*,*,#14258,.F.);
#14275 = PLANE('',#14276);
#14276 = AXIS2_PLACEMENT_3D('',#14277,#14278,#14279);
#14277 = CARTESIAN_POINT('',(57.043933257005,-39.21372378761,
    222.08211361602));
#14278 = DIRECTION('',(0.52619874528,0.268912777297,-0.806722256214));
#14279 = DIRECTION('',(0.837574711613,-5.972249132589E-18,0.54632280061)
  );
#14280 = ADVANCED_FACE('',(#14281),#14296,.T.);
#14281 = FACE_BOUND('',#14282,.T.);
#14282 = EDGE_LOOP('',(#14283,#14289,#14290));
#14283 = ORIENTED_EDGE('',*,*,#14284,.T.);
#14284 = EDGE_CURVE('',#14231,#11926,#14285,.T.);
#14285 = LINE('',#14286,#14287);
#14286 = CARTESIAN_POINT('',(57.315414428711,-39.36823654174,
    222.16290247601));
#14287 = VECTOR('',#14288,1.);
#14288 = DIRECTION('',(0.750021241482,5.522281506178E-02,0.659104375666)
  );
#14289 = ORIENTED_EDGE('',*,*,#11925,.F.);
#14290 = ORIENTED_EDGE('',*,*,#14291,.T.);
#14291 = EDGE_CURVE('',#11836,#14231,#14292,.T.);
#14292 = LINE('',#14293,#14294);
#14293 = CARTESIAN_POINT('',(57.491523742676,-39.45734786987,
    222.16290247601));
#14294 = VECTOR('',#14295,1.);
#14295 = DIRECTION('',(-0.89227544437,0.451491452161,0.));
#14296 = PLANE('',#14297);
#14297 = AXIS2_PLACEMENT_3D('',#14298,#14299,#14300);
#14298 = CARTESIAN_POINT('',(57.426593866697,-39.392119621,
    222.21198463363));
#14299 = DIRECTION('',(0.389105951228,0.76898396166,-0.507208266325));
#14300 = DIRECTION('',(7.839228092653E-18,-0.550599344221,
    -0.834769646156));
#14301 = ADVANCED_FACE('',(#14302),#14317,.T.);
#14302 = FACE_BOUND('',#14303,.T.);
#14303 = EDGE_LOOP('',(#14304,#14310,#14316));
#14304 = ORIENTED_EDGE('',*,*,#14305,.T.);
#14305 = EDGE_CURVE('',#11836,#12329,#14306,.T.);
#14306 = LINE('',#14307,#14308);
#14307 = CARTESIAN_POINT('',(57.491523742676,-39.45734786987,
    222.16290247601));
#14308 = VECTOR('',#14309,1.);
#14309 = DIRECTION('',(-0.903260691996,-0.155085599726,-0.400085714633)
  );
#14310 = ORIENTED_EDGE('',*,*,#14311,.T.);
#14311 = EDGE_CURVE('',#12329,#14231,#14312,.T.);
#14312 = LINE('',#14313,#14314);
#14313 = CARTESIAN_POINT('',(57.216911315918,-39.50449752807,
    222.041267039));
#14314 = VECTOR('',#14315,1.);
#14315 = DIRECTION('',(0.47466502119,0.656611980361,0.586134647419));
#14316 = ORIENTED_EDGE('',*,*,#14291,.F.);
#14317 = PLANE('',#14318);
#14318 = AXIS2_PLACEMENT_3D('',#14319,#14320,#14321);
#14319 = CARTESIAN_POINT('',(57.342153488514,-39.4489115128,
    222.11901717083));
#14320 = DIRECTION('',(0.266797759627,0.527268209372,-0.806726218022));
#14321 = DIRECTION('',(-5.322215275973E-17,0.837067800911,0.547099165305
    ));
#14322 = ADVANCED_FACE('',(#14323),#14333,.T.);
#14323 = FACE_BOUND('',#14324,.T.);
#14324 = EDGE_LOOP('',(#14325,#14326,#14332));
#14325 = ORIENTED_EDGE('',*,*,#14230,.F.);
#14326 = ORIENTED_EDGE('',*,*,#14327,.T.);
#14327 = EDGE_CURVE('',#14208,#11926,#14328,.T.);
#14328 = LINE('',#14329,#14330);
#14329 = CARTESIAN_POINT('',(57.302314758301,-39.24186325073,
    222.29970514935));
#14330 = VECTOR('',#14331,1.);
#14331 = DIRECTION('',(0.843499493497,-0.535194523769,4.555684578792E-02
    ));
#14332 = ORIENTED_EDGE('',*,*,#14284,.F.);
#14333 = PLANE('',#14334);
#14334 = AXIS2_PLACEMENT_3D('',#14335,#14336,#14337);
#14335 = CARTESIAN_POINT('',(57.369552511375,-39.32332922138,
    222.25814025189));
#14336 = DIRECTION('',(0.458963908133,0.674090820271,-0.578751844108));
#14337 = DIRECTION('',(-3.76727928852E-17,-0.651413860347,
    -0.758722599207));
#14338 = ADVANCED_FACE('',(#14339),#14344,.T.);
#14339 = FACE_BOUND('',#14340,.T.);
#14340 = EDGE_LOOP('',(#14341,#14342,#14343));
#14341 = ORIENTED_EDGE('',*,*,#12328,.F.);
#14342 = ORIENTED_EDGE('',*,*,#14252,.F.);
#14343 = ORIENTED_EDGE('',*,*,#14311,.F.);
#14344 = PLANE('',#14345);
#14345 = AXIS2_PLACEMENT_3D('',#14346,#14347,#14348);
#14346 = CARTESIAN_POINT('',(57.185530297866,-39.3945349757,
    222.08211381433));
#14347 = DIRECTION('',(0.417016834259,0.418675239582,-0.806726721825));
#14348 = DIRECTION('',(-5.075149290291E-17,0.887586995788,0.46064012516)
  );
#14349 = ADVANCED_FACE('',(#14350),#14355,.T.);
#14350 = FACE_BOUND('',#14351,.T.);
#14351 = EDGE_LOOP('',(#14352,#14353,#14354));
#14352 = ORIENTED_EDGE('',*,*,#12367,.F.);
#14353 = ORIENTED_EDGE('',*,*,#14305,.F.);
#14354 = ORIENTED_EDGE('',*,*,#12493,.F.);
#14355 = PLANE('',#14356);
#14356 = AXIS2_PLACEMENT_3D('',#14357,#14358,#14359);
#14357 = CARTESIAN_POINT('',(57.37617299365,-39.52258827621,
    222.08211357577));
#14358 = DIRECTION('',(0.266797691492,0.527268378748,-0.806726129853));
#14359 = DIRECTION('',(-2.455780869254E-17,0.837067693044,0.547099330344
    ));
#14360 = ADVANCED_FACE('',(#14361),#14378,.T.);
#14361 = FACE_BOUND('',#14362,.T.);
#14362 = EDGE_LOOP('',(#14363,#14371,#14377));
#14363 = ORIENTED_EDGE('',*,*,#14364,.T.);
#14364 = EDGE_CURVE('',#14208,#14365,#14367,.T.);
#14365 = VERTEX_POINT('',#14366);
#14366 = CARTESIAN_POINT('',(57.417518615723,-39.12621307373,
    222.57611048383));
#14367 = LINE('',#14368,#14369);
#14368 = CARTESIAN_POINT('',(57.302314758301,-39.24186325073,
    222.29970514935));
#14369 = VECTOR('',#14370,1.);
#14370 = DIRECTION('',(0.358880419358,0.360270783896,0.861051570391));
#14371 = ORIENTED_EDGE('',*,*,#14372,.T.);
#14372 = EDGE_CURVE('',#14365,#11926,#14373,.T.);
#14373 = LINE('',#14374,#14375);
#14374 = CARTESIAN_POINT('',(57.417518615723,-39.12621307373,
    222.57611048383));
#14375 = VECTOR('',#14376,1.);
#14376 = DIRECTION('',(0.180561075624,-0.641951115797,-0.745182167592));
#14377 = ORIENTED_EDGE('',*,*,#14327,.F.);
#14378 = PLANE('',#14379);
#14379 = AXIS2_PLACEMENT_3D('',#14380,#14381,#14382);
#14380 = CARTESIAN_POINT('',(57.40370943429,-39.23437741271,
    222.40798916155));
#14381 = DIRECTION('',(0.482639760382,0.717975500991,-0.501567584354));
#14382 = DIRECTION('',(1.508829356699E-17,-0.572684086168,
    -0.819776150818));
#14383 = ADVANCED_FACE('',(#14384),#14394,.T.);
#14384 = FACE_BOUND('',#14385,.T.);
#14385 = EDGE_LOOP('',(#14386,#14392,#14393));
#14386 = ORIENTED_EDGE('',*,*,#14387,.T.);
#14387 = EDGE_CURVE('',#14365,#11949,#14388,.T.);
#14388 = LINE('',#14389,#14390);
#14389 = CARTESIAN_POINT('',(57.417518615723,-39.12621307373,
    222.57611048383));
#14390 = VECTOR('',#14391,1.);
#14391 = DIRECTION('',(0.84491456117,-0.534839785255,8.111006752426E-03)
  );
#14392 = ORIENTED_EDGE('',*,*,#11948,.F.);
#14393 = ORIENTED_EDGE('',*,*,#14372,.F.);
#14394 = PLANE('',#14395);
#14395 = AXIS2_PLACEMENT_3D('',#14396,#14397,#14398);
#14396 = CARTESIAN_POINT('',(57.495287486289,-39.24724805979,
    222.47521209965));
#14397 = DIRECTION('',(0.463131743778,0.723878367562,-0.51137960155));
#14398 = DIRECTION('',(7.895024356692E-18,-0.576989381928,
    -0.816751647162));
#14399 = ADVANCED_FACE('',(#14400),#14415,.T.);
#14400 = FACE_BOUND('',#14401,.T.);
#14401 = EDGE_LOOP('',(#14402,#14408,#14414));
#14402 = ORIENTED_EDGE('',*,*,#14403,.T.);
#14403 = EDGE_CURVE('',#11751,#10869,#14404,.T.);
#14404 = LINE('',#14405,#14406);
#14405 = CARTESIAN_POINT('',(57.188041687012,-39.06450653076,
    222.30917322797));
#14406 = VECTOR('',#14407,1.);
#14407 = DIRECTION('',(0.366612229984,0.370320770228,0.853497510227));
#14408 = ORIENTED_EDGE('',*,*,#14409,.T.);
#14409 = EDGE_CURVE('',#10869,#14208,#14410,.T.);
#14410 = LINE('',#14411,#14412);
#14411 = CARTESIAN_POINT('',(57.303436279297,-38.94794464111,
    222.5778194682));
#14412 = VECTOR('',#14413,1.);
#14413 = DIRECTION('',(-2.771622120865E-03,-0.726362968675,
    -0.687305722258));
#14414 = ORIENTED_EDGE('',*,*,#14207,.F.);
#14415 = PLANE('',#14416);
#14416 = AXIS2_PLACEMENT_3D('',#14417,#14418,#14419);
#14417 = CARTESIAN_POINT('',(57.270455912887,-39.07813658618,
    222.4098794958));
#14418 = DIRECTION('',(0.708253806188,0.483783016933,-0.514130857415));
#14419 = DIRECTION('',(-0.587451920942,-3.970300366466E-18,
    -0.809259068891));
#14420 = ADVANCED_FACE('',(#14421),#14431,.T.);
#14421 = FACE_BOUND('',#14422,.T.);
#14422 = EDGE_LOOP('',(#14423,#14429,#14430));
#14423 = ORIENTED_EDGE('',*,*,#14424,.T.);
#14424 = EDGE_CURVE('',#10869,#14365,#14425,.T.);
#14425 = LINE('',#14426,#14427);
#14426 = CARTESIAN_POINT('',(57.303436279297,-38.94794464111,
    222.5778194682));
#14427 = VECTOR('',#14428,1.);
#14428 = DIRECTION('',(0.53900441403,-0.842264237158,-8.074432471262E-03
    ));
#14429 = ORIENTED_EDGE('',*,*,#14364,.F.);
#14430 = ORIENTED_EDGE('',*,*,#14409,.F.);
#14431 = PLANE('',#14432);
#14432 = AXIS2_PLACEMENT_3D('',#14433,#14434,#14435);
#14433 = CARTESIAN_POINT('',(57.335418105607,-39.11237312817,
    222.46967727863));
#14434 = DIRECTION('',(0.727315592545,0.470235621086,-0.499890477508));
#14435 = DIRECTION('',(-0.566421874537,1.927929317646E-17,
    -0.824115440971));
#14436 = ADVANCED_FACE('',(#14437),#14442,.T.);
#14437 = FACE_BOUND('',#14438,.T.);
#14438 = EDGE_LOOP('',(#14439,#14440,#14441));
#14439 = ORIENTED_EDGE('',*,*,#10876,.T.);
#14440 = ORIENTED_EDGE('',*,*,#14403,.F.);
#14441 = ORIENTED_EDGE('',*,*,#12932,.F.);
#14442 = PLANE('',#14443);
#14443 = AXIS2_PLACEMENT_3D('',#14444,#14445,#14446);
#14444 = CARTESIAN_POINT('',(57.262856730555,-38.91525479373,
    222.49771470776));
#14445 = DIRECTION('',(0.902198113933,8.255029403426E-02,-0.42334857053)
  );
#14446 = DIRECTION('',(-0.424798450183,1.836374310187E-18,
    -0.905287952379));
#14447 = ADVANCED_FACE('',(#14448),#14465,.T.);
#14448 = FACE_BOUND('',#14449,.T.);
#14449 = EDGE_LOOP('',(#14450,#14451,#14459));
#14450 = ORIENTED_EDGE('',*,*,#14007,.F.);
#14451 = ORIENTED_EDGE('',*,*,#14452,.T.);
#14452 = EDGE_CURVE('',#13906,#14453,#14455,.T.);
#14453 = VERTEX_POINT('',#14454);
#14454 = CARTESIAN_POINT('',(57.240005493164,39.304035186768,
    222.16290247601));
#14455 = LINE('',#14456,#14457);
#14456 = CARTESIAN_POINT('',(57.479820251465,39.355041503906,
    222.30917322797));
#14457 = VECTOR('',#14458,1.);
#14458 = DIRECTION('',(-0.839993772045,-0.178658682372,-0.5123392803));
#14459 = ORIENTED_EDGE('',*,*,#14460,.T.);
#14460 = EDGE_CURVE('',#14453,#13968,#14461,.T.);
#14461 = LINE('',#14462,#14463);
#14462 = CARTESIAN_POINT('',(57.240005493164,39.304035186768,
    222.16290247601));
#14463 = VECTOR('',#14464,1.);
#14464 = DIRECTION('',(0.8328624494,0.553480027083,0.));
#14465 = PLANE('',#14466);
#14466 = AXIS2_PLACEMENT_3D('',#14467,#14468,#14469);
#14467 = CARTESIAN_POINT('',(57.37897826883,39.361139274592,
    222.21048437452));
#14468 = DIRECTION('',(0.471032490851,-0.708797526344,-0.525104236519));
#14469 = DIRECTION('',(1.215638775084E-17,-0.595278080377,0.803519761439
    ));
#14470 = ADVANCED_FACE('',(#14471),#14481,.T.);
#14471 = FACE_BOUND('',#14472,.T.);
#14472 = EDGE_LOOP('',(#14473,#14479,#14480));
#14473 = ORIENTED_EDGE('',*,*,#14474,.T.);
#14474 = EDGE_CURVE('',#14453,#13380,#14475,.T.);
#14475 = LINE('',#14476,#14477);
#14476 = CARTESIAN_POINT('',(57.240005493164,39.304035186768,
    222.16290247601));
#14477 = VECTOR('',#14478,1.);
#14478 = DIRECTION('',(0.407677817926,0.842816256521,-0.351368118239));
#14479 = ORIENTED_EDGE('',*,*,#13990,.F.);
#14480 = ORIENTED_EDGE('',*,*,#14460,.F.);
#14481 = PLANE('',#14482);
#14482 = AXIS2_PLACEMENT_3D('',#14483,#14484,#14485);
#14483 = CARTESIAN_POINT('',(57.346991978922,39.443658771287,
    222.12080075489));
#14484 = DIRECTION('',(0.328568602338,-0.494421546486,-0.804729773233));
#14485 = DIRECTION('',(-9.254851196844E-18,0.852034645093,
    -0.523485399569));
#14486 = ADVANCED_FACE('',(#14487),#14504,.T.);
#14487 = FACE_BOUND('',#14488,.T.);
#14488 = EDGE_LOOP('',(#14489,#14490,#14498));
#14489 = ORIENTED_EDGE('',*,*,#14452,.F.);
#14490 = ORIENTED_EDGE('',*,*,#14491,.T.);
#14491 = EDGE_CURVE('',#13906,#14492,#14494,.T.);
#14492 = VERTEX_POINT('',#14493);
#14493 = CARTESIAN_POINT('',(57.302001953125,39.241474151611,
    222.29969751996));
#14494 = LINE('',#14495,#14496);
#14495 = CARTESIAN_POINT('',(57.479820251465,39.355041503906,
    222.30917322797));
#14496 = VECTOR('',#14497,1.);
#14497 = DIRECTION('',(-0.841931000141,-0.537716733282,
    -4.486541820804E-02));
#14498 = ORIENTED_EDGE('',*,*,#14499,.F.);
#14499 = EDGE_CURVE('',#14453,#14492,#14500,.T.);
#14500 = LINE('',#14501,#14502);
#14501 = CARTESIAN_POINT('',(57.240005493164,39.304035186768,
    222.16290247601));
#14502 = VECTOR('',#14503,1.);
#14503 = DIRECTION('',(0.381054617418,-0.384524718537,0.840796122362));
#14504 = PLANE('',#14505);
#14505 = AXIS2_PLACEMENT_3D('',#14506,#14507,#14508);
#14506 = CARTESIAN_POINT('',(57.347904397353,39.30550866233,
    222.25677641506));
#14507 = DIRECTION('',(0.474863558856,-0.698893202838,-0.534839126745));
#14508 = DIRECTION('',(-7.917822710253E-18,-0.607730692343,
    0.794143189597));
#14509 = ADVANCED_FACE('',(#14510),#14525,.T.);
#14510 = FACE_BOUND('',#14511,.T.);
#14511 = EDGE_LOOP('',(#14512,#14513,#14519));
#14512 = ORIENTED_EDGE('',*,*,#14499,.T.);
#14513 = ORIENTED_EDGE('',*,*,#14514,.T.);
#14514 = EDGE_CURVE('',#14492,#14047,#14515,.T.);
#14515 = LINE('',#14516,#14517);
#14516 = CARTESIAN_POINT('',(57.302001953125,39.241474151611,
    222.29969751996));
#14517 = VECTOR('',#14518,1.);
#14518 = DIRECTION('',(-0.710595885577,-0.506527672749,-0.488347421556)
  );
#14519 = ORIENTED_EDGE('',*,*,#14520,.T.);
#14520 = EDGE_CURVE('',#14047,#14453,#14521,.T.);
#14521 = LINE('',#14522,#14523);
#14522 = CARTESIAN_POINT('',(57.102951049805,39.099586486816,
    222.16290247601));
#14523 = VECTOR('',#14524,1.);
#14524 = DIRECTION('',(0.556822847098,0.830631276169,0.));
#14525 = PLANE('',#14526);
#14526 = AXIS2_PLACEMENT_3D('',#14527,#14528,#14529);
#14527 = CARTESIAN_POINT('',(57.20758481142,39.205846106804,
    222.20686414169));
#14528 = DIRECTION('',(0.702440776694,-0.470888930405,-0.533704572267));
#14529 = DIRECTION('',(-0.604975183383,2.650386998938E-16,
    -0.796244326504));
#14530 = ADVANCED_FACE('',(#14531),#14546,.T.);
#14531 = FACE_BOUND('',#14532,.T.);
#14532 = EDGE_LOOP('',(#14533,#14539,#14545));
#14533 = ORIENTED_EDGE('',*,*,#14534,.T.);
#14534 = EDGE_CURVE('',#14047,#13404,#14535,.T.);
#14535 = LINE('',#14536,#14537);
#14536 = CARTESIAN_POINT('',(57.102951049805,39.099586486816,
    222.16290247601));
#14537 = VECTOR('',#14538,1.);
#14538 = DIRECTION('',(5.315852087125E-02,0.934726031174,-0.351370770419
    ));
#14539 = ORIENTED_EDGE('',*,*,#14540,.T.);
#14540 = EDGE_CURVE('',#13404,#14453,#14541,.T.);
#14541 = LINE('',#14542,#14543);
#14542 = CARTESIAN_POINT('',(57.121353149414,39.423164367676,
    222.041267039));
#14543 = VECTOR('',#14544,1.);
#14544 = DIRECTION('',(0.571758305767,-0.574056074164,0.586133144859));
#14545 = ORIENTED_EDGE('',*,*,#14520,.F.);
#14546 = PLANE('',#14547);
#14547 = AXIS2_PLACEMENT_3D('',#14548,#14549,#14550);
#14548 = CARTESIAN_POINT('',(57.14818869119,39.269568099737,
    222.12080050577));
#14549 = DIRECTION('',(0.493090592311,-0.330548722839,-0.804735490459));
#14550 = DIRECTION('',(0.852664685965,-2.162067943032E-17,0.522458546976
    ));
#14551 = ADVANCED_FACE('',(#14552),#14557,.T.);
#14552 = FACE_BOUND('',#14553,.T.);
#14553 = EDGE_LOOP('',(#14554,#14555,#14556));
#14554 = ORIENTED_EDGE('',*,*,#13403,.F.);
#14555 = ORIENTED_EDGE('',*,*,#14474,.F.);
#14556 = ORIENTED_EDGE('',*,*,#14540,.F.);
#14557 = PLANE('',#14558);
#14558 = AXIS2_PLACEMENT_3D('',#14559,#14560,#14561);
#14559 = CARTESIAN_POINT('',(57.258052325693,39.450686460074,
    222.08016987974));
#14560 = DIRECTION('',(0.328560245207,-0.494419460802,-0.804734466797));
#14561 = DIRECTION('',(-1.123020046424E-17,0.852036991852,-0.52348157992
    ));
#14562 = ADVANCED_FACE('',(#14563),#14573,.T.);
#14563 = FACE_BOUND('',#14564,.T.);
#14564 = EDGE_LOOP('',(#14565,#14566,#14572));
#14565 = ORIENTED_EDGE('',*,*,#14514,.F.);
#14566 = ORIENTED_EDGE('',*,*,#14567,.T.);
#14567 = EDGE_CURVE('',#14492,#14092,#14568,.T.);
#14568 = LINE('',#14569,#14570);
#14569 = CARTESIAN_POINT('',(57.302001953125,39.241474151611,
    222.29969751996));
#14570 = VECTOR('',#14571,1.);
#14571 = DIRECTION('',(-0.538534825921,-0.841368965356,
    4.559062849513E-02));
#14572 = ORIENTED_EDGE('',*,*,#14091,.F.);
#14573 = PLANE('',#14574);
#14574 = AXIS2_PLACEMENT_3D('',#14575,#14576,#14577);
#14575 = CARTESIAN_POINT('',(57.201038352537,39.141235654514,
    222.25599832405));
#14576 = DIRECTION('',(0.70282313959,-0.478384171637,-0.52648667484));
#14577 = DIRECTION('',(-0.599540258763,-9.717362621837E-18,
    -0.800344599608));
#14578 = ADVANCED_FACE('',(#14579),#14584,.T.);
#14579 = FACE_BOUND('',#14580,.T.);
#14580 = EDGE_LOOP('',(#14581,#14582,#14583));
#14581 = ORIENTED_EDGE('',*,*,#13488,.F.);
#14582 = ORIENTED_EDGE('',*,*,#14534,.F.);
#14583 = ORIENTED_EDGE('',*,*,#14046,.F.);
#14584 = PLANE('',#14585);
#14585 = AXIS2_PLACEMENT_3D('',#14586,#14587,#14588);
#14586 = CARTESIAN_POINT('',(57.063358231543,39.241939879064,
    222.08017005684));
#14587 = DIRECTION('',(0.493092719835,-0.330548403155,-0.804734318156));
#14588 = DIRECTION('',(0.852663342686,-3.690911519627E-17,0.522460739232
    ));
#14589 = ADVANCED_FACE('',(#14590),#14607,.T.);
#14590 = FACE_BOUND('',#14591,.T.);
#14591 = EDGE_LOOP('',(#14592,#14600,#14606));
#14592 = ORIENTED_EDGE('',*,*,#14593,.T.);
#14593 = EDGE_CURVE('',#14492,#14594,#14596,.T.);
#14594 = VERTEX_POINT('',#14595);
#14595 = CARTESIAN_POINT('',(57.417205810547,39.125823974609,
    222.57611048383));
#14596 = LINE('',#14597,#14598);
#14597 = CARTESIAN_POINT('',(57.302001953125,39.241474151611,
    222.29969751996));
#14598 = VECTOR('',#14599,1.);
#14599 = DIRECTION('',(0.358873075159,-0.360263411245,0.861057716093));
#14600 = ORIENTED_EDGE('',*,*,#14601,.T.);
#14601 = EDGE_CURVE('',#14594,#14092,#14602,.T.);
#14602 = LINE('',#14603,#14604);
#14603 = CARTESIAN_POINT('',(57.417205810547,39.125823974609,
    222.57611048383));
#14604 = VECTOR('',#14605,1.);
#14605 = DIRECTION('',(-0.642682919754,-0.178059983041,-0.745153210485)
  );
#14606 = ORIENTED_EDGE('',*,*,#14567,.F.);
#14607 = PLANE('',#14608);
#14608 = AXIS2_PLACEMENT_3D('',#14609,#14610,#14611);
#14609 = CARTESIAN_POINT('',(57.309087999016,39.140052229682,
    222.4079865531));
#14610 = DIRECTION('',(0.716047026576,-0.485498017259,-0.501565878993));
#14611 = DIRECTION('',(-0.573717925801,-4.901043321111E-16,
    -0.819052954097));
#14612 = ADVANCED_FACE('',(#14613),#14623,.T.);
#14613 = FACE_BOUND('',#14614,.T.);
#14614 = EDGE_LOOP('',(#14615,#14621,#14622));
#14615 = ORIENTED_EDGE('',*,*,#14616,.T.);
#14616 = EDGE_CURVE('',#14594,#11289,#14617,.T.);
#14617 = LINE('',#14618,#14619);
#14618 = CARTESIAN_POINT('',(57.417205810547,39.125823974609,
    222.57611048383));
#14619 = VECTOR('',#14620,1.);
#14620 = DIRECTION('',(-0.538244985124,-0.842749398046,
    8.110985309278E-03));
#14621 = ORIENTED_EDGE('',*,*,#14114,.F.);
#14622 = ORIENTED_EDGE('',*,*,#14601,.F.);
#14623 = PLANE('',#14624);
#14624 = AXIS2_PLACEMENT_3D('',#14625,#14626,#14627);
#14625 = CARTESIAN_POINT('',(57.295853967712,39.048531826675,
    222.47521195018));
#14626 = DIRECTION('',(0.722014279889,-0.46605573009,-0.511358422329));
#14627 = DIRECTION('',(-0.577965890207,4.264220707183E-17,
    -0.816060922822));
#14628 = ADVANCED_FACE('',(#14629),#14646,.T.);
#14629 = FACE_BOUND('',#14630,.T.);
#14630 = EDGE_LOOP('',(#14631,#14639,#14645));
#14631 = ORIENTED_EDGE('',*,*,#14632,.T.);
#14632 = EDGE_CURVE('',#13906,#14633,#14635,.T.);
#14633 = VERTEX_POINT('',#14634);
#14634 = CARTESIAN_POINT('',(57.595939636231,39.239189147949,
    222.5778194682));
#14635 = LINE('',#14636,#14637);
#14636 = CARTESIAN_POINT('',(57.479820251465,39.355041503906,
    222.30917322797));
#14637 = VECTOR('',#14638,1.);
#14638 = DIRECTION('',(0.368909530638,-0.368061184148,0.853485045521));
#14639 = ORIENTED_EDGE('',*,*,#14640,.T.);
#14640 = EDGE_CURVE('',#14633,#14492,#14641,.T.);
#14641 = LINE('',#14642,#14643);
#14642 = CARTESIAN_POINT('',(57.59593963623,39.239189147949,
    222.5778194682));
#14643 = VECTOR('',#14644,1.);
#14644 = DIRECTION('',(-0.726367031839,5.646609547481E-03,
    -0.687283821182));
#14645 = ORIENTED_EDGE('',*,*,#14491,.F.);
#14646 = PLANE('',#14647);
#14647 = AXIS2_PLACEMENT_3D('',#14648,#14649,#14650);
#14648 = CARTESIAN_POINT('',(57.465865719116,39.272683351467,
    222.40987699845));
#14649 = DIRECTION('',(0.480959417477,-0.710164514029,-0.514144339416));
#14650 = DIRECTION('',(-2.690947555186E-17,-0.586425466521,0.81000319272
    ));
#14651 = ADVANCED_FACE('',(#14652),#14662,.T.);
#14652 = FACE_BOUND('',#14653,.T.);
#14653 = EDGE_LOOP('',(#14654,#14660,#14661));
#14654 = ORIENTED_EDGE('',*,*,#14655,.T.);
#14655 = EDGE_CURVE('',#14633,#14594,#14656,.T.);
#14656 = LINE('',#14657,#14658);
#14657 = CARTESIAN_POINT('',(57.59593963623,39.239189147949,
    222.5778194682));
#14658 = VECTOR('',#14659,1.);
#14659 = DIRECTION('',(-0.844434526203,-0.535597926532,
    -8.074159468541E-03));
#14660 = ORIENTED_EDGE('',*,*,#14593,.F.);
#14661 = ORIENTED_EDGE('',*,*,#14640,.F.);
#14662 = PLANE('',#14663);
#14663 = AXIS2_PLACEMENT_3D('',#14664,#14665,#14666);
#14664 = CARTESIAN_POINT('',(57.431372048358,39.207861946126,
    222.46967413039));
#14665 = DIRECTION('',(0.467301262866,-0.729221124365,-0.499866063565));
#14666 = DIRECTION('',(-1.770749746434E-17,-0.56539657557,0.824819199785
    ));
#14667 = ADVANCED_FACE('',(#14668),#14678,.T.);
#14668 = FACE_BOUND('',#14669,.T.);
#14669 = EDGE_LOOP('',(#14670,#14676,#14677));
#14670 = ORIENTED_EDGE('',*,*,#14671,.T.);
#14671 = EDGE_CURVE('',#13929,#14633,#14672,.T.);
#14672 = LINE('',#14673,#14674);
#14673 = CARTESIAN_POINT('',(57.818984985352,39.226276397705,
    222.64692652387));
#14674 = VECTOR('',#14675,1.);
#14675 = DIRECTION('',(-0.953744955393,5.521509618615E-02,
    -0.295502712706));
#14676 = ORIENTED_EDGE('',*,*,#14632,.F.);
#14677 = ORIENTED_EDGE('',*,*,#13936,.F.);
#14678 = PLANE('',#14679);
#14679 = AXIS2_PLACEMENT_3D('',#14680,#14681,#14682);
#14680 = CARTESIAN_POINT('',(57.628790392554,39.279632850215,
    222.49771567826));
#14681 = DIRECTION('',(7.890908355444E-02,-0.902536378954,
    -0.423321912022));
#14682 = DIRECTION('',(3.499252754213E-18,-0.424646036186,0.905359455659
    ));
#14683 = ADVANCED_FACE('',(#14684),#14701,.T.);
#14684 = FACE_BOUND('',#14685,.T.);
#14685 = EDGE_LOOP('',(#14686,#14687,#14695));
#14686 = ORIENTED_EDGE('',*,*,#13233,.F.);
#14687 = ORIENTED_EDGE('',*,*,#14688,.T.);
#14688 = EDGE_CURVE('',#13203,#14689,#14691,.T.);
#14689 = VERTEX_POINT('',#14690);
#14690 = CARTESIAN_POINT('',(78.812568664551,38.940116882324,
    222.16290247601));
#14691 = LINE('',#14692,#14693);
#14692 = CARTESIAN_POINT('',(78.796943664551,38.777690887451,
    222.31049311322));
#14693 = VECTOR('',#14694,1.);
#14694 = DIRECTION('',(7.101587499199E-02,0.738228745431,-0.67080180748)
  );
#14695 = ORIENTED_EDGE('',*,*,#14696,.T.);
#14696 = EDGE_CURVE('',#14689,#13234,#14697,.T.);
#14697 = LINE('',#14698,#14699);
#14698 = CARTESIAN_POINT('',(78.812568664551,38.940116882324,
    222.16290247601));
#14699 = VECTOR('',#14700,1.);
#14700 = DIRECTION('',(0.44763060625,-0.894218564081,0.));
#14701 = PLANE('',#14702);
#14702 = AXIS2_PLACEMENT_3D('',#14703,#14704,#14705);
#14703 = CARTESIAN_POINT('',(78.834628824084,38.830839176273,
    222.21260410746));
#14704 = DIRECTION('',(-0.771074770523,-0.385986917357,-0.506416624818)
  );
#14705 = DIRECTION('',(-0.54895857914,-3.955396297879E-18,0.835849554877
    ));
#14706 = ADVANCED_FACE('',(#14707),#14717,.T.);
#14707 = FACE_BOUND('',#14708,.T.);
#14708 = EDGE_LOOP('',(#14709,#14715,#14716));
#14709 = ORIENTED_EDGE('',*,*,#14710,.T.);
#14710 = EDGE_CURVE('',#14689,#13256,#14711,.T.);
#14711 = LINE('',#14712,#14713);
#14712 = CARTESIAN_POINT('',(78.812568664551,38.940116882324,
    222.16290247601));
#14713 = VECTOR('',#14714,1.);
#14714 = DIRECTION('',(0.819922182992,-0.405743436915,-0.403856258139));
#14715 = ORIENTED_EDGE('',*,*,#13682,.F.);
#14716 = ORIENTED_EDGE('',*,*,#14696,.F.);
#14717 = PLANE('',#14718);
#14718 = AXIS2_PLACEMENT_3D('',#14719,#14720,#14721);
#14719 = CARTESIAN_POINT('',(78.92676182031,38.846344172518,
    222.11886943212));
#14720 = DIRECTION('',(-0.5282758897,-0.264445926614,-0.806841332765));
#14721 = DIRECTION('',(0.836624743391,-4.562707690552E-18,
    -0.547776449609));
#14722 = ADVANCED_FACE('',(#14723),#14740,.T.);
#14723 = FACE_BOUND('',#14724,.T.);
#14724 = EDGE_LOOP('',(#14725,#14726,#14734));
#14725 = ORIENTED_EDGE('',*,*,#14688,.F.);
#14726 = ORIENTED_EDGE('',*,*,#14727,.T.);
#14727 = EDGE_CURVE('',#13203,#14728,#14730,.T.);
#14728 = VERTEX_POINT('',#14729);
#14729 = CARTESIAN_POINT('',(78.686531066895,38.952861785889,
    222.30134546918));
#14730 = LINE('',#14731,#14732);
#14731 = CARTESIAN_POINT('',(78.796943664551,38.777690887451,
    222.31049311322));
#14732 = VECTOR('',#14733,1.);
#14733 = DIRECTION('',(-0.532707972671,0.845147529888,
    -4.413466412609E-02));
#14734 = ORIENTED_EDGE('',*,*,#14735,.F.);
#14735 = EDGE_CURVE('',#14689,#14728,#14736,.T.);
#14736 = LINE('',#14737,#14738);
#14737 = CARTESIAN_POINT('',(78.812568664551,38.940116882324,
    222.16290247601));
#14738 = VECTOR('',#14739,1.);
#14739 = DIRECTION('',(-0.671645561832,6.791670163687E-02,0.737753048729
    ));
#14740 = PLANE('',#14741);
#14741 = AXIS2_PLACEMENT_3D('',#14742,#14743,#14744);
#14742 = CARTESIAN_POINT('',(78.766668997546,38.887779151888,
    222.25863318028));
#14743 = DIRECTION('',(-0.678110776687,-0.4574618892,-0.575234208363));
#14744 = DIRECTION('',(-0.646890801888,3.761859930481E-17,0.762582644985
    ));
#14745 = ADVANCED_FACE('',(#14746),#14763,.T.);
#14746 = FACE_BOUND('',#14747,.T.);
#14747 = EDGE_LOOP('',(#14748,#14749,#14757));
#14748 = ORIENTED_EDGE('',*,*,#14735,.T.);
#14749 = ORIENTED_EDGE('',*,*,#14750,.T.);
#14750 = EDGE_CURVE('',#14728,#14751,#14753,.T.);
#14751 = VERTEX_POINT('',#14752);
#14752 = CARTESIAN_POINT('',(78.677101135254,39.078857421875,
    222.16290247601));
#14753 = LINE('',#14754,#14755);
#14754 = CARTESIAN_POINT('',(78.686531066895,38.952861785889,
    222.30134546918));
#14755 = VECTOR('',#14756,1.);
#14756 = DIRECTION('',(-5.031155033298E-02,0.672224998361,
    -0.738635430698));
#14757 = ORIENTED_EDGE('',*,*,#14758,.T.);
#14758 = EDGE_CURVE('',#14751,#14689,#14759,.T.);
#14759 = LINE('',#14760,#14761);
#14760 = CARTESIAN_POINT('',(78.677101135254,39.078857421875,
    222.16290247601));
#14761 = VECTOR('',#14762,1.);
#14762 = DIRECTION('',(0.698616827406,-0.715496001711,0.));
#14763 = PLANE('',#14764);
#14764 = AXIS2_PLACEMENT_3D('',#14765,#14766,#14767);
#14765 = CARTESIAN_POINT('',(78.725631047749,38.990809521437,
    222.20853388449));
#14766 = DIRECTION('',(-0.617024738329,-0.602468586955,-0.50627272692));
#14767 = DIRECTION('',(0.698616827406,-0.715496001711,
    -3.375929227456E-17));
#14768 = ADVANCED_FACE('',(#14769),#14784,.T.);
#14769 = FACE_BOUND('',#14770,.T.);
#14770 = EDGE_LOOP('',(#14771,#14777,#14783));
#14771 = ORIENTED_EDGE('',*,*,#14772,.T.);
#14772 = EDGE_CURVE('',#14751,#13280,#14773,.T.);
#14773 = LINE('',#14774,#14775);
#14774 = CARTESIAN_POINT('',(78.677101135254,39.078857421875,
    222.16290247601));
#14775 = VECTOR('',#14776,1.);
#14776 = DIRECTION('',(0.904529998249,-0.136839673198,-0.403856888151));
#14777 = ORIENTED_EDGE('',*,*,#14778,.T.);
#14778 = EDGE_CURVE('',#13280,#14689,#14779,.T.);
#14779 = LINE('',#14780,#14781);
#14780 = CARTESIAN_POINT('',(78.949531555176,39.037643432617,
    222.041267039));
#14781 = VECTOR('',#14782,1.);
#14782 = DIRECTION('',(-0.659991685035,-0.469957314494,0.586132321441));
#14783 = ORIENTED_EDGE('',*,*,#14758,.F.);
#14784 = PLANE('',#14785);
#14785 = AXIS2_PLACEMENT_3D('',#14786,#14787,#14788);
#14786 = CARTESIAN_POINT('',(78.814422417198,39.024303712249,
    222.11886927917));
#14787 = DIRECTION('',(-0.422681417092,-0.412709994055,-0.806852452715)
  );
#14788 = DIRECTION('',(0.885811490548,3.744477904574E-17,-0.464045259875
    ));
#14789 = ADVANCED_FACE('',(#14790),#14795,.T.);
#14790 = FACE_BOUND('',#14791,.T.);
#14791 = EDGE_LOOP('',(#14792,#14793,#14794));
#14792 = ORIENTED_EDGE('',*,*,#13279,.F.);
#14793 = ORIENTED_EDGE('',*,*,#14710,.F.);
#14794 = ORIENTED_EDGE('',*,*,#14778,.F.);
#14795 = PLANE('',#14796);
#14796 = AXIS2_PLACEMENT_3D('',#14797,#14798,#14799);
#14797 = CARTESIAN_POINT('',(78.943220483492,38.925118257232,
    222.08227618905));
#14798 = DIRECTION('',(-0.528270382811,-0.264424084256,-0.806852096924)
  );
#14799 = DIRECTION('',(0.836630709289,7.023201446571E-18,-0.547767337722
    ));
#14800 = ADVANCED_FACE('',(#14801),#14816,.T.);
#14801 = FACE_BOUND('',#14802,.T.);
#14802 = EDGE_LOOP('',(#14803,#14809,#14810));
#14803 = ORIENTED_EDGE('',*,*,#14804,.T.);
#14804 = EDGE_CURVE('',#14751,#13093,#14805,.T.);
#14805 = LINE('',#14806,#14807);
#14806 = CARTESIAN_POINT('',(78.677101135254,39.078857421875,
    222.16290247601));
#14807 = VECTOR('',#14808,1.);
#14808 = DIRECTION('',(-0.743703178923,-4.92945957712E-02,0.666690051289
    ));
#14809 = ORIENTED_EDGE('',*,*,#13092,.F.);
#14810 = ORIENTED_EDGE('',*,*,#14811,.T.);
#14811 = EDGE_CURVE('',#13001,#14751,#14812,.T.);
#14812 = LINE('',#14813,#14814);
#14813 = CARTESIAN_POINT('',(78.505813598633,39.169757843018,
    222.16290247601));
#14814 = VECTOR('',#14815,1.);
#14815 = DIRECTION('',(0.883320926932,-0.468768749006,0.));
#14816 = PLANE('',#14817);
#14817 = AXIS2_PLACEMENT_3D('',#14818,#14819,#14820);
#14818 = CARTESIAN_POINT('',(78.567772786814,39.103694109477,
    222.21273144987));
#14819 = DIRECTION('',(-0.404048581663,-0.761365958027,-0.50701737802));
#14820 = DIRECTION('',(1.198840602581E-16,-0.554276350262,0.832332702434
    ));
#14821 = ADVANCED_FACE('',(#14822),#14837,.T.);
#14822 = FACE_BOUND('',#14823,.T.);
#14823 = EDGE_LOOP('',(#14824,#14830,#14836));
#14824 = ORIENTED_EDGE('',*,*,#14825,.T.);
#14825 = EDGE_CURVE('',#13001,#13319,#14826,.T.);
#14826 = LINE('',#14827,#14828);
#14827 = CARTESIAN_POINT('',(78.505813598633,39.169757843018,
    222.16290247601));
#14828 = VECTOR('',#14829,1.);
#14829 = DIRECTION('',(0.90324934211,0.145070081953,-0.403850587842));
#14830 = ORIENTED_EDGE('',*,*,#14831,.T.);
#14831 = EDGE_CURVE('',#13319,#14751,#14832,.T.);
#14832 = LINE('',#14833,#14834);
#14833 = CARTESIAN_POINT('',(78.777862548828,39.213451385498,
    222.041267039));
#14834 = VECTOR('',#14835,1.);
#14835 = DIRECTION('',(-0.485555861163,-0.648590423617,0.586145006021));
#14836 = ORIENTED_EDGE('',*,*,#14811,.F.);
#14837 = PLANE('',#14838);
#14838 = AXIS2_PLACEMENT_3D('',#14839,#14840,#14841);
#14839 = CARTESIAN_POINT('',(78.653228459388,39.15960795847,
    222.11886958414));
#14840 = DIRECTION('',(-0.276933737392,-0.52183804089,-0.806841226124));
#14841 = DIRECTION('',(5.682386952552E-19,0.839682014188,-0.54307836916)
  );
#14842 = ADVANCED_FACE('',(#14843),#14853,.T.);
#14843 = FACE_BOUND('',#14844,.T.);
#14844 = EDGE_LOOP('',(#14845,#14846,#14852));
#14845 = ORIENTED_EDGE('',*,*,#14750,.F.);
#14846 = ORIENTED_EDGE('',*,*,#14847,.T.);
#14847 = EDGE_CURVE('',#14728,#13093,#14848,.T.);
#14848 = LINE('',#14849,#14850);
#14849 = CARTESIAN_POINT('',(78.686531066895,38.952861785889,
    222.30134546918));
#14850 = VECTOR('',#14851,1.);
#14851 = DIRECTION('',(-0.833732135043,0.550347866803,4.481018302837E-02
    ));
#14852 = ORIENTED_EDGE('',*,*,#14804,.F.);
#14853 = PLANE('',#14854);
#14854 = AXIS2_PLACEMENT_3D('',#14855,#14856,#14857);
#14855 = CARTESIAN_POINT('',(78.62267691782,39.034644451003,
    222.25879862757));
#14856 = DIRECTION('',(-0.471788383772,-0.667849168161,-0.575667620702)
  );
#14857 = DIRECTION('',(-8.701556151898E-18,-0.65289770683,0.757446093406
    ));
#14858 = ADVANCED_FACE('',(#14859),#14864,.T.);
#14859 = FACE_BOUND('',#14860,.T.);
#14860 = EDGE_LOOP('',(#14861,#14862,#14863));
#14861 = ORIENTED_EDGE('',*,*,#13318,.F.);
#14862 = ORIENTED_EDGE('',*,*,#14772,.F.);
#14863 = ORIENTED_EDGE('',*,*,#14831,.F.);
#14864 = PLANE('',#14865);
#14865 = AXIS2_PLACEMENT_3D('',#14866,#14867,#14868);
#14866 = CARTESIAN_POINT('',(78.806115357527,39.104349095904,
    222.08227600706));
#14867 = DIRECTION('',(-0.42268021124,-0.412729291692,-0.806843213274));
#14868 = DIRECTION('',(0.885809850401,3.096565242085E-17,-0.464048390723
    ));
#14869 = ADVANCED_FACE('',(#14870),#14875,.T.);
#14870 = FACE_BOUND('',#14871,.T.);
#14871 = EDGE_LOOP('',(#14872,#14873,#14874));
#14872 = ORIENTED_EDGE('',*,*,#13357,.F.);
#14873 = ORIENTED_EDGE('',*,*,#14825,.F.);
#14874 = ORIENTED_EDGE('',*,*,#13757,.F.);
#14875 = PLANE('',#14876);
#14876 = AXIS2_PLACEMENT_3D('',#14877,#14878,#14879);
#14877 = CARTESIAN_POINT('',(78.620943324181,39.233322501596,
    222.08227613802));
#14878 = DIRECTION('',(-0.276940939559,-0.521819570786,-0.80685069966));
#14879 = DIRECTION('',(1.368840332145E-17,0.83969368725,-0.5430603204));
#14880 = ADVANCED_FACE('',(#14881),#14898,.T.);
#14881 = FACE_BOUND('',#14882,.T.);
#14882 = EDGE_LOOP('',(#14883,#14891,#14897));
#14883 = ORIENTED_EDGE('',*,*,#14884,.T.);
#14884 = EDGE_CURVE('',#14728,#14885,#14887,.T.);
#14885 = VERTEX_POINT('',#14886);
#14886 = CARTESIAN_POINT('',(78.571144104004,38.840209960938,
    222.57662165326));
#14887 = LINE('',#14888,#14889);
#14888 = CARTESIAN_POINT('',(78.686531066895,38.952861785889,
    222.30134546918));
#14889 = VECTOR('',#14890,1.);
#14890 = DIRECTION('',(-0.361678077717,-0.353104843728,0.862847574856));
#14891 = ORIENTED_EDGE('',*,*,#14892,.T.);
#14892 = EDGE_CURVE('',#14885,#13093,#14893,.T.);
#14893 = LINE('',#14894,#14895);
#14894 = CARTESIAN_POINT('',(78.571144104004,38.840209960938,
    222.57662165326));
#14895 = VECTOR('',#14896,1.);
#14896 = DIRECTION('',(-0.165991837693,0.64143466799,-0.749004857474));
#14897 = ORIENTED_EDGE('',*,*,#14847,.F.);
#14898 = PLANE('',#14899);
#14899 = AXIS2_PLACEMENT_3D('',#14900,#14901,#14902);
#14900 = CARTESIAN_POINT('',(78.586824479671,38.946620183748,
    222.40938998724));
#14901 = DIRECTION('',(-0.495994765625,-0.710780241961,-0.498779149635)
  );
#14902 = DIRECTION('',(-3.916689140689E-17,-0.57441494406,0.818564274837
    ));
#14903 = ADVANCED_FACE('',(#14904),#14914,.T.);
#14904 = FACE_BOUND('',#14905,.T.);
#14905 = EDGE_LOOP('',(#14906,#14912,#14913));
#14906 = ORIENTED_EDGE('',*,*,#14907,.T.);
#14907 = EDGE_CURVE('',#14885,#13116,#14908,.T.);
#14908 = LINE('',#14909,#14910);
#14909 = CARTESIAN_POINT('',(78.571144104004,38.840209960938,
    222.57662165326));
#14910 = VECTOR('',#14911,1.);
#14911 = DIRECTION('',(-0.835066035788,0.550086975454,8.30874896927E-03)
  );
#14912 = ORIENTED_EDGE('',*,*,#13115,.F.);
#14913 = ORIENTED_EDGE('',*,*,#14892,.F.);
#14914 = PLANE('',#14915);
#14915 = AXIS2_PLACEMENT_3D('',#14916,#14917,#14918);
#14916 = CARTESIAN_POINT('',(78.497178180201,38.960981942719,
    222.47571439547));
#14917 = DIRECTION('',(-0.477304741485,-0.716902575296,-0.508164226692)
  );
#14918 = DIRECTION('',(1.148978900534E-16,-0.578288775209,0.815832147238
    ));
#14919 = ADVANCED_FACE('',(#14920),#14935,.T.);
#14920 = FACE_BOUND('',#14921,.T.);
#14921 = EDGE_LOOP('',(#14922,#14928,#14934));
#14922 = ORIENTED_EDGE('',*,*,#14923,.T.);
#14923 = EDGE_CURVE('',#13203,#10768,#14924,.T.);
#14924 = LINE('',#14925,#14926);
#14925 = CARTESIAN_POINT('',(78.796943664551,38.777690887451,
    222.31049311322));
#14926 = VECTOR('',#14927,1.);
#14927 = DIRECTION('',(-0.369448641881,-0.362196664383,0.855757721158));
#14928 = ORIENTED_EDGE('',*,*,#14929,.T.);
#14929 = EDGE_CURVE('',#10768,#14728,#14930,.T.);
#14930 = LINE('',#14931,#14932);
#14931 = CARTESIAN_POINT('',(78.681312561035,38.664329528809,
    222.57833063764));
#14932 = VECTOR('',#14933,1.);
#14933 = DIRECTION('',(1.304631032184E-02,0.721333167992,-0.692465345372
    ));
#14934 = ORIENTED_EDGE('',*,*,#14727,.F.);
#14935 = PLANE('',#14936);
#14936 = AXIS2_PLACEMENT_3D('',#14937,#14938,#14939);
#14937 = CARTESIAN_POINT('',(78.715719610071,38.791573365539,
    222.41123124161));
#14938 = DIRECTION('',(-0.71503127996,-0.477365278252,-0.510737368711));
#14939 = DIRECTION('',(-0.581238751485,2.196273571651E-19,0.813733072802
    ));
#14940 = ADVANCED_FACE('',(#14941),#14951,.T.);
#14941 = FACE_BOUND('',#14942,.T.);
#14942 = EDGE_LOOP('',(#14943,#14949,#14950));
#14943 = ORIENTED_EDGE('',*,*,#14944,.T.);
#14944 = EDGE_CURVE('',#10768,#14885,#14945,.T.);
#14945 = LINE('',#14946,#14947);
#14946 = CARTESIAN_POINT('',(78.681312561035,38.664329528809,
    222.57833063764));
#14947 = VECTOR('',#14948,1.);
#14948 = DIRECTION('',(-0.530823312678,0.847442508807,
    -8.234378257609E-03));
#14949 = ORIENTED_EDGE('',*,*,#14884,.F.);
#14950 = ORIENTED_EDGE('',*,*,#14929,.F.);
#14951 = PLANE('',#14952);
#14952 = AXIS2_PLACEMENT_3D('',#14953,#14954,#14955);
#14953 = CARTESIAN_POINT('',(78.652032814424,38.826258300505,
    222.47037331097));
#14954 = DIRECTION('',(-0.733115296044,-0.464041882051,-0.497199250209)
  );
#14955 = DIRECTION('',(-0.561291270549,2.034946879821E-17,0.827618335712
    ));
#14956 = ADVANCED_FACE('',(#14957),#14962,.T.);
#14957 = FACE_BOUND('',#14958,.T.);
#14958 = EDGE_LOOP('',(#14959,#14960,#14961));
#14959 = ORIENTED_EDGE('',*,*,#10775,.T.);
#14960 = ORIENTED_EDGE('',*,*,#14923,.F.);
#14961 = ORIENTED_EDGE('',*,*,#13725,.F.);
#14962 = PLANE('',#14963);
#14963 = AXIS2_PLACEMENT_3D('',#14964,#14965,#14966);
#14964 = CARTESIAN_POINT('',(78.72183409405,38.632094255317,
    222.4981145512));
#14965 = DIRECTION('',(-0.902312605726,-8.030530675786E-02,
    -0.42353632578));
#14966 = DIRECTION('',(-0.424908647539,1.050220606305E-17,0.90523623505)
  );
#14967 = ADVANCED_FACE('',(#14968),#14985,.T.);
#14968 = FACE_BOUND('',#14969,.T.);
#14969 = EDGE_LOOP('',(#14970,#14971,#14979));
#14970 = ORIENTED_EDGE('',*,*,#12736,.F.);
#14971 = ORIENTED_EDGE('',*,*,#14972,.T.);
#14972 = EDGE_CURVE('',#12635,#14973,#14975,.T.);
#14973 = VERTEX_POINT('',#14974);
#14974 = CARTESIAN_POINT('',(78.750205993653,-39.01472091674,
    222.16290247601));
#14975 = LINE('',#14976,#14977);
#14976 = CARTESIAN_POINT('',(78.514343261719,-39.06708526611,
    222.31049311322));
#14977 = VECTOR('',#14978,1.);
#14978 = DIRECTION('',(0.833087522851,0.184955400715,-0.521302866879));
#14979 = ORIENTED_EDGE('',*,*,#14980,.T.);
#14980 = EDGE_CURVE('',#14973,#12697,#14981,.T.);
#14981 = LINE('',#14982,#14983);
#14982 = CARTESIAN_POINT('',(78.750205993652,-39.01472091674,
    222.16290247601));
#14983 = VECTOR('',#14984,1.);
#14984 = DIRECTION('',(-0.823099138339,-0.567897709509,-0.));
#14985 = PLANE('',#14986);
#14986 = AXIS2_PLACEMENT_3D('',#14987,#14988,#14989);
#14987 = CARTESIAN_POINT('',(78.613837304544,-39.072711383,
    222.21117321851));
#14988 = DIRECTION('',(-0.483625776844,0.700957150439,-0.524180485349));
#14989 = DIRECTION('',(-4.494980128754E-17,-0.598875278981,
    -0.800842306716));
#14990 = ADVANCED_FACE('',(#14991),#15001,.T.);
#14991 = FACE_BOUND('',#14992,.T.);
#14992 = EDGE_LOOP('',(#14993,#14999,#15000));
#14993 = ORIENTED_EDGE('',*,*,#14994,.T.);
#14994 = EDGE_CURVE('',#14973,#12034,#14995,.T.);
#14995 = LINE('',#14996,#14997);
#14996 = CARTESIAN_POINT('',(78.750205993652,-39.01472091674,
    222.16290247601));
#14997 = VECTOR('',#14998,1.);
#14998 = DIRECTION('',(-0.385463059533,-0.851562450341,-0.355330301135)
  );
#14999 = ORIENTED_EDGE('',*,*,#12719,.F.);
#15000 = ORIENTED_EDGE('',*,*,#14980,.F.);
#15001 = PLANE('',#15002);
#15002 = AXIS2_PLACEMENT_3D('',#15003,#15004,#15005);
#15003 = CARTESIAN_POINT('',(78.647891337878,-39.1549265211,
    222.12066323914));
#15004 = DIRECTION('',(-0.3369747571,0.488404210066,-0.8049281587));
#15005 = DIRECTION('',(-3.885428603155E-17,0.85492985841,0.518743614129)
  );
#15006 = ADVANCED_FACE('',(#15007),#15024,.T.);
#15007 = FACE_BOUND('',#15008,.T.);
#15008 = EDGE_LOOP('',(#15009,#15010,#15018));
#15009 = ORIENTED_EDGE('',*,*,#14972,.F.);
#15010 = ORIENTED_EDGE('',*,*,#15011,.T.);
#15011 = EDGE_CURVE('',#12635,#15012,#15014,.T.);
#15012 = VERTEX_POINT('',#15013);
#15013 = CARTESIAN_POINT('',(78.686836242676,-38.95253372192,
    222.30134546918));
#15014 = LINE('',#15015,#15016);
#15015 = CARTESIAN_POINT('',(78.514343261719,-39.06708526611,
    222.31049311322));
#15016 = VECTOR('',#15017,1.);
#15017 = DIRECTION('',(0.83222641127,0.552676520501,-4.413461307942E-02)
  );
#15018 = ORIENTED_EDGE('',*,*,#15019,.F.);
#15019 = EDGE_CURVE('',#14973,#15012,#15020,.T.);
#15020 = LINE('',#15021,#15022);
#15021 = CARTESIAN_POINT('',(78.750205993652,-39.01472091674,
    222.16290247601));
#15022 = VECTOR('',#15023,1.);
#15023 = DIRECTION('',(-0.385303454051,0.378113225858,0.841766972937));
#15024 = PLANE('',#15025);
#15025 = AXIS2_PLACEMENT_3D('',#15026,#15027,#15028);
#15026 = CARTESIAN_POINT('',(78.643906992309,-39.0166768002,
    222.25745830892));
#15027 = DIRECTION('',(-0.487340810641,0.691234581027,-0.533566948261));
#15028 = DIRECTION('',(7.961020226955E-18,-0.611039518651,
    -0.791600092627));
#15029 = ADVANCED_FACE('',(#15030),#15045,.T.);
#15030 = FACE_BOUND('',#15031,.T.);
#15031 = EDGE_LOOP('',(#15032,#15033,#15039));
#15032 = ORIENTED_EDGE('',*,*,#15019,.T.);
#15033 = ORIENTED_EDGE('',*,*,#15034,.T.);
#15034 = EDGE_CURVE('',#15012,#12776,#15035,.T.);
#15035 = LINE('',#15036,#15037);
#15036 = CARTESIAN_POINT('',(78.686836242676,-38.95253372192,
    222.30134546918));
#15037 = VECTOR('',#15038,1.);
#15038 = DIRECTION('',(0.705262332602,0.504251170907,-0.49833302003));
#15039 = ORIENTED_EDGE('',*,*,#15040,.T.);
#15040 = EDGE_CURVE('',#12776,#14973,#15041,.T.);
#15041 = LINE('',#15042,#15043);
#15042 = CARTESIAN_POINT('',(78.882766723633,-38.81244659423,
    222.16290247601));
#15043 = VECTOR('',#15044,1.);
#15044 = DIRECTION('',(-0.548130906991,-0.836392556639,-0.));
#15045 = PLANE('',#15046);
#15046 = AXIS2_PLACEMENT_3D('',#15047,#15048,#15049);
#15047 = CARTESIAN_POINT('',(78.780068067976,-38.91779599871,
    222.2076536975));
#15048 = DIRECTION('',(-0.707965169138,0.463965858134,-0.532466902045));
#15049 = DIRECTION('',(-0.601078116678,-1.898185668272E-16,
    0.799190276249));
#15050 = ADVANCED_FACE('',(#15051),#15066,.T.);
#15051 = FACE_BOUND('',#15052,.T.);
#15052 = EDGE_LOOP('',(#15053,#15059,#15065));
#15053 = ORIENTED_EDGE('',*,*,#15054,.T.);
#15054 = EDGE_CURVE('',#12776,#12058,#15055,.T.);
#15055 = LINE('',#15056,#15057);
#15056 = CARTESIAN_POINT('',(78.882766723633,-38.81244659423,
    222.16290247601));
#15057 = VECTOR('',#15058,1.);
#15058 = DIRECTION('',(-3.581627369266E-02,-0.934053649151,
    -0.355332203785));
#15059 = ORIENTED_EDGE('',*,*,#15060,.T.);
#15060 = EDGE_CURVE('',#12058,#14973,#15061,.T.);
#15061 = LINE('',#15062,#15063);
#15062 = CARTESIAN_POINT('',(78.870506286621,-39.13218688964,
    222.041267039));
#15063 = VECTOR('',#15064,1.);
#15064 = DIRECTION('',(-0.579697543443,0.566039651675,0.586131274424));
#15065 = ORIENTED_EDGE('',*,*,#15040,.F.);
#15066 = PLANE('',#15067);
#15067 = AXIS2_PLACEMENT_3D('',#15068,#15069,#15070);
#15068 = CARTESIAN_POINT('',(78.840887828274,-38.98088609363,
    222.12066330774));
#15069 = DIRECTION('',(-0.496286887516,0.3252422318,-0.804932802123));
#15070 = DIRECTION('',(0.851212604112,4.544415178983E-18,-0.524821019587
    ));
#15071 = ADVANCED_FACE('',(#15072),#15077,.T.);
#15072 = FACE_BOUND('',#15073,.T.);
#15073 = EDGE_LOOP('',(#15074,#15075,#15076));
#15074 = ORIENTED_EDGE('',*,*,#12057,.F.);
#15075 = ORIENTED_EDGE('',*,*,#14994,.F.);
#15076 = ORIENTED_EDGE('',*,*,#15060,.F.);
#15077 = PLANE('',#15078);
#15078 = AXIS2_PLACEMENT_3D('',#15079,#15080,#15081);
#15079 = CARTESIAN_POINT('',(78.736324153765,-39.16040408043,
    222.08031862654));
#15080 = DIRECTION('',(-0.336968909326,0.488402912962,-0.80493139382));
#15081 = DIRECTION('',(-2.562751646911E-17,0.854931394021,0.518741083313
    ));
#15082 = ADVANCED_FACE('',(#15083),#15093,.T.);
#15083 = FACE_BOUND('',#15084,.T.);
#15084 = EDGE_LOOP('',(#15085,#15086,#15092));
#15085 = ORIENTED_EDGE('',*,*,#15034,.F.);
#15086 = ORIENTED_EDGE('',*,*,#15087,.T.);
#15087 = EDGE_CURVE('',#15012,#12821,#15088,.T.);
#15088 = LINE('',#15089,#15090);
#15089 = CARTESIAN_POINT('',(78.686836242676,-38.95253372192,
    222.30134546918));
#15090 = VECTOR('',#15091,1.);
#15091 = DIRECTION('',(0.53032567264,0.846609072285,4.480803123723E-02)
  );
#15092 = ORIENTED_EDGE('',*,*,#12820,.F.);
#15093 = PLANE('',#15094);
#15094 = AXIS2_PLACEMENT_3D('',#15095,#15096,#15097);
#15095 = CARTESIAN_POINT('',(78.785985217709,-38.85330264266,
    222.2567243204));
#15096 = DIRECTION('',(-0.708314046543,0.47150029567,-0.525336732632));
#15097 = DIRECTION('',(-0.595710448426,-1.690820862969E-16,
    0.803199266457));
#15098 = ADVANCED_FACE('',(#15099),#15104,.T.);
#15099 = FACE_BOUND('',#15100,.T.);
#15100 = EDGE_LOOP('',(#15101,#15102,#15103));
#15101 = ORIENTED_EDGE('',*,*,#12142,.F.);
#15102 = ORIENTED_EDGE('',*,*,#15054,.F.);
#15103 = ORIENTED_EDGE('',*,*,#12775,.F.);
#15104 = PLANE('',#15105);
#15105 = AXIS2_PLACEMENT_3D('',#15106,#15107,#15108);
#15106 = CARTESIAN_POINT('',(78.924855400281,-38.95260514592,
    222.08031857804));
#15107 = DIRECTION('',(-0.496301847761,0.325239687536,-0.804924606134));
#15108 = DIRECTION('',(0.8512031492,3.104805662116E-18,-0.524836354297)
  );
#15109 = ADVANCED_FACE('',(#15110),#15127,.T.);
#15110 = FACE_BOUND('',#15111,.T.);
#15111 = EDGE_LOOP('',(#15112,#15120,#15126));
#15112 = ORIENTED_EDGE('',*,*,#15113,.T.);
#15113 = EDGE_CURVE('',#15012,#15114,#15116,.T.);
#15114 = VERTEX_POINT('',#15115);
#15115 = CARTESIAN_POINT('',(78.571449279786,-38.83988189697,
    222.57662165326));
#15116 = LINE('',#15117,#15118);
#15117 = CARTESIAN_POINT('',(78.686836242676,-38.95253372192,
    222.30134546918));
#15118 = VECTOR('',#15119,1.);
#15119 = DIRECTION('',(-0.361678077717,0.353104843728,0.862847574856));
#15120 = ORIENTED_EDGE('',*,*,#15121,.T.);
#15121 = EDGE_CURVE('',#15114,#12821,#15122,.T.);
#15122 = LINE('',#15123,#15124);
#15123 = CARTESIAN_POINT('',(78.571449279785,-38.83988189697,
    222.57662165326));
#15124 = VECTOR('',#15125,1.);
#15125 = DIRECTION('',(0.637327202396,0.181293780532,-0.748963685519));
#15126 = ORIENTED_EDGE('',*,*,#15087,.F.);
#15127 = PLANE('',#15128);
#15128 = AXIS2_PLACEMENT_3D('',#15129,#15130,#15131);
#15129 = CARTESIAN_POINT('',(78.678216441414,-38.85300749115,
    222.40938956962));
#15130 = DIRECTION('',(-0.722391759269,0.478913729229,-0.498790322777));
#15131 = DIRECTION('',(-0.568187641463,-2.874664905069E-17,
    0.822899024236));
#15132 = ADVANCED_FACE('',(#15133),#15143,.T.);
#15133 = FACE_BOUND('',#15134,.T.);
#15134 = EDGE_LOOP('',(#15135,#15141,#15142));
#15135 = ORIENTED_EDGE('',*,*,#15136,.T.);
#15136 = EDGE_CURVE('',#15114,#12844,#15137,.T.);
#15137 = LINE('',#15138,#15139);
#15138 = CARTESIAN_POINT('',(78.571449279785,-38.83988189697,
    222.57662165326));
#15139 = VECTOR('',#15140,1.);
#15140 = DIRECTION('',(0.530060115802,0.847919719161,8.271849497536E-03)
  );
#15141 = ORIENTED_EDGE('',*,*,#12843,.F.);
#15142 = ORIENTED_EDGE('',*,*,#15121,.F.);
#15143 = PLANE('',#15144);
#15144 = AXIS2_PLACEMENT_3D('',#15145,#15146,#15147);
#15145 = CARTESIAN_POINT('',(78.69043455549,-38.76305071825,
    222.47571218038));
#15146 = DIRECTION('',(-0.72806333929,0.460091747033,-0.508172567436));
#15147 = DIRECTION('',(-0.572349306313,1.137724051955E-17,0.820009921625
    ));
#15148 = ADVANCED_FACE('',(#15149),#15166,.T.);
#15149 = FACE_BOUND('',#15150,.T.);
#15150 = EDGE_LOOP('',(#15151,#15159,#15165));
#15151 = ORIENTED_EDGE('',*,*,#15152,.T.);
#15152 = EDGE_CURVE('',#12635,#15153,#15155,.T.);
#15153 = VERTEX_POINT('',#15154);
#15154 = CARTESIAN_POINT('',(78.398231506348,-38.95420074462,
    222.57833063764));
#15155 = LINE('',#15156,#15157);
#15156 = CARTESIAN_POINT('',(78.514343261719,-39.06708526611,
    222.31049311322));
#15157 = VECTOR('',#15158,1.);
#15158 = DIRECTION('',(-0.370977717567,0.360666686978,0.855742410993));
#15159 = ORIENTED_EDGE('',*,*,#15160,.T.);
#15160 = EDGE_CURVE('',#15153,#15012,#15161,.T.);
#15161 = LINE('',#15162,#15163);
#15162 = CARTESIAN_POINT('',(78.398231506348,-38.95420074462,
    222.57833063764));
#15163 = VECTOR('',#15164,1.);
#15164 = DIRECTION('',(0.721475190043,4.167345062504E-03,-0.692427745969
    ));
#15165 = ORIENTED_EDGE('',*,*,#15011,.F.);
#15166 = PLANE('',#15167);
#15167 = AXIS2_PLACEMENT_3D('',#15168,#15169,#15170);
#15168 = CARTESIAN_POINT('',(78.526276683893,-38.9855589659,
    222.41123209125));
#15169 = DIRECTION('',(-0.494248634142,0.703458635039,-0.510748701847));
#15170 = DIRECTION('',(-9.121482282001E-17,-0.587526291115,
    -0.809205077375));
#15171 = ADVANCED_FACE('',(#15172),#15182,.T.);
#15172 = FACE_BOUND('',#15173,.T.);
#15173 = EDGE_LOOP('',(#15174,#15180,#15181));
#15174 = ORIENTED_EDGE('',*,*,#15175,.T.);
#15175 = EDGE_CURVE('',#15153,#15114,#15176,.T.);
#15176 = LINE('',#15177,#15178);
#15177 = CARTESIAN_POINT('',(78.398231506348,-38.95420074462,
    222.57833063764));
#15178 = VECTOR('',#15179,1.);
#15179 = DIRECTION('',(0.834591927904,0.550807146217,-8.234169831333E-03
    ));
#15180 = ORIENTED_EDGE('',*,*,#15113,.F.);
#15181 = ORIENTED_EDGE('',*,*,#15160,.F.);
#15182 = PLANE('',#15183);
#15183 = AXIS2_PLACEMENT_3D('',#15184,#15185,#15186);
#15184 = CARTESIAN_POINT('',(78.559430982378,-38.92107065666,
    222.47037320243));
#15185 = DIRECTION('',(-0.481333849945,0.721892361238,-0.497181198039));
#15186 = DIRECTION('',(1.431919228908E-17,-0.567210511198,
    -0.823572848014));
#15187 = ADVANCED_FACE('',(#15188),#15198,.T.);
#15188 = FACE_BOUND('',#15189,.T.);
#15189 = EDGE_LOOP('',(#15190,#15196,#15197));
#15190 = ORIENTED_EDGE('',*,*,#15191,.T.);
#15191 = EDGE_CURVE('',#12658,#15153,#15192,.T.);
#15192 = LINE('',#15193,#15194);
#15193 = CARTESIAN_POINT('',(78.179023742676,-38.9467048645,
    222.64691889447));
#15194 = VECTOR('',#15195,1.);
#15195 = DIRECTION('',(0.953865707919,-3.261774530247E-02,
    -0.298456519358));
#15196 = ORIENTED_EDGE('',*,*,#15152,.F.);
#15197 = ORIENTED_EDGE('',*,*,#12665,.F.);
#15198 = PLANE('',#15199);
#15199 = AXIS2_PLACEMENT_3D('',#15200,#15201,#15202);
#15200 = CARTESIAN_POINT('',(78.366980466266,-38.99547194853,
    222.49811146751));
#15201 = DIRECTION('',(-0.101725179196,0.900170664642,-0.423491159808));
#15202 = DIRECTION('',(1.362584117538E-18,-0.425699459115,
    -0.904864614464));
#15203 = ADVANCED_FACE('',(#15204),#15221,.T.);
#15204 = FACE_BOUND('',#15205,.T.);
#15205 = EDGE_LOOP('',(#15206,#15214,#15220));
#15206 = ORIENTED_EDGE('',*,*,#15207,.T.);
#15207 = EDGE_CURVE('',#11727,#15208,#15210,.T.);
#15208 = VERTEX_POINT('',#15209);
#15209 = CARTESIAN_POINT('',(57.731544494629,-39.0611038208,
    222.80416071576));
#15210 = LINE('',#15211,#15212);
#15211 = CARTESIAN_POINT('',(57.818969726563,-39.22635269165,
    222.64691126508));
#15212 = VECTOR('',#15213,1.);
#15213 = DIRECTION('',(-0.357874349716,0.676444670362,0.643699120517));
#15214 = ORIENTED_EDGE('',*,*,#15215,.T.);
#15215 = EDGE_CURVE('',#15208,#11642,#15216,.T.);
#15216 = LINE('',#15217,#15218);
#15217 = CARTESIAN_POINT('',(57.731544494629,-39.0611038208,
    222.80416071576));
#15218 = VECTOR('',#15219,1.);
#15219 = DIRECTION('',(0.880532466682,0.320946883122,0.348791733463));
#15220 = ORIENTED_EDGE('',*,*,#11734,.F.);
#15221 = PLANE('',#15222);
#15222 = AXIS2_PLACEMENT_3D('',#15223,#15224,#15225);
#15223 = CARTESIAN_POINT('',(57.839017863567,-39.09243317905,
    222.77810230298));
#15224 = DIRECTION('',(2.9582731551E-02,0.69722263075,-0.716243998345));
#15225 = DIRECTION('',(-1.881449367281E-18,0.716557610372,0.697527914149
    ));
#15226 = ADVANCED_FACE('',(#15227),#15237,.T.);
#15227 = FACE_BOUND('',#15228,.T.);
#15228 = EDGE_LOOP('',(#15229,#15235,#15236));
#15229 = ORIENTED_EDGE('',*,*,#15230,.T.);
#15230 = EDGE_CURVE('',#15208,#11664,#15231,.T.);
#15231 = LINE('',#15232,#15233);
#15232 = CARTESIAN_POINT('',(57.731544494629,-39.0611038208,
    222.80416071576));
#15233 = VECTOR('',#15234,1.);
#15234 = DIRECTION('',(0.475090007195,0.70677836662,0.524169653397));
#15235 = ORIENTED_EDGE('',*,*,#11663,.F.);
#15236 = ORIENTED_EDGE('',*,*,#15215,.F.);
#15237 = PLANE('',#15238);
#15238 = AXIS2_PLACEMENT_3D('',#15239,#15240,#15241);
#15239 = CARTESIAN_POINT('',(57.842771557658,-38.9641939189,
    222.88371086137));
#15240 = DIRECTION('',(0.139616902431,0.527596583312,-0.837943295118));
#15241 = DIRECTION('',(-2.475320386392E-17,0.84623163035,0.532815191033)
  );
#15242 = ADVANCED_FACE('',(#15243),#15253,.T.);
#15243 = FACE_BOUND('',#15244,.T.);
#15244 = EDGE_LOOP('',(#15245,#15251,#15252));
#15245 = ORIENTED_EDGE('',*,*,#15246,.T.);
#15246 = EDGE_CURVE('',#11949,#15208,#15247,.T.);
#15247 = LINE('',#15248,#15249);
#15248 = CARTESIAN_POINT('',(57.596336364746,-39.23940658569,
    222.5778270976));
#15249 = VECTOR('',#15250,1.);
#15250 = DIRECTION('',(0.424813234437,0.56021316417,0.711122300689));
#15251 = ORIENTED_EDGE('',*,*,#15207,.F.);
#15252 = ORIENTED_EDGE('',*,*,#11972,.F.);
#15253 = PLANE('',#15254);
#15254 = AXIS2_PLACEMENT_3D('',#15255,#15256,#15257);
#15255 = CARTESIAN_POINT('',(57.710922127372,-39.1724852127,
    222.67853434015));
#15256 = DIRECTION('',(0.165227398017,0.724351439294,-0.669339151206));
#15257 = DIRECTION('',(2.764108199694E-17,-0.678667092551,
    -0.734446034429));
#15258 = ADVANCED_FACE('',(#15259),#15276,.T.);
#15259 = FACE_BOUND('',#15260,.T.);
#15260 = EDGE_LOOP('',(#15261,#15269,#15275));
#15261 = ORIENTED_EDGE('',*,*,#15262,.T.);
#15262 = EDGE_CURVE('',#11619,#15263,#15265,.T.);
#15263 = VERTEX_POINT('',#15264);
#15264 = CARTESIAN_POINT('',(78.049583435059,-38.70709609985,
    222.8887935893));
#15265 = LINE('',#15266,#15267);
#15266 = CARTESIAN_POINT('',(67.99439239502,-38.89301300048,
    222.8894802348));
#15267 = VECTOR('',#15268,1.);
#15268 = DIRECTION('',(0.999829108021,1.848648406454E-02,
    -6.827599424703E-05));
#15269 = ORIENTED_EDGE('',*,*,#15270,.T.);
#15270 = EDGE_CURVE('',#15263,#11704,#15271,.T.);
#15271 = LINE('',#15272,#15273);
#15272 = CARTESIAN_POINT('',(78.049583435059,-38.70709609985,
    222.8887935893));
#15273 = VECTOR('',#15274,1.);
#15274 = DIRECTION('',(-0.998802604554,-4.263745334068E-02,
    -2.398759487591E-02));
#15275 = ORIENTED_EDGE('',*,*,#11703,.F.);
#15276 = PLANE('',#15277);
#15277 = AXIS2_PLACEMENT_3D('',#15278,#15279,#15280);
#15278 = CARTESIAN_POINT('',(72.938523977938,-38.8634494763,
    222.82758301297));
#15279 = DIRECTION('',(-1.309044913468E-02,0.70537067119,-0.708717755081
    ));
#15280 = DIRECTION('',(1.567783462597E-18,0.708778485773,0.705431115068)
  );
#15281 = ADVANCED_FACE('',(#15282),#15292,.T.);
#15282 = FACE_BOUND('',#15283,.T.);
#15283 = EDGE_LOOP('',(#15284,#15285,#15291));
#15284 = ORIENTED_EDGE('',*,*,#15270,.F.);
#15285 = ORIENTED_EDGE('',*,*,#15286,.T.);
#15286 = EDGE_CURVE('',#15263,#12658,#15287,.T.);
#15287 = LINE('',#15288,#15289);
#15288 = CARTESIAN_POINT('',(78.049583435059,-38.70709609985,
    222.8887935893));
#15289 = VECTOR('',#15290,1.);
#15290 = DIRECTION('',(0.355371273427,-0.657832736841,-0.664053724004));
#15291 = ORIENTED_EDGE('',*,*,#12680,.F.);
#15292 = PLANE('',#15293);
#15293 = AXIS2_PLACEMENT_3D('',#15294,#15295,#15296);
#15294 = CARTESIAN_POINT('',(73.145584140147,-38.97916168212,
    222.70833518074));
#15295 = DIRECTION('',(-1.318757088844E-02,0.706827414256,
    -0.707263101278));
#15296 = DIRECTION('',(2.124158286644E-19,0.707324610081,0.706888885168)
  );
#15297 = ADVANCED_FACE('',(#15298),#15308,.T.);
#15298 = FACE_BOUND('',#15299,.T.);
#15299 = EDGE_LOOP('',(#15300,#15301,#15307));
#15300 = ORIENTED_EDGE('',*,*,#11397,.F.);
#15301 = ORIENTED_EDGE('',*,*,#15302,.T.);
#15302 = EDGE_CURVE('',#11367,#11619,#15303,.T.);
#15303 = LINE('',#15304,#15305);
#15304 = CARTESIAN_POINT('',(77.918472290039,-38.40424728393,
    223.04450190228));
#15305 = VECTOR('',#15306,1.);
#15306 = DIRECTION('',(-0.998667857594,-4.918487317498E-02,
    -1.559995064339E-02));
#15307 = ORIENTED_EDGE('',*,*,#11618,.F.);
#15308 = PLANE('',#15309);
#15309 = AXIS2_PLACEMENT_3D('',#15310,#15311,#15312);
#15310 = CARTESIAN_POINT('',(72.871118538938,-38.57502229153,
    223.00516347721));
#15311 = DIRECTION('',(-8.367418804311E-03,0.452692377831,
    -0.891627499215));
#15312 = DIRECTION('',(2.372476349922E-19,0.891658713923,0.452708225997)
  );
#15313 = ADVANCED_FACE('',(#15314),#15324,.T.);
#15314 = FACE_BOUND('',#15315,.T.);
#15315 = EDGE_LOOP('',(#15316,#15317,#15323));
#15316 = ORIENTED_EDGE('',*,*,#15302,.F.);
#15317 = ORIENTED_EDGE('',*,*,#15318,.T.);
#15318 = EDGE_CURVE('',#11367,#15263,#15319,.T.);
#15319 = LINE('',#15320,#15321);
#15320 = CARTESIAN_POINT('',(77.918472290039,-38.40424728393,
    223.04450190228));
#15321 = VECTOR('',#15322,1.);
#15322 = DIRECTION('',(0.359306238628,-0.829948277121,-0.426714054359));
#15323 = ORIENTED_EDGE('',*,*,#15262,.F.);
#15324 = PLANE('',#15325);
#15325 = AXIS2_PLACEMENT_3D('',#15326,#15327,#15328);
#15326 = CARTESIAN_POINT('',(73.078925811496,-38.72176396969,
    222.92852687271));
#15327 = DIRECTION('',(-8.461290211229E-03,0.454333259494,-0.89079161193
    ));
#15328 = DIRECTION('',(-2.354659294353E-19,0.890823501057,0.454349524006
    ));
#15329 = ADVANCED_FACE('',(#15330),#15347,.T.);
#15330 = FACE_BOUND('',#15331,.T.);
#15331 = EDGE_LOOP('',(#15332,#15340,#15346));
#15332 = ORIENTED_EDGE('',*,*,#15333,.T.);
#15333 = EDGE_CURVE('',#15263,#15334,#15336,.T.);
#15334 = VERTEX_POINT('',#15335);
#15335 = CARTESIAN_POINT('',(78.261589050293,-38.77965545654,
    222.80410731));
#15336 = LINE('',#15337,#15338);
#15337 = CARTESIAN_POINT('',(78.049583435059,-38.70709609985,
    222.8887935893));
#15338 = VECTOR('',#15339,1.);
#15339 = DIRECTION('',(0.885025354155,-0.302901742863,-0.35352603394));
#15340 = ORIENTED_EDGE('',*,*,#15341,.T.);
#15341 = EDGE_CURVE('',#15334,#12658,#15342,.T.);
#15342 = LINE('',#15343,#15344);
#15343 = CARTESIAN_POINT('',(78.261589050293,-38.77965545654,
    222.80410731));
#15344 = VECTOR('',#15345,1.);
#15345 = DIRECTION('',(-0.338681957359,-0.685234780757,-0.64478510141));
#15346 = ORIENTED_EDGE('',*,*,#15286,.F.);
#15347 = PLANE('',#15348);
#15348 = AXIS2_PLACEMENT_3D('',#15349,#15350,#15351);
#15349 = CARTESIAN_POINT('',(78.156460471332,-38.81372905728,
    222.77789015617));
#15350 = DIRECTION('',(-4.738049620191E-02,0.696836009706,
    -0.715663792682));
#15351 = DIRECTION('',(9.817003339095E-20,0.716468448632,0.697619496656)
  );
#15352 = ADVANCED_FACE('',(#15353),#15363,.T.);
#15353 = FACE_BOUND('',#15354,.T.);
#15354 = EDGE_LOOP('',(#15355,#15356,#15362));
#15355 = ORIENTED_EDGE('',*,*,#15341,.F.);
#15356 = ORIENTED_EDGE('',*,*,#15357,.T.);
#15357 = EDGE_CURVE('',#15334,#15153,#15358,.T.);
#15358 = LINE('',#15359,#15360);
#15359 = CARTESIAN_POINT('',(78.261589050293,-38.77965545654,
    222.80410731));
#15360 = VECTOR('',#15361,1.);
#15361 = DIRECTION('',(0.431858913305,-0.551650933479,-0.713567885061));
#15362 = ORIENTED_EDGE('',*,*,#15191,.F.);
#15363 = PLANE('',#15364);
#15364 = AXIS2_PLACEMENT_3D('',#15365,#15366,#15367);
#15365 = CARTESIAN_POINT('',(78.284078780113,-38.89006876865,
    222.67893876303));
#15366 = DIRECTION('',(-0.184566238437,0.720354505276,-0.668599050522));
#15367 = DIRECTION('',(-4.235180964784E-19,-0.680286317111,
    -0.732946469227));
#15368 = ADVANCED_FACE('',(#15369),#15386,.T.);
#15369 = FACE_BOUND('',#15370,.T.);
#15370 = EDGE_LOOP('',(#15371,#15379,#15385));
#15371 = ORIENTED_EDGE('',*,*,#15372,.T.);
#15372 = EDGE_CURVE('',#11367,#15373,#15375,.T.);
#15373 = VERTEX_POINT('',#15374);
#15374 = CARTESIAN_POINT('',(78.109298706055,-38.56105422973,
    222.96918451947));
#15375 = LINE('',#15376,#15377);
#15376 = CARTESIAN_POINT('',(77.918472290039,-38.40424728393,
    223.04450190228));
#15377 = VECTOR('',#15378,1.);
#15378 = DIRECTION('',(0.739016647334,-0.607268877045,-0.291682885914));
#15379 = ORIENTED_EDGE('',*,*,#15380,.T.);
#15380 = EDGE_CURVE('',#15373,#15263,#15381,.T.);
#15381 = LINE('',#15382,#15383);
#15382 = CARTESIAN_POINT('',(78.109298706055,-38.56105422973,
    222.96918451947));
#15383 = VECTOR('',#15384,1.);
#15384 = DIRECTION('',(-0.337224594612,-0.824728911468,-0.453984355874)
  );
#15385 = ORIENTED_EDGE('',*,*,#15318,.F.);
#15386 = PLANE('',#15387);
#15387 = AXIS2_PLACEMENT_3D('',#15388,#15389,#15390);
#15388 = CARTESIAN_POINT('',(78.014777048609,-38.54945866195,
    222.97128484564));
#15389 = DIRECTION('',(3.804894249208E-02,0.469897471755,-0.881900586242
    ));
#15390 = DIRECTION('',(2.788897205616E-19,0.88253965367,0.470237981983)
  );
#15391 = ADVANCED_FACE('',(#15392),#15402,.T.);
#15392 = FACE_BOUND('',#15393,.T.);
#15393 = EDGE_LOOP('',(#15394,#15395,#15401));
#15394 = ORIENTED_EDGE('',*,*,#15380,.F.);
#15395 = ORIENTED_EDGE('',*,*,#15396,.T.);
#15396 = EDGE_CURVE('',#15373,#15334,#15397,.T.);
#15397 = LINE('',#15398,#15399);
#15398 = CARTESIAN_POINT('',(78.109298706055,-38.56105422973,
    222.96918451947));
#15399 = VECTOR('',#15400,1.);
#15400 = DIRECTION('',(0.485905457108,-0.697480392254,-0.52670389136));
#15401 = ORIENTED_EDGE('',*,*,#15333,.F.);
#15402 = PLANE('',#15403);
#15403 = AXIS2_PLACEMENT_3D('',#15404,#15405,#15406);
#15404 = CARTESIAN_POINT('',(78.149934737234,-38.68551510925,
    222.883727372));
#15405 = DIRECTION('',(-0.155023327863,0.524295523072,-0.837306378994));
#15406 = DIRECTION('',(-2.213805926463E-17,0.847552603755,0.530711394138
    ));
#15407 = ADVANCED_FACE('',(#15408),#15418,.T.);
#15408 = FACE_BOUND('',#15409,.T.);
#15409 = EDGE_LOOP('',(#15410,#15411,#15417));
#15410 = ORIENTED_EDGE('',*,*,#11586,.F.);
#15411 = ORIENTED_EDGE('',*,*,#15412,.T.);
#15412 = EDGE_CURVE('',#11579,#15373,#15413,.T.);
#15413 = LINE('',#15414,#15415);
#15414 = CARTESIAN_POINT('',(77.947189331055,-38.31791305542,
    223.06676447553));
#15415 = VECTOR('',#15416,1.);
#15416 = DIRECTION('',(0.526176828808,-0.789190952432,-0.316726357326));
#15417 = ORIENTED_EDGE('',*,*,#15372,.F.);
#15418 = PLANE('',#15419);
#15419 = AXIS2_PLACEMENT_3D('',#15420,#15421,#15422);
#15420 = CARTESIAN_POINT('',(78.009084390139,-38.44524521064,
    223.01896418647));
#15421 = DIRECTION('',(-0.136013715754,0.289555427268,-0.947448111332));
#15422 = DIRECTION('',(3.135903204275E-18,0.956335379804,0.292271519884)
  );
#15423 = ADVANCED_FACE('',(#15424),#15434,.T.);
#15424 = FACE_BOUND('',#15425,.T.);
#15425 = EDGE_LOOP('',(#15426,#15427,#15433));
#15426 = ORIENTED_EDGE('',*,*,#11526,.F.);
#15427 = ORIENTED_EDGE('',*,*,#15428,.T.);
#15428 = EDGE_CURVE('',#11519,#10792,#15429,.T.);
#15429 = LINE('',#15430,#15431);
#15430 = CARTESIAN_POINT('',(57.95002746582,-38.50106811523,
    223.06687891644));
#15431 = VECTOR('',#15432,1.);
#15432 = DIRECTION('',(-0.796248236492,-0.516751217433,-0.314574196598)
  );
#15433 = ORIENTED_EDGE('',*,*,#10789,.F.);
#15434 = PLANE('',#15435);
#15435 = AXIS2_PLACEMENT_3D('',#15436,#15437,#15438);
#15436 = CARTESIAN_POINT('',(57.821170089059,-38.56155418108,
    223.01908020854));
#15437 = DIRECTION('',(0.291849091914,0.127363416666,-0.947946553158));
#15438 = DIRECTION('',(0.955729904104,1.464621618761E-17,0.294245391471)
  );
#15439 = ADVANCED_FACE('',(#15440),#15457,.T.);
#15440 = FACE_BOUND('',#15441,.T.);
#15441 = EDGE_LOOP('',(#15442,#15443,#15451));
#15442 = ORIENTED_EDGE('',*,*,#13890,.F.);
#15443 = ORIENTED_EDGE('',*,*,#15444,.T.);
#15444 = EDGE_CURVE('',#13070,#15445,#15447,.T.);
#15445 = VERTEX_POINT('',#15446);
#15446 = CARTESIAN_POINT('',(78.049591064454,38.707122802734,
    222.8887859599));
#15447 = LINE('',#15448,#15449);
#15448 = CARTESIAN_POINT('',(78.179023742676,38.946720123291,
    222.64692652387));
#15449 = VECTOR('',#15450,1.);
#15450 = DIRECTION('',(-0.355370203479,-0.65783811112,0.664048972619));
#15451 = ORIENTED_EDGE('',*,*,#15452,.F.);
#15452 = EDGE_CURVE('',#13867,#15445,#15453,.T.);
#15453 = LINE('',#15454,#15455);
#15454 = CARTESIAN_POINT('',(67.997703552246,39.136291503906,
    222.64738428754));
#15455 = VECTOR('',#15456,1.);
#15456 = DIRECTION('',(0.998802335763,-4.264419997204E-02,
    2.398679391516E-02));
#15457 = PLANE('',#15458);
#15458 = AXIS2_PLACEMENT_3D('',#15459,#15460,#15461);
#15459 = CARTESIAN_POINT('',(73.145577280074,38.979219310348,
    222.70833516903));
#15460 = DIRECTION('',(-1.319246673284E-02,-0.706820644891,
    -0.707269775105));
#15461 = DIRECTION('',(8.291041509044E-19,0.707331330173,-0.70688216087)
  );
#15462 = ADVANCED_FACE('',(#15463),#15480,.T.);
#15463 = FACE_BOUND('',#15464,.T.);
#15464 = EDGE_LOOP('',(#15465,#15466,#15474));
#15465 = ORIENTED_EDGE('',*,*,#15452,.T.);
#15466 = ORIENTED_EDGE('',*,*,#15467,.T.);
#15467 = EDGE_CURVE('',#15445,#15468,#15470,.T.);
#15468 = VERTEX_POINT('',#15469);
#15469 = CARTESIAN_POINT('',(67.994384765625,38.89310836792,
    222.8894802348));
#15470 = LINE('',#15471,#15472);
#15471 = CARTESIAN_POINT('',(78.049591064453,38.707122802734,
    222.8887859599));
#15472 = VECTOR('',#15473,1.);
#15473 = DIRECTION('',(-0.999828982267,1.849328127436E-02,
    6.903450296242E-05));
#15474 = ORIENTED_EDGE('',*,*,#15475,.T.);
#15475 = EDGE_CURVE('',#15468,#13867,#15476,.T.);
#15476 = LINE('',#15477,#15478);
#15477 = CARTESIAN_POINT('',(67.994384765625,38.89310836792,
    222.8894802348));
#15478 = VECTOR('',#15479,1.);
#15479 = DIRECTION('',(9.671222051108E-03,0.708656016708,-0.70548785776)
  );
#15480 = PLANE('',#15481);
#15481 = AXIS2_PLACEMENT_3D('',#15482,#15483,#15484);
#15482 = CARTESIAN_POINT('',(72.938523992217,38.863511087128,
    222.82757925966));
#15483 = DIRECTION('',(-1.309578222581E-02,-0.705370585363,
    -0.708717741977));
#15484 = DIRECTION('',(6.425136521437E-19,0.708778522168,-0.705431078499
    ));
#15485 = ADVANCED_FACE('',(#15486),#15503,.T.);
#15486 = FACE_BOUND('',#15487,.T.);
#15487 = EDGE_LOOP('',(#15488,#15496,#15502));
#15488 = ORIENTED_EDGE('',*,*,#15489,.T.);
#15489 = EDGE_CURVE('',#15468,#15490,#15492,.T.);
#15490 = VERTEX_POINT('',#15491);
#15491 = CARTESIAN_POINT('',(57.945190429688,38.983154296875,
    222.8887859599));
#15492 = LINE('',#15493,#15494);
#15493 = CARTESIAN_POINT('',(67.994384765625,38.89310836792,
    222.8894802348));
#15494 = VECTOR('',#15495,1.);
#15495 = DIRECTION('',(-0.999959854641,8.960152527546E-03,
    -6.908484473685E-05));
#15496 = ORIENTED_EDGE('',*,*,#15497,.T.);
#15497 = EDGE_CURVE('',#15490,#13867,#15498,.T.);
#15498 = LINE('',#15499,#15500);
#15499 = CARTESIAN_POINT('',(57.945190429688,38.983154296875,
    222.8887859599));
#15500 = VECTOR('',#15501,1.);
#15501 = DIRECTION('',(0.999595874356,1.522756732496E-02,
    -2.400435720053E-02));
#15502 = ORIENTED_EDGE('',*,*,#15475,.F.);
#15503 = PLANE('',#15504);
#15504 = AXIS2_PLACEMENT_3D('',#15505,#15506,#15507);
#15505 = CARTESIAN_POINT('',(63.054949445574,38.999212550554,
    222.82757862353));
#15506 = DIRECTION('',(-6.272355005745E-03,-0.705463981176,
    -0.70871801785));
#15507 = DIRECTION('',(-1.145710201381E-19,0.708731959609,
    -0.705477858922));
#15508 = ADVANCED_FACE('',(#15509),#15519,.T.);
#15509 = FACE_BOUND('',#15510,.T.);
#15510 = EDGE_LOOP('',(#15511,#15512,#15518));
#15511 = ORIENTED_EDGE('',*,*,#15497,.F.);
#15512 = ORIENTED_EDGE('',*,*,#15513,.T.);
#15513 = EDGE_CURVE('',#15490,#13929,#15514,.T.);
#15514 = LINE('',#15515,#15516);
#15515 = CARTESIAN_POINT('',(57.945190429688,38.983154296875,
    222.8887859599));
#15516 = VECTOR('',#15517,1.);
#15517 = DIRECTION('',(-0.345370435468,0.665321423155,-0.661866048529));
#15518 = ORIENTED_EDGE('',*,*,#13951,.F.);
#15519 = PLANE('',#15520);
#15520 = AXIS2_PLACEMENT_3D('',#15521,#15522,#15523);
#15521 = CARTESIAN_POINT('',(62.849993060972,39.120584911577,
    222.7083290688));
#15522 = DIRECTION('',(-6.21727005988E-03,-0.706870043745,
    -0.707316115191));
#15523 = DIRECTION('',(2.750386471526E-19,0.707329786044,-0.706883705976
    ));
#15524 = ADVANCED_FACE('',(#15525),#15540,.T.);
#15525 = FACE_BOUND('',#15526,.T.);
#15526 = EDGE_LOOP('',(#15527,#15533,#15534));
#15527 = ORIENTED_EDGE('',*,*,#15528,.T.);
#15528 = EDGE_CURVE('',#15468,#11029,#15529,.T.);
#15529 = LINE('',#15530,#15531);
#15530 = CARTESIAN_POINT('',(67.994384765625,38.89310836792,
    222.8894802348));
#15531 = VECTOR('',#15532,1.);
#15532 = DIRECTION('',(0.998667501353,-4.919211145259E-02,
    1.559993308578E-02));
#15533 = ORIENTED_EDGE('',*,*,#11028,.F.);
#15534 = ORIENTED_EDGE('',*,*,#15535,.T.);
#15535 = EDGE_CURVE('',#10977,#15468,#15536,.T.);
#15536 = LINE('',#15537,#15538);
#15537 = CARTESIAN_POINT('',(67.990219116211,38.587162017822,
    223.04484522504));
#15538 = VECTOR('',#15539,1.);
#15539 = DIRECTION('',(1.213908708659E-02,0.891555918058,-0.452747929362
    ));
#15540 = PLANE('',#15541);
#15541 = AXIS2_PLACEMENT_3D('',#15542,#15543,#15544);
#15542 = CARTESIAN_POINT('',(72.871117507452,38.575082041199,
    223.00516152632));
#15543 = DIRECTION('',(-8.369715531563E-03,-0.452674833111,
    -0.891636385154));
#15544 = DIRECTION('',(2.584307759662E-19,0.891667617312,-0.452690689364
    ));
#15545 = ADVANCED_FACE('',(#15546),#15556,.T.);
#15546 = FACE_BOUND('',#15547,.T.);
#15547 = EDGE_LOOP('',(#15548,#15549,#15555));
#15548 = ORIENTED_EDGE('',*,*,#10976,.F.);
#15549 = ORIENTED_EDGE('',*,*,#15550,.T.);
#15550 = EDGE_CURVE('',#10946,#15468,#15551,.T.);
#15551 = LINE('',#15552,#15553);
#15552 = CARTESIAN_POINT('',(58.071319580078,38.676761627197,
    223.04449427289));
#15553 = VECTOR('',#15554,1.);
#15554 = DIRECTION('',(0.999640504387,2.179457264209E-02,
    -1.561597231519E-02));
#15555 = ORIENTED_EDGE('',*,*,#15535,.F.);
#15556 = PLANE('',#15557);
#15557 = AXIS2_PLACEMENT_3D('',#15558,#15559,#15560);
#15558 = CARTESIAN_POINT('',(63.116126062939,38.709014767636,
    223.00515718683));
#15559 = DIRECTION('',(-4.058094855938E-03,-0.452733636225,
    -0.89163657759));
#15560 = DIRECTION('',(-1.063555297955E-19,0.891643919476,-0.45273736411
    ));
#15561 = ADVANCED_FACE('',(#15562),#15572,.T.);
#15562 = FACE_BOUND('',#15563,.T.);
#15563 = EDGE_LOOP('',(#15564,#15565,#15571));
#15564 = ORIENTED_EDGE('',*,*,#15467,.F.);
#15565 = ORIENTED_EDGE('',*,*,#15566,.T.);
#15566 = EDGE_CURVE('',#15445,#11029,#15567,.T.);
#15567 = LINE('',#15568,#15569);
#15568 = CARTESIAN_POINT('',(78.049591064453,38.707122802734,
    222.8887859599));
#15569 = VECTOR('',#15570,1.);
#15570 = DIRECTION('',(-0.35931812402,-0.829937890844,0.426724247134));
#15571 = ORIENTED_EDGE('',*,*,#15528,.F.);
#15572 = PLANE('',#15573);
#15573 = AXIS2_PLACEMENT_3D('',#15574,#15575,#15576);
#15574 = CARTESIAN_POINT('',(73.078926112011,38.721823372949,
    222.92852492628));
#15575 = DIRECTION('',(-8.465271686053E-03,-0.454344954151,
    -0.890785609343));
#15576 = DIRECTION('',(-1.443514346952E-19,0.890817528274,
    -0.454361234393));
#15577 = ADVANCED_FACE('',(#15578),#15588,.T.);
#15578 = FACE_BOUND('',#15579,.T.);
#15579 = EDGE_LOOP('',(#15580,#15581,#15587));
#15580 = ORIENTED_EDGE('',*,*,#15550,.F.);
#15581 = ORIENTED_EDGE('',*,*,#15582,.T.);
#15582 = EDGE_CURVE('',#10946,#15490,#15583,.T.);
#15583 = LINE('',#15584,#15585);
#15584 = CARTESIAN_POINT('',(58.071319580078,38.676761627197,
    223.04449427289));
#15585 = VECTOR('',#15586,1.);
#15586 = DIRECTION('',(-0.344519877699,0.836906970025,-0.425314915555));
#15587 = ORIENTED_EDGE('',*,*,#15489,.F.);
#15588 = PLANE('',#15589);
#15589 = AXIS2_PLACEMENT_3D('',#15590,#15591,#15592);
#15590 = CARTESIAN_POINT('',(62.911269027154,38.861427921273,
    222.92851919542));
#15591 = DIRECTION('',(-4.009744196409E-03,-0.454358858532,
    -0.890809715722));
#15592 = DIRECTION('',(-5.402111401482E-20,0.890816877049,
    -0.454362511178));
#15593 = ADVANCED_FACE('',(#15594),#15611,.T.);
#15594 = FACE_BOUND('',#15595,.T.);
#15595 = EDGE_LOOP('',(#15596,#15604,#15610));
#15596 = ORIENTED_EDGE('',*,*,#15597,.T.);
#15597 = EDGE_CURVE('',#15445,#15598,#15600,.T.);
#15598 = VERTEX_POINT('',#15599);
#15599 = CARTESIAN_POINT('',(78.109069824219,38.561168670654,
    222.96917689008));
#15600 = LINE('',#15601,#15602);
#15601 = CARTESIAN_POINT('',(78.049591064453,38.707122802734,
    222.8887859599));
#15602 = VECTOR('',#15603,1.);
#15603 = DIRECTION('',(0.336177538785,-0.82494156051,0.454374387658));
#15604 = ORIENTED_EDGE('',*,*,#15605,.T.);
#15605 = EDGE_CURVE('',#15598,#11029,#15606,.T.);
#15606 = LINE('',#15607,#15608);
#15607 = CARTESIAN_POINT('',(78.109069824219,38.561168670654,
    222.96917689008));
#15608 = VECTOR('',#15609,1.);
#15609 = DIRECTION('',(-0.738448351871,-0.607885291659,0.291838146587));
#15610 = ORIENTED_EDGE('',*,*,#15566,.F.);
#15611 = PLANE('',#15612);
#15612 = AXIS2_PLACEMENT_3D('',#15613,#15614,#15615);
#15613 = CARTESIAN_POINT('',(78.014704880583,38.549501018727,
    222.9712832267));
#15614 = DIRECTION('',(3.843393631115E-02,-0.470035110702,
    -0.881810539315));
#15615 = DIRECTION('',(1.358226553897E-18,0.882462552671,-0.470382656072
    ));
#15616 = ADVANCED_FACE('',(#15617),#15627,.T.);
#15617 = FACE_BOUND('',#15618,.T.);
#15618 = EDGE_LOOP('',(#15619,#15625,#15626));
#15619 = ORIENTED_EDGE('',*,*,#15620,.T.);
#15620 = EDGE_CURVE('',#15598,#11052,#15621,.T.);
#15621 = LINE('',#15622,#15623);
#15622 = CARTESIAN_POINT('',(78.109069824219,38.561168670654,
    222.96917689008));
#15623 = VECTOR('',#15624,1.);
#15624 = DIRECTION('',(-0.52584746593,-0.789390338285,0.316776477027));
#15625 = ORIENTED_EDGE('',*,*,#11051,.F.);
#15626 = ORIENTED_EDGE('',*,*,#15605,.F.);
#15627 = PLANE('',#15628);
#15628 = AXIS2_PLACEMENT_3D('',#15629,#15630,#15631);
#15629 = CARTESIAN_POINT('',(78.008959154561,38.445326686525,
    223.01895850566));
#15630 = DIRECTION('',(-0.136070323389,-0.2895579195,-0.947439221453));
#15631 = DIRECTION('',(3.231906260693E-18,0.956333910123,-0.292276328752
    ));
#15632 = ADVANCED_FACE('',(#15633),#15650,.T.);
#15633 = FACE_BOUND('',#15634,.T.);
#15634 = EDGE_LOOP('',(#15635,#15643,#15649));
#15635 = ORIENTED_EDGE('',*,*,#15636,.T.);
#15636 = EDGE_CURVE('',#13070,#15637,#15639,.T.);
#15637 = VERTEX_POINT('',#15638);
#15638 = CARTESIAN_POINT('',(78.261260986329,38.779804229736,
    222.8040996806));
#15639 = LINE('',#15640,#15641);
#15640 = CARTESIAN_POINT('',(78.179023742676,38.946720123291,
    222.64692652387));
#15641 = VECTOR('',#15642,1.);
#15642 = DIRECTION('',(0.337630229017,-0.685283806515,0.64528438148));
#15643 = ORIENTED_EDGE('',*,*,#15644,.T.);
#15644 = EDGE_CURVE('',#15637,#15445,#15645,.T.);
#15645 = LINE('',#15646,#15647);
#15646 = CARTESIAN_POINT('',(78.261260986328,38.779804229736,
    222.8040996806));
#15647 = VECTOR('',#15648,1.);
#15648 = DIRECTION('',(-0.884584086765,-0.303740999948,0.353910155821));
#15649 = ORIENTED_EDGE('',*,*,#15444,.F.);
#15650 = PLANE('',#15651);
#15651 = AXIS2_PLACEMENT_3D('',#15652,#15653,#15654);
#15652 = CARTESIAN_POINT('',(78.15635496906,38.813795331252,
    222.77788032414));
#15653 = DIRECTION('',(-4.69781300347E-02,-0.696953685618,
    -0.715575723038));
#15654 = DIRECTION('',(-1.082949702452E-17,0.716366650454,
    -0.697724030055));
#15655 = ADVANCED_FACE('',(#15656),#15666,.T.);
#15656 = FACE_BOUND('',#15657,.T.);
#15657 = EDGE_LOOP('',(#15658,#15664,#15665));
#15658 = ORIENTED_EDGE('',*,*,#15659,.T.);
#15659 = EDGE_CURVE('',#15637,#15598,#15660,.T.);
#15660 = LINE('',#15661,#15662);
#15661 = CARTESIAN_POINT('',(78.261260986328,38.779804229736,
    222.8040996806));
#15662 = VECTOR('',#15663,1.);
#15663 = DIRECTION('',(-0.485626545652,-0.697643869999,0.526744614411));
#15664 = ORIENTED_EDGE('',*,*,#15597,.F.);
#15665 = ORIENTED_EDGE('',*,*,#15644,.F.);
#15666 = PLANE('',#15667);
#15667 = AXIS2_PLACEMENT_3D('',#15668,#15669,#15670);
#15668 = CARTESIAN_POINT('',(78.1497472438,38.68560812934,
    222.88372349976));
#15669 = DIRECTION('',(-0.154953226162,-0.524327156724,-0.837299546413)
  );
#15670 = DIRECTION('',(1.002385764537E-16,0.847536252434,-0.530737506503
    ));
#15671 = ADVANCED_FACE('',(#15672),#15682,.T.);
#15672 = FACE_BOUND('',#15673,.T.);
#15673 = EDGE_LOOP('',(#15674,#15680,#15681));
#15674 = ORIENTED_EDGE('',*,*,#15675,.T.);
#15675 = EDGE_CURVE('',#13116,#15637,#15676,.T.);
#15676 = LINE('',#15677,#15678);
#15677 = CARTESIAN_POINT('',(78.397850036621,38.954364776611,
    222.57834589642));
#15678 = VECTOR('',#15679,1.);
#15679 = DIRECTION('',(-0.431732388419,-0.551753172486,0.713565400956));
#15680 = ORIENTED_EDGE('',*,*,#15636,.F.);
#15681 = ORIENTED_EDGE('',*,*,#13139,.F.);
#15682 = PLANE('',#15683);
#15683 = AXIS2_PLACEMENT_3D('',#15684,#15685,#15686);
#15684 = CARTESIAN_POINT('',(78.283843812515,38.890163322654,
    222.6789609566));
#15685 = DIRECTION('',(-0.184371924345,-0.720407656323,-0.668595395006)
  );
#15686 = DIRECTION('',(4.140386644356E-18,-0.68025735446,0.732973349927)
  );
#15687 = ADVANCED_FACE('',(#15688),#15705,.T.);
#15688 = FACE_BOUND('',#15689,.T.);
#15689 = EDGE_LOOP('',(#15690,#15698,#15704));
#15690 = ORIENTED_EDGE('',*,*,#15691,.T.);
#15691 = EDGE_CURVE('',#15490,#15692,#15694,.T.);
#15692 = VERTEX_POINT('',#15693);
#15693 = CARTESIAN_POINT('',(57.73120880127,39.060901641846,
    222.80416834515));
#15694 = LINE('',#15695,#15696);
#15695 = CARTESIAN_POINT('',(57.945190429688,38.983154296875,
    222.8887859599));
#15696 = VECTOR('',#15697,1.);
#15697 = DIRECTION('',(-0.881001227206,0.320099939596,-0.348386088029));
#15698 = ORIENTED_EDGE('',*,*,#15699,.T.);
#15699 = EDGE_CURVE('',#15692,#13929,#15700,.T.);
#15700 = LINE('',#15701,#15702);
#15701 = CARTESIAN_POINT('',(57.73120880127,39.060901641846,
    222.80416834515));
#15702 = VECTOR('',#15703,1.);
#15703 = DIRECTION('',(0.359008176627,0.676389503395,-0.64312546895));
#15704 = ORIENTED_EDGE('',*,*,#15513,.F.);
#15705 = PLANE('',#15706);
#15706 = AXIS2_PLACEMENT_3D('',#15707,#15708,#15709);
#15707 = CARTESIAN_POINT('',(57.838913996328,39.092310326263,
    222.77811825511));
#15708 = DIRECTION('',(3.001296002095E-02,-0.697072187724,
    -0.716372519945));
#15709 = DIRECTION('',(2.222460128535E-18,0.716695384303,-0.69738635355)
  );
#15710 = ADVANCED_FACE('',(#15711),#15721,.T.);
#15711 = FACE_BOUND('',#15712,.T.);
#15712 = EDGE_LOOP('',(#15713,#15714,#15720));
#15713 = ORIENTED_EDGE('',*,*,#15699,.F.);
#15714 = ORIENTED_EDGE('',*,*,#15715,.T.);
#15715 = EDGE_CURVE('',#15692,#14633,#15716,.T.);
#15716 = LINE('',#15717,#15718);
#15717 = CARTESIAN_POINT('',(57.73120880127,39.060901641846,
    222.80416834515));
#15718 = VECTOR('',#15719,1.);
#15719 = DIRECTION('',(-0.424967300219,0.560115530467,-0.711107155268));
#15720 = ORIENTED_EDGE('',*,*,#14671,.F.);
#15721 = PLANE('',#15722);
#15722 = AXIS2_PLACEMENT_3D('',#15723,#15724,#15725);
#15723 = CARTESIAN_POINT('',(57.710684013027,39.172337018372,
    222.67851902764));
#15724 = DIRECTION('',(0.165462653489,-0.724271586612,-0.669367447017));
#15725 = DIRECTION('',(1.105779867821E-16,-0.678722925404,0.734394437977
    ));
#15726 = ADVANCED_FACE('',(#15727),#15744,.T.);
#15727 = FACE_BOUND('',#15728,.T.);
#15728 = EDGE_LOOP('',(#15729,#15737,#15743));
#15729 = ORIENTED_EDGE('',*,*,#15730,.T.);
#15730 = EDGE_CURVE('',#10946,#15731,#15733,.T.);
#15731 = VERTEX_POINT('',#15732);
#15732 = CARTESIAN_POINT('',(57.881080627441,38.838119506836,
    222.96941340131));
#15733 = LINE('',#15734,#15735);
#15734 = CARTESIAN_POINT('',(58.071319580078,38.676761627197,
    223.04449427289));
#15735 = VECTOR('',#15736,1.);
#15736 = DIRECTION('',(-0.730261764084,0.619397280108,-0.288209585737));
#15737 = ORIENTED_EDGE('',*,*,#15738,.T.);
#15738 = EDGE_CURVE('',#15731,#15490,#15739,.T.);
#15739 = LINE('',#15740,#15741);
#15740 = CARTESIAN_POINT('',(57.881080627441,38.838119506836,
    222.96941340131));
#15741 = VECTOR('',#15742,1.);
#15742 = DIRECTION('',(0.360383938875,0.81529200024,-0.453235447582));
#15743 = ORIENTED_EDGE('',*,*,#15582,.F.);
#15744 = PLANE('',#15745);
#15745 = AXIS2_PLACEMENT_3D('',#15746,#15747,#15748);
#15746 = CARTESIAN_POINT('',(57.976842225464,38.824315801969,
    222.97139319155));
#15747 = DIRECTION('',(-4.930505994496E-02,-0.468556682586,
    -0.882056487005));
#15748 = DIRECTION('',(5.019269964676E-19,0.883130580515,-0.469127251137
    ));
#15749 = ADVANCED_FACE('',(#15750),#15760,.T.);
#15750 = FACE_BOUND('',#15751,.T.);
#15751 = EDGE_LOOP('',(#15752,#15753,#15759));
#15752 = ORIENTED_EDGE('',*,*,#15738,.F.);
#15753 = ORIENTED_EDGE('',*,*,#15754,.T.);
#15754 = EDGE_CURVE('',#15731,#15692,#15755,.T.);
#15755 = LINE('',#15756,#15757);
#15756 = CARTESIAN_POINT('',(57.881080627441,38.838119506836,
    222.96941340131));
#15757 = VECTOR('',#15758,1.);
#15758 = DIRECTION('',(-0.47536606744,0.706624254342,-0.524127145932));
#15759 = ORIENTED_EDGE('',*,*,#15691,.F.);
#15760 = PLANE('',#15761);
#15761 = AXIS2_PLACEMENT_3D('',#15762,#15763,#15764);
#15762 = CARTESIAN_POINT('',(57.842580293299,38.964044830034,
    222.88371346646));
#15763 = DIRECTION('',(0.139675349451,-0.527571751402,-0.837949189318));
#15764 = DIRECTION('',(4.238044131204E-17,0.846244627157,-0.53279454859)
  );
#15765 = ADVANCED_FACE('',(#15766),#15776,.T.);
#15766 = FACE_BOUND('',#15767,.T.);
#15767 = EDGE_LOOP('',(#15768,#15769,#15775));
#15768 = ORIENTED_EDGE('',*,*,#11165,.F.);
#15769 = ORIENTED_EDGE('',*,*,#15770,.T.);
#15770 = EDGE_CURVE('',#11158,#15731,#15771,.T.);
#15771 = LINE('',#15772,#15773);
#15772 = CARTESIAN_POINT('',(58.040153503418,38.590732574463,
    223.06687891644));
#15773 = VECTOR('',#15774,1.);
#15774 = DIRECTION('',(-0.513394801766,0.79842125394,-0.314562042809));
#15775 = ORIENTED_EDGE('',*,*,#15730,.F.);
#15776 = PLANE('',#15777);
#15777 = AXIS2_PLACEMENT_3D('',#15778,#15779,#15780);
#15778 = CARTESIAN_POINT('',(57.980208671233,38.719851912717,
    223.01907997933));
#15779 = DIRECTION('',(0.126151470771,-0.292357221532,-0.947952035411));
#15780 = DIRECTION('',(1.402488481561E-18,0.955586222265,-0.294711675739
    ));
#15781 = ADVANCED_FACE('',(#15782),#15792,.T.);
#15782 = FACE_BOUND('',#15783,.T.);
#15783 = EDGE_LOOP('',(#15784,#15785,#15791));
#15784 = ORIENTED_EDGE('',*,*,#11105,.F.);
#15785 = ORIENTED_EDGE('',*,*,#15786,.T.);
#15786 = EDGE_CURVE('',#11098,#10691,#15787,.T.);
#15787 = LINE('',#15788,#15789);
#15788 = CARTESIAN_POINT('',(78.034538269043,38.228492736816,
    223.06676447553));
#15789 = VECTOR('',#15790,1.);
#15790 = DIRECTION('',(0.801382295128,0.507398490035,-0.316754146565));
#15791 = ORIENTED_EDGE('',*,*,#10688,.F.);
#15792 = PLANE('',#15793);
#15793 = AXIS2_PLACEMENT_3D('',#15794,#15795,#15796);
#15794 = CARTESIAN_POINT('',(78.163290562725,38.287366226162,
    223.01896097723));
#15795 = DIRECTION('',(-0.292711527776,-0.129151472599,-0.947438577763)
  );
#15796 = DIRECTION('',(0.955440509335,-3.982142024665E-19,
    -0.295183727738));
#15797 = ADVANCED_FACE('',(#15798),#15815,.T.);
#15798 = FACE_BOUND('',#15799,.T.);
#15799 = EDGE_LOOP('',(#15800,#15808,#15809));
#15800 = ORIENTED_EDGE('',*,*,#15801,.T.);
#15801 = EDGE_CURVE('',#15802,#11314,#15804,.T.);
#15802 = VERTEX_POINT('',#15803);
#15803 = CARTESIAN_POINT('',(78.281524658204,-38.38456726074,
    222.96916926068));
#15804 = LINE('',#15805,#15806);
#15805 = CARTESIAN_POINT('',(78.281524658203,-38.38456726074,
    222.96916926068));
#15806 = VECTOR('',#15807,1.);
#15807 = DIRECTION('',(-0.801576341336,0.507059074724,0.316806666204));
#15808 = ORIENTED_EDGE('',*,*,#11311,.F.);
#15809 = ORIENTED_EDGE('',*,*,#15810,.F.);
#15810 = EDGE_CURVE('',#15802,#11312,#15811,.T.);
#15811 = LINE('',#15812,#15813);
#15812 = CARTESIAN_POINT('',(78.281524658203,-38.38456726074,
    222.96916926068));
#15813 = VECTOR('',#15814,1.);
#15814 = DIRECTION('',(-0.625210129555,0.723825626045,0.291871130778));
#15815 = PLANE('',#15816);
#15816 = AXIS2_PLACEMENT_3D('',#15817,#15818,#15819);
#15817 = CARTESIAN_POINT('',(78.163351372068,-38.28722456803,
    223.01895494651));
#15818 = DIRECTION('',(-0.292731143524,0.129186278566,-0.947427771939));
#15819 = DIRECTION('',(0.955433980608,-4.454079473802E-19,-0.29520485887
    ));
#15820 = ADVANCED_FACE('',(#15821),#15838,.T.);
#15821 = FACE_BOUND('',#15822,.T.);
#15822 = EDGE_LOOP('',(#15823,#15831,#15832));
#15823 = ORIENTED_EDGE('',*,*,#15824,.T.);
#15824 = EDGE_CURVE('',#15825,#15802,#15827,.T.);
#15825 = VERTEX_POINT('',#15826);
#15826 = CARTESIAN_POINT('',(78.425987243653,-38.32164001464,
    222.88880884808));
#15827 = LINE('',#15828,#15829);
#15828 = CARTESIAN_POINT('',(78.425987243652,-38.32164001464,
    222.88880884808));
#15829 = VECTOR('',#15830,1.);
#15830 = DIRECTION('',(-0.816719484625,-0.355759298082,0.454317736021));
#15831 = ORIENTED_EDGE('',*,*,#15810,.T.);
#15832 = ORIENTED_EDGE('',*,*,#15833,.F.);
#15833 = EDGE_CURVE('',#15825,#11312,#15834,.T.);
#15834 = LINE('',#15835,#15836);
#15835 = CARTESIAN_POINT('',(78.425987243652,-38.32164001464,
    222.88880884808));
#15836 = VECTOR('',#15837,1.);
#15837 = DIRECTION('',(-0.838206213158,0.339596043978,0.426714039067));
#15838 = PLANE('',#15839);
#15839 = AXIS2_PLACEMENT_3D('',#15840,#15841,#15842);
#15840 = CARTESIAN_POINT('',(78.267597949642,-38.29049514895,
    222.97129544401));
#15841 = DIRECTION('',(-0.468972922572,-4.949744010842E-02,
    -0.881824473077));
#15842 = DIRECTION('',(0.882906695535,-8.399415932281E-19,
    -0.469548471385));
#15843 = ADVANCED_FACE('',(#15844),#15861,.T.);
#15844 = FACE_BOUND('',#15845,.T.);
#15845 = EDGE_LOOP('',(#15846,#15854,#15855));
#15846 = ORIENTED_EDGE('',*,*,#15847,.T.);
#15847 = EDGE_CURVE('',#15848,#15802,#15850,.T.);
#15848 = VERTEX_POINT('',#15849);
#15849 = CARTESIAN_POINT('',(78.503692626954,-38.53153228759,
    222.8040996806));
#15850 = LINE('',#15851,#15852);
#15851 = CARTESIAN_POINT('',(78.503692626953,-38.53153228759,
    222.8040996806));
#15852 = VECTOR('',#15853,1.);
#15853 = DIRECTION('',(-0.708947375841,0.468971610605,0.526744004935));
#15854 = ORIENTED_EDGE('',*,*,#15824,.F.);
#15855 = ORIENTED_EDGE('',*,*,#15856,.F.);
#15856 = EDGE_CURVE('',#15848,#15825,#15857,.T.);
#15857 = LINE('',#15858,#15859);
#15858 = CARTESIAN_POINT('',(78.503692626953,-38.53153228759,
    222.8040996806));
#15859 = VECTOR('',#15860,1.);
#15860 = DIRECTION('',(-0.324708058492,0.877078389512,0.353974823116));
#15861 = PLANE('',#15862);
#15862 = AXIS2_PLACEMENT_3D('',#15863,#15864,#15865);
#15863 = CARTESIAN_POINT('',(78.406881811062,-38.42228536079,
    222.88372353966));
#15864 = DIRECTION('',(-0.527842248129,0.142506271758,-0.837301930966));
#15865 = DIRECTION('',(0.845935635496,-1.777934342357E-18,
    -0.533285008787));
#15866 = ADVANCED_FACE('',(#15867),#15882,.T.);
#15867 = FACE_BOUND('',#15868,.T.);
#15868 = EDGE_LOOP('',(#15869,#15875,#15876));
#15869 = ORIENTED_EDGE('',*,*,#15870,.T.);
#15870 = EDGE_CURVE('',#12868,#15848,#15871,.T.);
#15871 = LINE('',#15872,#15873);
#15872 = CARTESIAN_POINT('',(78.668601989746,-38.44535064697,
    222.64692652387));
#15873 = VECTOR('',#15874,1.);
#15874 = DIRECTION('',(-0.677054464111,-0.353828694268,0.645292575302));
#15875 = ORIENTED_EDGE('',*,*,#15856,.T.);
#15876 = ORIENTED_EDGE('',*,*,#15877,.F.);
#15877 = EDGE_CURVE('',#12868,#15825,#15878,.T.);
#15878 = LINE('',#15879,#15880);
#15879 = CARTESIAN_POINT('',(78.668601989746,-38.44535064697,
    222.64692652387));
#15880 = VECTOR('',#15881,1.);
#15881 = DIRECTION('',(-0.666078533238,0.339637214354,0.664067730119));
#15882 = PLANE('',#15883);
#15883 = AXIS2_PLACEMENT_3D('',#15884,#15885,#15886);
#15884 = CARTESIAN_POINT('',(78.535172616564,-38.42584301932,
    222.77789007807));
#15885 = DIRECTION('',(-0.697888752316,3.041926960231E-02,
    -0.715559890874));
#15886 = DIRECTION('',(0.715891186029,3.6079447712E-19,-0.698211865959)
  );
#15887 = ADVANCED_FACE('',(#15888),#15898,.T.);
#15888 = FACE_BOUND('',#15889,.T.);
#15889 = EDGE_LOOP('',(#15890,#15896,#15897));
#15890 = ORIENTED_EDGE('',*,*,#15891,.T.);
#15891 = EDGE_CURVE('',#12844,#15848,#15892,.T.);
#15892 = LINE('',#15893,#15894);
#15893 = CARTESIAN_POINT('',(78.681449890137,-38.6639175415,
    222.57833826703));
#15894 = VECTOR('',#15895,1.);
#15895 = DIRECTION('',(-0.561860223698,0.418447083635,0.71359311041));
#15896 = ORIENTED_EDGE('',*,*,#15870,.F.);
#15897 = ORIENTED_EDGE('',*,*,#12867,.F.);
#15898 = PLANE('',#15899);
#15899 = AXIS2_PLACEMENT_3D('',#15900,#15901,#15902);
#15900 = CARTESIAN_POINT('',(78.614554910339,-38.55148009132,
    222.67895917108));
#15901 = DIRECTION('',(-0.724598857105,0.167212098697,-0.668578051039));
#15902 = DIRECTION('',(-0.678125414583,4.013231986338E-17,0.734946203539
    ));
#15903 = ADVANCED_FACE('',(#15904),#15914,.T.);
#15904 = FACE_BOUND('',#15905,.T.);
#15905 = EDGE_LOOP('',(#15906,#15912,#15913));
#15906 = ORIENTED_EDGE('',*,*,#15907,.T.);
#15907 = EDGE_CURVE('',#10722,#14885,#15908,.T.);
#15908 = LINE('',#15909,#15910);
#15909 = CARTESIAN_POINT('',(78.503570556641,38.531879425049,
    222.8040996806));
#15910 = VECTOR('',#15911,1.);
#15911 = DIRECTION('',(0.173676973835,0.792468599081,-0.584662148792));
#15912 = ORIENTED_EDGE('',*,*,#14944,.F.);
#15913 = ORIENTED_EDGE('',*,*,#10767,.F.);
#15914 = PLANE('',#15915);
#15915 = AXIS2_PLACEMENT_3D('',#15916,#15917,#15918);
#15916 = CARTESIAN_POINT('',(78.576648005324,38.67062383671,
    222.66499637424));
#15917 = DIRECTION('',(-0.602431811827,-0.384151128024,-0.699645498047)
  );
#15918 = DIRECTION('',(0.757790599209,4.319062996217E-17,-0.652497822028
    ));
#15919 = ADVANCED_FACE('',(#15920),#15937,.T.);
#15920 = FACE_BOUND('',#15921,.T.);
#15921 = EDGE_LOOP('',(#15922,#15930,#15936));
#15922 = ORIENTED_EDGE('',*,*,#15923,.T.);
#15923 = EDGE_CURVE('',#10691,#15924,#15926,.T.);
#15924 = VERTEX_POINT('',#15925);
#15925 = CARTESIAN_POINT('',(78.408187866211,38.681041717529,
    222.80676996869));
#15926 = LINE('',#15927,#15928);
#15927 = CARTESIAN_POINT('',(78.281433105469,38.384815216064,
    222.96917689008));
#15928 = VECTOR('',#15929,1.);
#15929 = DIRECTION('',(0.351293893011,0.820975561812,-0.450101908061));
#15930 = ORIENTED_EDGE('',*,*,#15931,.T.);
#15931 = EDGE_CURVE('',#15924,#10722,#15932,.T.);
#15932 = LINE('',#15933,#15934);
#15933 = CARTESIAN_POINT('',(78.408187866211,38.681041717529,
    222.80676996869));
#15934 = VECTOR('',#15935,1.);
#15935 = DIRECTION('',(0.538667131354,-0.842383705416,
    -1.508026683523E-02));
#15936 = ORIENTED_EDGE('',*,*,#10721,.F.);
#15937 = PLANE('',#15938);
#15938 = AXIS2_PLACEMENT_3D('',#15939,#15940,#15941);
#15939 = CARTESIAN_POINT('',(78.385470500552,38.520766206281,
    222.87031375062));
#15940 = DIRECTION('',(-0.450783398299,-0.273042151492,-0.849848404909)
  );
#15941 = DIRECTION('',(0.883416399022,7.180769648463E-18,-0.468588802619
    ));
#15942 = ADVANCED_FACE('',(#15943),#15953,.T.);
#15943 = FACE_BOUND('',#15944,.T.);
#15944 = EDGE_LOOP('',(#15945,#15946,#15952));
#15945 = ORIENTED_EDGE('',*,*,#15931,.F.);
#15946 = ORIENTED_EDGE('',*,*,#15947,.T.);
#15947 = EDGE_CURVE('',#15924,#14885,#15948,.T.);
#15948 = LINE('',#15949,#15950);
#15949 = CARTESIAN_POINT('',(78.408187866211,38.681041717529,
    222.80676996869));
#15950 = VECTOR('',#15951,1.);
#15951 = DIRECTION('',(0.503235435548,0.49153749118,-0.71073552829));
#15952 = ORIENTED_EDGE('',*,*,#15907,.F.);
#15953 = PLANE('',#15954);
#15954 = AXIS2_PLACEMENT_3D('',#15955,#15956,#15957);
#15955 = CARTESIAN_POINT('',(78.503793373823,38.69734688904,
    222.71374217164));
#15956 = DIRECTION('',(-0.611497221832,-0.37858725,-0.694796978858));
#15957 = DIRECTION('',(0.750672856776,2.726800990187E-17,-0.660674096738
    ));
#15958 = ADVANCED_FACE('',(#15959),#15976,.T.);
#15959 = FACE_BOUND('',#15960,.T.);
#15960 = EDGE_LOOP('',(#15961,#15969,#15975));
#15961 = ORIENTED_EDGE('',*,*,#15962,.T.);
#15962 = EDGE_CURVE('',#11098,#15963,#15965,.T.);
#15963 = VERTEX_POINT('',#15964);
#15964 = CARTESIAN_POINT('',(78.212059020996,38.489421844482,
    222.97224390668));
#15965 = LINE('',#15966,#15967);
#15966 = CARTESIAN_POINT('',(78.034538269043,38.228492736816,
    223.06676447553));
#15967 = VECTOR('',#15968,1.);
#15968 = DIRECTION('',(0.538853510938,0.79203453244,-0.28691147271));
#15969 = ORIENTED_EDGE('',*,*,#15970,.T.);
#15970 = EDGE_CURVE('',#15963,#10691,#15971,.T.);
#15971 = LINE('',#15972,#15973);
#15972 = CARTESIAN_POINT('',(78.212059020996,38.489421844482,
    222.97224390668));
#15973 = VECTOR('',#15974,1.);
#15974 = DIRECTION('',(0.552527854294,-0.833136413749,
    -2.442716346927E-02));
#15975 = ORIENTED_EDGE('',*,*,#15786,.F.);
#15976 = PLANE('',#15977);
#15977 = AXIS2_PLACEMENT_3D('',#15978,#15979,#15980);
#15978 = CARTESIAN_POINT('',(78.157615070687,38.350701084541,
    223.01085655443));
#15979 = DIRECTION('',(-0.276400479921,-0.155500054887,-0.948378884007)
  );
#15980 = DIRECTION('',(0.960057130694,-4.27719203466E-19,-0.279804048941
    ));
#15981 = ADVANCED_FACE('',(#15982),#15992,.T.);
#15982 = FACE_BOUND('',#15983,.T.);
#15983 = EDGE_LOOP('',(#15984,#15985,#15991));
#15984 = ORIENTED_EDGE('',*,*,#15970,.F.);
#15985 = ORIENTED_EDGE('',*,*,#15986,.T.);
#15986 = EDGE_CURVE('',#15963,#15924,#15987,.T.);
#15987 = LINE('',#15988,#15989);
#15988 = CARTESIAN_POINT('',(78.212059020996,38.489421844482,
    222.97224390668));
#15989 = VECTOR('',#15990,1.);
#15990 = DIRECTION('',(0.61240549141,0.598326382785,-0.516686610775));
#15991 = ORIENTED_EDGE('',*,*,#15923,.F.);
#15992 = PLANE('',#15993);
#15993 = AXIS2_PLACEMENT_3D('',#15994,#15995,#15996);
#15994 = CARTESIAN_POINT('',(78.315774482777,38.538781114765,
    222.90146070852));
#15995 = DIRECTION('',(-0.45000768426,-0.273515922151,-0.850107125271));
#15996 = DIRECTION('',(0.883808993409,-1.545919631654E-17,
    -0.467847906021));
#15997 = ADVANCED_FACE('',(#15998),#16008,.T.);
#15998 = FACE_BOUND('',#15999,.T.);
#15999 = EDGE_LOOP('',(#16000,#16001,#16007));
#16000 = ORIENTED_EDGE('',*,*,#11126,.F.);
#16001 = ORIENTED_EDGE('',*,*,#16002,.T.);
#16002 = EDGE_CURVE('',#11076,#15963,#16003,.T.);
#16003 = LINE('',#16004,#16005);
#16004 = CARTESIAN_POINT('',(77.99836730957,38.280628204346,
    223.06794703168));
#16005 = VECTOR('',#16006,1.);
#16006 = DIRECTION('',(0.681161927728,0.665548876295,-0.305062487823));
#16007 = ORIENTED_EDGE('',*,*,#15962,.F.);
#16008 = PLANE('',#16009);
#16009 = AXIS2_PLACEMENT_3D('',#16010,#16011,#16012);
#16010 = CARTESIAN_POINT('',(78.105672965456,38.361154079448,
    223.02406448092));
#16011 = DIRECTION('',(-0.266130507995,-0.163088972636,-0.950040283208)
  );
#16012 = DIRECTION('',(0.962932636091,-3.519456642506E-17,
    -0.269741984774));
#16013 = ADVANCED_FACE('',(#16014),#16024,.T.);
#16014 = FACE_BOUND('',#16015,.T.);
#16015 = EDGE_LOOP('',(#16016,#16022,#16023));
#16016 = ORIENTED_EDGE('',*,*,#16017,.T.);
#16017 = EDGE_CURVE('',#15924,#13116,#16018,.T.);
#16018 = LINE('',#16019,#16020);
#16019 = CARTESIAN_POINT('',(78.408187866211,38.681041717529,
    222.80676996869));
#16020 = VECTOR('',#16021,1.);
#16021 = DIRECTION('',(-2.900980038594E-02,0.766993430868,
    -0.640998836572));
#16022 = ORIENTED_EDGE('',*,*,#14907,.F.);
#16023 = ORIENTED_EDGE('',*,*,#15947,.F.);
#16024 = PLANE('',#16025);
#16025 = AXIS2_PLACEMENT_3D('',#16026,#16027,#16028);
#16026 = CARTESIAN_POINT('',(78.453674014817,38.81548713366,
    222.66534191716));
#16027 = DIRECTION('',(-0.399931087009,-0.596610745421,-0.695780672405)
  );
#16028 = DIRECTION('',(3.609620596462E-18,0.759134043028,-0.650934332107
    ));
#16029 = ADVANCED_FACE('',(#16030),#16045,.T.);
#16030 = FACE_BOUND('',#16031,.T.);
#16031 = EDGE_LOOP('',(#16032,#16038,#16044));
#16032 = ORIENTED_EDGE('',*,*,#16033,.T.);
#16033 = EDGE_CURVE('',#15963,#15637,#16034,.T.);
#16034 = LINE('',#16035,#16036);
#16035 = CARTESIAN_POINT('',(78.212059020996,38.489421844482,
    222.97224390668));
#16036 = VECTOR('',#16037,1.);
#16037 = DIRECTION('',(0.145079065148,0.856234191131,-0.495797413056));
#16038 = ORIENTED_EDGE('',*,*,#16039,.T.);
#16039 = EDGE_CURVE('',#15637,#15924,#16040,.T.);
#16040 = LINE('',#16041,#16042);
#16041 = CARTESIAN_POINT('',(78.261260986328,38.779804229736,
    222.8040996806));
#16042 = VECTOR('',#16043,1.);
#16043 = DIRECTION('',(0.829834870086,-0.557805192297,1.508163903469E-02
    ));
#16044 = ORIENTED_EDGE('',*,*,#15986,.F.);
#16045 = PLANE('',#16046);
#16046 = AXIS2_PLACEMENT_3D('',#16047,#16048,#16049);
#16047 = CARTESIAN_POINT('',(78.285545203612,38.635986515867,
    222.87116973213));
#16048 = DIRECTION('',(-0.283146380504,-0.444212719346,-0.850001874809)
  );
#16049 = DIRECTION('',(6.548611437386E-18,0.886271004033,-0.463167040505
    ));
#16050 = ADVANCED_FACE('',(#16051),#16056,.T.);
#16051 = FACE_BOUND('',#16052,.T.);
#16052 = EDGE_LOOP('',(#16053,#16054,#16055));
#16053 = ORIENTED_EDGE('',*,*,#16039,.F.);
#16054 = ORIENTED_EDGE('',*,*,#15675,.F.);
#16055 = ORIENTED_EDGE('',*,*,#16017,.F.);
#16056 = PLANE('',#16057);
#16057 = AXIS2_PLACEMENT_3D('',#16058,#16059,#16060);
#16058 = CARTESIAN_POINT('',(78.361439238234,38.817902714238,
    222.71557910268));
#16059 = DIRECTION('',(-0.390017143947,-0.599125819485,-0.699238786005)
  );
#16060 = DIRECTION('',(1.470779572189E-17,0.759375562962,-0.650652560416
    ));
#16061 = ADVANCED_FACE('',(#16062),#16077,.T.);
#16062 = FACE_BOUND('',#16063,.T.);
#16063 = EDGE_LOOP('',(#16064,#16070,#16076));
#16064 = ORIENTED_EDGE('',*,*,#16065,.T.);
#16065 = EDGE_CURVE('',#11076,#15598,#16066,.T.);
#16066 = LINE('',#16067,#16068);
#16067 = CARTESIAN_POINT('',(77.99836730957,38.280628204346,
    223.06794703168));
#16068 = VECTOR('',#16069,1.);
#16069 = DIRECTION('',(0.348829779653,0.883998609759,-0.311230208641));
#16070 = ORIENTED_EDGE('',*,*,#16071,.T.);
#16071 = EDGE_CURVE('',#15598,#15963,#16072,.T.);
#16072 = LINE('',#16073,#16074);
#16073 = CARTESIAN_POINT('',(78.109069824219,38.561168670654,
    222.96917689008));
#16074 = VECTOR('',#16075,1.);
#16075 = DIRECTION('',(0.820278585774,-0.571442315773,2.442788291587E-02
    ));
#16076 = ORIENTED_EDGE('',*,*,#16002,.F.);
#16077 = PLANE('',#16078);
#16078 = AXIS2_PLACEMENT_3D('',#16079,#16080,#16081);
#16079 = CARTESIAN_POINT('',(78.092799545023,38.423347936098,
    223.01125732592));
#16080 = DIRECTION('',(-0.160429730692,-0.270863594718,-0.949155000285)
  );
#16081 = DIRECTION('',(3.623612669227E-18,0.96161048699,-0.274418059375)
  );
#16082 = ADVANCED_FACE('',(#16083),#16088,.T.);
#16083 = FACE_BOUND('',#16084,.T.);
#16084 = EDGE_LOOP('',(#16085,#16086,#16087));
#16085 = ORIENTED_EDGE('',*,*,#16071,.F.);
#16086 = ORIENTED_EDGE('',*,*,#15659,.F.);
#16087 = ORIENTED_EDGE('',*,*,#16033,.F.);
#16088 = PLANE('',#16089);
#16089 = AXIS2_PLACEMENT_3D('',#16090,#16091,#16092);
#16090 = CARTESIAN_POINT('',(78.203640365009,38.63142204749,
    222.90087280581));
#16091 = DIRECTION('',(-0.283986871945,-0.443978728111,-0.849843718308)
  );
#16092 = DIRECTION('',(1.440007685597E-17,0.88633578601,-0.463043058946)
  );
#16093 = ADVANCED_FACE('',(#16094),#16099,.T.);
#16094 = FACE_BOUND('',#16095,.T.);
#16095 = EDGE_LOOP('',(#16096,#16097,#16098));
#16096 = ORIENTED_EDGE('',*,*,#11075,.F.);
#16097 = ORIENTED_EDGE('',*,*,#15620,.F.);
#16098 = ORIENTED_EDGE('',*,*,#16065,.F.);
#16099 = PLANE('',#16100);
#16100 = AXIS2_PLACEMENT_3D('',#16101,#16102,#16103);
#16101 = CARTESIAN_POINT('',(78.034787603835,38.418049414063,
    223.02279282522));
#16102 = DIRECTION('',(-0.171931926996,-0.266090970362,-0.948490910853)
  );
#16103 = DIRECTION('',(-3.788114199342E-18,0.962828551794,-0.27011327226
    ));
#16104 = ADVANCED_FACE('',(#16105),#16115,.T.);
#16105 = FACE_BOUND('',#16106,.T.);
#16106 = EDGE_LOOP('',(#16107,#16113,#16114));
#16107 = ORIENTED_EDGE('',*,*,#16108,.T.);
#16108 = EDGE_CURVE('',#15334,#15114,#16109,.T.);
#16109 = LINE('',#16110,#16111);
#16110 = CARTESIAN_POINT('',(78.261589050293,-38.77965545654,
    222.80410731));
#16111 = VECTOR('',#16112,1.);
#16112 = DIRECTION('',(0.796373498196,-0.154788309321,-0.584662150877));
#16113 = ORIENTED_EDGE('',*,*,#15175,.F.);
#16114 = ORIENTED_EDGE('',*,*,#15357,.F.);
#16115 = PLANE('',#16116);
#16116 = AXIS2_PLACEMENT_3D('',#16117,#16118,#16119);
#16117 = CARTESIAN_POINT('',(78.402036169322,-38.84941503071,
    222.66499942635));
#16118 = DIRECTION('',(-0.398358193983,0.59313968816,-0.699639949986));
#16119 = DIRECTION('',(-1.011488535336E-16,0.76277487804,0.646664121032)
  );
#16120 = ADVANCED_FACE('',(#16121),#16138,.T.);
#16121 = FACE_BOUND('',#16122,.T.);
#16122 = EDGE_LOOP('',(#16123,#16131,#16137));
#16123 = ORIENTED_EDGE('',*,*,#16124,.T.);
#16124 = EDGE_CURVE('',#15373,#16125,#16127,.T.);
#16125 = VERTEX_POINT('',#16126);
#16126 = CARTESIAN_POINT('',(78.408447265625,-38.68075942993,
    222.80676996869));
#16127 = LINE('',#16128,#16129);
#16128 = CARTESIAN_POINT('',(78.109298706055,-38.56105422973,
    222.96918451947));
#16129 = VECTOR('',#16130,1.);
#16130 = DIRECTION('',(0.829058716974,-0.331750351169,-0.450114816806));
#16131 = ORIENTED_EDGE('',*,*,#16132,.T.);
#16132 = EDGE_CURVE('',#16125,#15334,#16133,.T.);
#16133 = LINE('',#16134,#16135);
#16134 = CARTESIAN_POINT('',(78.408447265625,-38.68075942993,
    222.80676996869));
#16135 = VECTOR('',#16136,1.);
#16136 = DIRECTION('',(-0.829365351316,-0.558504253023,
    -1.503706725593E-02));
#16137 = ORIENTED_EDGE('',*,*,#15396,.F.);
#16138 = PLANE('',#16139);
#16139 = AXIS2_PLACEMENT_3D('',#16140,#16141,#16142);
#16140 = CARTESIAN_POINT('',(78.247677903375,-38.66184567572,
    222.87031918616));
#16141 = DIRECTION('',(-0.283682637278,0.444143335516,-0.849859317077));
#16142 = DIRECTION('',(-9.476809308061E-17,0.886268813493,0.463171232084
    ));
#16143 = ADVANCED_FACE('',(#16144),#16154,.T.);
#16144 = FACE_BOUND('',#16145,.T.);
#16145 = EDGE_LOOP('',(#16146,#16147,#16153));
#16146 = ORIENTED_EDGE('',*,*,#16132,.F.);
#16147 = ORIENTED_EDGE('',*,*,#16148,.T.);
#16148 = EDGE_CURVE('',#16125,#15114,#16149,.T.);
#16149 = LINE('',#16150,#16151);
#16150 = CARTESIAN_POINT('',(78.408447265625,-38.68075942993,
    222.80676996869));
#16151 = VECTOR('',#16152,1.);
#16152 = DIRECTION('',(0.503375957954,-0.491395303864,-0.710734338761));
#16153 = ORIENTED_EDGE('',*,*,#16108,.F.);
#16154 = PLANE('',#16155);
#16155 = AXIS2_PLACEMENT_3D('',#16156,#16157,#16158);
#16156 = CARTESIAN_POINT('',(78.427020541392,-38.77594736047,
    222.71374437937));
#16157 = DIRECTION('',(-0.393016292868,0.602326277115,-0.694795832916));
#16158 = DIRECTION('',(-2.978041189868E-17,0.755597635475,0.655036039669
    ));
#16159 = ADVANCED_FACE('',(#16160),#16177,.T.);
#16160 = FACE_BOUND('',#16161,.T.);
#16161 = EDGE_LOOP('',(#16162,#16170,#16176));
#16162 = ORIENTED_EDGE('',*,*,#16163,.T.);
#16163 = EDGE_CURVE('',#11579,#16164,#16166,.T.);
#16164 = VERTEX_POINT('',#16165);
#16165 = CARTESIAN_POINT('',(78.212234497071,-38.48921966552,
    222.97224390668));
#16166 = LINE('',#16167,#16168);
#16167 = CARTESIAN_POINT('',(77.947189331055,-38.31791305542,
    223.06676447553));
#16168 = VECTOR('',#16169,1.);
#16169 = DIRECTION('',(0.804538667453,-0.519997379668,-0.286915070555));
#16170 = ORIENTED_EDGE('',*,*,#16171,.T.);
#16171 = EDGE_CURVE('',#16164,#15373,#16172,.T.);
#16172 = LINE('',#16173,#16174);
#16173 = CARTESIAN_POINT('',(78.21223449707,-38.48921966552,
    222.97224390668));
#16174 = VECTOR('',#16175,1.);
#16175 = DIRECTION('',(-0.81981283698,-0.572112938525,
    -2.436591666387E-02));
#16176 = ORIENTED_EDGE('',*,*,#15412,.F.);
#16177 = PLANE('',#16178);
#16178 = AXIS2_PLACEMENT_3D('',#16179,#16180,#16181);
#16179 = CARTESIAN_POINT('',(78.072269162431,-38.43807114351,
    223.01085857201));
#16180 = DIRECTION('',(-0.162036770238,0.272582899942,-0.94838950213));
#16181 = DIRECTION('',(-4.689298180094E-18,0.96109058257,0.276233401482)
  );
#16182 = ADVANCED_FACE('',(#16183),#16193,.T.);
#16183 = FACE_BOUND('',#16184,.T.);
#16184 = EDGE_LOOP('',(#16185,#16186,#16192));
#16185 = ORIENTED_EDGE('',*,*,#16171,.F.);
#16186 = ORIENTED_EDGE('',*,*,#16187,.T.);
#16187 = EDGE_CURVE('',#16164,#16125,#16188,.T.);
#16188 = LINE('',#16189,#16190);
#16189 = CARTESIAN_POINT('',(78.21223449707,-38.48921966552,
    222.97224390668));
#16190 = VECTOR('',#16191,1.);
#16191 = DIRECTION('',(0.612660872277,-0.598069738275,-0.516680988367));
#16192 = ORIENTED_EDGE('',*,*,#16124,.F.);
#16193 = PLANE('',#16194);
#16194 = AXIS2_PLACEMENT_3D('',#16195,#16196,#16197);
#16195 = CARTESIAN_POINT('',(78.264036333558,-38.59173954647,
    222.90146306019));
#16196 = DIRECTION('',(-0.284135833542,0.443360151884,-0.850116817749));
#16197 = DIRECTION('',(-1.245201160882E-17,0.886661422844,0.462419205095
    ));
#16198 = ADVANCED_FACE('',(#16199),#16209,.T.);
#16199 = FACE_BOUND('',#16200,.T.);
#16200 = EDGE_LOOP('',(#16201,#16202,#16208));
#16201 = ORIENTED_EDGE('',*,*,#11602,.F.);
#16202 = ORIENTED_EDGE('',*,*,#16203,.T.);
#16203 = EDGE_CURVE('',#11345,#16164,#16204,.T.);
#16204 = LINE('',#16205,#16206);
#16205 = CARTESIAN_POINT('',(77.998458862305,-38.28051757812,
    223.06794703168));
#16206 = VECTOR('',#16207,1.);
#16207 = DIRECTION('',(0.681437571134,-0.665264980669,-0.305066127491));
#16208 = ORIENTED_EDGE('',*,*,#16163,.F.);
#16209 = PLANE('',#16210);
#16210 = AXIS2_PLACEMENT_3D('',#16211,#16212,#16213);
#16211 = CARTESIAN_POINT('',(78.081491979539,-38.3858923093,
    223.02406478985));
#16212 = DIRECTION('',(-0.169334599128,0.262202322644,-0.950039859973));
#16213 = DIRECTION('',(1.112152844404E-18,0.963960783919,0.266044370484)
  );
#16214 = ADVANCED_FACE('',(#16215),#16225,.T.);
#16215 = FACE_BOUND('',#16216,.T.);
#16216 = EDGE_LOOP('',(#16217,#16223,#16224));
#16217 = ORIENTED_EDGE('',*,*,#16218,.T.);
#16218 = EDGE_CURVE('',#16125,#12844,#16219,.T.);
#16219 = LINE('',#16220,#16221);
#16220 = CARTESIAN_POINT('',(78.408447265625,-38.68075942993,
    222.80676996869));
#16221 = VECTOR('',#16222,1.);
#16222 = DIRECTION('',(0.766078542336,4.726038571964E-02,-0.641007116119
    ));
#16223 = ORIENTED_EDGE('',*,*,#15136,.F.);
#16224 = ORIENTED_EDGE('',*,*,#16148,.F.);
#16225 = PLANE('',#16226);
#16226 = AXIS2_PLACEMENT_3D('',#16227,#16228,#16229);
#16227 = CARTESIAN_POINT('',(78.543938570066,-38.72303218374,
    222.66533939843));
#16228 = DIRECTION('',(-0.605973357755,0.385599820172,-0.695779468204));
#16229 = DIRECTION('',(0.754096686942,-1.612341147893E-17,
    -0.656763417635));
#16230 = ADVANCED_FACE('',(#16231),#16246,.T.);
#16231 = FACE_BOUND('',#16232,.T.);
#16232 = EDGE_LOOP('',(#16233,#16239,#16245));
#16233 = ORIENTED_EDGE('',*,*,#16234,.T.);
#16234 = EDGE_CURVE('',#16164,#15848,#16235,.T.);
#16235 = LINE('',#16236,#16237);
#16236 = CARTESIAN_POINT('',(78.21223449707,-38.48921966552,
    222.97224390668));
#16237 = VECTOR('',#16238,1.);
#16238 = DIRECTION('',(0.859423229105,-0.124767321832,-0.495807249522));
#16239 = ORIENTED_EDGE('',*,*,#16240,.T.);
#16240 = EDGE_CURVE('',#15848,#16125,#16241,.T.);
#16241 = LINE('',#16242,#16243);
#16242 = CARTESIAN_POINT('',(78.503692626953,-38.53153228759,
    222.8040996806));
#16243 = VECTOR('',#16244,1.);
#16244 = DIRECTION('',(-0.537950154598,-0.842841721312,
    1.508190917248E-02));
#16245 = ORIENTED_EDGE('',*,*,#16187,.F.);
#16246 = PLANE('',#16247);
#16247 = AXIS2_PLACEMENT_3D('',#16248,#16249,#16250);
#16248 = CARTESIAN_POINT('',(78.360495907385,-38.55921616416,
    222.871169921));
#16249 = DIRECTION('',(-0.450808541604,0.27252195221,-0.850002026104));
#16250 = DIRECTION('',(0.883440638507,-1.0499594687E-17,-0.46854310179)
  );
#16251 = ADVANCED_FACE('',(#16252),#16257,.T.);
#16252 = FACE_BOUND('',#16253,.T.);
#16253 = EDGE_LOOP('',(#16254,#16255,#16256));
#16254 = ORIENTED_EDGE('',*,*,#16240,.F.);
#16255 = ORIENTED_EDGE('',*,*,#15891,.F.);
#16256 = ORIENTED_EDGE('',*,*,#16218,.F.);
#16257 = PLANE('',#16258);
#16258 = AXIS2_PLACEMENT_3D('',#16259,#16260,#16261);
#16259 = CARTESIAN_POINT('',(78.544160551694,-38.63076902797,
    222.71557559537));
#16260 = DIRECTION('',(-0.608235796284,0.375699329123,-0.699213293791));
#16261 = DIRECTION('',(0.754485700516,-7.035855235175E-18,
    -0.656316484417));
#16262 = ADVANCED_FACE('',(#16263),#16278,.T.);
#16263 = FACE_BOUND('',#16264,.T.);
#16264 = EDGE_LOOP('',(#16265,#16271,#16277));
#16265 = ORIENTED_EDGE('',*,*,#16266,.T.);
#16266 = EDGE_CURVE('',#11345,#15802,#16267,.T.);
#16267 = LINE('',#16268,#16269);
#16268 = CARTESIAN_POINT('',(77.998458862305,-38.28051757812,
    223.06794703168));
#16269 = VECTOR('',#16270,1.);
#16270 = DIRECTION('',(0.891973385313,-0.327872703059,-0.311260293775));
#16271 = ORIENTED_EDGE('',*,*,#16272,.T.);
#16272 = EDGE_CURVE('',#15802,#16164,#16273,.T.);
#16273 = LINE('',#16274,#16275);
#16274 = CARTESIAN_POINT('',(78.281524658203,-38.38456726074,
    222.96916926068));
#16275 = VECTOR('',#16276,1.);
#16276 = DIRECTION('',(-0.551894654555,-0.833554170505,
    2.448948973635E-02));
#16277 = ORIENTED_EDGE('',*,*,#16203,.F.);
#16278 = PLANE('',#16279);
#16279 = AXIS2_PLACEMENT_3D('',#16280,#16281,#16282);
#16280 = CARTESIAN_POINT('',(78.143363538705,-38.37155409409,
    223.01125522074));
#16281 = DIRECTION('',(-0.274625219097,0.153943244226,-0.949148284829));
#16282 = DIRECTION('',(0.960598919909,1.493932060703E-17,-0.277938329617
    ));
#16283 = ADVANCED_FACE('',(#16284),#16289,.T.);
#16284 = FACE_BOUND('',#16285,.T.);
#16285 = EDGE_LOOP('',(#16286,#16287,#16288));
#16286 = ORIENTED_EDGE('',*,*,#16272,.F.);
#16287 = ORIENTED_EDGE('',*,*,#15847,.F.);
#16288 = ORIENTED_EDGE('',*,*,#16234,.F.);
#16289 = PLANE('',#16290);
#16290 = AXIS2_PLACEMENT_3D('',#16291,#16292,#16293);
#16291 = CARTESIAN_POINT('',(78.353992691596,-38.47744333427,
    222.90087063502));
#16292 = DIRECTION('',(-0.450594097278,0.27336944152,-0.849843578514));
#16293 = DIRECTION('',(0.883496750285,-1.698622032301E-17,-0.46843728741
    ));
#16294 = ADVANCED_FACE('',(#16295),#16300,.T.);
#16295 = FACE_BOUND('',#16296,.T.);
#16296 = EDGE_LOOP('',(#16297,#16298,#16299));
#16297 = ORIENTED_EDGE('',*,*,#11344,.F.);
#16298 = ORIENTED_EDGE('',*,*,#15801,.F.);
#16299 = ORIENTED_EDGE('',*,*,#16266,.F.);
#16300 = PLANE('',#16301);
#16301 = AXIS2_PLACEMENT_3D('',#16302,#16303,#16304);
#16302 = CARTESIAN_POINT('',(78.136697120337,-38.31368586519,
    223.02278902584));
#16303 = DIRECTION('',(-0.270100089289,0.165620171583,-0.948480838252));
#16304 = DIRECTION('',(0.961763156735,1.278407245488E-17,-0.273882511942
    ));
#16305 = ADVANCED_FACE('',(#16306),#16316,.T.);
#16306 = FACE_BOUND('',#16307,.T.);
#16307 = EDGE_LOOP('',(#16308,#16314,#16315));
#16308 = ORIENTED_EDGE('',*,*,#16309,.T.);
#16309 = EDGE_CURVE('',#15692,#14594,#16310,.T.);
#16310 = LINE('',#16311,#16312);
#16311 = CARTESIAN_POINT('',(57.73120880127,39.060901641846,
    222.80416834515));
#16312 = VECTOR('',#16313,1.);
#16313 = DIRECTION('',(-0.79802371769,0.164997031506,-0.579598244993));
#16314 = ORIENTED_EDGE('',*,*,#14655,.F.);
#16315 = ORIENTED_EDGE('',*,*,#15715,.F.);
#16316 = PLANE('',#16317);
#16317 = AXIS2_PLACEMENT_3D('',#16318,#16319,#16320);
#16318 = CARTESIAN_POINT('',(57.589509110993,39.133333496542,
    222.66449337303));
#16319 = DIRECTION('',(0.386196701222,-0.598301965085,-0.702059019272));
#16320 = DIRECTION('',(2.348835486936E-19,0.761108519876,-0.648624560877
    ));
#16321 = ADVANCED_FACE('',(#16322),#16339,.T.);
#16322 = FACE_BOUND('',#16323,.T.);
#16323 = EDGE_LOOP('',(#16324,#16332,#16338));
#16324 = ORIENTED_EDGE('',*,*,#16325,.T.);
#16325 = EDGE_CURVE('',#15731,#16326,#16328,.T.);
#16326 = VERTEX_POINT('',#16327);
#16327 = CARTESIAN_POINT('',(57.579627990723,38.962791442871,
    222.80699885053));
#16328 = LINE('',#16329,#16330);
#16329 = CARTESIAN_POINT('',(57.881080627441,38.838119506836,
    222.96941340131));
#16330 = VECTOR('',#16331,1.);
#16331 = DIRECTION('',(-0.827232871497,0.342119162612,-0.445690761501));
#16332 = ORIENTED_EDGE('',*,*,#16333,.T.);
#16333 = EDGE_CURVE('',#16326,#15692,#16334,.T.);
#16334 = LINE('',#16335,#16336);
#16335 = CARTESIAN_POINT('',(57.579627990723,38.962791442871,
    222.80699885053));
#16336 = VECTOR('',#16337,1.);
#16337 = DIRECTION('',(0.839395032879,0.54329577337,-1.567422776315E-02)
  );
#16338 = ORIENTED_EDGE('',*,*,#15754,.F.);
#16339 = PLANE('',#16340);
#16340 = AXIS2_PLACEMENT_3D('',#16341,#16342,#16343);
#16341 = CARTESIAN_POINT('',(57.742400239688,38.941816056966,
    222.87034378389));
#16342 = DIRECTION('',(0.273686786243,-0.447411365512,-0.85142152489));
#16343 = DIRECTION('',(4.390635412021E-17,0.885220231632,-0.4651721633)
  );
#16344 = ADVANCED_FACE('',(#16345),#16355,.T.);
#16345 = FACE_BOUND('',#16346,.T.);
#16346 = EDGE_LOOP('',(#16347,#16348,#16354));
#16347 = ORIENTED_EDGE('',*,*,#16333,.F.);
#16348 = ORIENTED_EDGE('',*,*,#16349,.T.);
#16349 = EDGE_CURVE('',#16326,#14594,#16350,.T.);
#16350 = LINE('',#16351,#16352);
#16351 = CARTESIAN_POINT('',(57.579627990723,38.962791442871,
    222.80699885053));
#16352 = VECTOR('',#16353,1.);
#16353 = DIRECTION('',(-0.498241590455,0.500113887286,-0.708266487479));
#16354 = ORIENTED_EDGE('',*,*,#16309,.F.);
#16355 = PLANE('',#16356);
#16356 = AXIS2_PLACEMENT_3D('',#16357,#16358,#16359);
#16357 = CARTESIAN_POINT('',(57.563050591233,39.059240262692,
    222.71381439178));
#16358 = DIRECTION('',(0.380463503549,-0.607924136042,-0.69690441761));
#16359 = DIRECTION('',(2.966696569258E-19,0.753576427833,-0.657360302584
    ));
#16360 = ADVANCED_FACE('',(#16361),#16378,.T.);
#16361 = FACE_BOUND('',#16362,.T.);
#16362 = EDGE_LOOP('',(#16363,#16371,#16377));
#16363 = ORIENTED_EDGE('',*,*,#16364,.T.);
#16364 = EDGE_CURVE('',#11158,#16365,#16367,.T.);
#16365 = VERTEX_POINT('',#16366);
#16366 = CARTESIAN_POINT('',(57.774864196777,38.766822814941,
    222.9726330058));
#16367 = LINE('',#16368,#16369);
#16368 = CARTESIAN_POINT('',(58.040153503418,38.590732574463,
    223.06687891644));
#16369 = VECTOR('',#16370,1.);
#16370 = DIRECTION('',(-0.798902995006,0.530285303584,-0.283815963916));
#16371 = ORIENTED_EDGE('',*,*,#16372,.T.);
#16372 = EDGE_CURVE('',#16365,#15731,#16373,.T.);
#16373 = LINE('',#16374,#16375);
#16374 = CARTESIAN_POINT('',(57.774864196777,38.766822814941,
    222.9726330058));
#16375 = VECTOR('',#16376,1.);
#16376 = DIRECTION('',(0.830030840419,0.557149705769,-2.515967638677E-02
    ));
#16377 = ORIENTED_EDGE('',*,*,#15770,.F.);
#16378 = PLANE('',#16379);
#16379 = AXIS2_PLACEMENT_3D('',#16380,#16381,#16382);
#16380 = CARTESIAN_POINT('',(57.915662462075,38.713684648631,
    223.01100787581));
#16381 = DIRECTION('',(0.155225140968,-0.27411018839,-0.949088383783));
#16382 = DIRECTION('',(-1.043595760056E-17,0.96073331709,-0.277473410317
    ));
#16383 = ADVANCED_FACE('',(#16384),#16394,.T.);
#16384 = FACE_BOUND('',#16385,.T.);
#16385 = EDGE_LOOP('',(#16386,#16387,#16393));
#16386 = ORIENTED_EDGE('',*,*,#16372,.F.);
#16387 = ORIENTED_EDGE('',*,*,#16388,.T.);
#16388 = EDGE_CURVE('',#16365,#16326,#16389,.T.);
#16389 = LINE('',#16390,#16391);
#16390 = CARTESIAN_POINT('',(57.774864196777,38.766822814941,
    222.9726330058));
#16391 = VECTOR('',#16392,1.);
#16392 = DIRECTION('',(-0.605531184208,0.607802813504,-0.513719500163));
#16393 = ORIENTED_EDGE('',*,*,#16325,.F.);
#16394 = PLANE('',#16395);
#16395 = AXIS2_PLACEMENT_3D('',#16396,#16397,#16398);
#16396 = CARTESIAN_POINT('',(57.724670277685,38.87096043327,
    222.9018498268));
#16397 = DIRECTION('',(0.274071094456,-0.446763932456,-0.851637847821));
#16398 = DIRECTION('',(-1.993882232432E-18,0.885545901737,
    -0.464551887217));
#16399 = ADVANCED_FACE('',(#16400),#16410,.T.);
#16400 = FACE_BOUND('',#16401,.T.);
#16401 = EDGE_LOOP('',(#16402,#16403,#16409));
#16402 = ORIENTED_EDGE('',*,*,#11181,.F.);
#16403 = ORIENTED_EDGE('',*,*,#16404,.T.);
#16404 = EDGE_CURVE('',#10924,#16365,#16405,.T.);
#16405 = LINE('',#16406,#16407);
#16406 = CARTESIAN_POINT('',(57.987289428711,38.553596496582,
    223.06811487836));
#16407 = VECTOR('',#16408,1.);
#16408 = DIRECTION('',(-0.672734754353,0.675271734894,-0.302383918785));
#16409 = ORIENTED_EDGE('',*,*,#16364,.F.);
#16410 = PLANE('',#16411);
#16411 = AXIS2_PLACEMENT_3D('',#16412,#16413,#16414);
#16412 = CARTESIAN_POINT('',(57.905426946774,38.660878772444,
    223.0243597636));
#16413 = DIRECTION('',(0.162876647377,-0.26350350121,-0.950808657191));
#16414 = DIRECTION('',(2.905428276359E-17,0.963677178124,-0.267069834242
    ));
#16415 = ADVANCED_FACE('',(#16416),#16426,.T.);
#16416 = FACE_BOUND('',#16417,.T.);
#16417 = EDGE_LOOP('',(#16418,#16424,#16425));
#16418 = ORIENTED_EDGE('',*,*,#16419,.T.);
#16419 = EDGE_CURVE('',#16326,#11289,#16420,.T.);
#16420 = LINE('',#16421,#16422);
#16421 = CARTESIAN_POINT('',(57.579627990723,38.962791442871,
    222.80699885053));
#16422 = VECTOR('',#16423,1.);
#16423 = DIRECTION('',(-0.769037496436,-4.265588984924E-02,
    -0.637778805023));
#16424 = ORIENTED_EDGE('',*,*,#14616,.F.);
#16425 = ORIENTED_EDGE('',*,*,#16349,.F.);
#16426 = PLANE('',#16427);
#16427 = AXIS2_PLACEMENT_3D('',#16428,#16429,#16430);
#16428 = CARTESIAN_POINT('',(57.442998159018,39.006773321515,
    222.66486158538));
#16429 = DIRECTION('',(0.600477472738,-0.390228854437,-0.69796006039));
#16430 = DIRECTION('',(0.758060709578,-4.143763303999E-17,0.652183992899
    ));
#16431 = ADVANCED_FACE('',(#16432),#16447,.T.);
#16432 = FACE_BOUND('',#16433,.T.);
#16433 = EDGE_LOOP('',(#16434,#16440,#16446));
#16434 = ORIENTED_EDGE('',*,*,#16435,.T.);
#16435 = EDGE_CURVE('',#16365,#11243,#16436,.T.);
#16436 = LINE('',#16437,#16438);
#16437 = CARTESIAN_POINT('',(57.774864196777,38.766822814941,
    222.9726330058));
#16438 = VECTOR('',#16439,1.);
#16439 = DIRECTION('',(-0.860046232481,0.130920778924,-0.493133072955));
#16440 = ORIENTED_EDGE('',*,*,#16441,.T.);
#16441 = EDGE_CURVE('',#11243,#16326,#16442,.T.);
#16442 = LINE('',#16443,#16444);
#16443 = CARTESIAN_POINT('',(57.48104095459,38.811550140381,
    222.80416071576));
#16444 = VECTOR('',#16445,1.);
#16445 = DIRECTION('',(0.546011449883,0.837630241198,1.571863947969E-02)
  );
#16446 = ORIENTED_EDGE('',*,*,#16388,.F.);
#16447 = PLANE('',#16448);
#16448 = AXIS2_PLACEMENT_3D('',#16449,#16450,#16451);
#16449 = CARTESIAN_POINT('',(57.625901350549,38.83900035276,
    222.87123428615));
#16450 = DIRECTION('',(0.446390223602,-0.2750010753,-0.851534013916));
#16451 = DIRECTION('',(0.88568245891,-9.007134511634E-19,0.464291483854)
  );
#16452 = ADVANCED_FACE('',(#16453),#16458,.T.);
#16453 = FACE_BOUND('',#16454,.T.);
#16454 = EDGE_LOOP('',(#16455,#16456,#16457));
#16455 = ORIENTED_EDGE('',*,*,#16441,.F.);
#16456 = ORIENTED_EDGE('',*,*,#11288,.F.);
#16457 = ORIENTED_EDGE('',*,*,#16419,.F.);
#16458 = PLANE('',#16459);
#16459 = AXIS2_PLACEMENT_3D('',#16460,#16461,#16462);
#16460 = CARTESIAN_POINT('',(57.441877490838,38.912783556048,
    222.7156973539));
#16461 = DIRECTION('',(0.602908042672,-0.379841495728,-0.701585582951));
#16462 = DIRECTION('',(0.758428603345,1.596036927107E-17,0.651756130487)
  );
#16463 = ADVANCED_FACE('',(#16464),#16479,.T.);
#16464 = FACE_BOUND('',#16465,.T.);
#16465 = EDGE_LOOP('',(#16466,#16472,#16478));
#16466 = ORIENTED_EDGE('',*,*,#16467,.T.);
#16467 = EDGE_CURVE('',#10924,#11197,#16468,.T.);
#16468 = LINE('',#16469,#16470);
#16469 = CARTESIAN_POINT('',(57.987289428711,38.553596496582,
    223.06811487836));
#16470 = VECTOR('',#16471,1.);
#16471 = DIRECTION('',(-0.889687312254,0.335953556432,-0.309179065164));
#16472 = ORIENTED_EDGE('',*,*,#16473,.T.);
#16473 = EDGE_CURVE('',#11197,#16365,#16474,.T.);
#16474 = LINE('',#16475,#16476);
#16475 = CARTESIAN_POINT('',(57.703224182129,38.660861968994,
    222.96939814252));
#16476 = VECTOR('',#16477,1.);
#16477 = DIRECTION('',(0.559919078076,0.828161460688,2.528282099087E-02)
  );
#16478 = ORIENTED_EDGE('',*,*,#16404,.F.);
#16479 = PLANE('',#16480);
#16480 = AXIS2_PLACEMENT_3D('',#16481,#16482,#16483);
#16481 = CARTESIAN_POINT('',(57.842269985618,38.647032956778,
    223.01142019803));
#16482 = DIRECTION('',(0.27168373392,-0.154686526036,-0.949873690227));
#16483 = DIRECTION('',(0.961446037494,5.261164549455E-18,0.274993667175)
  );
#16484 = ADVANCED_FACE('',(#16485),#16490,.T.);
#16485 = FACE_BOUND('',#16486,.T.);
#16486 = EDGE_LOOP('',(#16487,#16488,#16489));
#16487 = ORIENTED_EDGE('',*,*,#16473,.F.);
#16488 = ORIENTED_EDGE('',*,*,#11242,.F.);
#16489 = ORIENTED_EDGE('',*,*,#16435,.F.);
#16490 = PLANE('',#16491);
#16491 = AXIS2_PLACEMENT_3D('',#16492,#16493,#16494);
#16492 = CARTESIAN_POINT('',(57.631675683385,38.75562277443,
    222.90121624613));
#16493 = DIRECTION('',(0.446211231326,-0.275690520355,-0.851404882547));
#16494 = DIRECTION('',(0.885730067297,-1.110479649952E-17,0.464200654768
    ));
#16495 = ADVANCED_FACE('',(#16496),#16501,.T.);
#16496 = FACE_BOUND('',#16497,.T.);
#16497 = EDGE_LOOP('',(#16498,#16499,#16500));
#16498 = ORIENTED_EDGE('',*,*,#10923,.F.);
#16499 = ORIENTED_EDGE('',*,*,#11196,.F.);
#16500 = ORIENTED_EDGE('',*,*,#16467,.F.);
#16501 = PLANE('',#16502);
#16502 = AXIS2_PLACEMENT_3D('',#16503,#16504,#16505);
#16503 = CARTESIAN_POINT('',(57.848414032354,38.588006236732,
    223.02301762719));
#16504 = DIRECTION('',(0.266966983186,-0.166560369159,-0.949202967397));
#16505 = DIRECTION('',(0.962649975727,2.750361937067E-18,0.270749005967)
  );
#16506 = ADVANCED_FACE('',(#16507),#16517,.T.);
#16507 = FACE_BOUND('',#16508,.T.);
#16508 = EDGE_LOOP('',(#16509,#16515,#16516));
#16509 = ORIENTED_EDGE('',*,*,#16510,.T.);
#16510 = EDGE_CURVE('',#10823,#14365,#16511,.T.);
#16511 = LINE('',#16512,#16513);
#16512 = CARTESIAN_POINT('',(57.481170654297,-38.81196594238,
    222.80416071576));
#16513 = VECTOR('',#16514,1.);
#16514 = DIRECTION('',(-0.161775653497,-0.798678819593,-0.579603986415)
  );
#16515 = ORIENTED_EDGE('',*,*,#14424,.F.);
#16516 = ORIENTED_EDGE('',*,*,#10868,.F.);
#16517 = PLANE('',#16518);
#16518 = AXIS2_PLACEMENT_3D('',#16519,#16520,#16521);
#16519 = CARTESIAN_POINT('',(57.4093136051,-38.95394930085,
    222.66449028012));
#16520 = DIRECTION('',(0.596739841659,0.388612142534,-0.702055670195));
#16521 = DIRECTION('',(0.761943322691,-4.69170864901E-18,0.647643708382)
  );
#16522 = ADVANCED_FACE('',(#16523),#16540,.T.);
#16523 = FACE_BOUND('',#16524,.T.);
#16524 = EDGE_LOOP('',(#16525,#16533,#16539));
#16525 = ORIENTED_EDGE('',*,*,#16526,.T.);
#16526 = EDGE_CURVE('',#10792,#16527,#16529,.T.);
#16527 = VERTEX_POINT('',#16528);
#16528 = CARTESIAN_POINT('',(57.579895019531,-38.96313858032,
    222.80699885053));
#16529 = LINE('',#16530,#16531);
#16530 = CARTESIAN_POINT('',(57.703323364258,-38.66117477417,
    222.96941340131));
#16531 = VECTOR('',#16532,1.);
#16532 = DIRECTION('',(-0.338706666194,-0.828635872253,-0.44569090802));
#16533 = ORIENTED_EDGE('',*,*,#16534,.T.);
#16534 = EDGE_CURVE('',#16527,#10823,#16535,.T.);
#16535 = LINE('',#16536,#16537);
#16536 = CARTESIAN_POINT('',(57.579895019531,-38.96313858032,
    222.80699885053));
#16537 = VECTOR('',#16538,1.);
#16538 = DIRECTION('',(-0.546718942948,0.837168662678,
    -1.571711335214E-02));
#16539 = ORIENTED_EDGE('',*,*,#10822,.F.);
#16540 = PLANE('',#16541);
#16541 = AXIS2_PLACEMENT_3D('',#16542,#16543,#16544);
#16542 = CARTESIAN_POINT('',(57.600202734446,-38.80028142029,
    222.87034209964));
#16543 = DIRECTION('',(0.446333528736,0.275496922971,-0.851403445236));
#16544 = DIRECTION('',(0.885677431848,4.674222075975E-18,0.464301073352)
  );
#16545 = ADVANCED_FACE('',(#16546),#16556,.T.);
#16546 = FACE_BOUND('',#16547,.T.);
#16547 = EDGE_LOOP('',(#16548,#16549,#16555));
#16548 = ORIENTED_EDGE('',*,*,#16534,.F.);
#16549 = ORIENTED_EDGE('',*,*,#16550,.T.);
#16550 = EDGE_CURVE('',#16527,#14365,#16551,.T.);
#16551 = LINE('',#16552,#16553);
#16552 = CARTESIAN_POINT('',(57.579895019531,-38.96313858032,
    222.80699885053));
#16553 = VECTOR('',#16554,1.);
#16554 = DIRECTION('',(-0.498103943239,-0.50024539467,-0.708270433409));
#16555 = ORIENTED_EDGE('',*,*,#16510,.F.);
#16556 = PLANE('',#16557);
#16557 = AXIS2_PLACEMENT_3D('',#16558,#16559,#16560);
#16558 = CARTESIAN_POINT('',(57.483512816434,-38.9801076964,
    222.71381170622));
#16559 = DIRECTION('',(0.606383005692,0.382918997255,-0.696902211181));
#16560 = DIRECTION('',(0.754401221452,-9.531735688341E-18,0.656413586903
    ));
#16561 = ADVANCED_FACE('',(#16562),#16579,.T.);
#16562 = FACE_BOUND('',#16563,.T.);
#16563 = EDGE_LOOP('',(#16564,#16572,#16578));
#16564 = ORIENTED_EDGE('',*,*,#16565,.T.);
#16565 = EDGE_CURVE('',#11519,#16566,#16568,.T.);
#16566 = VERTEX_POINT('',#16567);
#16567 = CARTESIAN_POINT('',(57.775054931641,-38.76708984375,
    222.9726330058));
#16568 = LINE('',#16569,#16570);
#16569 = CARTESIAN_POINT('',(57.95002746582,-38.50106811523,
    223.06687891644));
#16570 = VECTOR('',#16571,1.);
#16571 = DIRECTION('',(-0.526927141779,-0.801120414213,-0.283820135275)
  );
#16572 = ORIENTED_EDGE('',*,*,#16573,.T.);
#16573 = EDGE_CURVE('',#16566,#10792,#16574,.T.);
#16574 = LINE('',#16575,#16576);
#16575 = CARTESIAN_POINT('',(57.775054931641,-38.76708984375,
    222.9726330058));
#16576 = VECTOR('',#16577,1.);
#16577 = DIRECTION('',(-0.560577640387,0.827719537616,-2.5161004493E-02)
  );
#16578 = ORIENTED_EDGE('',*,*,#15428,.F.);
#16579 = PLANE('',#16580);
#16580 = AXIS2_PLACEMENT_3D('',#16581,#16582,#16583);
#16581 = CARTESIAN_POINT('',(57.827604052585,-38.62607180198,
    223.01100806018));
#16582 = DIRECTION('',(0.273477584643,0.156363971147,-0.94908393687));
#16583 = DIRECTION('',(0.960903527684,9.096436780371E-17,0.276883387883)
  );
#16584 = ADVANCED_FACE('',(#16585),#16595,.T.);
#16585 = FACE_BOUND('',#16586,.T.);
#16586 = EDGE_LOOP('',(#16587,#16588,#16594));
#16587 = ORIENTED_EDGE('',*,*,#16573,.F.);
#16588 = ORIENTED_EDGE('',*,*,#16589,.T.);
#16589 = EDGE_CURVE('',#16566,#16527,#16590,.T.);
#16590 = LINE('',#16591,#16592);
#16591 = CARTESIAN_POINT('',(57.775054931641,-38.76708984375,
    222.9726330058));
#16592 = VECTOR('',#16593,1.);
#16593 = DIRECTION('',(-0.605289842448,-0.608046537782,-0.513715499591)
  );
#16594 = ORIENTED_EDGE('',*,*,#16526,.F.);
#16595 = PLANE('',#16596);
#16596 = AXIS2_PLACEMENT_3D('',#16597,#16598,#16599);
#16597 = CARTESIAN_POINT('',(57.671126228972,-38.81771828366,
    222.90184921828));
#16598 = DIRECTION('',(0.445624763796,0.275913709476,-0.85163970951));
#16599 = DIRECTION('',(0.886033390562,2.361366630975E-17,0.46362143049)
  );
#16600 = ADVANCED_FACE('',(#16601),#16611,.T.);
#16601 = FACE_BOUND('',#16602,.T.);
#16602 = EDGE_LOOP('',(#16603,#16604,#16610));
#16603 = ORIENTED_EDGE('',*,*,#11547,.F.);
#16604 = ORIENTED_EDGE('',*,*,#16605,.T.);
#16605 = EDGE_CURVE('',#11497,#16566,#16606,.T.);
#16606 = LINE('',#16607,#16608);
#16607 = CARTESIAN_POINT('',(57.987380981445,-38.55377197265,
    223.06811487836));
#16608 = VECTOR('',#16609,1.);
#16609 = DIRECTION('',(-0.672431026004,-0.67557209799,-0.302388583918));
#16610 = ORIENTED_EDGE('',*,*,#16565,.F.);
#16611 = PLANE('',#16612);
#16612 = AXIS2_PLACEMENT_3D('',#16613,#16614,#16615);
#16613 = CARTESIAN_POINT('',(57.880446911079,-38.63608559198,
    223.02435948646));
#16614 = DIRECTION('',(0.262826984426,0.163979485808,-0.950806344369));
#16615 = DIRECTION('',(0.963853304556,-3.379563187915E-18,0.266433495071
    ));
#16616 = ADVANCED_FACE('',(#16617),#16627,.T.);
#16617 = FACE_BOUND('',#16618,.T.);
#16618 = EDGE_LOOP('',(#16619,#16625,#16626));
#16619 = ORIENTED_EDGE('',*,*,#16620,.T.);
#16620 = EDGE_CURVE('',#16527,#11949,#16621,.T.);
#16621 = LINE('',#16622,#16623);
#16622 = CARTESIAN_POINT('',(57.579895019531,-38.96313858032,
    222.80699885053));
#16623 = VECTOR('',#16624,1.);
#16624 = DIRECTION('',(4.575627326115E-02,-0.768854019053,
    -0.637785121215));
#16625 = ORIENTED_EDGE('',*,*,#14387,.F.);
#16626 = ORIENTED_EDGE('',*,*,#16550,.F.);
#16627 = PLANE('',#16628);
#16628 = AXIS2_PLACEMENT_3D('',#16629,#16630,#16631);
#16629 = CARTESIAN_POINT('',(57.536464199659,-39.09994210848,
    222.66486147686));
#16630 = DIRECTION('',(0.387805187775,0.602051571373,-0.697954899505));
#16631 = DIRECTION('',(2.346457798212E-16,0.757213388848,0.65316757708)
  );
#16632 = ADVANCED_FACE('',(#16633),#16648,.T.);
#16633 = FACE_BOUND('',#16634,.T.);
#16634 = EDGE_LOOP('',(#16635,#16641,#16647));
#16635 = ORIENTED_EDGE('',*,*,#16636,.T.);
#16636 = EDGE_CURVE('',#16566,#15208,#16637,.T.);
#16637 = LINE('',#16638,#16639);
#16638 = CARTESIAN_POINT('',(57.775054931641,-38.76708984375,
    222.9726330058));
#16639 = VECTOR('',#16640,1.);
#16640 = DIRECTION('',(-0.127356251397,-0.86058703491,-0.493123048107));
#16641 = ORIENTED_EDGE('',*,*,#16642,.T.);
#16642 = EDGE_CURVE('',#15208,#16527,#16643,.T.);
#16643 = LINE('',#16644,#16645);
#16644 = CARTESIAN_POINT('',(57.731544494629,-39.0611038208,
    222.80416071576));
#16645 = VECTOR('',#16646,1.);
#16646 = DIRECTION('',(-0.839872608054,0.542555930156,1.571829804276E-02
    ));
#16647 = ORIENTED_EDGE('',*,*,#16589,.F.);
#16648 = PLANE('',#16649);
#16649 = AXIS2_PLACEMENT_3D('',#16650,#16651,#16652);
#16650 = CARTESIAN_POINT('',(57.703494483009,-38.91635386212,
    222.87123417764));
#16651 = DIRECTION('',(0.273156494369,0.447514016139,-0.851537864656));
#16652 = DIRECTION('',(4.210075815386E-18,0.885202459885,0.465205981274)
  );
#16653 = ADVANCED_FACE('',(#16654),#16659,.T.);
#16654 = FACE_BOUND('',#16655,.T.);
#16655 = EDGE_LOOP('',(#16656,#16657,#16658));
#16656 = ORIENTED_EDGE('',*,*,#16642,.F.);
#16657 = ORIENTED_EDGE('',*,*,#15246,.F.);
#16658 = ORIENTED_EDGE('',*,*,#16620,.F.);
#16659 = PLANE('',#16660);
#16660 = AXIS2_PLACEMENT_3D('',#16661,#16662,#16663);
#16661 = CARTESIAN_POINT('',(57.630461934526,-39.10068135514,
    222.71569760765));
#16662 = DIRECTION('',(0.37734568735,0.604454352924,-0.701601858229));
#16663 = DIRECTION('',(-8.563390526916E-17,0.757610096213,0.65270739395)
  );
#16664 = ADVANCED_FACE('',(#16665),#16680,.T.);
#16665 = FACE_BOUND('',#16666,.T.);
#16666 = EDGE_LOOP('',(#16667,#16673,#16679));
#16667 = ORIENTED_EDGE('',*,*,#16668,.T.);
#16668 = EDGE_CURVE('',#11497,#11664,#16669,.T.);
#16669 = LINE('',#16670,#16671);
#16670 = CARTESIAN_POINT('',(57.987380981445,-38.55377197265,
    223.06811487836));
#16671 = VECTOR('',#16672,1.);
#16672 = DIRECTION('',(-0.332189651323,-0.891107939286,-0.309154776925)
  );
#16673 = ORIENTED_EDGE('',*,*,#16674,.T.);
#16674 = EDGE_CURVE('',#11664,#16566,#16675,.T.);
#16675 = LINE('',#16676,#16677);
#16676 = CARTESIAN_POINT('',(57.881317138672,-38.83829116821,
    222.96940577191));
#16677 = VECTOR('',#16678,1.);
#16678 = DIRECTION('',(-0.830485279798,0.556469261467,2.522223387094E-02
    ));
#16679 = ORIENTED_EDGE('',*,*,#16605,.F.);
#16680 = PLANE('',#16681);
#16681 = AXIS2_PLACEMENT_3D('',#16682,#16683,#16684);
#16682 = CARTESIAN_POINT('',(57.894558144198,-38.69918491365,
    223.01142212349));
#16683 = DIRECTION('',(0.153597546178,0.272285566608,-0.949878078505));
#16684 = DIRECTION('',(-4.599386775881E-18,0.961285178815,0.275555448124
    ));
#16685 = ADVANCED_FACE('',(#16686),#16691,.T.);
#16686 = FACE_BOUND('',#16687,.T.);
#16687 = EDGE_LOOP('',(#16688,#16689,#16690));
#16688 = ORIENTED_EDGE('',*,*,#16674,.F.);
#16689 = ORIENTED_EDGE('',*,*,#15230,.F.);
#16690 = ORIENTED_EDGE('',*,*,#16636,.F.);
#16691 = PLANE('',#16692);
#16692 = AXIS2_PLACEMENT_3D('',#16693,#16694,#16695);
#16693 = CARTESIAN_POINT('',(57.786849569497,-38.91023428299,
    222.9012184992));
#16694 = DIRECTION('',(0.273877378638,0.447330038697,-0.851402970367));
#16695 = DIRECTION('',(4.702615358736E-18,0.885250875273,0.465113843944)
  );
#16696 = ADVANCED_FACE('',(#16697),#16702,.T.);
#16697 = FACE_BOUND('',#16698,.T.);
#16698 = EDGE_LOOP('',(#16699,#16700,#16701));
#16699 = ORIENTED_EDGE('',*,*,#11496,.F.);
#16700 = ORIENTED_EDGE('',*,*,#11686,.F.);
#16701 = ORIENTED_EDGE('',*,*,#16668,.F.);
#16702 = PLANE('',#16703);
#16703 = AXIS2_PLACEMENT_3D('',#16704,#16705,#16706);
#16704 = CARTESIAN_POINT('',(57.95356095746,-38.69279240585,
    223.02302149667));
#16705 = DIRECTION('',(0.165407150361,0.267651969843,-0.949211724353));
#16706 = DIRECTION('',(-2.783080444964E-17,0.962469386884,0.271390271215
    ));
#16707 = ADVANCED_FACE('',(#16708),#16728,.T.);
#16708 = FACE_BOUND('',#16709,.T.);
#16709 = EDGE_LOOP('',(#16710,#16716,#16717,#16718,#16719,#16725,#16726,
    #16727));
#16710 = ORIENTED_EDGE('',*,*,#16711,.T.);
#16711 = EDGE_CURVE('',#11428,#10901,#16712,.T.);
#16712 = LINE('',#16713,#16714);
#16713 = CARTESIAN_POINT('',(58.203926086426,-38.3362121582,
    223.09837305707));
#16714 = VECTOR('',#16715,1.);
#16715 = DIRECTION('',(0.,1.,0.));
#16716 = ORIENTED_EDGE('',*,*,#10961,.T.);
#16717 = ORIENTED_EDGE('',*,*,#11143,.T.);
#16718 = ORIENTED_EDGE('',*,*,#11014,.T.);
#16719 = ORIENTED_EDGE('',*,*,#16720,.T.);
#16720 = EDGE_CURVE('',#11007,#11322,#16721,.T.);
#16721 = LINE('',#16722,#16723);
#16722 = CARTESIAN_POINT('',(77.780128479004,38.0673828125,
    223.09837305707));
#16723 = VECTOR('',#16724,1.);
#16724 = DIRECTION('',(0.,-1.,0.));
#16725 = ORIENTED_EDGE('',*,*,#11382,.T.);
#16726 = ORIENTED_EDGE('',*,*,#11564,.T.);
#16727 = ORIENTED_EDGE('',*,*,#11435,.T.);
#16728 = PLANE('',#16729);
#16729 = AXIS2_PLACEMENT_3D('',#16730,#16731,#16732);
#16730 = CARTESIAN_POINT('',(67.964681553263,8.8862307288E-07,
    223.09837305707));
#16731 = DIRECTION('',(0.,0.,-1.));
#16732 = DIRECTION('',(0.,1.,0.));
#16733 = ADVANCED_FACE('',(#16734),#16745,.T.);
#16734 = FACE_BOUND('',#16735,.T.);
#16735 = EDGE_LOOP('',(#16736,#16737,#16743,#16744));
#16736 = ORIENTED_EDGE('',*,*,#11532,.T.);
#16737 = ORIENTED_EDGE('',*,*,#16738,.T.);
#16738 = EDGE_CURVE('',#10790,#10891,#16739,.T.);
#16739 = LINE('',#16740,#16741);
#16740 = CARTESIAN_POINT('',(57.863899230957,-38.47025680542,
    223.04450190228));
#16741 = VECTOR('',#16742,1.);
#16742 = DIRECTION('',(0.,1.,0.));
#16743 = ORIENTED_EDGE('',*,*,#10908,.T.);
#16744 = ORIENTED_EDGE('',*,*,#16711,.F.);
#16745 = PLANE('',#16746);
#16746 = AXIS2_PLACEMENT_3D('',#16747,#16748,#16749);
#16747 = CARTESIAN_POINT('',(58.033617366912,-3.814697265703E-05,
    223.07139069599));
#16748 = DIRECTION('',(0.15648034586,0.,-0.987681072695));
#16749 = DIRECTION('',(0.987681072695,0.,0.15648034586));
#16750 = ADVANCED_FACE('',(#16751),#16762,.T.);
#16751 = FACE_BOUND('',#16752,.T.);
#16752 = EDGE_LOOP('',(#16753,#16754,#16760,#16761));
#16753 = ORIENTED_EDGE('',*,*,#11111,.T.);
#16754 = ORIENTED_EDGE('',*,*,#16755,.T.);
#16755 = EDGE_CURVE('',#10689,#11312,#16756,.T.);
#16756 = LINE('',#16757,#16758);
#16757 = CARTESIAN_POINT('',(78.120140075684,38.197742462158,
    223.04450953168));
#16758 = VECTOR('',#16759,1.);
#16759 = DIRECTION('',(0.,-1.,0.));
#16760 = ORIENTED_EDGE('',*,*,#11329,.T.);
#16761 = ORIENTED_EDGE('',*,*,#16720,.F.);
#16762 = PLANE('',#16763);
#16763 = AXIS2_PLACEMENT_3D('',#16764,#16765,#16766);
#16764 = CARTESIAN_POINT('',(77.95042348444,9.47718977394E-06,
    223.07139547913));
#16765 = DIRECTION('',(-0.156465576721,0.,-0.987683412487));
#16766 = DIRECTION('',(0.987683412487,0.,-0.156465576721));
#16767 = ADVANCED_FACE('',(#16768),#16779,.T.);
#16768 = FACE_BOUND('',#16769,.T.);
#16769 = EDGE_LOOP('',(#16770,#16776,#16777,#16778));
#16770 = ORIENTED_EDGE('',*,*,#16771,.T.);
#16771 = EDGE_CURVE('',#11759,#14024,#16772,.T.);
#16772 = LINE('',#16773,#16774);
#16773 = CARTESIAN_POINT('',(57.054809570313,-38.85828018188,
    222.16290247601));
#16774 = VECTOR('',#16775,1.);
#16775 = DIRECTION('',(0.,1.,0.));
#16776 = ORIENTED_EDGE('',*,*,#14077,.T.);
#16777 = ORIENTED_EDGE('',*,*,#14153,.T.);
#16778 = ORIENTED_EDGE('',*,*,#11766,.T.);
#16779 = PLANE('',#16780);
#16780 = AXIS2_PLACEMENT_3D('',#16781,#16782,#16783);
#16781 = CARTESIAN_POINT('',(57.106910705566,-4.005432128894E-05,
    222.25251352948));
#16782 = DIRECTION('',(0.864500120862,0.,-0.502632610392));
#16783 = DIRECTION('',(-0.502632610392,0.,-0.864500120862));
#16784 = ADVANCED_FACE('',(#16785),#16796,.T.);
#16785 = FACE_BOUND('',#16786,.T.);
#16786 = EDGE_LOOP('',(#16787,#16788,#16789,#16795));
#16787 = ORIENTED_EDGE('',*,*,#16771,.F.);
#16788 = ORIENTED_EDGE('',*,*,#12912,.T.);
#16789 = ORIENTED_EDGE('',*,*,#16790,.F.);
#16790 = EDGE_CURVE('',#13450,#12443,#16791,.T.);
#16791 = LINE('',#16792,#16793);
#16792 = CARTESIAN_POINT('',(56.886672973633,38.858200073242,
    222.041267039));
#16793 = VECTOR('',#16794,1.);
#16794 = DIRECTION('',(0.,-1.,0.));
#16795 = ORIENTED_EDGE('',*,*,#14031,.T.);
#16796 = PLANE('',#16797);
#16797 = AXIS2_PLACEMENT_3D('',#16798,#16799,#16800);
#16798 = CARTESIAN_POINT('',(56.970741271973,-4.005432128843E-05,
    222.10208475751));
#16799 = DIRECTION('',(0.58613467792,0.,-0.810213638086));
#16800 = DIRECTION('',(0.810213638086,0.,0.58613467792));
#16801 = ADVANCED_FACE('',(#16802),#16818,.T.);
#16802 = FACE_BOUND('',#16803,.T.);
#16803 = EDGE_LOOP('',(#16804,#16810,#16811,#16817));
#16804 = ORIENTED_EDGE('',*,*,#16805,.T.);
#16805 = EDGE_CURVE('',#13211,#12753,#16806,.T.);
#16806 = LINE('',#16807,#16808);
#16807 = CARTESIAN_POINT('',(78.929244995117,38.575126647949,
    222.16290247601));
#16808 = VECTOR('',#16809,1.);
#16809 = DIRECTION('',(0.,-1.,0.));
#16810 = ORIENTED_EDGE('',*,*,#12806,.T.);
#16811 = ORIENTED_EDGE('',*,*,#16812,.T.);
#16812 = EDGE_CURVE('',#12799,#13201,#16813,.T.);
#16813 = LINE('',#16814,#16815);
#16814 = CARTESIAN_POINT('',(78.825035095215,-38.57510757446,
    222.34212458295));
#16815 = VECTOR('',#16816,1.);
#16816 = DIRECTION('',(0.,1.,0.));
#16817 = ORIENTED_EDGE('',*,*,#13218,.T.);
#16818 = PLANE('',#16819);
#16819 = AXIS2_PLACEMENT_3D('',#16820,#16821,#16822);
#16820 = CARTESIAN_POINT('',(78.877140045166,9.5367431634E-06,
    222.25251352948));
#16821 = DIRECTION('',(-0.864484129586,0.,-0.502660113491));
#16822 = DIRECTION('',(-0.502660113491,0.,0.864484129586));
#16823 = ADVANCED_FACE('',(#16824),#16835,.T.);
#16824 = FACE_BOUND('',#16825,.T.);
#16825 = EDGE_LOOP('',(#16826,#16827,#16833,#16834));
#16826 = ORIENTED_EDGE('',*,*,#12875,.T.);
#16827 = ORIENTED_EDGE('',*,*,#16828,.T.);
#16828 = EDGE_CURVE('',#12868,#10745,#16829,.T.);
#16829 = LINE('',#16830,#16831);
#16830 = CARTESIAN_POINT('',(78.668601989746,-38.44535064697,
    222.64692652387));
#16831 = VECTOR('',#16832,1.);
#16832 = DIRECTION('',(0.,1.,0.));
#16833 = ORIENTED_EDGE('',*,*,#13719,.F.);
#16834 = ORIENTED_EDGE('',*,*,#16812,.F.);
#16835 = PLANE('',#16836);
#16836 = AXIS2_PLACEMENT_3D('',#16837,#16838,#16839);
#16837 = CARTESIAN_POINT('',(78.746949692564,8.92085349081E-06,
    222.49427001415));
#16838 = DIRECTION('',(-0.88966996084,0.,-0.456604162025));
#16839 = DIRECTION('',(-0.456604162025,0.,0.88966996084));
#16840 = ADVANCED_FACE('',(#16841),#16852,.T.);
#16841 = FACE_BOUND('',#16842,.T.);
#16842 = EDGE_LOOP('',(#16843,#16844,#16845,#16851));
#16843 = ORIENTED_EDGE('',*,*,#16805,.F.);
#16844 = ORIENTED_EDGE('',*,*,#13705,.T.);
#16845 = ORIENTED_EDGE('',*,*,#16846,.F.);
#16846 = EDGE_CURVE('',#12104,#13660,#16847,.T.);
#16847 = LINE('',#16848,#16849);
#16848 = CARTESIAN_POINT('',(79.097373962402,-38.57510757446,
    222.041267039));
#16849 = VECTOR('',#16850,1.);
#16850 = DIRECTION('',(0.,1.,0.));
#16851 = ORIENTED_EDGE('',*,*,#12760,.T.);
#16852 = PLANE('',#16853);
#16853 = AXIS2_PLACEMENT_3D('',#16854,#16855,#16856);
#16854 = CARTESIAN_POINT('',(79.01330947876,9.53674316436E-06,
    222.10208475751));
#16855 = DIRECTION('',(-0.586152137504,0.,-0.810201006973));
#16856 = DIRECTION('',(0.810201006973,0.,-0.586152137504));
#16857 = ADVANCED_FACE('',(#16858),#16864,.T.);
#16858 = FACE_BOUND('',#16859,.T.);
#16859 = EDGE_LOOP('',(#16860,#16861,#16862,#16863));
#16860 = ORIENTED_EDGE('',*,*,#13472,.T.);
#16861 = ORIENTED_EDGE('',*,*,#16790,.T.);
#16862 = ORIENTED_EDGE('',*,*,#12451,.T.);
#16863 = ORIENTED_EDGE('',*,*,#10480,.F.);
#16864 = PLANE('',#16865);
#16865 = AXIS2_PLACEMENT_3D('',#16866,#16867,#16868);
#16866 = CARTESIAN_POINT('',(56.785362243652,-4.005432128846E-05,
    222.01982081098));
#16867 = DIRECTION('',(0.207098270066,0.,-0.978320145216));
#16868 = DIRECTION('',(0.978320145216,0.,0.207098270066));
#16869 = ADVANCED_FACE('',(#16870),#16876,.T.);
#16870 = FACE_BOUND('',#16871,.T.);
#16871 = EDGE_LOOP('',(#16872,#16873,#16874,#16875));
#16872 = ORIENTED_EDGE('',*,*,#12126,.T.);
#16873 = ORIENTED_EDGE('',*,*,#16846,.T.);
#16874 = ORIENTED_EDGE('',*,*,#13668,.T.);
#16875 = ORIENTED_EDGE('',*,*,#10586,.F.);
#16876 = PLANE('',#16877);
#16877 = AXIS2_PLACEMENT_3D('',#16878,#16879,#16880);
#16878 = CARTESIAN_POINT('',(79.198684692383,9.53674316399E-06,
    222.01982081098));
#16879 = DIRECTION('',(-0.207098270066,0.,-0.978320145216));
#16880 = DIRECTION('',(0.978320145216,0.,-0.207098270066));
#16881 = ADVANCED_FACE('',(#16882),#16888,.T.);
#16882 = FACE_BOUND('',#16883,.T.);
#16883 = EDGE_LOOP('',(#16884,#16885,#16886,#16887));
#16884 = ORIENTED_EDGE('',*,*,#4200,.F.);
#16885 = ORIENTED_EDGE('',*,*,#4238,.T.);
#16886 = ORIENTED_EDGE('',*,*,#1434,.F.);
#16887 = ORIENTED_EDGE('',*,*,#2900,.T.);
#16888 = PLANE('',#16889);
#16889 = AXIS2_PLACEMENT_3D('',#16890,#16891,#16892);
#16890 = CARTESIAN_POINT('',(81.561259305027,-2.737889119225E-04,
    222.99993177511));
#16891 = DIRECTION('',(0.973125858758,1.666169326E-08,-0.230273886963));
#16892 = DIRECTION('',(-0.230273886963,1.253705918686E-25,
    -0.973125858758));
#16893 = ADVANCED_FACE('',(#16894),#16905,.T.);
#16894 = FACE_BOUND('',#16895,.T.);
#16895 = EDGE_LOOP('',(#16896,#16897,#16898,#16904));
#16896 = ORIENTED_EDGE('',*,*,#16738,.F.);
#16897 = ORIENTED_EDGE('',*,*,#10807,.T.);
#16898 = ORIENTED_EDGE('',*,*,#16899,.T.);
#16899 = EDGE_CURVE('',#10800,#11220,#16900,.T.);
#16900 = LINE('',#16901,#16902);
#16901 = CARTESIAN_POINT('',(57.558059692383,-38.59766769409,
    222.88880121869));
#16902 = VECTOR('',#16903,1.);
#16903 = DIRECTION('',(0.,1.,0.));
#16904 = ORIENTED_EDGE('',*,*,#11228,.T.);
#16905 = PLANE('',#16906);
#16906 = AXIS2_PLACEMENT_3D('',#16907,#16908,#16909);
#16907 = CARTESIAN_POINT('',(57.710727849059,-3.943256109655E-05,
    222.96652346634));
#16908 = DIRECTION('',(0.453684324669,0.,-0.891162461928));
#16909 = DIRECTION('',(0.891162461928,0.,0.453684324669));
#16910 = ADVANCED_FACE('',(#16911),#16917,.T.);
#16911 = FACE_BOUND('',#16912,.T.);
#16912 = EDGE_LOOP('',(#16913,#16914,#16915,#16916));
#16913 = ORIENTED_EDGE('',*,*,#12947,.F.);
#16914 = ORIENTED_EDGE('',*,*,#11274,.T.);
#16915 = ORIENTED_EDGE('',*,*,#16899,.F.);
#16916 = ORIENTED_EDGE('',*,*,#10853,.T.);
#16917 = PLANE('',#16918);
#16918 = AXIS2_PLACEMENT_3D('',#16919,#16920,#16921);
#16919 = CARTESIAN_POINT('',(57.436555614989,-3.753749165886E-05,
    222.76766395183));
#16920 = DIRECTION('',(0.70603701309,-1.0581976E-10,-0.708174933295));
#16921 = DIRECTION('',(0.708174933295,-3.740609175204E-27,0.70603701309)
  );
#16922 = ADVANCED_FACE('',(#16923),#16934,.T.);
#16923 = FACE_BOUND('',#16924,.T.);
#16924 = EDGE_LOOP('',(#16925,#16926,#16927,#16933));
#16925 = ORIENTED_EDGE('',*,*,#16828,.F.);
#16926 = ORIENTED_EDGE('',*,*,#15877,.T.);
#16927 = ORIENTED_EDGE('',*,*,#16928,.T.);
#16928 = EDGE_CURVE('',#15825,#10699,#16929,.T.);
#16929 = LINE('',#16930,#16931);
#16930 = CARTESIAN_POINT('',(78.425987243652,-38.32164001464,
    222.88880884808));
#16931 = VECTOR('',#16932,1.);
#16932 = DIRECTION('',(0.,1.,0.));
#16933 = ORIENTED_EDGE('',*,*,#10752,.T.);
#16934 = PLANE('',#16935);
#16935 = AXIS2_PLACEMENT_3D('',#16936,#16937,#16938);
#16936 = CARTESIAN_POINT('',(78.547489181314,7.62939453051E-06,
    222.76767370873));
#16937 = DIRECTION('',(-0.706037029948,0.,-0.708174916488));
#16938 = DIRECTION('',(0.708174916488,0.,-0.706037029948));
#16939 = ADVANCED_FACE('',(#16940),#16946,.T.);
#16940 = FACE_BOUND('',#16941,.T.);
#16941 = EDGE_LOOP('',(#16942,#16943,#16944,#16945));
#16942 = ORIENTED_EDGE('',*,*,#16755,.F.);
#16943 = ORIENTED_EDGE('',*,*,#10706,.T.);
#16944 = ORIENTED_EDGE('',*,*,#16928,.F.);
#16945 = ORIENTED_EDGE('',*,*,#15833,.T.);
#16946 = PLANE('',#16947);
#16947 = AXIS2_PLACEMENT_3D('',#16948,#16949,#16950);
#16948 = CARTESIAN_POINT('',(78.273310123507,7.62939453134E-06,
    222.96653372006));
#16949 = DIRECTION('',(-0.453675336805,0.,-0.891167037527));
#16950 = DIRECTION('',(0.891167037527,0.,-0.453675336805));
#16951 = ( GEOMETRIC_REPRESENTATION_CONTEXT(3) 
GLOBAL_UNCERTAINTY_ASSIGNED_CONTEXT((#16955)) 
GLOBAL_UNIT_ASSIGNED_CONTEXT((#16952,#16953,#16954)) 
REPRESENTATION_CONTEXT('Context #1',
  '3D Context with UNIT and UNCERTAINTY') );
#16952 = ( LENGTH_UNIT() NAMED_UNIT(*) SI_UNIT(.MILLI.,.METRE.) );
#16953 = ( NAMED_UNIT(*) PLANE_ANGLE_UNIT() SI_UNIT($,.RADIAN.) );
#16954 = ( NAMED_UNIT(*) SI_UNIT($,.STERADIAN.) SOLID_ANGLE_UNIT() );
#16955 = UNCERTAINTY_MEASURE_WITH_UNIT(LENGTH_MEASURE(1.E-07),#16952,
  'distance_accuracy_value','confusion accuracy');
#16956 = PRODUCT_RELATED_PRODUCT_CATEGORY('part',$,(#7));
ENDSEC;
END-ISO-10303-21;
