ISO-10303-21;
HEADER;
FILE_DESCRIPTION(('FreeCAD Model'),'2;1');
FILE_NAME('Open CASCADE Shape Model','2026-10-09T09:09:13',('FreeCAD'),(
    'FreeCAD'),'Open CASCADE STEP processor 7.8','FreeCAD','Unknown');
FILE_SCHEMA(('AUTOMOTIVE_DESIGN { 1 0 10303 214 1 1 1 1 }'));
ENDSEC;
DATA;
#1 = APPLICATION_PROTOCOL_DEFINITION('international standard',
  'automotive_design',2000,#2);
#2 = APPLICATION_CONTEXT(
  'core data for automotive mechanical design processes');
#3 = SHAPE_DEFINITION_REPRESENTATION(#4,#10);
#4 = PRODUCT_DEFINITION_SHAPE('','',#5);
#5 = PRODUCT_DEFINITION('design','',#6,#9);
#6 = PRODUCT_DEFINITION_FORMATION('','',#7);
#7 = PRODUCT('Open CASCADE STEP translator 7.8 20',
  'Open CASCADE STEP translator 7.8 20','',(#8));
#8 = PRODUCT_CONTEXT('',#2,'mechanical');
#9 = PRODUCT_DEFINITION_CONTEXT('part definition',#2,'design');
#10 = ADVANCED_BREP_SHAPE_REPRESENTATION('',(#11,#15),#3393);
#11 = AXIS2_PLACEMENT_3D('',#12,#13,#14);
#12 = CARTESIAN_POINT('',(0.,0.,0.));
#13 = DIRECTION('',(0.,0.,1.));
#14 = DIRECTION('',(1.,0.,-0.));
#15 = MANIFOLD_SOLID_BREP('',#16);
#16 = CLOSED_SHELL('',(#17,#972,#1003,#1027,#1051,#1075,#1099,#1123,
    #1147,#1171,#1195,#1219,#1243,#1267,#1291,#1315,#1339,#1363,#1387,
    #1411,#1435,#1459,#1483,#1507,#1531,#1555,#1579,#1603,#1627,#1651,
    #1675,#1699,#1723,#1747,#1771,#1795,#1819,#1843,#1867,#1891,#1915,
    #1939,#1963,#1987,#2011,#2035,#2059,#2083,#2107,#2131,#2155,#2179,
    #2203,#2227,#2251,#2275,#2299,#2323,#2347,#2371,#2395,#2419,#2443,
    #2467,#2491,#2515,#2539,#2563,#2587,#2611,#2628,#2653,#2835,#2860,
    #2885,#2910,#2941,#2966,#2991,#3008,#3164,#3189,#3325,#3342,#3359,
    #3376));
#17 = ADVANCED_FACE('',(#18,#572,#583,#748,#759,#770,#781,#817,#956),
  #967,.T.);
#18 = FACE_BOUND('',#19,.T.);
#19 = EDGE_LOOP('',(#20,#30,#38,#46,#54,#62,#70,#78,#86,#94,#102,#110,
    #118,#126,#134,#142,#150,#158,#166,#174,#182,#190,#198,#206,#214,
    #222,#230,#238,#246,#254,#262,#270,#278,#286,#294,#302,#310,#318,
    #326,#334,#342,#350,#358,#366,#374,#382,#390,#398,#406,#414,#422,
    #430,#438,#446,#454,#462,#470,#478,#486,#494,#502,#510,#518,#526,
    #534,#542,#550,#558,#566));
#20 = ORIENTED_EDGE('',*,*,#21,.T.);
#21 = EDGE_CURVE('',#22,#24,#26,.T.);
#22 = VERTEX_POINT('',#23);
#23 = CARTESIAN_POINT('',(95.,39.248807067803,233.3));
#24 = VERTEX_POINT('',#25);
#25 = CARTESIAN_POINT('',(95.,39.077556126518,236.21743153903));
#26 = LINE('',#27,#28);
#27 = CARTESIAN_POINT('',(95.,39.264341790831,233.03535041282));
#28 = VECTOR('',#29,1.);
#29 = DIRECTION('',(0.,-5.859834868305E-02,0.998281640386));
#30 = ORIENTED_EDGE('',*,*,#31,.T.);
#31 = EDGE_CURVE('',#24,#32,#34,.T.);
#32 = VERTEX_POINT('',#33);
#33 = CARTESIAN_POINT('',(95.,38.852162841475,239.22061831018));
#34 = LINE('',#35,#36);
#35 = CARTESIAN_POINT('',(95.,39.07770842169,236.21540232665));
#36 = VECTOR('',#37,1.);
#37 = DIRECTION('',(0.,-7.484088869857E-02,0.997195488046));
#38 = ORIENTED_EDGE('',*,*,#39,.T.);
#39 = EDGE_CURVE('',#32,#40,#42,.T.);
#40 = VERTEX_POINT('',#41);
#41 = CARTESIAN_POINT('',(95.,38.589489451297,242.04667525216));
#42 = LINE('',#43,#44);
#43 = CARTESIAN_POINT('',(95.,38.852368416264,239.21840656708));
#44 = VECTOR('',#45,1.);
#45 = DIRECTION('',(0.,-9.254804806448E-02,0.995708219711));
#46 = ORIENTED_EDGE('',*,*,#47,.T.);
#47 = EDGE_CURVE('',#40,#48,#50,.T.);
#48 = VERTEX_POINT('',#49);
#49 = CARTESIAN_POINT('',(95.,38.281367662788,244.68995033261));
#50 = LINE('',#51,#52);
#51 = CARTESIAN_POINT('',(95.,38.589827611473,242.04377428768));
#52 = VECTOR('',#53,1.);
#53 = DIRECTION('',(0.,-0.115784196926,0.993274392976));
#54 = ORIENTED_EDGE('',*,*,#55,.T.);
#55 = EDGE_CURVE('',#48,#56,#58,.T.);
#56 = VERTEX_POINT('',#57);
#57 = CARTESIAN_POINT('',(95.,37.925786021798,247.15128852783));
#58 = LINE('',#59,#60);
#59 = CARTESIAN_POINT('',(95.,38.281857938946,244.68655663818));
#60 = VECTOR('',#61,1.);
#61 = DIRECTION('',(0.,-0.14298243163,0.989725226639));
#62 = ORIENTED_EDGE('',*,*,#63,.T.);
#63 = EDGE_CURVE('',#56,#64,#66,.T.);
#64 = VERTEX_POINT('',#65);
#65 = CARTESIAN_POINT('',(95.,37.50919116456,249.45816702278));
#66 = LINE('',#67,#68);
#67 = CARTESIAN_POINT('',(95.,37.926567784219,247.14695954756));
#68 = VECTOR('',#69,1.);
#69 = DIRECTION('',(0.,-0.177713567546,0.984082256679));
#70 = ORIENTED_EDGE('',*,*,#71,.T.);
#71 = EDGE_CURVE('',#64,#72,#74,.T.);
#72 = VERTEX_POINT('',#73);
#73 = CARTESIAN_POINT('',(95.,37.018310347743,251.62628371204));
#74 = LINE('',#75,#76);
#75 = CARTESIAN_POINT('',(95.,37.510405661563,249.45280284652));
#76 = VECTOR('',#77,1.);
#77 = DIRECTION('',(0.,-0.220819863889,0.975314609607));
#78 = ORIENTED_EDGE('',*,*,#79,.T.);
#79 = EDGE_CURVE('',#72,#80,#82,.T.);
#80 = VERTEX_POINT('',#81);
#81 = CARTESIAN_POINT('',(95.,36.42601455362,253.70319781506));
#82 = LINE('',#83,#84);
#83 = CARTESIAN_POINT('',(95.,37.020201458325,251.61965244051));
#84 = VECTOR('',#85,1.);
#85 = DIRECTION('',(0.,-0.274246683263,0.961659376661));
#86 = ORIENTED_EDGE('',*,*,#87,.T.);
#87 = EDGE_CURVE('',#80,#88,#90,.T.);
#88 = VERTEX_POINT('',#89);
#89 = CARTESIAN_POINT('',(95.,35.696925610874,255.68045577993));
#90 = LINE('',#91,#92);
#91 = CARTESIAN_POINT('',(95.,36.429279547468,253.69434329168));
#92 = VECTOR('',#93,1.);
#93 = DIRECTION('',(0.,-0.345966677017,0.938246800364));
#94 = ORIENTED_EDGE('',*,*,#95,.T.);
#95 = EDGE_CURVE('',#88,#96,#98,.T.);
#96 = VERTEX_POINT('',#97);
#97 = CARTESIAN_POINT('',(95.,34.802148470226,257.5638614237));
#98 = LINE('',#99,#100);
#99 = CARTESIAN_POINT('',(95.,35.701769821086,255.67025926011));
#100 = VECTOR('',#101,1.);
#101 = DIRECTION('',(0.,-0.429119209557,0.903247864093));
#102 = ORIENTED_EDGE('',*,*,#103,.T.);
#103 = EDGE_CURVE('',#96,#104,#106,.T.);
#104 = VERTEX_POINT('',#105);
#105 = CARTESIAN_POINT('',(95.,33.710050912743,259.33693828894));
#106 = LINE('',#107,#108);
#107 = CARTESIAN_POINT('',(95.,34.809270467933,257.55229849209));
#108 = VECTOR('',#109,1.);
#109 = DIRECTION('',(0.,-0.524436402721,0.851449622409));
#110 = ORIENTED_EDGE('',*,*,#111,.T.);
#111 = EDGE_CURVE('',#104,#112,#114,.T.);
#112 = VERTEX_POINT('',#113);
#113 = CARTESIAN_POINT('',(95.,32.407352760113,261.0005815521));
#114 = LINE('',#115,#116);
#115 = CARTESIAN_POINT('',(95.,33.718711316505,259.32587830367));
#116 = VECTOR('',#117,1.);
#117 = DIRECTION('',(0.,-0.616518523585,0.787340402924));
#118 = ORIENTED_EDGE('',*,*,#119,.T.);
#119 = EDGE_CURVE('',#112,#120,#122,.T.);
#120 = VERTEX_POINT('',#121);
#121 = CARTESIAN_POINT('',(95.,31.67195704924,261.7989361986));
#122 = LINE('',#123,#124);
#123 = CARTESIAN_POINT('',(95.,32.414136481962,260.99321706006));
#124 = VECTOR('',#125,1.);
#125 = DIRECTION('',(0.,-0.677510177698,0.735513398325));
#126 = ORIENTED_EDGE('',*,*,#127,.T.);
#127 = EDGE_CURVE('',#120,#128,#130,.T.);
#128 = VERTEX_POINT('',#129);
#129 = CARTESIAN_POINT('',(95.,30.880678175695,262.5815570273));
#130 = LINE('',#131,#132);
#131 = CARTESIAN_POINT('',(95.,31.676092794464,261.79484570603));
#132 = VECTOR('',#133,1.);
#133 = DIRECTION('',(0.,-0.710985828194,0.703206336794));
#134 = ORIENTED_EDGE('',*,*,#135,.T.);
#135 = EDGE_CURVE('',#128,#136,#138,.T.);
#136 = VERTEX_POINT('',#137);
#137 = CARTESIAN_POINT('',(95.,30.031687611703,263.34277080218));
#138 = LINE('',#139,#140);
#139 = CARTESIAN_POINT('',(95.,30.885235528755,262.57747085711));
#140 = VECTOR('',#141,1.);
#141 = DIRECTION('',(0.,-0.744547723868,0.66756923752));
#142 = ORIENTED_EDGE('',*,*,#143,.T.);
#143 = EDGE_CURVE('',#136,#144,#146,.T.);
#144 = VERTEX_POINT('',#145);
#145 = CARTESIAN_POINT('',(95.,29.11333649898,264.08161944818));
#146 = LINE('',#147,#148);
#147 = CARTESIAN_POINT('',(95.,30.03689323538,263.33858267854));
#148 = VECTOR('',#149,1.);
#149 = DIRECTION('',(0.,-0.77914096552,0.626848750376));
#150 = ORIENTED_EDGE('',*,*,#151,.T.);
#151 = EDGE_CURVE('',#144,#152,#154,.T.);
#152 = VERTEX_POINT('',#153);
#153 = CARTESIAN_POINT('',(95.,28.117409275779,264.80055613012));
#154 = LINE('',#155,#156);
#155 = CARTESIAN_POINT('',(95.,29.118632726644,264.0777962247));
#156 = VECTOR('',#157,1.);
#157 = DIRECTION('',(0.,-0.810812171506,0.585306434731));
#158 = ORIENTED_EDGE('',*,*,#159,.T.);
#159 = EDGE_CURVE('',#152,#160,#162,.T.);
#160 = VERTEX_POINT('',#161);
#161 = CARTESIAN_POINT('',(95.,27.050323573069,265.50185182425));
#162 = LINE('',#163,#164);
#163 = CARTESIAN_POINT('',(95.,28.121988840154,264.7975464105));
#164 = VECTOR('',#165,1.);
#165 = DIRECTION('',(0.,-0.835681057197,0.549215049541));
#166 = ORIENTED_EDGE('',*,*,#167,.T.);
#167 = EDGE_CURVE('',#160,#168,#170,.T.);
#168 = VERTEX_POINT('',#169);
#169 = CARTESIAN_POINT('',(95.,25.911391465032,266.17488610558));
#170 = LINE('',#171,#172);
#171 = CARTESIAN_POINT('',(95.,27.055457508168,265.49881800486));
#172 = VECTOR('',#173,1.);
#173 = DIRECTION('',(0.,-0.860916945397,0.508745528853));
#174 = ORIENTED_EDGE('',*,*,#175,.T.);
#175 = EDGE_CURVE('',#168,#176,#178,.T.);
#176 = VERTEX_POINT('',#177);
#177 = CARTESIAN_POINT('',(95.,24.696868356332,266.81005808365));
#178 = LINE('',#179,#180);
#179 = CARTESIAN_POINT('',(95.,25.917137603813,266.17188098669));
#180 = VECTOR('',#181,1.);
#181 = DIRECTION('',(0.,-0.886133279771,0.463430480744));
#182 = ORIENTED_EDGE('',*,*,#183,.T.);
#183 = EDGE_CURVE('',#176,#184,#186,.T.);
#184 = VERTEX_POINT('',#185);
#185 = CARTESIAN_POINT('',(95.,23.405205515052,267.41131759088));
#186 = LINE('',#187,#188);
#187 = CARTESIAN_POINT('',(95.,24.702104844063,266.8076205373));
#188 = VECTOR('',#189,1.);
#189 = DIRECTION('',(0.,-0.90659060467,0.422011226776));
#190 = ORIENTED_EDGE('',*,*,#191,.T.);
#191 = EDGE_CURVE('',#184,#192,#194,.T.);
#192 = VERTEX_POINT('',#193);
#193 = CARTESIAN_POINT('',(95.,22.038571096449,267.97806417829));
#194 = LINE('',#195,#196);
#195 = CARTESIAN_POINT('',(95.,23.410118870788,267.40928001042));
#196 = VECTOR('',#197,1.);
#197 = DIRECTION('',(0.,-0.923719802067,0.383068828371));
#198 = ORIENTED_EDGE('',*,*,#199,.T.);
#199 = EDGE_CURVE('',#192,#200,#202,.T.);
#200 = VERTEX_POINT('',#201);
#201 = CARTESIAN_POINT('',(95.,20.598586443744,268.50274517428));
#202 = LINE('',#203,#204);
#203 = CARTESIAN_POINT('',(95.,22.043704480766,267.9761937492));
#204 = VECTOR('',#205,1.);
#205 = DIRECTION('',(0.,-0.939573147732,0.342348214632));
#206 = ORIENTED_EDGE('',*,*,#207,.T.);
#207 = EDGE_CURVE('',#200,#208,#210,.T.);
#208 = VERTEX_POINT('',#209);
#209 = CARTESIAN_POINT('',(95.,19.084959346265,268.98025294645));
#210 = LINE('',#211,#212);
#211 = CARTESIAN_POINT('',(95.,20.603811523489,268.50109680514));
#212 = VECTOR('',#213,1.);
#213 = DIRECTION('',(0.,-0.953669420036,0.300856506143));
#214 = ORIENTED_EDGE('',*,*,#215,.T.);
#215 = EDGE_CURVE('',#208,#216,#218,.T.);
#216 = VERTEX_POINT('',#217);
#217 = CARTESIAN_POINT('',(95.,17.496053364382,269.41424456204));
#218 = LINE('',#219,#220);
#219 = CARTESIAN_POINT('',(95.,19.089657336596,268.97896974377));
#220 = VECTOR('',#221,1.);
#221 = DIRECTION('',(0.,-0.964663017087,0.263486742485));
#222 = ORIENTED_EDGE('',*,*,#223,.T.);
#223 = EDGE_CURVE('',#216,#224,#226,.T.);
#224 = VERTEX_POINT('',#225);
#225 = CARTESIAN_POINT('',(95.,15.834230456867,269.80436848757));
#226 = LINE('',#227,#228);
#227 = CARTESIAN_POINT('',(95.,17.500441263064,269.41321447378));
#228 = VECTOR('',#229,1.);
#229 = DIRECTION('',(0.,-0.973533706422,0.228543480459));
#230 = ORIENTED_EDGE('',*,*,#231,.T.);
#231 = EDGE_CURVE('',#224,#232,#234,.T.);
#232 = VERTEX_POINT('',#233);
#233 = CARTESIAN_POINT('',(95.,14.101921534478,270.14968220078));
#234 = LINE('',#235,#236);
#235 = CARTESIAN_POINT('',(95.,15.838377161523,269.80354189483));
#236 = VECTOR('',#237,1.);
#237 = DIRECTION('',(0.,-0.980705467544,0.195491140284));
#238 = ORIENTED_EDGE('',*,*,#239,.T.);
#239 = EDGE_CURVE('',#232,#240,#242,.T.);
#240 = VERTEX_POINT('',#241);
#241 = CARTESIAN_POINT('',(95.,12.299256538443,270.45044658013));
#242 = LINE('',#243,#244);
#243 = CARTESIAN_POINT('',(95.,14.10579786613,270.14903545694));
#244 = VECTOR('',#245,1.);
#245 = DIRECTION('',(0.,-0.986365496447,0.164569460772));
#246 = ORIENTED_EDGE('',*,*,#247,.F.);
#247 = EDGE_CURVE('',#248,#240,#250,.T.);
#248 = VERTEX_POINT('',#249);
#249 = CARTESIAN_POINT('',(95.,10.425564859867,270.70658541484));
#250 = LINE('',#251,#252);
#251 = CARTESIAN_POINT('',(95.,10.422105228866,270.70705835597));
#252 = VECTOR('',#253,1.);
#253 = DIRECTION('',(0.,0.9907851308,-0.135443067691));
#254 = ORIENTED_EDGE('',*,*,#255,.F.);
#255 = EDGE_CURVE('',#256,#248,#258,.T.);
#256 = VERTEX_POINT('',#257);
#257 = CARTESIAN_POINT('',(95.,8.481268605635,270.91724800797));
#258 = LINE('',#259,#260);
#259 = CARTESIAN_POINT('',(95.,8.477977962319,270.91760454595));
#260 = VECTOR('',#261,1.);
#261 = DIRECTION('',(0.,0.99418142555,-0.107718582853));
#262 = ORIENTED_EDGE('',*,*,#263,.F.);
#263 = EDGE_CURVE('',#264,#256,#266,.T.);
#264 = VERTEX_POINT('',#265);
#265 = CARTESIAN_POINT('',(95.,6.466613685177,271.08170614188));
#266 = LINE('',#267,#268);
#267 = CARTESIAN_POINT('',(95.,6.463543784424,271.0819567407));
#268 = VECTOR('',#269,1.);
#269 = DIRECTION('',(0.,0.996684755922,-8.13602932132E-02));
#270 = ORIENTED_EDGE('',*,*,#271,.F.);
#271 = EDGE_CURVE('',#272,#264,#274,.T.);
#272 = VERTEX_POINT('',#273);
#273 = CARTESIAN_POINT('',(95.,4.381428675988,271.20029451124));
#274 = LINE('',#275,#276);
#275 = CARTESIAN_POINT('',(95.,4.378549511574,271.20045825471));
#276 = VECTOR('',#277,1.);
#277 = DIRECTION('',(0.,0.998386707722,-5.678011837809E-02));
#278 = ORIENTED_EDGE('',*,*,#279,.F.);
#279 = EDGE_CURVE('',#280,#272,#282,.T.);
#280 = VERTEX_POINT('',#281);
#281 = CARTESIAN_POINT('',(95.,2.225720609589,271.27305821877));
#282 = LINE('',#283,#284);
#283 = CARTESIAN_POINT('',(95.,2.223016391137,271.27314949688));
#284 = VECTOR('',#285,1.);
#285 = DIRECTION('',(0.,0.999430821037,-3.373475893709E-02));
#286 = ORIENTED_EDGE('',*,*,#287,.F.);
#287 = EDGE_CURVE('',#288,#280,#290,.T.);
#288 = VERTEX_POINT('',#289);
#289 = CARTESIAN_POINT('',(95.,5.E-15,271.29998170992));
#290 = LINE('',#291,#292);
#291 = CARTESIAN_POINT('',(95.,-3.023910710101E-03,271.30001828874));
#292 = VECTOR('',#293,1.);
#293 = DIRECTION('',(0.,0.999926845036,-1.209564284041E-02));
#294 = ORIENTED_EDGE('',*,*,#295,.F.);
#295 = EDGE_CURVE('',#296,#288,#298,.T.);
#296 = VERTEX_POINT('',#297);
#297 = CARTESIAN_POINT('',(95.,-2.225720609589,271.27305821877));
#298 = LINE('',#299,#300);
#299 = CARTESIAN_POINT('',(95.,-2.228426170161,271.27302549088));
#300 = VECTOR('',#301,1.);
#301 = DIRECTION('',(0.,0.999926845036,1.209564284041E-02));
#302 = ORIENTED_EDGE('',*,*,#303,.F.);
#303 = EDGE_CURVE('',#304,#296,#306,.T.);
#304 = VERTEX_POINT('',#305);
#305 = CARTESIAN_POINT('',(95.,-4.381428675988,271.20029451124));
#306 = LINE('',#307,#308);
#307 = CARTESIAN_POINT('',(95.,-4.384310851434,271.20019722638));
#308 = VECTOR('',#309,1.);
#309 = DIRECTION('',(0.,0.999430821037,3.373475893709E-02));
#310 = ORIENTED_EDGE('',*,*,#311,.F.);
#311 = EDGE_CURVE('',#312,#304,#314,.T.);
#312 = VERTEX_POINT('',#313);
#313 = CARTESIAN_POINT('',(95.,-6.466613685177,271.08170614188));
#314 = LINE('',#315,#316);
#315 = CARTESIAN_POINT('',(95.,-6.469688828133,271.08153125275));
#316 = VECTOR('',#317,1.);
#317 = DIRECTION('',(0.,0.998386707722,5.678011837809E-02));
#318 = ORIENTED_EDGE('',*,*,#319,.F.);
#319 = EDGE_CURVE('',#320,#312,#322,.T.);
#320 = VERTEX_POINT('',#321);
#321 = CARTESIAN_POINT('',(95.,-8.481268605635,270.91724800797));
#322 = LINE('',#323,#324);
#323 = CARTESIAN_POINT('',(95.,-8.484567534729,270.91697871336));
#324 = VECTOR('',#325,1.);
#325 = DIRECTION('',(0.,0.996684755922,8.13602932132E-02));
#326 = ORIENTED_EDGE('',*,*,#327,.F.);
#327 = EDGE_CURVE('',#328,#320,#330,.T.);
#328 = VERTEX_POINT('',#329);
#329 = CARTESIAN_POINT('',(95.,-10.42556485986,270.70658541484));
#330 = LINE('',#331,#332);
#331 = CARTESIAN_POINT('',(95.,-10.42903635007,270.70620928228));
#332 = VECTOR('',#333,1.);
#333 = DIRECTION('',(0.,0.99418142555,0.107718582853));
#334 = ORIENTED_EDGE('',*,*,#335,.F.);
#335 = EDGE_CURVE('',#336,#328,#338,.T.);
#336 = VERTEX_POINT('',#337);
#337 = CARTESIAN_POINT('',(95.,-12.29925653844,270.45044658013));
#338 = LINE('',#339,#340);
#339 = CARTESIAN_POINT('',(95.,-12.30290547605,270.44994776026));
#340 = VECTOR('',#341,1.);
#341 = DIRECTION('',(0.,0.9907851308,0.135443067691));
#342 = ORIENTED_EDGE('',*,*,#343,.F.);
#343 = EDGE_CURVE('',#344,#336,#346,.T.);
#344 = VERTEX_POINT('',#345);
#345 = CARTESIAN_POINT('',(95.,-14.10192153447,270.14968220078));
#346 = LINE('',#347,#348);
#347 = CARTESIAN_POINT('',(95.,-14.10579786613,270.14903545694));
#348 = VECTOR('',#349,1.);
#349 = DIRECTION('',(0.,0.986365496447,0.164569460772));
#350 = ORIENTED_EDGE('',*,*,#351,.F.);
#351 = EDGE_CURVE('',#352,#344,#354,.T.);
#352 = VERTEX_POINT('',#353);
#353 = CARTESIAN_POINT('',(95.,-15.83423045686,269.80436848757));
#354 = LINE('',#355,#356);
#355 = CARTESIAN_POINT('',(95.,-15.83837716152,269.80354189483));
#356 = VECTOR('',#357,1.);
#357 = DIRECTION('',(0.,0.980705467544,0.195491140284));
#358 = ORIENTED_EDGE('',*,*,#359,.F.);
#359 = EDGE_CURVE('',#360,#352,#362,.T.);
#360 = VERTEX_POINT('',#361);
#361 = CARTESIAN_POINT('',(95.,-17.49605336438,269.41424456204));
#362 = LINE('',#363,#364);
#363 = CARTESIAN_POINT('',(95.,-17.50044126306,269.41321447378));
#364 = VECTOR('',#365,1.);
#365 = DIRECTION('',(0.,0.973533706422,0.228543480459));
#366 = ORIENTED_EDGE('',*,*,#367,.F.);
#367 = EDGE_CURVE('',#368,#360,#370,.T.);
#368 = VERTEX_POINT('',#369);
#369 = CARTESIAN_POINT('',(95.,-19.08495934626,268.98025294645));
#370 = LINE('',#371,#372);
#371 = CARTESIAN_POINT('',(95.,-19.08965733659,268.97896974377));
#372 = VECTOR('',#373,1.);
#373 = DIRECTION('',(0.,0.964663017087,0.263486742485));
#374 = ORIENTED_EDGE('',*,*,#375,.F.);
#375 = EDGE_CURVE('',#376,#368,#378,.T.);
#376 = VERTEX_POINT('',#377);
#377 = CARTESIAN_POINT('',(95.,-20.59858644374,268.50274517428));
#378 = LINE('',#379,#380);
#379 = CARTESIAN_POINT('',(95.,-20.60381152348,268.50109680514));
#380 = VECTOR('',#381,1.);
#381 = DIRECTION('',(0.,0.953669420036,0.300856506143));
#382 = ORIENTED_EDGE('',*,*,#383,.F.);
#383 = EDGE_CURVE('',#384,#376,#386,.T.);
#384 = VERTEX_POINT('',#385);
#385 = CARTESIAN_POINT('',(95.,-22.03857109644,267.97806417829));
#386 = LINE('',#387,#388);
#387 = CARTESIAN_POINT('',(95.,-22.04370448076,267.9761937492));
#388 = VECTOR('',#389,1.);
#389 = DIRECTION('',(0.,0.939573147732,0.342348214632));
#390 = ORIENTED_EDGE('',*,*,#391,.F.);
#391 = EDGE_CURVE('',#392,#384,#394,.T.);
#392 = VERTEX_POINT('',#393);
#393 = CARTESIAN_POINT('',(95.,-23.40520551505,267.41131759088));
#394 = LINE('',#395,#396);
#395 = CARTESIAN_POINT('',(95.,-23.41011887078,267.40928001042));
#396 = VECTOR('',#397,1.);
#397 = DIRECTION('',(0.,0.923719802067,0.383068828371));
#398 = ORIENTED_EDGE('',*,*,#399,.F.);
#399 = EDGE_CURVE('',#400,#392,#402,.T.);
#400 = VERTEX_POINT('',#401);
#401 = CARTESIAN_POINT('',(95.,-24.69686835633,266.81005808365));
#402 = LINE('',#403,#404);
#403 = CARTESIAN_POINT('',(95.,-24.70210484406,266.8076205373));
#404 = VECTOR('',#405,1.);
#405 = DIRECTION('',(0.,0.90659060467,0.422011226776));
#406 = ORIENTED_EDGE('',*,*,#407,.F.);
#407 = EDGE_CURVE('',#408,#400,#410,.T.);
#408 = VERTEX_POINT('',#409);
#409 = CARTESIAN_POINT('',(95.,-25.91139146503,266.17488610558));
#410 = LINE('',#411,#412);
#411 = CARTESIAN_POINT('',(95.,-25.91713760381,266.17188098669));
#412 = VECTOR('',#413,1.);
#413 = DIRECTION('',(0.,0.886133279771,0.463430480744));
#414 = ORIENTED_EDGE('',*,*,#415,.F.);
#415 = EDGE_CURVE('',#416,#408,#418,.T.);
#416 = VERTEX_POINT('',#417);
#417 = CARTESIAN_POINT('',(95.,-27.05032357306,265.50185182425));
#418 = LINE('',#419,#420);
#419 = CARTESIAN_POINT('',(95.,-27.05545750816,265.49881800486));
#420 = VECTOR('',#421,1.);
#421 = DIRECTION('',(0.,0.860916945397,0.508745528853));
#422 = ORIENTED_EDGE('',*,*,#423,.F.);
#423 = EDGE_CURVE('',#424,#416,#426,.T.);
#424 = VERTEX_POINT('',#425);
#425 = CARTESIAN_POINT('',(95.,-28.11740927577,264.80055613012));
#426 = LINE('',#427,#428);
#427 = CARTESIAN_POINT('',(95.,-28.12198884015,264.7975464105));
#428 = VECTOR('',#429,1.);
#429 = DIRECTION('',(0.,0.835681057197,0.549215049541));
#430 = ORIENTED_EDGE('',*,*,#431,.F.);
#431 = EDGE_CURVE('',#432,#424,#434,.T.);
#432 = VERTEX_POINT('',#433);
#433 = CARTESIAN_POINT('',(95.,-29.11333649898,264.08161944818));
#434 = LINE('',#435,#436);
#435 = CARTESIAN_POINT('',(95.,-29.11863272664,264.0777962247));
#436 = VECTOR('',#437,1.);
#437 = DIRECTION('',(0.,0.810812171506,0.585306434731));
#438 = ORIENTED_EDGE('',*,*,#439,.F.);
#439 = EDGE_CURVE('',#440,#432,#442,.T.);
#440 = VERTEX_POINT('',#441);
#441 = CARTESIAN_POINT('',(95.,-30.0316876117,263.34277080218));
#442 = LINE('',#443,#444);
#443 = CARTESIAN_POINT('',(95.,-30.03689323538,263.33858267854));
#444 = VECTOR('',#445,1.);
#445 = DIRECTION('',(0.,0.77914096552,0.626848750376));
#446 = ORIENTED_EDGE('',*,*,#447,.F.);
#447 = EDGE_CURVE('',#448,#440,#450,.T.);
#448 = VERTEX_POINT('',#449);
#449 = CARTESIAN_POINT('',(95.,-30.88067817569,262.5815570273));
#450 = LINE('',#451,#452);
#451 = CARTESIAN_POINT('',(95.,-30.88523552875,262.57747085711));
#452 = VECTOR('',#453,1.);
#453 = DIRECTION('',(0.,0.744547723868,0.66756923752));
#454 = ORIENTED_EDGE('',*,*,#455,.F.);
#455 = EDGE_CURVE('',#456,#448,#458,.T.);
#456 = VERTEX_POINT('',#457);
#457 = CARTESIAN_POINT('',(95.,-31.67195704924,261.7989361986));
#458 = LINE('',#459,#460);
#459 = CARTESIAN_POINT('',(95.,-31.67609279446,261.79484570603));
#460 = VECTOR('',#461,1.);
#461 = DIRECTION('',(0.,0.710985828194,0.703206336794));
#462 = ORIENTED_EDGE('',*,*,#463,.F.);
#463 = EDGE_CURVE('',#464,#456,#466,.T.);
#464 = VERTEX_POINT('',#465);
#465 = CARTESIAN_POINT('',(95.,-32.40735276011,261.0005815521));
#466 = LINE('',#467,#468);
#467 = CARTESIAN_POINT('',(95.,-32.41413648196,260.99321706006));
#468 = VECTOR('',#469,1.);
#469 = DIRECTION('',(0.,0.677510177698,0.735513398325));
#470 = ORIENTED_EDGE('',*,*,#471,.F.);
#471 = EDGE_CURVE('',#472,#464,#474,.T.);
#472 = VERTEX_POINT('',#473);
#473 = CARTESIAN_POINT('',(95.,-33.71005091274,259.33693828894));
#474 = LINE('',#475,#476);
#475 = CARTESIAN_POINT('',(95.,-33.7187113165,259.32587830367));
#476 = VECTOR('',#477,1.);
#477 = DIRECTION('',(0.,0.616518523585,0.787340402924));
#478 = ORIENTED_EDGE('',*,*,#479,.F.);
#479 = EDGE_CURVE('',#480,#472,#482,.T.);
#480 = VERTEX_POINT('',#481);
#481 = CARTESIAN_POINT('',(95.,-34.80214847022,257.5638614237));
#482 = LINE('',#483,#484);
#483 = CARTESIAN_POINT('',(95.,-34.80927046793,257.55229849209));
#484 = VECTOR('',#485,1.);
#485 = DIRECTION('',(0.,0.524436402721,0.851449622409));
#486 = ORIENTED_EDGE('',*,*,#487,.F.);
#487 = EDGE_CURVE('',#488,#480,#490,.T.);
#488 = VERTEX_POINT('',#489);
#489 = CARTESIAN_POINT('',(95.,-35.69692561087,255.68045577993));
#490 = LINE('',#491,#492);
#491 = CARTESIAN_POINT('',(95.,-35.70176982108,255.67025926011));
#492 = VECTOR('',#493,1.);
#493 = DIRECTION('',(0.,0.429119209557,0.903247864093));
#494 = ORIENTED_EDGE('',*,*,#495,.F.);
#495 = EDGE_CURVE('',#496,#488,#498,.T.);
#496 = VERTEX_POINT('',#497);
#497 = CARTESIAN_POINT('',(95.,-36.42601455362,253.70319781506));
#498 = LINE('',#499,#500);
#499 = CARTESIAN_POINT('',(95.,-36.42927954746,253.69434329168));
#500 = VECTOR('',#501,1.);
#501 = DIRECTION('',(0.,0.345966677017,0.938246800364));
#502 = ORIENTED_EDGE('',*,*,#503,.F.);
#503 = EDGE_CURVE('',#504,#496,#506,.T.);
#504 = VERTEX_POINT('',#505);
#505 = CARTESIAN_POINT('',(95.,-37.01831034774,251.62628371204));
#506 = LINE('',#507,#508);
#507 = CARTESIAN_POINT('',(95.,-37.02020145832,251.61965244051));
#508 = VECTOR('',#509,1.);
#509 = DIRECTION('',(0.,0.274246683263,0.961659376661));
#510 = ORIENTED_EDGE('',*,*,#511,.F.);
#511 = EDGE_CURVE('',#512,#504,#514,.T.);
#512 = VERTEX_POINT('',#513);
#513 = CARTESIAN_POINT('',(95.,-37.50919116456,249.45816702278));
#514 = LINE('',#515,#516);
#515 = CARTESIAN_POINT('',(95.,-37.51040566156,249.45280284652));
#516 = VECTOR('',#517,1.);
#517 = DIRECTION('',(0.,0.220819863889,0.975314609607));
#518 = ORIENTED_EDGE('',*,*,#519,.F.);
#519 = EDGE_CURVE('',#520,#512,#522,.T.);
#520 = VERTEX_POINT('',#521);
#521 = CARTESIAN_POINT('',(95.,-37.92578602179,247.15128852783));
#522 = LINE('',#523,#524);
#523 = CARTESIAN_POINT('',(95.,-37.92656778421,247.14695954756));
#524 = VECTOR('',#525,1.);
#525 = DIRECTION('',(0.,0.177713567546,0.984082256679));
#526 = ORIENTED_EDGE('',*,*,#527,.F.);
#527 = EDGE_CURVE('',#528,#520,#530,.T.);
#528 = VERTEX_POINT('',#529);
#529 = CARTESIAN_POINT('',(95.,-38.28136766278,244.68995033261));
#530 = LINE('',#531,#532);
#531 = CARTESIAN_POINT('',(95.,-38.28185793894,244.68655663818));
#532 = VECTOR('',#533,1.);
#533 = DIRECTION('',(0.,0.14298243163,0.989725226639));
#534 = ORIENTED_EDGE('',*,*,#535,.F.);
#535 = EDGE_CURVE('',#536,#528,#538,.T.);
#536 = VERTEX_POINT('',#537);
#537 = CARTESIAN_POINT('',(95.,-38.58948945129,242.04667525216));
#538 = LINE('',#539,#540);
#539 = CARTESIAN_POINT('',(95.,-38.58982761147,242.04377428768));
#540 = VECTOR('',#541,1.);
#541 = DIRECTION('',(0.,0.115784196926,0.993274392976));
#542 = ORIENTED_EDGE('',*,*,#543,.T.);
#543 = EDGE_CURVE('',#536,#544,#546,.T.);
#544 = VERTEX_POINT('',#545);
#545 = CARTESIAN_POINT('',(95.,-38.85216284147,239.22061831018));
#546 = LINE('',#547,#548);
#547 = CARTESIAN_POINT('',(95.,-38.58921915478,242.04958332489));
#548 = VECTOR('',#549,1.);
#549 = DIRECTION('',(0.,-9.254804806448E-02,-0.995708219711));
#550 = ORIENTED_EDGE('',*,*,#551,.T.);
#551 = EDGE_CURVE('',#544,#552,#554,.T.);
#552 = VERTEX_POINT('',#553);
#553 = CARTESIAN_POINT('',(95.,-39.07755612651,236.21743153903));
#554 = LINE('',#555,#556);
#555 = CARTESIAN_POINT('',(95.,-38.85199659918,239.22283335692));
#556 = VECTOR('',#557,1.);
#557 = DIRECTION('',(0.,-7.484088869857E-02,-0.997195488046));
#558 = ORIENTED_EDGE('',*,*,#559,.T.);
#559 = EDGE_CURVE('',#552,#560,#562,.T.);
#560 = VERTEX_POINT('',#561);
#561 = CARTESIAN_POINT('',(95.,-39.2488070678,233.3));
#562 = LINE('',#563,#564);
#563 = CARTESIAN_POINT('',(95.,-39.0774368836,236.21946296165));
#564 = VECTOR('',#565,1.);
#565 = DIRECTION('',(0.,-5.859834868305E-02,-0.998281640386));
#566 = ORIENTED_EDGE('',*,*,#567,.F.);
#567 = EDGE_CURVE('',#22,#560,#568,.T.);
#568 = LINE('',#569,#570);
#569 = CARTESIAN_POINT('',(95.,39.513912200928,233.3));
#570 = VECTOR('',#571,1.);
#571 = DIRECTION('',(0.,-1.,0.));
#572 = FACE_BOUND('',#573,.T.);
#573 = EDGE_LOOP('',(#574));
#574 = ORIENTED_EDGE('',*,*,#575,.F.);
#575 = EDGE_CURVE('',#576,#576,#578,.T.);
#576 = VERTEX_POINT('',#577);
#577 = CARTESIAN_POINT('',(95.,-29.,257.8));
#578 = CIRCLE('',#579,2.2);
#579 = AXIS2_PLACEMENT_3D('',#580,#581,#582);
#580 = CARTESIAN_POINT('',(95.,-29.,260.));
#581 = DIRECTION('',(1.,-0.,0.));
#582 = DIRECTION('',(0.,0.,-1.));
#583 = FACE_BOUND('',#584,.T.);
#584 = EDGE_LOOP('',(#585));
#585 = ORIENTED_EDGE('',*,*,#586,.F.);
#586 = EDGE_CURVE('',#587,#587,#589,.T.);
#587 = VERTEX_POINT('',#588);
#588 = CARTESIAN_POINT('',(95.,-16.,255.95162389116));
#589 = B_SPLINE_CURVE_WITH_KNOTS('',7,(#590,#591,#592,#593,#594,#595,
    #596,#597,#598,#599,#600,#601,#602,#603,#604,#605,#606,#607,#608,
    #609,#610,#611,#612,#613,#614,#615,#616,#617,#618,#619,#620,#621,
    #622,#623,#624,#625,#626,#627,#628,#629,#630,#631,#632,#633,#634,
    #635,#636,#637,#638,#639,#640,#641,#642,#643,#644,#645,#646,#647,
    #648,#649,#650,#651,#652,#653,#654,#655,#656,#657,#658,#659,#660,
    #661,#662,#663,#664,#665,#666,#667,#668,#669,#670,#671,#672,#673,
    #674,#675,#676,#677,#678,#679,#680,#681,#682,#683,#684,#685,#686,
    #687,#688,#689,#690,#691,#692,#693,#694,#695,#696,#697,#698,#699,
    #700,#701,#702,#703,#704,#705,#706,#707,#708,#709,#710,#711,#712,
    #713,#714,#715,#716,#717,#718,#719,#720,#721,#722,#723,#724,#725,
    #726,#727,#728,#729,#730,#731,#732,#733,#734,#735,#736,#737,#738,
    #739,#740,#741,#742,#743,#744,#745,#746,#747),.UNSPECIFIED.,.T.,.F.,
  (8,6,6,6,6,6,6,6,6,6,6,6,6,6,6,6,6,6,6,6,6,6,6,6,6,6,8),(0.,
    4.893523756174E-02,8.068490407901E-02,0.122013677019,0.154772135823,
    0.181243312947,0.249994251192,0.318745189437,0.345216366561,
    0.377974825365,0.419303598305,0.451053264822,0.467442417862,
    0.500002752492,0.522436345381,0.548952770862,0.580702012527,
    0.622030232434,0.654788252887,0.681259075792,0.750009094059,
    0.818759112326,0.845229935231,0.877987955684,0.919316175591,
    0.951065417256,1.),.UNSPECIFIED.);
#590 = CARTESIAN_POINT('',(95.,-16.,255.95162389116));
#591 = CARTESIAN_POINT('',(95.,-16.35058295623,255.95162389116));
#592 = CARTESIAN_POINT('',(95.,-16.70132241141,255.9210095609));
#593 = CARTESIAN_POINT('',(95.,-17.048649554,255.85973238322));
#594 = CARTESIAN_POINT('',(95.,-17.3896197755,255.76897558606));
#595 = CARTESIAN_POINT('',(95.,-17.72179862511,255.6506196465));
#596 = CARTESIAN_POINT('',(95.,-18.04321426625,255.50703146746));
#597 = CARTESIAN_POINT('',(95.,-18.55286822084,255.23308432203));
#598 = CARTESIAN_POINT('',(95.,-18.74833254778,255.11573654925));
#599 = CARTESIAN_POINT('',(95.,-18.93837952289,254.9894997492));
#600 = CARTESIAN_POINT('',(95.,-19.12277630208,254.85503985592));
#601 = CARTESIAN_POINT('',(95.,-19.30137054868,254.71300197493));
#602 = CARTESIAN_POINT('',(95.,-19.47407609139,254.5639901037));
#603 = CARTESIAN_POINT('',(95.,-19.85797015356,254.20622013136));
#604 = CARTESIAN_POINT('',(95.,-20.06502374366,253.99302312116));
#605 = CARTESIAN_POINT('',(95.,-20.26198674335,253.77015305718));
#606 = CARTESIAN_POINT('',(95.,-20.44890491193,253.53869634033));
#607 = CARTESIAN_POINT('',(95.,-20.62588973395,253.29962164669));
#608 = CARTESIAN_POINT('',(95.,-20.79310161199,253.05376656576));
#609 = CARTESIAN_POINT('',(95.,-21.07567660165,252.60212698769));
#610 = CARTESIAN_POINT('',(95.,-21.19459133981,252.39862112414));
#611 = CARTESIAN_POINT('',(95.,-21.30756846192,252.19166196603));
#612 = CARTESIAN_POINT('',(95.,-21.41469857851,251.98157405106));
#613 = CARTESIAN_POINT('',(95.,-21.51607125675,251.76865105226));
#614 = CARTESIAN_POINT('',(95.,-21.61177455434,251.55315569375));
#615 = CARTESIAN_POINT('',(95.,-21.77471795684,251.15929257978));
#616 = CARTESIAN_POINT('',(95.,-21.84389411345,250.98174070068));
#617 = CARTESIAN_POINT('',(95.,-21.90946741559,250.80278821052));
#618 = CARTESIAN_POINT('',(95.,-21.9714795379,250.62255147539));
#619 = CARTESIAN_POINT('',(95.,-22.02996943732,250.44113904605));
#620 = CARTESIAN_POINT('',(95.,-22.08497335311,250.25865165793));
#621 = CARTESIAN_POINT('',(95.,-22.27041423672,249.59867545652));
#622 = CARTESIAN_POINT('',(95.,-22.3809965981,249.11561313024));
#623 = CARTESIAN_POINT('',(95.,-22.46889488926,248.62754009997));
#624 = CARTESIAN_POINT('',(95.,-22.53452471777,248.13586797271));
#625 = CARTESIAN_POINT('',(95.,-22.5781713194,247.64189052988));
#626 = CARTESIAN_POINT('',(95.,-22.6,247.14678852886));
#627 = CARTESIAN_POINT('',(95.,-22.6,246.15645925347));
#628 = CARTESIAN_POINT('',(95.,-22.5781713194,245.66135725245));
#629 = CARTESIAN_POINT('',(95.,-22.53452471777,245.16737980962));
#630 = CARTESIAN_POINT('',(95.,-22.46889488926,244.67570768236));
#631 = CARTESIAN_POINT('',(95.,-22.3809965981,244.18763465209));
#632 = CARTESIAN_POINT('',(95.,-22.27041423673,243.70457232581));
#633 = CARTESIAN_POINT('',(95.,-22.08497335311,243.0445961244));
#634 = CARTESIAN_POINT('',(95.,-22.02996943732,242.86210873628));
#635 = CARTESIAN_POINT('',(95.,-21.9714795379,242.68069630694));
#636 = CARTESIAN_POINT('',(95.,-21.90946741559,242.50045957181));
#637 = CARTESIAN_POINT('',(95.,-21.84389411345,242.32150708165));
#638 = CARTESIAN_POINT('',(95.,-21.77471795685,242.14395520255));
#639 = CARTESIAN_POINT('',(95.,-21.61177455434,241.75009208858));
#640 = CARTESIAN_POINT('',(95.,-21.51607125675,241.53459673007));
#641 = CARTESIAN_POINT('',(95.,-21.41469857851,241.32167373127));
#642 = CARTESIAN_POINT('',(95.,-21.30756846192,241.1115858163));
#643 = CARTESIAN_POINT('',(95.,-21.19459133981,240.90462665819));
#644 = CARTESIAN_POINT('',(95.,-21.07567660165,240.70112079464));
#645 = CARTESIAN_POINT('',(95.,-20.79310161199,240.24948121657));
#646 = CARTESIAN_POINT('',(95.,-20.62588973395,240.00362613564));
#647 = CARTESIAN_POINT('',(95.,-20.44890491193,239.764551442));
#648 = CARTESIAN_POINT('',(95.,-20.26198674335,239.53309472515));
#649 = CARTESIAN_POINT('',(95.,-20.06502374366,239.31022466117));
#650 = CARTESIAN_POINT('',(95.,-19.85797015356,239.09702765097));
#651 = CARTESIAN_POINT('',(95.,-19.47407609139,238.73925767863));
#652 = CARTESIAN_POINT('',(95.,-19.30137054868,238.5902458074));
#653 = CARTESIAN_POINT('',(95.,-19.12277630209,238.44820792641));
#654 = CARTESIAN_POINT('',(95.,-18.93837952289,238.31374803313));
#655 = CARTESIAN_POINT('',(95.,-18.74833254778,238.18751123308));
#656 = CARTESIAN_POINT('',(95.,-18.55286822084,238.0701634603));
#657 = CARTESIAN_POINT('',(95.,-18.24879473849,237.9067191041));
#658 = CARTESIAN_POINT('',(95.,-18.14391764597,237.85361883118));
#659 = CARTESIAN_POINT('',(95.,-18.03773464729,237.80315537167));
#660 = CARTESIAN_POINT('',(95.,-17.93030035358,237.75541955443));
#661 = CARTESIAN_POINT('',(95.,-17.82167707237,237.71050013627));
#662 = CARTESIAN_POINT('',(95.,-17.7119354182,237.66848236523));
#663 = CARTESIAN_POINT('',(95.,-17.38106728495,237.55189406717));
#664 = CARTESIAN_POINT('',(95.,-17.15683810043,237.4860965839));
#665 = CARTESIAN_POINT('',(95.,-16.92914612873,237.43271172783));
#666 = CARTESIAN_POINT('',(95.,-16.69874457103,237.39227284138));
#667 = CARTESIAN_POINT('',(95.,-16.46646368091,237.36517136461));
#668 = CARTESIAN_POINT('',(95.,-16.23321539729,237.35162389116));
#669 = CARTESIAN_POINT('',(95.,-15.83931801261,237.35162389116));
#670 = CARTESIAN_POINT('',(95.,-15.6786298652,237.35805497772));
#671 = CARTESIAN_POINT('',(95.,-15.51825242716,237.37091757346));
#672 = CARTESIAN_POINT('',(95.,-15.35848845468,237.39016507246));
#673 = CARTESIAN_POINT('',(95.,-15.19962687982,237.4157078238));
#674 = CARTESIAN_POINT('',(95.,-15.04194309956,237.44741711514));
#675 = CARTESIAN_POINT('',(95.,-14.70101961864,237.52970465221));
#676 = CARTESIAN_POINT('',(95.,-14.51833903655,237.58267000778));
#677 = CARTESIAN_POINT('',(95.,-14.33808131985,237.64375676552));
#678 = CARTESIAN_POINT('',(95.,-14.16060756097,237.71264141578));
#679 = CARTESIAN_POINT('',(95.,-13.98622191863,237.78896172449));
#680 = CARTESIAN_POINT('',(95.,-13.81517739295,237.8723330611));
#681 = CARTESIAN_POINT('',(95.,-13.44713177915,238.07016346029));
#682 = CARTESIAN_POINT('',(95.,-13.25166745221,238.18751123308));
#683 = CARTESIAN_POINT('',(95.,-13.0616204771,238.31374803313));
#684 = CARTESIAN_POINT('',(95.,-12.87722369791,238.44820792641));
#685 = CARTESIAN_POINT('',(95.,-12.69862945131,238.5902458074));
#686 = CARTESIAN_POINT('',(95.,-12.5259239086,238.73925767863));
#687 = CARTESIAN_POINT('',(95.,-12.14202984644,239.09702765097));
#688 = CARTESIAN_POINT('',(95.,-11.93497625634,239.31022466117));
#689 = CARTESIAN_POINT('',(95.,-11.73801325664,239.53309472515));
#690 = CARTESIAN_POINT('',(95.,-11.55109508806,239.764551442));
#691 = CARTESIAN_POINT('',(95.,-11.37411026605,240.00362613563));
#692 = CARTESIAN_POINT('',(95.,-11.20689838801,240.24948121657));
#693 = CARTESIAN_POINT('',(95.,-10.92432339834,240.70112079463));
#694 = CARTESIAN_POINT('',(95.,-10.80540866018,240.90462665819));
#695 = CARTESIAN_POINT('',(95.,-10.69243153807,241.1115858163));
#696 = CARTESIAN_POINT('',(95.,-10.58530142148,241.32167373127));
#697 = CARTESIAN_POINT('',(95.,-10.48392874324,241.53459673007));
#698 = CARTESIAN_POINT('',(95.,-10.38822544565,241.75009208858));
#699 = CARTESIAN_POINT('',(95.,-10.22528204315,242.14395520255));
#700 = CARTESIAN_POINT('',(95.,-10.15610588654,242.32150708164));
#701 = CARTESIAN_POINT('',(95.,-10.0905325844,242.50045957181));
#702 = CARTESIAN_POINT('',(95.,-10.02852046209,242.68069630694));
#703 = CARTESIAN_POINT('',(95.,-9.970030562678,242.86210873628));
#704 = CARTESIAN_POINT('',(95.,-9.915026646887,243.0445961244));
#705 = CARTESIAN_POINT('',(95.,-9.729585763271,243.7045723258));
#706 = CARTESIAN_POINT('',(95.,-9.619003401899,244.18763465208));
#707 = CARTESIAN_POINT('',(95.,-9.531105110732,244.67570768236));
#708 = CARTESIAN_POINT('',(95.,-9.465475282228,245.16737980962));
#709 = CARTESIAN_POINT('',(95.,-9.421828680594,245.66135725245));
#710 = CARTESIAN_POINT('',(95.,-9.4,246.15645925347));
#711 = CARTESIAN_POINT('',(95.,-9.4,247.14678852886));
#712 = CARTESIAN_POINT('',(95.,-9.421828680593,247.64189052988));
#713 = CARTESIAN_POINT('',(95.,-9.465475282227,248.13586797271));
#714 = CARTESIAN_POINT('',(95.,-9.531105110732,248.62754009996));
#715 = CARTESIAN_POINT('',(95.,-9.619003401899,249.11561313024));
#716 = CARTESIAN_POINT('',(95.,-9.72958576327,249.59867545652));
#717 = CARTESIAN_POINT('',(95.,-9.915026646886,250.25865165793));
#718 = CARTESIAN_POINT('',(95.,-9.970030562677,250.44113904605));
#719 = CARTESIAN_POINT('',(95.,-10.02852046209,250.62255147539));
#720 = CARTESIAN_POINT('',(95.,-10.0905325844,250.80278821052));
#721 = CARTESIAN_POINT('',(95.,-10.15610588654,250.98174070068));
#722 = CARTESIAN_POINT('',(95.,-10.22528204315,251.15929257978));
#723 = CARTESIAN_POINT('',(95.,-10.38822544565,251.55315569375));
#724 = CARTESIAN_POINT('',(95.,-10.48392874324,251.76865105226));
#725 = CARTESIAN_POINT('',(95.,-10.58530142148,251.98157405105));
#726 = CARTESIAN_POINT('',(95.,-10.69243153807,252.19166196603));
#727 = CARTESIAN_POINT('',(95.,-10.80540866018,252.39862112414));
#728 = CARTESIAN_POINT('',(95.,-10.92432339834,252.60212698769));
#729 = CARTESIAN_POINT('',(95.,-11.206898388,253.05376656576));
#730 = CARTESIAN_POINT('',(95.,-11.37411026604,253.29962164669));
#731 = CARTESIAN_POINT('',(95.,-11.55109508806,253.53869634033));
#732 = CARTESIAN_POINT('',(95.,-11.73801325664,253.77015305718));
#733 = CARTESIAN_POINT('',(95.,-11.93497625634,253.99302312116));
#734 = CARTESIAN_POINT('',(95.,-12.14202984643,254.20622013136));
#735 = CARTESIAN_POINT('',(95.,-12.5259239086,254.5639901037));
#736 = CARTESIAN_POINT('',(95.,-12.69862945131,254.71300197493));
#737 = CARTESIAN_POINT('',(95.,-12.87722369791,254.85503985592));
#738 = CARTESIAN_POINT('',(95.,-13.0616204771,254.98949974919));
#739 = CARTESIAN_POINT('',(95.,-13.25166745221,255.11573654925));
#740 = CARTESIAN_POINT('',(95.,-13.44713177915,255.23308432203));
#741 = CARTESIAN_POINT('',(95.,-13.95678573375,255.50703146746));
#742 = CARTESIAN_POINT('',(95.,-14.27820137487,255.65061964649));
#743 = CARTESIAN_POINT('',(95.,-14.6103802245,255.76897558606));
#744 = CARTESIAN_POINT('',(95.,-14.95135044599,255.85973238322));
#745 = CARTESIAN_POINT('',(95.,-15.29867758858,255.9210095609));
#746 = CARTESIAN_POINT('',(95.,-15.64941704376,255.95162389116));
#747 = CARTESIAN_POINT('',(95.,-16.,255.95162389116));
#748 = FACE_BOUND('',#749,.T.);
#749 = EDGE_LOOP('',(#750));
#750 = ORIENTED_EDGE('',*,*,#751,.F.);
#751 = EDGE_CURVE('',#752,#752,#754,.T.);
#752 = VERTEX_POINT('',#753);
#753 = CARTESIAN_POINT('',(95.,-29.,235.8));
#754 = CIRCLE('',#755,2.2);
#755 = AXIS2_PLACEMENT_3D('',#756,#757,#758);
#756 = CARTESIAN_POINT('',(95.,-29.,238.));
#757 = DIRECTION('',(1.,-0.,0.));
#758 = DIRECTION('',(0.,0.,-1.));
#759 = FACE_BOUND('',#760,.T.);
#760 = EDGE_LOOP('',(#761));
#761 = ORIENTED_EDGE('',*,*,#762,.T.);
#762 = EDGE_CURVE('',#763,#763,#765,.T.);
#763 = VERTEX_POINT('',#764);
#764 = CARTESIAN_POINT('',(95.,0.,261.85162389116));
#765 = CIRCLE('',#766,1.3);
#766 = AXIS2_PLACEMENT_3D('',#767,#768,#769);
#767 = CARTESIAN_POINT('',(95.,0.,263.15162389116));
#768 = DIRECTION('',(-1.,-0.,-2.2E-16));
#769 = DIRECTION('',(2.2E-16,0.,-1.));
#770 = FACE_BOUND('',#771,.T.);
#771 = EDGE_LOOP('',(#772));
#772 = ORIENTED_EDGE('',*,*,#773,.F.);
#773 = EDGE_CURVE('',#774,#774,#776,.T.);
#774 = VERTEX_POINT('',#775);
#775 = CARTESIAN_POINT('',(95.,29.,257.8));
#776 = CIRCLE('',#777,2.2);
#777 = AXIS2_PLACEMENT_3D('',#778,#779,#780);
#778 = CARTESIAN_POINT('',(95.,29.,260.));
#779 = DIRECTION('',(1.,-0.,0.));
#780 = DIRECTION('',(0.,0.,-1.));
#781 = FACE_BOUND('',#782,.T.);
#782 = EDGE_LOOP('',(#783,#793,#802,#810));
#783 = ORIENTED_EDGE('',*,*,#784,.T.);
#784 = EDGE_CURVE('',#785,#787,#789,.T.);
#785 = VERTEX_POINT('',#786);
#786 = CARTESIAN_POINT('',(95.,2.,243.65162389116));
#787 = VERTEX_POINT('',#788);
#788 = CARTESIAN_POINT('',(95.,-2.,243.65162389116));
#789 = LINE('',#790,#791);
#790 = CARTESIAN_POINT('',(95.,-1.,243.65162389116));
#791 = VECTOR('',#792,1.);
#792 = DIRECTION('',(-2.2E-16,-1.,0.));
#793 = ORIENTED_EDGE('',*,*,#794,.T.);
#794 = EDGE_CURVE('',#787,#795,#797,.T.);
#795 = VERTEX_POINT('',#796);
#796 = CARTESIAN_POINT('',(95.,-2.,251.65162389116));
#797 = CIRCLE('',#798,4.);
#798 = AXIS2_PLACEMENT_3D('',#799,#800,#801);
#799 = CARTESIAN_POINT('',(95.,-2.,247.65162389116));
#800 = DIRECTION('',(-1.,-0.,-2.2E-16));
#801 = DIRECTION('',(2.2E-16,0.,-1.));
#802 = ORIENTED_EDGE('',*,*,#803,.F.);
#803 = EDGE_CURVE('',#804,#795,#806,.T.);
#804 = VERTEX_POINT('',#805);
#805 = CARTESIAN_POINT('',(95.,2.,251.65162389116));
#806 = LINE('',#807,#808);
#807 = CARTESIAN_POINT('',(95.,-1.,251.65162389116));
#808 = VECTOR('',#809,1.);
#809 = DIRECTION('',(-2.2E-16,-1.,0.));
#810 = ORIENTED_EDGE('',*,*,#811,.T.);
#811 = EDGE_CURVE('',#804,#785,#812,.T.);
#812 = CIRCLE('',#813,4.);
#813 = AXIS2_PLACEMENT_3D('',#814,#815,#816);
#814 = CARTESIAN_POINT('',(95.,2.,247.65162389116));
#815 = DIRECTION('',(-1.,-0.,-2.2E-16));
#816 = DIRECTION('',(2.2E-16,0.,-1.));
#817 = FACE_BOUND('',#818,.T.);
#818 = EDGE_LOOP('',(#819));
#819 = ORIENTED_EDGE('',*,*,#820,.F.);
#820 = EDGE_CURVE('',#821,#821,#823,.T.);
#821 = VERTEX_POINT('',#822);
#822 = CARTESIAN_POINT('',(95.,16.,255.95162389116));
#823 = B_SPLINE_CURVE_WITH_KNOTS('',6,(#824,#825,#826,#827,#828,#829,
    #830,#831,#832,#833,#834,#835,#836,#837,#838,#839,#840,#841,#842,
    #843,#844,#845,#846,#847,#848,#849,#850,#851,#852,#853,#854,#855,
    #856,#857,#858,#859,#860,#861,#862,#863,#864,#865,#866,#867,#868,
    #869,#870,#871,#872,#873,#874,#875,#876,#877,#878,#879,#880,#881,
    #882,#883,#884,#885,#886,#887,#888,#889,#890,#891,#892,#893,#894,
    #895,#896,#897,#898,#899,#900,#901,#902,#903,#904,#905,#906,#907,
    #908,#909,#910,#911,#912,#913,#914,#915,#916,#917,#918,#919,#920,
    #921,#922,#923,#924,#925,#926,#927,#928,#929,#930,#931,#932,#933,
    #934,#935,#936,#937,#938,#939,#940,#941,#942,#943,#944,#945,#946,
    #947,#948,#949,#950,#951,#952,#953,#954,#955),.UNSPECIFIED.,.T.,.F.,
  (7,5,5,5,5,5,5,5,5,5,5,5,5,5,5,5,5,5,5,5,5,5,5,5,5,5,7),(0.,
    4.894225177273E-02,8.069154827571E-02,0.12201920158,0.154776402838,
    0.181246644653,0.249995438207,0.318744231761,0.345214473576,
    0.377971674834,0.419299328139,0.451048624642,0.467437747881,
    0.499998610561,0.522432908128,0.548949903579,0.580699303681,
    0.622027091838,0.654784399984,0.681254728171,0.750003746053,
    0.818752763936,0.845223092123,0.877980400269,0.919308188426,
    0.951057588528,1.),.UNSPECIFIED.);
#824 = CARTESIAN_POINT('',(95.,16.,255.95162389116));
#825 = CARTESIAN_POINT('',(95.,15.591046491738,255.95162445133));
#826 = CARTESIAN_POINT('',(95.,15.181735773777,255.90877363171));
#827 = CARTESIAN_POINT('',(95.,14.77848963303,255.82294975116));
#828 = CARTESIAN_POINT('',(95.,14.386149134724,255.69696324135));
#829 = CARTESIAN_POINT('',(95.,14.008355422363,255.53475043209));
#830 = CARTESIAN_POINT('',(95.,13.413709053536,255.21511941593));
#831 = CARTESIAN_POINT('',(95.,13.186851380375,255.07598313663));
#832 = CARTESIAN_POINT('',(95.,12.967694213674,254.92463600104));
#833 = CARTESIAN_POINT('',(95.,12.756592667968,254.76224285154));
#834 = CARTESIAN_POINT('',(95.,12.553723497465,254.589898281));
#835 = CARTESIAN_POINT('',(95.,12.105847012587,254.17249956086));
#836 = CARTESIAN_POINT('',(95.,11.866628013245,253.92123292125));
#837 = CARTESIAN_POINT('',(95.,11.641550216752,253.65684113753));
#838 = CARTESIAN_POINT('',(95.,11.430486091362,253.3811668281));
#839 = CARTESIAN_POINT('',(95.,11.233171558806,253.09575894784));
#840 = CARTESIAN_POINT('',(95.,10.903499401692,252.56884413719));
#841 = CARTESIAN_POINT('',(95.,10.766172538233,252.33053188644));
#842 = CARTESIAN_POINT('',(95.,10.637125882633,252.08750949014));
#843 = CARTESIAN_POINT('',(95.,10.516201831317,251.8403268321));
#844 = CARTESIAN_POINT('',(95.,10.403245644569,251.58946167618));
#845 = CARTESIAN_POINT('',(95.,10.213144852895,251.12995469244));
#846 = CARTESIAN_POINT('',(95.,10.133290346587,250.92245507802));
#847 = CARTESIAN_POINT('',(95.,10.058464279426,250.713038072));
#848 = CARTESIAN_POINT('',(95.,9.98859533404,250.50190272579));
#849 = CARTESIAN_POINT('',(95.,9.923618523864,250.28922989334));
#850 = CARTESIAN_POINT('',(95.,9.707270529532,249.51925605269));
#851 = CARTESIAN_POINT('',(95.,9.583696643544,248.95415619928));
#852 = CARTESIAN_POINT('',(95.,9.491661743682,248.38257985065));
#853 = CARTESIAN_POINT('',(95.,9.430560127047,247.80692035812));
#854 = CARTESIAN_POINT('',(95.,9.39999992677,247.22931492125));
#855 = CARTESIAN_POINT('',(95.,9.39999992677,246.07393286108));
#856 = CARTESIAN_POINT('',(95.,9.430560127046,245.49632742421));
#857 = CARTESIAN_POINT('',(95.,9.491661743682,244.92066793168));
#858 = CARTESIAN_POINT('',(95.,9.583696643543,244.34909158305));
#859 = CARTESIAN_POINT('',(95.,9.707270529532,243.78399172964));
#860 = CARTESIAN_POINT('',(95.,9.923618523864,243.01401788899));
#861 = CARTESIAN_POINT('',(95.,9.98859533404,242.80134505654));
#862 = CARTESIAN_POINT('',(95.,10.058464279425,242.59020971033));
#863 = CARTESIAN_POINT('',(95.,10.133290346586,242.38079270431));
#864 = CARTESIAN_POINT('',(95.,10.213144852894,242.17329308989));
#865 = CARTESIAN_POINT('',(95.,10.403245644568,241.71378610615));
#866 = CARTESIAN_POINT('',(95.,10.516201831316,241.46292095023));
#867 = CARTESIAN_POINT('',(95.,10.637125882632,241.21573829219));
#868 = CARTESIAN_POINT('',(95.,10.766172538233,240.97271589589));
#869 = CARTESIAN_POINT('',(95.,10.903499401692,240.73440364514));
#870 = CARTESIAN_POINT('',(95.,11.233171558805,240.20748883449));
#871 = CARTESIAN_POINT('',(95.,11.430486091361,239.92208095423));
#872 = CARTESIAN_POINT('',(95.,11.641550216751,239.6464066448));
#873 = CARTESIAN_POINT('',(95.,11.866628013244,239.38201486107));
#874 = CARTESIAN_POINT('',(95.,12.105847012586,239.13074822147));
#875 = CARTESIAN_POINT('',(95.,12.553723497464,238.71334950133));
#876 = CARTESIAN_POINT('',(95.,12.756592667967,238.54100493079));
#877 = CARTESIAN_POINT('',(95.,12.967694213673,238.37861178129));
#878 = CARTESIAN_POINT('',(95.,13.186851380374,238.2272646457));
#879 = CARTESIAN_POINT('',(95.,13.413709053535,238.0881283664));
#880 = CARTESIAN_POINT('',(95.,13.768459289421,237.897444777));
#881 = CARTESIAN_POINT('',(95.,13.891131595902,237.83608844895));
#882 = CARTESIAN_POINT('',(95.,14.015615566537,237.7784556278));
#883 = CARTESIAN_POINT('',(95.,14.141811601446,237.72470486374));
#884 = CARTESIAN_POINT('',(95.,14.2696012617,237.67498829041));
#885 = CARTESIAN_POINT('',(95.,14.655618423117,237.53896711654));
#886 = CARTESIAN_POINT('',(95.,14.918179960433,237.46494874449));
#887 = CARTESIAN_POINT('',(95.,15.185353918423,237.40853553765));
#888 = CARTESIAN_POINT('',(95.,15.455783328083,237.37058973739));
#889 = CARTESIAN_POINT('',(95.,15.727920083686,237.35162386614));
#890 = CARTESIAN_POINT('',(95.,16.187461905873,237.35162383376));
#891 = CARTESIAN_POINT('',(95.,16.374933396774,237.3606273906));
#892 = CARTESIAN_POINT('',(95.,16.561858695819,237.37863528982));
#893 = CARTESIAN_POINT('',(95.,16.747715936547,237.4055383118));
#894 = CARTESIAN_POINT('',(95.,16.932015897219,237.44113163076));
#895 = CARTESIAN_POINT('',(95.,17.329758487771,237.53713325395));
#896 = CARTESIAN_POINT('',(95.,17.542421855203,237.60088447412));
#897 = CARTESIAN_POINT('',(95.,17.751543459899,237.67591182105));
#898 = CARTESIAN_POINT('',(95.,17.956526926152,237.76161570175));
#899 = CARTESIAN_POINT('',(95.,18.156905121719,237.85732676266));
#900 = CARTESIAN_POINT('',(95.,18.586290946464,238.0881283664));
#901 = CARTESIAN_POINT('',(95.,18.813148619624,238.22726464569));
#902 = CARTESIAN_POINT('',(95.,19.032305786326,238.37861178129));
#903 = CARTESIAN_POINT('',(95.,19.243407332032,238.54100493079));
#904 = CARTESIAN_POINT('',(95.,19.446276502534,238.71334950133));
#905 = CARTESIAN_POINT('',(95.,19.894152987413,239.13074822146));
#906 = CARTESIAN_POINT('',(95.,20.133371986754,239.38201486107));
#907 = CARTESIAN_POINT('',(95.,20.358449783248,239.6464066448));
#908 = CARTESIAN_POINT('',(95.,20.569513908638,239.92208095422));
#909 = CARTESIAN_POINT('',(95.,20.766828441193,240.20748883449));
#910 = CARTESIAN_POINT('',(95.,21.096500598307,240.73440364514));
#911 = CARTESIAN_POINT('',(95.,21.233827461766,240.97271589589));
#912 = CARTESIAN_POINT('',(95.,21.362874117367,241.21573829219));
#913 = CARTESIAN_POINT('',(95.,21.483798168683,241.46292095023));
#914 = CARTESIAN_POINT('',(95.,21.596754355431,241.71378610614));
#915 = CARTESIAN_POINT('',(95.,21.786855147105,242.17329308989));
#916 = CARTESIAN_POINT('',(95.,21.866709653413,242.38079270431));
#917 = CARTESIAN_POINT('',(95.,21.941535720574,242.59020971032));
#918 = CARTESIAN_POINT('',(95.,22.01140466596,242.80134505654));
#919 = CARTESIAN_POINT('',(95.,22.076381476136,243.01401788899));
#920 = CARTESIAN_POINT('',(95.,22.292729470468,243.78399172964));
#921 = CARTESIAN_POINT('',(95.,22.416303356456,244.34909158304));
#922 = CARTESIAN_POINT('',(95.,22.508338256317,244.92066793168));
#923 = CARTESIAN_POINT('',(95.,22.569439872954,245.49632742421));
#924 = CARTESIAN_POINT('',(95.,22.60000007323,246.07393286108));
#925 = CARTESIAN_POINT('',(95.,22.600000073231,247.22931492125));
#926 = CARTESIAN_POINT('',(95.,22.569439872953,247.80692035812));
#927 = CARTESIAN_POINT('',(95.,22.508338256319,248.38257985065));
#928 = CARTESIAN_POINT('',(95.,22.416303356456,248.95415619928));
#929 = CARTESIAN_POINT('',(95.,22.292729470468,249.51925605269));
#930 = CARTESIAN_POINT('',(95.,22.076381476136,250.28922989334));
#931 = CARTESIAN_POINT('',(95.,22.01140466596,250.50190272579));
#932 = CARTESIAN_POINT('',(95.,21.941535720575,250.713038072));
#933 = CARTESIAN_POINT('',(95.,21.866709653414,250.92245507802));
#934 = CARTESIAN_POINT('',(95.,21.786855147106,251.12995469243));
#935 = CARTESIAN_POINT('',(95.,21.596754355432,251.58946167618));
#936 = CARTESIAN_POINT('',(95.,21.483798168684,251.84032683209));
#937 = CARTESIAN_POINT('',(95.,21.362874117368,252.08750949014));
#938 = CARTESIAN_POINT('',(95.,21.233827461767,252.33053188644));
#939 = CARTESIAN_POINT('',(95.,21.096500598308,252.56884413719));
#940 = CARTESIAN_POINT('',(95.,20.766828441194,253.09575894784));
#941 = CARTESIAN_POINT('',(95.,20.569513908639,253.3811668281));
#942 = CARTESIAN_POINT('',(95.,20.358449783249,253.65684113753));
#943 = CARTESIAN_POINT('',(95.,20.133371986756,253.92123292125));
#944 = CARTESIAN_POINT('',(95.,19.894152987414,254.17249956086));
#945 = CARTESIAN_POINT('',(95.,19.446276502536,254.589898281));
#946 = CARTESIAN_POINT('',(95.,19.243407332033,254.76224285154));
#947 = CARTESIAN_POINT('',(95.,19.032305786327,254.92463600104));
#948 = CARTESIAN_POINT('',(95.,18.813148619626,255.07598313663));
#949 = CARTESIAN_POINT('',(95.,18.586290946465,255.21511941593));
#950 = CARTESIAN_POINT('',(95.,17.991644577638,255.53475043209));
#951 = CARTESIAN_POINT('',(95.,17.613850865277,255.69696324135));
#952 = CARTESIAN_POINT('',(95.,17.22151036697,255.82294975116));
#953 = CARTESIAN_POINT('',(95.,16.818264226224,255.90877363171));
#954 = CARTESIAN_POINT('',(95.,16.408953508262,255.95162445133));
#955 = CARTESIAN_POINT('',(95.,16.,255.95162389116));
#956 = FACE_BOUND('',#957,.T.);
#957 = EDGE_LOOP('',(#958));
#958 = ORIENTED_EDGE('',*,*,#959,.F.);
#959 = EDGE_CURVE('',#960,#960,#962,.T.);
#960 = VERTEX_POINT('',#961);
#961 = CARTESIAN_POINT('',(95.,29.,235.8));
#962 = CIRCLE('',#963,2.2);
#963 = AXIS2_PLACEMENT_3D('',#964,#965,#966);
#964 = CARTESIAN_POINT('',(95.,29.,238.));
#965 = DIRECTION('',(1.,-0.,0.));
#966 = DIRECTION('',(0.,0.,-1.));
#967 = PLANE('',#968);
#968 = AXIS2_PLACEMENT_3D('',#969,#970,#971);
#969 = CARTESIAN_POINT('',(95.,-3.72E-15,249.15964869749));
#970 = DIRECTION('',(1.,0.,0.));
#971 = DIRECTION('',(0.,0.,-1.));
#972 = ADVANCED_FACE('',(#973),#998,.T.);
#973 = FACE_BOUND('',#974,.T.);
#974 = EDGE_LOOP('',(#975,#983,#991,#997));
#975 = ORIENTED_EDGE('',*,*,#976,.T.);
#976 = EDGE_CURVE('',#22,#977,#979,.T.);
#977 = VERTEX_POINT('',#978);
#978 = CARTESIAN_POINT('',(92.8,39.248807067803,233.3));
#979 = LINE('',#980,#981);
#980 = CARTESIAN_POINT('',(95.,39.248807067803,233.3));
#981 = VECTOR('',#982,1.);
#982 = DIRECTION('',(-1.,0.,0.));
#983 = ORIENTED_EDGE('',*,*,#984,.T.);
#984 = EDGE_CURVE('',#977,#985,#987,.T.);
#985 = VERTEX_POINT('',#986);
#986 = CARTESIAN_POINT('',(92.8,39.077556126518,236.21743153903));
#987 = LINE('',#988,#989);
#988 = CARTESIAN_POINT('',(92.8,39.264341790831,233.03535041282));
#989 = VECTOR('',#990,1.);
#990 = DIRECTION('',(0.,-5.859834868305E-02,0.998281640386));
#991 = ORIENTED_EDGE('',*,*,#992,.F.);
#992 = EDGE_CURVE('',#24,#985,#993,.T.);
#993 = LINE('',#994,#995);
#994 = CARTESIAN_POINT('',(95.,39.077556126518,236.21743153903));
#995 = VECTOR('',#996,1.);
#996 = DIRECTION('',(-1.,0.,0.));
#997 = ORIENTED_EDGE('',*,*,#21,.F.);
#998 = PLANE('',#999);
#999 = AXIS2_PLACEMENT_3D('',#1000,#1001,#1002);
#1000 = CARTESIAN_POINT('',(95.,39.248807067803,233.3));
#1001 = DIRECTION('',(0.,0.998281640386,5.859834868305E-02));
#1002 = DIRECTION('',(0.,-5.859834868305E-02,0.998281640386));
#1003 = ADVANCED_FACE('',(#1004),#1022,.F.);
#1004 = FACE_BOUND('',#1005,.F.);
#1005 = EDGE_LOOP('',(#1006,#1007,#1015,#1021));
#1006 = ORIENTED_EDGE('',*,*,#976,.T.);
#1007 = ORIENTED_EDGE('',*,*,#1008,.T.);
#1008 = EDGE_CURVE('',#977,#1009,#1011,.T.);
#1009 = VERTEX_POINT('',#1010);
#1010 = CARTESIAN_POINT('',(92.8,-39.2488070678,233.3));
#1011 = LINE('',#1012,#1013);
#1012 = CARTESIAN_POINT('',(92.8,39.513912200928,233.3));
#1013 = VECTOR('',#1014,1.);
#1014 = DIRECTION('',(0.,-1.,0.));
#1015 = ORIENTED_EDGE('',*,*,#1016,.F.);
#1016 = EDGE_CURVE('',#560,#1009,#1017,.T.);
#1017 = LINE('',#1018,#1019);
#1018 = CARTESIAN_POINT('',(95.,-39.2488070678,233.3));
#1019 = VECTOR('',#1020,1.);
#1020 = DIRECTION('',(-1.,0.,0.));
#1021 = ORIENTED_EDGE('',*,*,#567,.F.);
#1022 = PLANE('',#1023);
#1023 = AXIS2_PLACEMENT_3D('',#1024,#1025,#1026);
#1024 = CARTESIAN_POINT('',(95.,39.248807067803,233.3));
#1025 = DIRECTION('',(0.,0.,1.));
#1026 = DIRECTION('',(0.,-1.,0.));
#1027 = ADVANCED_FACE('',(#1028),#1046,.T.);
#1028 = FACE_BOUND('',#1029,.T.);
#1029 = EDGE_LOOP('',(#1030,#1031,#1039,#1045));
#1030 = ORIENTED_EDGE('',*,*,#992,.T.);
#1031 = ORIENTED_EDGE('',*,*,#1032,.T.);
#1032 = EDGE_CURVE('',#985,#1033,#1035,.T.);
#1033 = VERTEX_POINT('',#1034);
#1034 = CARTESIAN_POINT('',(92.8,38.852162841475,239.22061831018));
#1035 = LINE('',#1036,#1037);
#1036 = CARTESIAN_POINT('',(92.8,39.07770842169,236.21540232665));
#1037 = VECTOR('',#1038,1.);
#1038 = DIRECTION('',(0.,-7.484088869857E-02,0.997195488046));
#1039 = ORIENTED_EDGE('',*,*,#1040,.F.);
#1040 = EDGE_CURVE('',#32,#1033,#1041,.T.);
#1041 = LINE('',#1042,#1043);
#1042 = CARTESIAN_POINT('',(95.,38.852162841475,239.22061831018));
#1043 = VECTOR('',#1044,1.);
#1044 = DIRECTION('',(-1.,0.,0.));
#1045 = ORIENTED_EDGE('',*,*,#31,.F.);
#1046 = PLANE('',#1047);
#1047 = AXIS2_PLACEMENT_3D('',#1048,#1049,#1050);
#1048 = CARTESIAN_POINT('',(95.,39.077556126518,236.21743153903));
#1049 = DIRECTION('',(0.,0.997195488046,7.484088869857E-02));
#1050 = DIRECTION('',(0.,-7.484088869857E-02,0.997195488046));
#1051 = ADVANCED_FACE('',(#1052),#1070,.T.);
#1052 = FACE_BOUND('',#1053,.T.);
#1053 = EDGE_LOOP('',(#1054,#1062,#1068,#1069));
#1054 = ORIENTED_EDGE('',*,*,#1055,.T.);
#1055 = EDGE_CURVE('',#552,#1056,#1058,.T.);
#1056 = VERTEX_POINT('',#1057);
#1057 = CARTESIAN_POINT('',(92.8,-39.07755612651,236.21743153903));
#1058 = LINE('',#1059,#1060);
#1059 = CARTESIAN_POINT('',(95.,-39.07755612651,236.21743153903));
#1060 = VECTOR('',#1061,1.);
#1061 = DIRECTION('',(-1.,0.,0.));
#1062 = ORIENTED_EDGE('',*,*,#1063,.T.);
#1063 = EDGE_CURVE('',#1056,#1009,#1064,.T.);
#1064 = LINE('',#1065,#1066);
#1065 = CARTESIAN_POINT('',(92.8,-39.0774368836,236.21946296165));
#1066 = VECTOR('',#1067,1.);
#1067 = DIRECTION('',(0.,-5.859834868305E-02,-0.998281640386));
#1068 = ORIENTED_EDGE('',*,*,#1016,.F.);
#1069 = ORIENTED_EDGE('',*,*,#559,.F.);
#1070 = PLANE('',#1071);
#1071 = AXIS2_PLACEMENT_3D('',#1072,#1073,#1074);
#1072 = CARTESIAN_POINT('',(95.,-39.07755612651,236.21743153903));
#1073 = DIRECTION('',(0.,-0.998281640386,5.859834868305E-02));
#1074 = DIRECTION('',(0.,-5.859834868305E-02,-0.998281640386));
#1075 = ADVANCED_FACE('',(#1076),#1094,.T.);
#1076 = FACE_BOUND('',#1077,.T.);
#1077 = EDGE_LOOP('',(#1078,#1079,#1087,#1093));
#1078 = ORIENTED_EDGE('',*,*,#1040,.T.);
#1079 = ORIENTED_EDGE('',*,*,#1080,.T.);
#1080 = EDGE_CURVE('',#1033,#1081,#1083,.T.);
#1081 = VERTEX_POINT('',#1082);
#1082 = CARTESIAN_POINT('',(92.8,38.589489451297,242.04667525216));
#1083 = LINE('',#1084,#1085);
#1084 = CARTESIAN_POINT('',(92.8,38.852368416264,239.21840656708));
#1085 = VECTOR('',#1086,1.);
#1086 = DIRECTION('',(0.,-9.254804806448E-02,0.995708219711));
#1087 = ORIENTED_EDGE('',*,*,#1088,.F.);
#1088 = EDGE_CURVE('',#40,#1081,#1089,.T.);
#1089 = LINE('',#1090,#1091);
#1090 = CARTESIAN_POINT('',(95.,38.589489451297,242.04667525216));
#1091 = VECTOR('',#1092,1.);
#1092 = DIRECTION('',(-1.,0.,0.));
#1093 = ORIENTED_EDGE('',*,*,#39,.F.);
#1094 = PLANE('',#1095);
#1095 = AXIS2_PLACEMENT_3D('',#1096,#1097,#1098);
#1096 = CARTESIAN_POINT('',(95.,38.852162841475,239.22061831018));
#1097 = DIRECTION('',(0.,0.995708219711,9.254804806448E-02));
#1098 = DIRECTION('',(0.,-9.254804806448E-02,0.995708219711));
#1099 = ADVANCED_FACE('',(#1100),#1118,.T.);
#1100 = FACE_BOUND('',#1101,.T.);
#1101 = EDGE_LOOP('',(#1102,#1110,#1116,#1117));
#1102 = ORIENTED_EDGE('',*,*,#1103,.T.);
#1103 = EDGE_CURVE('',#544,#1104,#1106,.T.);
#1104 = VERTEX_POINT('',#1105);
#1105 = CARTESIAN_POINT('',(92.8,-38.85216284147,239.22061831018));
#1106 = LINE('',#1107,#1108);
#1107 = CARTESIAN_POINT('',(95.,-38.85216284147,239.22061831018));
#1108 = VECTOR('',#1109,1.);
#1109 = DIRECTION('',(-1.,0.,0.));
#1110 = ORIENTED_EDGE('',*,*,#1111,.T.);
#1111 = EDGE_CURVE('',#1104,#1056,#1112,.T.);
#1112 = LINE('',#1113,#1114);
#1113 = CARTESIAN_POINT('',(92.8,-38.85199659918,239.22283335692));
#1114 = VECTOR('',#1115,1.);
#1115 = DIRECTION('',(0.,-7.484088869857E-02,-0.997195488046));
#1116 = ORIENTED_EDGE('',*,*,#1055,.F.);
#1117 = ORIENTED_EDGE('',*,*,#551,.F.);
#1118 = PLANE('',#1119);
#1119 = AXIS2_PLACEMENT_3D('',#1120,#1121,#1122);
#1120 = CARTESIAN_POINT('',(95.,-38.85216284147,239.22061831018));
#1121 = DIRECTION('',(0.,-0.997195488046,7.484088869857E-02));
#1122 = DIRECTION('',(0.,-7.484088869857E-02,-0.997195488046));
#1123 = ADVANCED_FACE('',(#1124),#1142,.T.);
#1124 = FACE_BOUND('',#1125,.T.);
#1125 = EDGE_LOOP('',(#1126,#1127,#1135,#1141));
#1126 = ORIENTED_EDGE('',*,*,#1088,.T.);
#1127 = ORIENTED_EDGE('',*,*,#1128,.T.);
#1128 = EDGE_CURVE('',#1081,#1129,#1131,.T.);
#1129 = VERTEX_POINT('',#1130);
#1130 = CARTESIAN_POINT('',(92.8,38.281367662788,244.68995033261));
#1131 = LINE('',#1132,#1133);
#1132 = CARTESIAN_POINT('',(92.8,38.589827611473,242.04377428768));
#1133 = VECTOR('',#1134,1.);
#1134 = DIRECTION('',(0.,-0.115784196926,0.993274392976));
#1135 = ORIENTED_EDGE('',*,*,#1136,.F.);
#1136 = EDGE_CURVE('',#48,#1129,#1137,.T.);
#1137 = LINE('',#1138,#1139);
#1138 = CARTESIAN_POINT('',(95.,38.281367662788,244.68995033261));
#1139 = VECTOR('',#1140,1.);
#1140 = DIRECTION('',(-1.,0.,0.));
#1141 = ORIENTED_EDGE('',*,*,#47,.F.);
#1142 = PLANE('',#1143);
#1143 = AXIS2_PLACEMENT_3D('',#1144,#1145,#1146);
#1144 = CARTESIAN_POINT('',(95.,38.589489451297,242.04667525216));
#1145 = DIRECTION('',(0.,0.993274392976,0.115784196926));
#1146 = DIRECTION('',(0.,-0.115784196926,0.993274392976));
#1147 = ADVANCED_FACE('',(#1148),#1166,.T.);
#1148 = FACE_BOUND('',#1149,.T.);
#1149 = EDGE_LOOP('',(#1150,#1158,#1164,#1165));
#1150 = ORIENTED_EDGE('',*,*,#1151,.T.);
#1151 = EDGE_CURVE('',#536,#1152,#1154,.T.);
#1152 = VERTEX_POINT('',#1153);
#1153 = CARTESIAN_POINT('',(92.8,-38.58948945129,242.04667525216));
#1154 = LINE('',#1155,#1156);
#1155 = CARTESIAN_POINT('',(95.,-38.58948945129,242.04667525216));
#1156 = VECTOR('',#1157,1.);
#1157 = DIRECTION('',(-1.,0.,0.));
#1158 = ORIENTED_EDGE('',*,*,#1159,.T.);
#1159 = EDGE_CURVE('',#1152,#1104,#1160,.T.);
#1160 = LINE('',#1161,#1162);
#1161 = CARTESIAN_POINT('',(92.8,-38.58921915478,242.04958332489));
#1162 = VECTOR('',#1163,1.);
#1163 = DIRECTION('',(0.,-9.254804806448E-02,-0.995708219711));
#1164 = ORIENTED_EDGE('',*,*,#1103,.F.);
#1165 = ORIENTED_EDGE('',*,*,#543,.F.);
#1166 = PLANE('',#1167);
#1167 = AXIS2_PLACEMENT_3D('',#1168,#1169,#1170);
#1168 = CARTESIAN_POINT('',(95.,-38.58948945129,242.04667525216));
#1169 = DIRECTION('',(0.,-0.995708219711,9.254804806448E-02));
#1170 = DIRECTION('',(0.,-9.254804806448E-02,-0.995708219711));
#1171 = ADVANCED_FACE('',(#1172),#1190,.T.);
#1172 = FACE_BOUND('',#1173,.T.);
#1173 = EDGE_LOOP('',(#1174,#1175,#1183,#1189));
#1174 = ORIENTED_EDGE('',*,*,#1136,.T.);
#1175 = ORIENTED_EDGE('',*,*,#1176,.T.);
#1176 = EDGE_CURVE('',#1129,#1177,#1179,.T.);
#1177 = VERTEX_POINT('',#1178);
#1178 = CARTESIAN_POINT('',(92.8,37.925786021798,247.15128852783));
#1179 = LINE('',#1180,#1181);
#1180 = CARTESIAN_POINT('',(92.8,38.281857938946,244.68655663818));
#1181 = VECTOR('',#1182,1.);
#1182 = DIRECTION('',(0.,-0.14298243163,0.989725226639));
#1183 = ORIENTED_EDGE('',*,*,#1184,.F.);
#1184 = EDGE_CURVE('',#56,#1177,#1185,.T.);
#1185 = LINE('',#1186,#1187);
#1186 = CARTESIAN_POINT('',(95.,37.925786021798,247.15128852783));
#1187 = VECTOR('',#1188,1.);
#1188 = DIRECTION('',(-1.,0.,0.));
#1189 = ORIENTED_EDGE('',*,*,#55,.F.);
#1190 = PLANE('',#1191);
#1191 = AXIS2_PLACEMENT_3D('',#1192,#1193,#1194);
#1192 = CARTESIAN_POINT('',(95.,38.281367662788,244.68995033261));
#1193 = DIRECTION('',(0.,0.989725226639,0.14298243163));
#1194 = DIRECTION('',(0.,-0.14298243163,0.989725226639));
#1195 = ADVANCED_FACE('',(#1196),#1214,.F.);
#1196 = FACE_BOUND('',#1197,.F.);
#1197 = EDGE_LOOP('',(#1198,#1199,#1207,#1213));
#1198 = ORIENTED_EDGE('',*,*,#1151,.T.);
#1199 = ORIENTED_EDGE('',*,*,#1200,.T.);
#1200 = EDGE_CURVE('',#1152,#1201,#1203,.T.);
#1201 = VERTEX_POINT('',#1202);
#1202 = CARTESIAN_POINT('',(92.8,-38.28136766278,244.68995033261));
#1203 = LINE('',#1204,#1205);
#1204 = CARTESIAN_POINT('',(92.8,-38.58982761147,242.04377428768));
#1205 = VECTOR('',#1206,1.);
#1206 = DIRECTION('',(0.,0.115784196926,0.993274392976));
#1207 = ORIENTED_EDGE('',*,*,#1208,.F.);
#1208 = EDGE_CURVE('',#528,#1201,#1209,.T.);
#1209 = LINE('',#1210,#1211);
#1210 = CARTESIAN_POINT('',(95.,-38.28136766278,244.68995033261));
#1211 = VECTOR('',#1212,1.);
#1212 = DIRECTION('',(-1.,0.,0.));
#1213 = ORIENTED_EDGE('',*,*,#535,.F.);
#1214 = PLANE('',#1215);
#1215 = AXIS2_PLACEMENT_3D('',#1216,#1217,#1218);
#1216 = CARTESIAN_POINT('',(95.,-38.58948945129,242.04667525216));
#1217 = DIRECTION('',(0.,0.993274392976,-0.115784196926));
#1218 = DIRECTION('',(0.,0.115784196926,0.993274392976));
#1219 = ADVANCED_FACE('',(#1220),#1238,.T.);
#1220 = FACE_BOUND('',#1221,.T.);
#1221 = EDGE_LOOP('',(#1222,#1223,#1231,#1237));
#1222 = ORIENTED_EDGE('',*,*,#1184,.T.);
#1223 = ORIENTED_EDGE('',*,*,#1224,.T.);
#1224 = EDGE_CURVE('',#1177,#1225,#1227,.T.);
#1225 = VERTEX_POINT('',#1226);
#1226 = CARTESIAN_POINT('',(92.8,37.50919116456,249.45816702278));
#1227 = LINE('',#1228,#1229);
#1228 = CARTESIAN_POINT('',(92.8,37.926567784219,247.14695954756));
#1229 = VECTOR('',#1230,1.);
#1230 = DIRECTION('',(0.,-0.177713567546,0.984082256679));
#1231 = ORIENTED_EDGE('',*,*,#1232,.F.);
#1232 = EDGE_CURVE('',#64,#1225,#1233,.T.);
#1233 = LINE('',#1234,#1235);
#1234 = CARTESIAN_POINT('',(95.,37.50919116456,249.45816702278));
#1235 = VECTOR('',#1236,1.);
#1236 = DIRECTION('',(-1.,0.,0.));
#1237 = ORIENTED_EDGE('',*,*,#63,.F.);
#1238 = PLANE('',#1239);
#1239 = AXIS2_PLACEMENT_3D('',#1240,#1241,#1242);
#1240 = CARTESIAN_POINT('',(95.,37.925786021798,247.15128852783));
#1241 = DIRECTION('',(0.,0.984082256679,0.177713567546));
#1242 = DIRECTION('',(0.,-0.177713567546,0.984082256679));
#1243 = ADVANCED_FACE('',(#1244),#1262,.F.);
#1244 = FACE_BOUND('',#1245,.F.);
#1245 = EDGE_LOOP('',(#1246,#1247,#1255,#1261));
#1246 = ORIENTED_EDGE('',*,*,#1208,.T.);
#1247 = ORIENTED_EDGE('',*,*,#1248,.T.);
#1248 = EDGE_CURVE('',#1201,#1249,#1251,.T.);
#1249 = VERTEX_POINT('',#1250);
#1250 = CARTESIAN_POINT('',(92.8,-37.92578602179,247.15128852783));
#1251 = LINE('',#1252,#1253);
#1252 = CARTESIAN_POINT('',(92.8,-38.28185793894,244.68655663818));
#1253 = VECTOR('',#1254,1.);
#1254 = DIRECTION('',(0.,0.14298243163,0.989725226639));
#1255 = ORIENTED_EDGE('',*,*,#1256,.F.);
#1256 = EDGE_CURVE('',#520,#1249,#1257,.T.);
#1257 = LINE('',#1258,#1259);
#1258 = CARTESIAN_POINT('',(95.,-37.92578602179,247.15128852783));
#1259 = VECTOR('',#1260,1.);
#1260 = DIRECTION('',(-1.,0.,0.));
#1261 = ORIENTED_EDGE('',*,*,#527,.F.);
#1262 = PLANE('',#1263);
#1263 = AXIS2_PLACEMENT_3D('',#1264,#1265,#1266);
#1264 = CARTESIAN_POINT('',(95.,-38.28136766278,244.68995033261));
#1265 = DIRECTION('',(0.,0.989725226639,-0.14298243163));
#1266 = DIRECTION('',(0.,0.14298243163,0.989725226639));
#1267 = ADVANCED_FACE('',(#1268),#1286,.T.);
#1268 = FACE_BOUND('',#1269,.T.);
#1269 = EDGE_LOOP('',(#1270,#1271,#1279,#1285));
#1270 = ORIENTED_EDGE('',*,*,#1232,.T.);
#1271 = ORIENTED_EDGE('',*,*,#1272,.T.);
#1272 = EDGE_CURVE('',#1225,#1273,#1275,.T.);
#1273 = VERTEX_POINT('',#1274);
#1274 = CARTESIAN_POINT('',(92.8,37.018310347743,251.62628371204));
#1275 = LINE('',#1276,#1277);
#1276 = CARTESIAN_POINT('',(92.8,37.510405661563,249.45280284652));
#1277 = VECTOR('',#1278,1.);
#1278 = DIRECTION('',(0.,-0.220819863889,0.975314609607));
#1279 = ORIENTED_EDGE('',*,*,#1280,.F.);
#1280 = EDGE_CURVE('',#72,#1273,#1281,.T.);
#1281 = LINE('',#1282,#1283);
#1282 = CARTESIAN_POINT('',(95.,37.018310347743,251.62628371204));
#1283 = VECTOR('',#1284,1.);
#1284 = DIRECTION('',(-1.,0.,0.));
#1285 = ORIENTED_EDGE('',*,*,#71,.F.);
#1286 = PLANE('',#1287);
#1287 = AXIS2_PLACEMENT_3D('',#1288,#1289,#1290);
#1288 = CARTESIAN_POINT('',(95.,37.50919116456,249.45816702278));
#1289 = DIRECTION('',(0.,0.975314609607,0.220819863889));
#1290 = DIRECTION('',(0.,-0.220819863889,0.975314609607));
#1291 = ADVANCED_FACE('',(#1292),#1310,.F.);
#1292 = FACE_BOUND('',#1293,.F.);
#1293 = EDGE_LOOP('',(#1294,#1295,#1303,#1309));
#1294 = ORIENTED_EDGE('',*,*,#1256,.T.);
#1295 = ORIENTED_EDGE('',*,*,#1296,.T.);
#1296 = EDGE_CURVE('',#1249,#1297,#1299,.T.);
#1297 = VERTEX_POINT('',#1298);
#1298 = CARTESIAN_POINT('',(92.8,-37.50919116456,249.45816702278));
#1299 = LINE('',#1300,#1301);
#1300 = CARTESIAN_POINT('',(92.8,-37.92656778421,247.14695954756));
#1301 = VECTOR('',#1302,1.);
#1302 = DIRECTION('',(0.,0.177713567546,0.984082256679));
#1303 = ORIENTED_EDGE('',*,*,#1304,.F.);
#1304 = EDGE_CURVE('',#512,#1297,#1305,.T.);
#1305 = LINE('',#1306,#1307);
#1306 = CARTESIAN_POINT('',(95.,-37.50919116456,249.45816702278));
#1307 = VECTOR('',#1308,1.);
#1308 = DIRECTION('',(-1.,0.,0.));
#1309 = ORIENTED_EDGE('',*,*,#519,.F.);
#1310 = PLANE('',#1311);
#1311 = AXIS2_PLACEMENT_3D('',#1312,#1313,#1314);
#1312 = CARTESIAN_POINT('',(95.,-37.92578602179,247.15128852783));
#1313 = DIRECTION('',(0.,0.984082256679,-0.177713567546));
#1314 = DIRECTION('',(0.,0.177713567546,0.984082256679));
#1315 = ADVANCED_FACE('',(#1316),#1334,.T.);
#1316 = FACE_BOUND('',#1317,.T.);
#1317 = EDGE_LOOP('',(#1318,#1319,#1327,#1333));
#1318 = ORIENTED_EDGE('',*,*,#1280,.T.);
#1319 = ORIENTED_EDGE('',*,*,#1320,.T.);
#1320 = EDGE_CURVE('',#1273,#1321,#1323,.T.);
#1321 = VERTEX_POINT('',#1322);
#1322 = CARTESIAN_POINT('',(92.8,36.42601455362,253.70319781506));
#1323 = LINE('',#1324,#1325);
#1324 = CARTESIAN_POINT('',(92.8,37.020201458325,251.61965244051));
#1325 = VECTOR('',#1326,1.);
#1326 = DIRECTION('',(0.,-0.274246683263,0.961659376661));
#1327 = ORIENTED_EDGE('',*,*,#1328,.F.);
#1328 = EDGE_CURVE('',#80,#1321,#1329,.T.);
#1329 = LINE('',#1330,#1331);
#1330 = CARTESIAN_POINT('',(95.,36.42601455362,253.70319781506));
#1331 = VECTOR('',#1332,1.);
#1332 = DIRECTION('',(-1.,0.,0.));
#1333 = ORIENTED_EDGE('',*,*,#79,.F.);
#1334 = PLANE('',#1335);
#1335 = AXIS2_PLACEMENT_3D('',#1336,#1337,#1338);
#1336 = CARTESIAN_POINT('',(95.,37.018310347743,251.62628371204));
#1337 = DIRECTION('',(0.,0.961659376661,0.274246683263));
#1338 = DIRECTION('',(0.,-0.274246683263,0.961659376661));
#1339 = ADVANCED_FACE('',(#1340),#1358,.F.);
#1340 = FACE_BOUND('',#1341,.F.);
#1341 = EDGE_LOOP('',(#1342,#1343,#1351,#1357));
#1342 = ORIENTED_EDGE('',*,*,#1304,.T.);
#1343 = ORIENTED_EDGE('',*,*,#1344,.T.);
#1344 = EDGE_CURVE('',#1297,#1345,#1347,.T.);
#1345 = VERTEX_POINT('',#1346);
#1346 = CARTESIAN_POINT('',(92.8,-37.01831034774,251.62628371204));
#1347 = LINE('',#1348,#1349);
#1348 = CARTESIAN_POINT('',(92.8,-37.51040566156,249.45280284652));
#1349 = VECTOR('',#1350,1.);
#1350 = DIRECTION('',(0.,0.220819863889,0.975314609607));
#1351 = ORIENTED_EDGE('',*,*,#1352,.F.);
#1352 = EDGE_CURVE('',#504,#1345,#1353,.T.);
#1353 = LINE('',#1354,#1355);
#1354 = CARTESIAN_POINT('',(95.,-37.01831034774,251.62628371204));
#1355 = VECTOR('',#1356,1.);
#1356 = DIRECTION('',(-1.,0.,0.));
#1357 = ORIENTED_EDGE('',*,*,#511,.F.);
#1358 = PLANE('',#1359);
#1359 = AXIS2_PLACEMENT_3D('',#1360,#1361,#1362);
#1360 = CARTESIAN_POINT('',(95.,-37.50919116456,249.45816702278));
#1361 = DIRECTION('',(0.,0.975314609607,-0.220819863889));
#1362 = DIRECTION('',(0.,0.220819863889,0.975314609607));
#1363 = ADVANCED_FACE('',(#1364),#1382,.T.);
#1364 = FACE_BOUND('',#1365,.T.);
#1365 = EDGE_LOOP('',(#1366,#1367,#1375,#1381));
#1366 = ORIENTED_EDGE('',*,*,#1328,.T.);
#1367 = ORIENTED_EDGE('',*,*,#1368,.T.);
#1368 = EDGE_CURVE('',#1321,#1369,#1371,.T.);
#1369 = VERTEX_POINT('',#1370);
#1370 = CARTESIAN_POINT('',(92.8,35.696925610874,255.68045577993));
#1371 = LINE('',#1372,#1373);
#1372 = CARTESIAN_POINT('',(92.8,36.429279547468,253.69434329168));
#1373 = VECTOR('',#1374,1.);
#1374 = DIRECTION('',(0.,-0.345966677017,0.938246800364));
#1375 = ORIENTED_EDGE('',*,*,#1376,.F.);
#1376 = EDGE_CURVE('',#88,#1369,#1377,.T.);
#1377 = LINE('',#1378,#1379);
#1378 = CARTESIAN_POINT('',(95.,35.696925610874,255.68045577993));
#1379 = VECTOR('',#1380,1.);
#1380 = DIRECTION('',(-1.,0.,0.));
#1381 = ORIENTED_EDGE('',*,*,#87,.F.);
#1382 = PLANE('',#1383);
#1383 = AXIS2_PLACEMENT_3D('',#1384,#1385,#1386);
#1384 = CARTESIAN_POINT('',(95.,36.42601455362,253.70319781506));
#1385 = DIRECTION('',(0.,0.938246800364,0.345966677017));
#1386 = DIRECTION('',(0.,-0.345966677017,0.938246800364));
#1387 = ADVANCED_FACE('',(#1388),#1406,.F.);
#1388 = FACE_BOUND('',#1389,.F.);
#1389 = EDGE_LOOP('',(#1390,#1391,#1399,#1405));
#1390 = ORIENTED_EDGE('',*,*,#1352,.T.);
#1391 = ORIENTED_EDGE('',*,*,#1392,.T.);
#1392 = EDGE_CURVE('',#1345,#1393,#1395,.T.);
#1393 = VERTEX_POINT('',#1394);
#1394 = CARTESIAN_POINT('',(92.8,-36.42601455362,253.70319781506));
#1395 = LINE('',#1396,#1397);
#1396 = CARTESIAN_POINT('',(92.8,-37.02020145832,251.61965244051));
#1397 = VECTOR('',#1398,1.);
#1398 = DIRECTION('',(0.,0.274246683263,0.961659376661));
#1399 = ORIENTED_EDGE('',*,*,#1400,.F.);
#1400 = EDGE_CURVE('',#496,#1393,#1401,.T.);
#1401 = LINE('',#1402,#1403);
#1402 = CARTESIAN_POINT('',(95.,-36.42601455362,253.70319781506));
#1403 = VECTOR('',#1404,1.);
#1404 = DIRECTION('',(-1.,0.,0.));
#1405 = ORIENTED_EDGE('',*,*,#503,.F.);
#1406 = PLANE('',#1407);
#1407 = AXIS2_PLACEMENT_3D('',#1408,#1409,#1410);
#1408 = CARTESIAN_POINT('',(95.,-37.01831034774,251.62628371204));
#1409 = DIRECTION('',(0.,0.961659376661,-0.274246683263));
#1410 = DIRECTION('',(0.,0.274246683263,0.961659376661));
#1411 = ADVANCED_FACE('',(#1412),#1430,.T.);
#1412 = FACE_BOUND('',#1413,.T.);
#1413 = EDGE_LOOP('',(#1414,#1415,#1423,#1429));
#1414 = ORIENTED_EDGE('',*,*,#1376,.T.);
#1415 = ORIENTED_EDGE('',*,*,#1416,.T.);
#1416 = EDGE_CURVE('',#1369,#1417,#1419,.T.);
#1417 = VERTEX_POINT('',#1418);
#1418 = CARTESIAN_POINT('',(92.8,34.802148470226,257.5638614237));
#1419 = LINE('',#1420,#1421);
#1420 = CARTESIAN_POINT('',(92.8,35.701769821086,255.67025926011));
#1421 = VECTOR('',#1422,1.);
#1422 = DIRECTION('',(0.,-0.429119209557,0.903247864093));
#1423 = ORIENTED_EDGE('',*,*,#1424,.F.);
#1424 = EDGE_CURVE('',#96,#1417,#1425,.T.);
#1425 = LINE('',#1426,#1427);
#1426 = CARTESIAN_POINT('',(95.,34.802148470226,257.5638614237));
#1427 = VECTOR('',#1428,1.);
#1428 = DIRECTION('',(-1.,0.,0.));
#1429 = ORIENTED_EDGE('',*,*,#95,.F.);
#1430 = PLANE('',#1431);
#1431 = AXIS2_PLACEMENT_3D('',#1432,#1433,#1434);
#1432 = CARTESIAN_POINT('',(95.,35.696925610874,255.68045577993));
#1433 = DIRECTION('',(0.,0.903247864093,0.429119209557));
#1434 = DIRECTION('',(0.,-0.429119209557,0.903247864093));
#1435 = ADVANCED_FACE('',(#1436),#1454,.F.);
#1436 = FACE_BOUND('',#1437,.F.);
#1437 = EDGE_LOOP('',(#1438,#1439,#1447,#1453));
#1438 = ORIENTED_EDGE('',*,*,#1400,.T.);
#1439 = ORIENTED_EDGE('',*,*,#1440,.T.);
#1440 = EDGE_CURVE('',#1393,#1441,#1443,.T.);
#1441 = VERTEX_POINT('',#1442);
#1442 = CARTESIAN_POINT('',(92.8,-35.69692561087,255.68045577993));
#1443 = LINE('',#1444,#1445);
#1444 = CARTESIAN_POINT('',(92.8,-36.42927954746,253.69434329168));
#1445 = VECTOR('',#1446,1.);
#1446 = DIRECTION('',(0.,0.345966677017,0.938246800364));
#1447 = ORIENTED_EDGE('',*,*,#1448,.F.);
#1448 = EDGE_CURVE('',#488,#1441,#1449,.T.);
#1449 = LINE('',#1450,#1451);
#1450 = CARTESIAN_POINT('',(95.,-35.69692561087,255.68045577993));
#1451 = VECTOR('',#1452,1.);
#1452 = DIRECTION('',(-1.,0.,0.));
#1453 = ORIENTED_EDGE('',*,*,#495,.F.);
#1454 = PLANE('',#1455);
#1455 = AXIS2_PLACEMENT_3D('',#1456,#1457,#1458);
#1456 = CARTESIAN_POINT('',(95.,-36.42601455362,253.70319781506));
#1457 = DIRECTION('',(0.,0.938246800364,-0.345966677017));
#1458 = DIRECTION('',(0.,0.345966677017,0.938246800364));
#1459 = ADVANCED_FACE('',(#1460),#1478,.T.);
#1460 = FACE_BOUND('',#1461,.T.);
#1461 = EDGE_LOOP('',(#1462,#1463,#1471,#1477));
#1462 = ORIENTED_EDGE('',*,*,#1424,.T.);
#1463 = ORIENTED_EDGE('',*,*,#1464,.T.);
#1464 = EDGE_CURVE('',#1417,#1465,#1467,.T.);
#1465 = VERTEX_POINT('',#1466);
#1466 = CARTESIAN_POINT('',(92.8,33.710050912743,259.33693828894));
#1467 = LINE('',#1468,#1469);
#1468 = CARTESIAN_POINT('',(92.8,34.809270467933,257.55229849209));
#1469 = VECTOR('',#1470,1.);
#1470 = DIRECTION('',(0.,-0.524436402721,0.851449622409));
#1471 = ORIENTED_EDGE('',*,*,#1472,.F.);
#1472 = EDGE_CURVE('',#104,#1465,#1473,.T.);
#1473 = LINE('',#1474,#1475);
#1474 = CARTESIAN_POINT('',(95.,33.710050912743,259.33693828894));
#1475 = VECTOR('',#1476,1.);
#1476 = DIRECTION('',(-1.,0.,0.));
#1477 = ORIENTED_EDGE('',*,*,#103,.F.);
#1478 = PLANE('',#1479);
#1479 = AXIS2_PLACEMENT_3D('',#1480,#1481,#1482);
#1480 = CARTESIAN_POINT('',(95.,34.802148470226,257.5638614237));
#1481 = DIRECTION('',(0.,0.851449622409,0.524436402721));
#1482 = DIRECTION('',(0.,-0.524436402721,0.851449622409));
#1483 = ADVANCED_FACE('',(#1484),#1502,.F.);
#1484 = FACE_BOUND('',#1485,.F.);
#1485 = EDGE_LOOP('',(#1486,#1487,#1495,#1501));
#1486 = ORIENTED_EDGE('',*,*,#1448,.T.);
#1487 = ORIENTED_EDGE('',*,*,#1488,.T.);
#1488 = EDGE_CURVE('',#1441,#1489,#1491,.T.);
#1489 = VERTEX_POINT('',#1490);
#1490 = CARTESIAN_POINT('',(92.8,-34.80214847022,257.5638614237));
#1491 = LINE('',#1492,#1493);
#1492 = CARTESIAN_POINT('',(92.8,-35.70176982108,255.67025926011));
#1493 = VECTOR('',#1494,1.);
#1494 = DIRECTION('',(0.,0.429119209557,0.903247864093));
#1495 = ORIENTED_EDGE('',*,*,#1496,.F.);
#1496 = EDGE_CURVE('',#480,#1489,#1497,.T.);
#1497 = LINE('',#1498,#1499);
#1498 = CARTESIAN_POINT('',(95.,-34.80214847022,257.5638614237));
#1499 = VECTOR('',#1500,1.);
#1500 = DIRECTION('',(-1.,0.,0.));
#1501 = ORIENTED_EDGE('',*,*,#487,.F.);
#1502 = PLANE('',#1503);
#1503 = AXIS2_PLACEMENT_3D('',#1504,#1505,#1506);
#1504 = CARTESIAN_POINT('',(95.,-35.69692561087,255.68045577993));
#1505 = DIRECTION('',(0.,0.903247864093,-0.429119209557));
#1506 = DIRECTION('',(0.,0.429119209557,0.903247864093));
#1507 = ADVANCED_FACE('',(#1508),#1526,.T.);
#1508 = FACE_BOUND('',#1509,.T.);
#1509 = EDGE_LOOP('',(#1510,#1511,#1519,#1525));
#1510 = ORIENTED_EDGE('',*,*,#1472,.T.);
#1511 = ORIENTED_EDGE('',*,*,#1512,.T.);
#1512 = EDGE_CURVE('',#1465,#1513,#1515,.T.);
#1513 = VERTEX_POINT('',#1514);
#1514 = CARTESIAN_POINT('',(92.8,32.407352760113,261.0005815521));
#1515 = LINE('',#1516,#1517);
#1516 = CARTESIAN_POINT('',(92.8,33.718711316505,259.32587830367));
#1517 = VECTOR('',#1518,1.);
#1518 = DIRECTION('',(0.,-0.616518523585,0.787340402924));
#1519 = ORIENTED_EDGE('',*,*,#1520,.F.);
#1520 = EDGE_CURVE('',#112,#1513,#1521,.T.);
#1521 = LINE('',#1522,#1523);
#1522 = CARTESIAN_POINT('',(95.,32.407352760113,261.0005815521));
#1523 = VECTOR('',#1524,1.);
#1524 = DIRECTION('',(-1.,0.,0.));
#1525 = ORIENTED_EDGE('',*,*,#111,.F.);
#1526 = PLANE('',#1527);
#1527 = AXIS2_PLACEMENT_3D('',#1528,#1529,#1530);
#1528 = CARTESIAN_POINT('',(95.,33.710050912743,259.33693828894));
#1529 = DIRECTION('',(0.,0.787340402924,0.616518523585));
#1530 = DIRECTION('',(0.,-0.616518523585,0.787340402924));
#1531 = ADVANCED_FACE('',(#1532),#1550,.F.);
#1532 = FACE_BOUND('',#1533,.F.);
#1533 = EDGE_LOOP('',(#1534,#1535,#1543,#1549));
#1534 = ORIENTED_EDGE('',*,*,#1496,.T.);
#1535 = ORIENTED_EDGE('',*,*,#1536,.T.);
#1536 = EDGE_CURVE('',#1489,#1537,#1539,.T.);
#1537 = VERTEX_POINT('',#1538);
#1538 = CARTESIAN_POINT('',(92.8,-33.71005091274,259.33693828894));
#1539 = LINE('',#1540,#1541);
#1540 = CARTESIAN_POINT('',(92.8,-34.80927046793,257.55229849209));
#1541 = VECTOR('',#1542,1.);
#1542 = DIRECTION('',(0.,0.524436402721,0.851449622409));
#1543 = ORIENTED_EDGE('',*,*,#1544,.F.);
#1544 = EDGE_CURVE('',#472,#1537,#1545,.T.);
#1545 = LINE('',#1546,#1547);
#1546 = CARTESIAN_POINT('',(95.,-33.71005091274,259.33693828894));
#1547 = VECTOR('',#1548,1.);
#1548 = DIRECTION('',(-1.,0.,0.));
#1549 = ORIENTED_EDGE('',*,*,#479,.F.);
#1550 = PLANE('',#1551);
#1551 = AXIS2_PLACEMENT_3D('',#1552,#1553,#1554);
#1552 = CARTESIAN_POINT('',(95.,-34.80214847022,257.5638614237));
#1553 = DIRECTION('',(0.,0.851449622409,-0.524436402721));
#1554 = DIRECTION('',(0.,0.524436402721,0.851449622409));
#1555 = ADVANCED_FACE('',(#1556),#1574,.T.);
#1556 = FACE_BOUND('',#1557,.T.);
#1557 = EDGE_LOOP('',(#1558,#1559,#1567,#1573));
#1558 = ORIENTED_EDGE('',*,*,#1520,.T.);
#1559 = ORIENTED_EDGE('',*,*,#1560,.T.);
#1560 = EDGE_CURVE('',#1513,#1561,#1563,.T.);
#1561 = VERTEX_POINT('',#1562);
#1562 = CARTESIAN_POINT('',(92.8,31.67195704924,261.7989361986));
#1563 = LINE('',#1564,#1565);
#1564 = CARTESIAN_POINT('',(92.8,32.414136481962,260.99321706006));
#1565 = VECTOR('',#1566,1.);
#1566 = DIRECTION('',(0.,-0.677510177698,0.735513398325));
#1567 = ORIENTED_EDGE('',*,*,#1568,.F.);
#1568 = EDGE_CURVE('',#120,#1561,#1569,.T.);
#1569 = LINE('',#1570,#1571);
#1570 = CARTESIAN_POINT('',(95.,31.67195704924,261.7989361986));
#1571 = VECTOR('',#1572,1.);
#1572 = DIRECTION('',(-1.,0.,0.));
#1573 = ORIENTED_EDGE('',*,*,#119,.F.);
#1574 = PLANE('',#1575);
#1575 = AXIS2_PLACEMENT_3D('',#1576,#1577,#1578);
#1576 = CARTESIAN_POINT('',(95.,32.407352760113,261.0005815521));
#1577 = DIRECTION('',(0.,0.735513398325,0.677510177698));
#1578 = DIRECTION('',(0.,-0.677510177698,0.735513398325));
#1579 = ADVANCED_FACE('',(#1580),#1598,.F.);
#1580 = FACE_BOUND('',#1581,.F.);
#1581 = EDGE_LOOP('',(#1582,#1583,#1591,#1597));
#1582 = ORIENTED_EDGE('',*,*,#1544,.T.);
#1583 = ORIENTED_EDGE('',*,*,#1584,.T.);
#1584 = EDGE_CURVE('',#1537,#1585,#1587,.T.);
#1585 = VERTEX_POINT('',#1586);
#1586 = CARTESIAN_POINT('',(92.8,-32.40735276011,261.0005815521));
#1587 = LINE('',#1588,#1589);
#1588 = CARTESIAN_POINT('',(92.8,-33.7187113165,259.32587830367));
#1589 = VECTOR('',#1590,1.);
#1590 = DIRECTION('',(0.,0.616518523585,0.787340402924));
#1591 = ORIENTED_EDGE('',*,*,#1592,.F.);
#1592 = EDGE_CURVE('',#464,#1585,#1593,.T.);
#1593 = LINE('',#1594,#1595);
#1594 = CARTESIAN_POINT('',(95.,-32.40735276011,261.0005815521));
#1595 = VECTOR('',#1596,1.);
#1596 = DIRECTION('',(-1.,0.,0.));
#1597 = ORIENTED_EDGE('',*,*,#471,.F.);
#1598 = PLANE('',#1599);
#1599 = AXIS2_PLACEMENT_3D('',#1600,#1601,#1602);
#1600 = CARTESIAN_POINT('',(95.,-33.71005091274,259.33693828894));
#1601 = DIRECTION('',(0.,0.787340402924,-0.616518523585));
#1602 = DIRECTION('',(0.,0.616518523585,0.787340402924));
#1603 = ADVANCED_FACE('',(#1604),#1622,.T.);
#1604 = FACE_BOUND('',#1605,.T.);
#1605 = EDGE_LOOP('',(#1606,#1607,#1615,#1621));
#1606 = ORIENTED_EDGE('',*,*,#1568,.T.);
#1607 = ORIENTED_EDGE('',*,*,#1608,.T.);
#1608 = EDGE_CURVE('',#1561,#1609,#1611,.T.);
#1609 = VERTEX_POINT('',#1610);
#1610 = CARTESIAN_POINT('',(92.8,30.880678175695,262.5815570273));
#1611 = LINE('',#1612,#1613);
#1612 = CARTESIAN_POINT('',(92.8,31.676092794464,261.79484570603));
#1613 = VECTOR('',#1614,1.);
#1614 = DIRECTION('',(0.,-0.710985828194,0.703206336794));
#1615 = ORIENTED_EDGE('',*,*,#1616,.F.);
#1616 = EDGE_CURVE('',#128,#1609,#1617,.T.);
#1617 = LINE('',#1618,#1619);
#1618 = CARTESIAN_POINT('',(95.,30.880678175695,262.5815570273));
#1619 = VECTOR('',#1620,1.);
#1620 = DIRECTION('',(-1.,0.,0.));
#1621 = ORIENTED_EDGE('',*,*,#127,.F.);
#1622 = PLANE('',#1623);
#1623 = AXIS2_PLACEMENT_3D('',#1624,#1625,#1626);
#1624 = CARTESIAN_POINT('',(95.,31.67195704924,261.7989361986));
#1625 = DIRECTION('',(0.,0.703206336794,0.710985828194));
#1626 = DIRECTION('',(0.,-0.710985828194,0.703206336794));
#1627 = ADVANCED_FACE('',(#1628),#1646,.F.);
#1628 = FACE_BOUND('',#1629,.F.);
#1629 = EDGE_LOOP('',(#1630,#1631,#1639,#1645));
#1630 = ORIENTED_EDGE('',*,*,#1592,.T.);
#1631 = ORIENTED_EDGE('',*,*,#1632,.T.);
#1632 = EDGE_CURVE('',#1585,#1633,#1635,.T.);
#1633 = VERTEX_POINT('',#1634);
#1634 = CARTESIAN_POINT('',(92.8,-31.67195704924,261.7989361986));
#1635 = LINE('',#1636,#1637);
#1636 = CARTESIAN_POINT('',(92.8,-32.41413648196,260.99321706006));
#1637 = VECTOR('',#1638,1.);
#1638 = DIRECTION('',(0.,0.677510177698,0.735513398325));
#1639 = ORIENTED_EDGE('',*,*,#1640,.F.);
#1640 = EDGE_CURVE('',#456,#1633,#1641,.T.);
#1641 = LINE('',#1642,#1643);
#1642 = CARTESIAN_POINT('',(95.,-31.67195704924,261.7989361986));
#1643 = VECTOR('',#1644,1.);
#1644 = DIRECTION('',(-1.,0.,0.));
#1645 = ORIENTED_EDGE('',*,*,#463,.F.);
#1646 = PLANE('',#1647);
#1647 = AXIS2_PLACEMENT_3D('',#1648,#1649,#1650);
#1648 = CARTESIAN_POINT('',(95.,-32.40735276011,261.0005815521));
#1649 = DIRECTION('',(0.,0.735513398325,-0.677510177698));
#1650 = DIRECTION('',(0.,0.677510177698,0.735513398325));
#1651 = ADVANCED_FACE('',(#1652),#1670,.T.);
#1652 = FACE_BOUND('',#1653,.T.);
#1653 = EDGE_LOOP('',(#1654,#1655,#1663,#1669));
#1654 = ORIENTED_EDGE('',*,*,#1616,.T.);
#1655 = ORIENTED_EDGE('',*,*,#1656,.T.);
#1656 = EDGE_CURVE('',#1609,#1657,#1659,.T.);
#1657 = VERTEX_POINT('',#1658);
#1658 = CARTESIAN_POINT('',(92.8,30.031687611703,263.34277080218));
#1659 = LINE('',#1660,#1661);
#1660 = CARTESIAN_POINT('',(92.8,30.885235528755,262.57747085711));
#1661 = VECTOR('',#1662,1.);
#1662 = DIRECTION('',(0.,-0.744547723868,0.66756923752));
#1663 = ORIENTED_EDGE('',*,*,#1664,.F.);
#1664 = EDGE_CURVE('',#136,#1657,#1665,.T.);
#1665 = LINE('',#1666,#1667);
#1666 = CARTESIAN_POINT('',(95.,30.031687611703,263.34277080218));
#1667 = VECTOR('',#1668,1.);
#1668 = DIRECTION('',(-1.,0.,0.));
#1669 = ORIENTED_EDGE('',*,*,#135,.F.);
#1670 = PLANE('',#1671);
#1671 = AXIS2_PLACEMENT_3D('',#1672,#1673,#1674);
#1672 = CARTESIAN_POINT('',(95.,30.880678175695,262.5815570273));
#1673 = DIRECTION('',(0.,0.66756923752,0.744547723868));
#1674 = DIRECTION('',(0.,-0.744547723868,0.66756923752));
#1675 = ADVANCED_FACE('',(#1676),#1694,.F.);
#1676 = FACE_BOUND('',#1677,.F.);
#1677 = EDGE_LOOP('',(#1678,#1679,#1687,#1693));
#1678 = ORIENTED_EDGE('',*,*,#1640,.T.);
#1679 = ORIENTED_EDGE('',*,*,#1680,.T.);
#1680 = EDGE_CURVE('',#1633,#1681,#1683,.T.);
#1681 = VERTEX_POINT('',#1682);
#1682 = CARTESIAN_POINT('',(92.8,-30.88067817569,262.5815570273));
#1683 = LINE('',#1684,#1685);
#1684 = CARTESIAN_POINT('',(92.8,-31.67609279446,261.79484570603));
#1685 = VECTOR('',#1686,1.);
#1686 = DIRECTION('',(0.,0.710985828194,0.703206336794));
#1687 = ORIENTED_EDGE('',*,*,#1688,.F.);
#1688 = EDGE_CURVE('',#448,#1681,#1689,.T.);
#1689 = LINE('',#1690,#1691);
#1690 = CARTESIAN_POINT('',(95.,-30.88067817569,262.5815570273));
#1691 = VECTOR('',#1692,1.);
#1692 = DIRECTION('',(-1.,0.,0.));
#1693 = ORIENTED_EDGE('',*,*,#455,.F.);
#1694 = PLANE('',#1695);
#1695 = AXIS2_PLACEMENT_3D('',#1696,#1697,#1698);
#1696 = CARTESIAN_POINT('',(95.,-31.67195704924,261.7989361986));
#1697 = DIRECTION('',(0.,0.703206336794,-0.710985828194));
#1698 = DIRECTION('',(0.,0.710985828194,0.703206336794));
#1699 = ADVANCED_FACE('',(#1700),#1718,.T.);
#1700 = FACE_BOUND('',#1701,.T.);
#1701 = EDGE_LOOP('',(#1702,#1703,#1711,#1717));
#1702 = ORIENTED_EDGE('',*,*,#1664,.T.);
#1703 = ORIENTED_EDGE('',*,*,#1704,.T.);
#1704 = EDGE_CURVE('',#1657,#1705,#1707,.T.);
#1705 = VERTEX_POINT('',#1706);
#1706 = CARTESIAN_POINT('',(92.8,29.11333649898,264.08161944818));
#1707 = LINE('',#1708,#1709);
#1708 = CARTESIAN_POINT('',(92.8,30.03689323538,263.33858267854));
#1709 = VECTOR('',#1710,1.);
#1710 = DIRECTION('',(0.,-0.77914096552,0.626848750376));
#1711 = ORIENTED_EDGE('',*,*,#1712,.F.);
#1712 = EDGE_CURVE('',#144,#1705,#1713,.T.);
#1713 = LINE('',#1714,#1715);
#1714 = CARTESIAN_POINT('',(95.,29.11333649898,264.08161944818));
#1715 = VECTOR('',#1716,1.);
#1716 = DIRECTION('',(-1.,0.,0.));
#1717 = ORIENTED_EDGE('',*,*,#143,.F.);
#1718 = PLANE('',#1719);
#1719 = AXIS2_PLACEMENT_3D('',#1720,#1721,#1722);
#1720 = CARTESIAN_POINT('',(95.,30.031687611703,263.34277080218));
#1721 = DIRECTION('',(0.,0.626848750376,0.77914096552));
#1722 = DIRECTION('',(0.,-0.77914096552,0.626848750376));
#1723 = ADVANCED_FACE('',(#1724),#1742,.F.);
#1724 = FACE_BOUND('',#1725,.F.);
#1725 = EDGE_LOOP('',(#1726,#1727,#1735,#1741));
#1726 = ORIENTED_EDGE('',*,*,#1688,.T.);
#1727 = ORIENTED_EDGE('',*,*,#1728,.T.);
#1728 = EDGE_CURVE('',#1681,#1729,#1731,.T.);
#1729 = VERTEX_POINT('',#1730);
#1730 = CARTESIAN_POINT('',(92.8,-30.0316876117,263.34277080218));
#1731 = LINE('',#1732,#1733);
#1732 = CARTESIAN_POINT('',(92.8,-30.88523552875,262.57747085711));
#1733 = VECTOR('',#1734,1.);
#1734 = DIRECTION('',(0.,0.744547723868,0.66756923752));
#1735 = ORIENTED_EDGE('',*,*,#1736,.F.);
#1736 = EDGE_CURVE('',#440,#1729,#1737,.T.);
#1737 = LINE('',#1738,#1739);
#1738 = CARTESIAN_POINT('',(95.,-30.0316876117,263.34277080218));
#1739 = VECTOR('',#1740,1.);
#1740 = DIRECTION('',(-1.,0.,0.));
#1741 = ORIENTED_EDGE('',*,*,#447,.F.);
#1742 = PLANE('',#1743);
#1743 = AXIS2_PLACEMENT_3D('',#1744,#1745,#1746);
#1744 = CARTESIAN_POINT('',(95.,-30.88067817569,262.5815570273));
#1745 = DIRECTION('',(0.,0.66756923752,-0.744547723868));
#1746 = DIRECTION('',(0.,0.744547723868,0.66756923752));
#1747 = ADVANCED_FACE('',(#1748),#1766,.T.);
#1748 = FACE_BOUND('',#1749,.T.);
#1749 = EDGE_LOOP('',(#1750,#1751,#1759,#1765));
#1750 = ORIENTED_EDGE('',*,*,#1712,.T.);
#1751 = ORIENTED_EDGE('',*,*,#1752,.T.);
#1752 = EDGE_CURVE('',#1705,#1753,#1755,.T.);
#1753 = VERTEX_POINT('',#1754);
#1754 = CARTESIAN_POINT('',(92.8,28.117409275779,264.80055613012));
#1755 = LINE('',#1756,#1757);
#1756 = CARTESIAN_POINT('',(92.8,29.118632726644,264.0777962247));
#1757 = VECTOR('',#1758,1.);
#1758 = DIRECTION('',(0.,-0.810812171506,0.585306434731));
#1759 = ORIENTED_EDGE('',*,*,#1760,.F.);
#1760 = EDGE_CURVE('',#152,#1753,#1761,.T.);
#1761 = LINE('',#1762,#1763);
#1762 = CARTESIAN_POINT('',(95.,28.117409275779,264.80055613012));
#1763 = VECTOR('',#1764,1.);
#1764 = DIRECTION('',(-1.,0.,0.));
#1765 = ORIENTED_EDGE('',*,*,#151,.F.);
#1766 = PLANE('',#1767);
#1767 = AXIS2_PLACEMENT_3D('',#1768,#1769,#1770);
#1768 = CARTESIAN_POINT('',(95.,29.11333649898,264.08161944818));
#1769 = DIRECTION('',(0.,0.585306434731,0.810812171506));
#1770 = DIRECTION('',(0.,-0.810812171506,0.585306434731));
#1771 = ADVANCED_FACE('',(#1772),#1790,.F.);
#1772 = FACE_BOUND('',#1773,.F.);
#1773 = EDGE_LOOP('',(#1774,#1775,#1783,#1789));
#1774 = ORIENTED_EDGE('',*,*,#1736,.T.);
#1775 = ORIENTED_EDGE('',*,*,#1776,.T.);
#1776 = EDGE_CURVE('',#1729,#1777,#1779,.T.);
#1777 = VERTEX_POINT('',#1778);
#1778 = CARTESIAN_POINT('',(92.8,-29.11333649898,264.08161944818));
#1779 = LINE('',#1780,#1781);
#1780 = CARTESIAN_POINT('',(92.8,-30.03689323538,263.33858267854));
#1781 = VECTOR('',#1782,1.);
#1782 = DIRECTION('',(0.,0.77914096552,0.626848750376));
#1783 = ORIENTED_EDGE('',*,*,#1784,.F.);
#1784 = EDGE_CURVE('',#432,#1777,#1785,.T.);
#1785 = LINE('',#1786,#1787);
#1786 = CARTESIAN_POINT('',(95.,-29.11333649898,264.08161944818));
#1787 = VECTOR('',#1788,1.);
#1788 = DIRECTION('',(-1.,0.,0.));
#1789 = ORIENTED_EDGE('',*,*,#439,.F.);
#1790 = PLANE('',#1791);
#1791 = AXIS2_PLACEMENT_3D('',#1792,#1793,#1794);
#1792 = CARTESIAN_POINT('',(95.,-30.0316876117,263.34277080218));
#1793 = DIRECTION('',(0.,0.626848750376,-0.77914096552));
#1794 = DIRECTION('',(0.,0.77914096552,0.626848750376));
#1795 = ADVANCED_FACE('',(#1796),#1814,.T.);
#1796 = FACE_BOUND('',#1797,.T.);
#1797 = EDGE_LOOP('',(#1798,#1799,#1807,#1813));
#1798 = ORIENTED_EDGE('',*,*,#1760,.T.);
#1799 = ORIENTED_EDGE('',*,*,#1800,.T.);
#1800 = EDGE_CURVE('',#1753,#1801,#1803,.T.);
#1801 = VERTEX_POINT('',#1802);
#1802 = CARTESIAN_POINT('',(92.8,27.050323573069,265.50185182425));
#1803 = LINE('',#1804,#1805);
#1804 = CARTESIAN_POINT('',(92.8,28.121988840154,264.7975464105));
#1805 = VECTOR('',#1806,1.);
#1806 = DIRECTION('',(0.,-0.835681057197,0.549215049541));
#1807 = ORIENTED_EDGE('',*,*,#1808,.F.);
#1808 = EDGE_CURVE('',#160,#1801,#1809,.T.);
#1809 = LINE('',#1810,#1811);
#1810 = CARTESIAN_POINT('',(95.,27.050323573069,265.50185182425));
#1811 = VECTOR('',#1812,1.);
#1812 = DIRECTION('',(-1.,0.,0.));
#1813 = ORIENTED_EDGE('',*,*,#159,.F.);
#1814 = PLANE('',#1815);
#1815 = AXIS2_PLACEMENT_3D('',#1816,#1817,#1818);
#1816 = CARTESIAN_POINT('',(95.,28.117409275779,264.80055613012));
#1817 = DIRECTION('',(0.,0.549215049541,0.835681057197));
#1818 = DIRECTION('',(0.,-0.835681057197,0.549215049541));
#1819 = ADVANCED_FACE('',(#1820),#1838,.F.);
#1820 = FACE_BOUND('',#1821,.F.);
#1821 = EDGE_LOOP('',(#1822,#1823,#1831,#1837));
#1822 = ORIENTED_EDGE('',*,*,#1784,.T.);
#1823 = ORIENTED_EDGE('',*,*,#1824,.T.);
#1824 = EDGE_CURVE('',#1777,#1825,#1827,.T.);
#1825 = VERTEX_POINT('',#1826);
#1826 = CARTESIAN_POINT('',(92.8,-28.11740927577,264.80055613012));
#1827 = LINE('',#1828,#1829);
#1828 = CARTESIAN_POINT('',(92.8,-29.11863272664,264.0777962247));
#1829 = VECTOR('',#1830,1.);
#1830 = DIRECTION('',(0.,0.810812171506,0.585306434731));
#1831 = ORIENTED_EDGE('',*,*,#1832,.F.);
#1832 = EDGE_CURVE('',#424,#1825,#1833,.T.);
#1833 = LINE('',#1834,#1835);
#1834 = CARTESIAN_POINT('',(95.,-28.11740927577,264.80055613012));
#1835 = VECTOR('',#1836,1.);
#1836 = DIRECTION('',(-1.,0.,0.));
#1837 = ORIENTED_EDGE('',*,*,#431,.F.);
#1838 = PLANE('',#1839);
#1839 = AXIS2_PLACEMENT_3D('',#1840,#1841,#1842);
#1840 = CARTESIAN_POINT('',(95.,-29.11333649898,264.08161944818));
#1841 = DIRECTION('',(0.,0.585306434731,-0.810812171506));
#1842 = DIRECTION('',(0.,0.810812171506,0.585306434731));
#1843 = ADVANCED_FACE('',(#1844),#1862,.T.);
#1844 = FACE_BOUND('',#1845,.T.);
#1845 = EDGE_LOOP('',(#1846,#1847,#1855,#1861));
#1846 = ORIENTED_EDGE('',*,*,#1808,.T.);
#1847 = ORIENTED_EDGE('',*,*,#1848,.T.);
#1848 = EDGE_CURVE('',#1801,#1849,#1851,.T.);
#1849 = VERTEX_POINT('',#1850);
#1850 = CARTESIAN_POINT('',(92.8,25.911391465032,266.17488610558));
#1851 = LINE('',#1852,#1853);
#1852 = CARTESIAN_POINT('',(92.8,27.055457508168,265.49881800486));
#1853 = VECTOR('',#1854,1.);
#1854 = DIRECTION('',(0.,-0.860916945397,0.508745528853));
#1855 = ORIENTED_EDGE('',*,*,#1856,.F.);
#1856 = EDGE_CURVE('',#168,#1849,#1857,.T.);
#1857 = LINE('',#1858,#1859);
#1858 = CARTESIAN_POINT('',(95.,25.911391465032,266.17488610558));
#1859 = VECTOR('',#1860,1.);
#1860 = DIRECTION('',(-1.,0.,0.));
#1861 = ORIENTED_EDGE('',*,*,#167,.F.);
#1862 = PLANE('',#1863);
#1863 = AXIS2_PLACEMENT_3D('',#1864,#1865,#1866);
#1864 = CARTESIAN_POINT('',(95.,27.050323573069,265.50185182425));
#1865 = DIRECTION('',(0.,0.508745528853,0.860916945397));
#1866 = DIRECTION('',(0.,-0.860916945397,0.508745528853));
#1867 = ADVANCED_FACE('',(#1868),#1886,.F.);
#1868 = FACE_BOUND('',#1869,.F.);
#1869 = EDGE_LOOP('',(#1870,#1871,#1879,#1885));
#1870 = ORIENTED_EDGE('',*,*,#1832,.T.);
#1871 = ORIENTED_EDGE('',*,*,#1872,.T.);
#1872 = EDGE_CURVE('',#1825,#1873,#1875,.T.);
#1873 = VERTEX_POINT('',#1874);
#1874 = CARTESIAN_POINT('',(92.8,-27.05032357306,265.50185182425));
#1875 = LINE('',#1876,#1877);
#1876 = CARTESIAN_POINT('',(92.8,-28.12198884015,264.7975464105));
#1877 = VECTOR('',#1878,1.);
#1878 = DIRECTION('',(0.,0.835681057197,0.549215049541));
#1879 = ORIENTED_EDGE('',*,*,#1880,.F.);
#1880 = EDGE_CURVE('',#416,#1873,#1881,.T.);
#1881 = LINE('',#1882,#1883);
#1882 = CARTESIAN_POINT('',(95.,-27.05032357306,265.50185182425));
#1883 = VECTOR('',#1884,1.);
#1884 = DIRECTION('',(-1.,0.,0.));
#1885 = ORIENTED_EDGE('',*,*,#423,.F.);
#1886 = PLANE('',#1887);
#1887 = AXIS2_PLACEMENT_3D('',#1888,#1889,#1890);
#1888 = CARTESIAN_POINT('',(95.,-28.11740927577,264.80055613012));
#1889 = DIRECTION('',(0.,0.549215049541,-0.835681057197));
#1890 = DIRECTION('',(0.,0.835681057197,0.549215049541));
#1891 = ADVANCED_FACE('',(#1892),#1910,.T.);
#1892 = FACE_BOUND('',#1893,.T.);
#1893 = EDGE_LOOP('',(#1894,#1895,#1903,#1909));
#1894 = ORIENTED_EDGE('',*,*,#1856,.T.);
#1895 = ORIENTED_EDGE('',*,*,#1896,.T.);
#1896 = EDGE_CURVE('',#1849,#1897,#1899,.T.);
#1897 = VERTEX_POINT('',#1898);
#1898 = CARTESIAN_POINT('',(92.8,24.696868356332,266.81005808365));
#1899 = LINE('',#1900,#1901);
#1900 = CARTESIAN_POINT('',(92.8,25.917137603813,266.17188098669));
#1901 = VECTOR('',#1902,1.);
#1902 = DIRECTION('',(0.,-0.886133279771,0.463430480744));
#1903 = ORIENTED_EDGE('',*,*,#1904,.F.);
#1904 = EDGE_CURVE('',#176,#1897,#1905,.T.);
#1905 = LINE('',#1906,#1907);
#1906 = CARTESIAN_POINT('',(95.,24.696868356332,266.81005808365));
#1907 = VECTOR('',#1908,1.);
#1908 = DIRECTION('',(-1.,0.,0.));
#1909 = ORIENTED_EDGE('',*,*,#175,.F.);
#1910 = PLANE('',#1911);
#1911 = AXIS2_PLACEMENT_3D('',#1912,#1913,#1914);
#1912 = CARTESIAN_POINT('',(95.,25.911391465032,266.17488610558));
#1913 = DIRECTION('',(0.,0.463430480744,0.886133279771));
#1914 = DIRECTION('',(0.,-0.886133279771,0.463430480744));
#1915 = ADVANCED_FACE('',(#1916),#1934,.F.);
#1916 = FACE_BOUND('',#1917,.F.);
#1917 = EDGE_LOOP('',(#1918,#1919,#1927,#1933));
#1918 = ORIENTED_EDGE('',*,*,#1880,.T.);
#1919 = ORIENTED_EDGE('',*,*,#1920,.T.);
#1920 = EDGE_CURVE('',#1873,#1921,#1923,.T.);
#1921 = VERTEX_POINT('',#1922);
#1922 = CARTESIAN_POINT('',(92.8,-25.91139146503,266.17488610558));
#1923 = LINE('',#1924,#1925);
#1924 = CARTESIAN_POINT('',(92.8,-27.05545750816,265.49881800486));
#1925 = VECTOR('',#1926,1.);
#1926 = DIRECTION('',(0.,0.860916945397,0.508745528853));
#1927 = ORIENTED_EDGE('',*,*,#1928,.F.);
#1928 = EDGE_CURVE('',#408,#1921,#1929,.T.);
#1929 = LINE('',#1930,#1931);
#1930 = CARTESIAN_POINT('',(95.,-25.91139146503,266.17488610558));
#1931 = VECTOR('',#1932,1.);
#1932 = DIRECTION('',(-1.,0.,0.));
#1933 = ORIENTED_EDGE('',*,*,#415,.F.);
#1934 = PLANE('',#1935);
#1935 = AXIS2_PLACEMENT_3D('',#1936,#1937,#1938);
#1936 = CARTESIAN_POINT('',(95.,-27.05032357306,265.50185182425));
#1937 = DIRECTION('',(0.,0.508745528853,-0.860916945397));
#1938 = DIRECTION('',(0.,0.860916945397,0.508745528853));
#1939 = ADVANCED_FACE('',(#1940),#1958,.T.);
#1940 = FACE_BOUND('',#1941,.T.);
#1941 = EDGE_LOOP('',(#1942,#1943,#1951,#1957));
#1942 = ORIENTED_EDGE('',*,*,#1904,.T.);
#1943 = ORIENTED_EDGE('',*,*,#1944,.T.);
#1944 = EDGE_CURVE('',#1897,#1945,#1947,.T.);
#1945 = VERTEX_POINT('',#1946);
#1946 = CARTESIAN_POINT('',(92.8,23.405205515052,267.41131759088));
#1947 = LINE('',#1948,#1949);
#1948 = CARTESIAN_POINT('',(92.8,24.702104844063,266.8076205373));
#1949 = VECTOR('',#1950,1.);
#1950 = DIRECTION('',(0.,-0.90659060467,0.422011226776));
#1951 = ORIENTED_EDGE('',*,*,#1952,.F.);
#1952 = EDGE_CURVE('',#184,#1945,#1953,.T.);
#1953 = LINE('',#1954,#1955);
#1954 = CARTESIAN_POINT('',(95.,23.405205515052,267.41131759088));
#1955 = VECTOR('',#1956,1.);
#1956 = DIRECTION('',(-1.,0.,0.));
#1957 = ORIENTED_EDGE('',*,*,#183,.F.);
#1958 = PLANE('',#1959);
#1959 = AXIS2_PLACEMENT_3D('',#1960,#1961,#1962);
#1960 = CARTESIAN_POINT('',(95.,24.696868356332,266.81005808365));
#1961 = DIRECTION('',(0.,0.422011226776,0.90659060467));
#1962 = DIRECTION('',(0.,-0.90659060467,0.422011226776));
#1963 = ADVANCED_FACE('',(#1964),#1982,.F.);
#1964 = FACE_BOUND('',#1965,.F.);
#1965 = EDGE_LOOP('',(#1966,#1967,#1975,#1981));
#1966 = ORIENTED_EDGE('',*,*,#1928,.T.);
#1967 = ORIENTED_EDGE('',*,*,#1968,.T.);
#1968 = EDGE_CURVE('',#1921,#1969,#1971,.T.);
#1969 = VERTEX_POINT('',#1970);
#1970 = CARTESIAN_POINT('',(92.8,-24.69686835633,266.81005808365));
#1971 = LINE('',#1972,#1973);
#1972 = CARTESIAN_POINT('',(92.8,-25.91713760381,266.17188098669));
#1973 = VECTOR('',#1974,1.);
#1974 = DIRECTION('',(0.,0.886133279771,0.463430480744));
#1975 = ORIENTED_EDGE('',*,*,#1976,.F.);
#1976 = EDGE_CURVE('',#400,#1969,#1977,.T.);
#1977 = LINE('',#1978,#1979);
#1978 = CARTESIAN_POINT('',(95.,-24.69686835633,266.81005808365));
#1979 = VECTOR('',#1980,1.);
#1980 = DIRECTION('',(-1.,0.,0.));
#1981 = ORIENTED_EDGE('',*,*,#407,.F.);
#1982 = PLANE('',#1983);
#1983 = AXIS2_PLACEMENT_3D('',#1984,#1985,#1986);
#1984 = CARTESIAN_POINT('',(95.,-25.91139146503,266.17488610558));
#1985 = DIRECTION('',(0.,0.463430480744,-0.886133279771));
#1986 = DIRECTION('',(0.,0.886133279771,0.463430480744));
#1987 = ADVANCED_FACE('',(#1988),#2006,.T.);
#1988 = FACE_BOUND('',#1989,.T.);
#1989 = EDGE_LOOP('',(#1990,#1991,#1999,#2005));
#1990 = ORIENTED_EDGE('',*,*,#1952,.T.);
#1991 = ORIENTED_EDGE('',*,*,#1992,.T.);
#1992 = EDGE_CURVE('',#1945,#1993,#1995,.T.);
#1993 = VERTEX_POINT('',#1994);
#1994 = CARTESIAN_POINT('',(92.8,22.038571096449,267.97806417829));
#1995 = LINE('',#1996,#1997);
#1996 = CARTESIAN_POINT('',(92.8,23.410118870788,267.40928001042));
#1997 = VECTOR('',#1998,1.);
#1998 = DIRECTION('',(0.,-0.923719802067,0.383068828371));
#1999 = ORIENTED_EDGE('',*,*,#2000,.F.);
#2000 = EDGE_CURVE('',#192,#1993,#2001,.T.);
#2001 = LINE('',#2002,#2003);
#2002 = CARTESIAN_POINT('',(95.,22.038571096449,267.97806417829));
#2003 = VECTOR('',#2004,1.);
#2004 = DIRECTION('',(-1.,0.,0.));
#2005 = ORIENTED_EDGE('',*,*,#191,.F.);
#2006 = PLANE('',#2007);
#2007 = AXIS2_PLACEMENT_3D('',#2008,#2009,#2010);
#2008 = CARTESIAN_POINT('',(95.,23.405205515052,267.41131759088));
#2009 = DIRECTION('',(0.,0.383068828371,0.923719802067));
#2010 = DIRECTION('',(0.,-0.923719802067,0.383068828371));
#2011 = ADVANCED_FACE('',(#2012),#2030,.F.);
#2012 = FACE_BOUND('',#2013,.F.);
#2013 = EDGE_LOOP('',(#2014,#2015,#2023,#2029));
#2014 = ORIENTED_EDGE('',*,*,#1976,.T.);
#2015 = ORIENTED_EDGE('',*,*,#2016,.T.);
#2016 = EDGE_CURVE('',#1969,#2017,#2019,.T.);
#2017 = VERTEX_POINT('',#2018);
#2018 = CARTESIAN_POINT('',(92.8,-23.40520551505,267.41131759088));
#2019 = LINE('',#2020,#2021);
#2020 = CARTESIAN_POINT('',(92.8,-24.70210484406,266.8076205373));
#2021 = VECTOR('',#2022,1.);
#2022 = DIRECTION('',(0.,0.90659060467,0.422011226776));
#2023 = ORIENTED_EDGE('',*,*,#2024,.F.);
#2024 = EDGE_CURVE('',#392,#2017,#2025,.T.);
#2025 = LINE('',#2026,#2027);
#2026 = CARTESIAN_POINT('',(95.,-23.40520551505,267.41131759088));
#2027 = VECTOR('',#2028,1.);
#2028 = DIRECTION('',(-1.,0.,0.));
#2029 = ORIENTED_EDGE('',*,*,#399,.F.);
#2030 = PLANE('',#2031);
#2031 = AXIS2_PLACEMENT_3D('',#2032,#2033,#2034);
#2032 = CARTESIAN_POINT('',(95.,-24.69686835633,266.81005808365));
#2033 = DIRECTION('',(0.,0.422011226776,-0.90659060467));
#2034 = DIRECTION('',(0.,0.90659060467,0.422011226776));
#2035 = ADVANCED_FACE('',(#2036),#2054,.T.);
#2036 = FACE_BOUND('',#2037,.T.);
#2037 = EDGE_LOOP('',(#2038,#2039,#2047,#2053));
#2038 = ORIENTED_EDGE('',*,*,#2000,.T.);
#2039 = ORIENTED_EDGE('',*,*,#2040,.T.);
#2040 = EDGE_CURVE('',#1993,#2041,#2043,.T.);
#2041 = VERTEX_POINT('',#2042);
#2042 = CARTESIAN_POINT('',(92.8,20.598586443744,268.50274517428));
#2043 = LINE('',#2044,#2045);
#2044 = CARTESIAN_POINT('',(92.8,22.043704480766,267.9761937492));
#2045 = VECTOR('',#2046,1.);
#2046 = DIRECTION('',(0.,-0.939573147732,0.342348214632));
#2047 = ORIENTED_EDGE('',*,*,#2048,.F.);
#2048 = EDGE_CURVE('',#200,#2041,#2049,.T.);
#2049 = LINE('',#2050,#2051);
#2050 = CARTESIAN_POINT('',(95.,20.598586443744,268.50274517428));
#2051 = VECTOR('',#2052,1.);
#2052 = DIRECTION('',(-1.,0.,0.));
#2053 = ORIENTED_EDGE('',*,*,#199,.F.);
#2054 = PLANE('',#2055);
#2055 = AXIS2_PLACEMENT_3D('',#2056,#2057,#2058);
#2056 = CARTESIAN_POINT('',(95.,22.038571096449,267.97806417829));
#2057 = DIRECTION('',(0.,0.342348214632,0.939573147732));
#2058 = DIRECTION('',(0.,-0.939573147732,0.342348214632));
#2059 = ADVANCED_FACE('',(#2060),#2078,.F.);
#2060 = FACE_BOUND('',#2061,.F.);
#2061 = EDGE_LOOP('',(#2062,#2063,#2071,#2077));
#2062 = ORIENTED_EDGE('',*,*,#2024,.T.);
#2063 = ORIENTED_EDGE('',*,*,#2064,.T.);
#2064 = EDGE_CURVE('',#2017,#2065,#2067,.T.);
#2065 = VERTEX_POINT('',#2066);
#2066 = CARTESIAN_POINT('',(92.8,-22.03857109644,267.97806417829));
#2067 = LINE('',#2068,#2069);
#2068 = CARTESIAN_POINT('',(92.8,-23.41011887078,267.40928001042));
#2069 = VECTOR('',#2070,1.);
#2070 = DIRECTION('',(0.,0.923719802067,0.383068828371));
#2071 = ORIENTED_EDGE('',*,*,#2072,.F.);
#2072 = EDGE_CURVE('',#384,#2065,#2073,.T.);
#2073 = LINE('',#2074,#2075);
#2074 = CARTESIAN_POINT('',(95.,-22.03857109644,267.97806417829));
#2075 = VECTOR('',#2076,1.);
#2076 = DIRECTION('',(-1.,0.,0.));
#2077 = ORIENTED_EDGE('',*,*,#391,.F.);
#2078 = PLANE('',#2079);
#2079 = AXIS2_PLACEMENT_3D('',#2080,#2081,#2082);
#2080 = CARTESIAN_POINT('',(95.,-23.40520551505,267.41131759088));
#2081 = DIRECTION('',(0.,0.383068828371,-0.923719802067));
#2082 = DIRECTION('',(0.,0.923719802067,0.383068828371));
#2083 = ADVANCED_FACE('',(#2084),#2102,.T.);
#2084 = FACE_BOUND('',#2085,.T.);
#2085 = EDGE_LOOP('',(#2086,#2087,#2095,#2101));
#2086 = ORIENTED_EDGE('',*,*,#2048,.T.);
#2087 = ORIENTED_EDGE('',*,*,#2088,.T.);
#2088 = EDGE_CURVE('',#2041,#2089,#2091,.T.);
#2089 = VERTEX_POINT('',#2090);
#2090 = CARTESIAN_POINT('',(92.8,19.084959346265,268.98025294645));
#2091 = LINE('',#2092,#2093);
#2092 = CARTESIAN_POINT('',(92.8,20.603811523489,268.50109680514));
#2093 = VECTOR('',#2094,1.);
#2094 = DIRECTION('',(0.,-0.953669420036,0.300856506143));
#2095 = ORIENTED_EDGE('',*,*,#2096,.F.);
#2096 = EDGE_CURVE('',#208,#2089,#2097,.T.);
#2097 = LINE('',#2098,#2099);
#2098 = CARTESIAN_POINT('',(95.,19.084959346265,268.98025294645));
#2099 = VECTOR('',#2100,1.);
#2100 = DIRECTION('',(-1.,0.,0.));
#2101 = ORIENTED_EDGE('',*,*,#207,.F.);
#2102 = PLANE('',#2103);
#2103 = AXIS2_PLACEMENT_3D('',#2104,#2105,#2106);
#2104 = CARTESIAN_POINT('',(95.,20.598586443744,268.50274517428));
#2105 = DIRECTION('',(0.,0.300856506143,0.953669420036));
#2106 = DIRECTION('',(0.,-0.953669420036,0.300856506143));
#2107 = ADVANCED_FACE('',(#2108),#2126,.F.);
#2108 = FACE_BOUND('',#2109,.F.);
#2109 = EDGE_LOOP('',(#2110,#2111,#2119,#2125));
#2110 = ORIENTED_EDGE('',*,*,#2072,.T.);
#2111 = ORIENTED_EDGE('',*,*,#2112,.T.);
#2112 = EDGE_CURVE('',#2065,#2113,#2115,.T.);
#2113 = VERTEX_POINT('',#2114);
#2114 = CARTESIAN_POINT('',(92.8,-20.59858644374,268.50274517428));
#2115 = LINE('',#2116,#2117);
#2116 = CARTESIAN_POINT('',(92.8,-22.04370448076,267.9761937492));
#2117 = VECTOR('',#2118,1.);
#2118 = DIRECTION('',(0.,0.939573147732,0.342348214632));
#2119 = ORIENTED_EDGE('',*,*,#2120,.F.);
#2120 = EDGE_CURVE('',#376,#2113,#2121,.T.);
#2121 = LINE('',#2122,#2123);
#2122 = CARTESIAN_POINT('',(95.,-20.59858644374,268.50274517428));
#2123 = VECTOR('',#2124,1.);
#2124 = DIRECTION('',(-1.,0.,0.));
#2125 = ORIENTED_EDGE('',*,*,#383,.F.);
#2126 = PLANE('',#2127);
#2127 = AXIS2_PLACEMENT_3D('',#2128,#2129,#2130);
#2128 = CARTESIAN_POINT('',(95.,-22.03857109644,267.97806417829));
#2129 = DIRECTION('',(0.,0.342348214632,-0.939573147732));
#2130 = DIRECTION('',(0.,0.939573147732,0.342348214632));
#2131 = ADVANCED_FACE('',(#2132),#2150,.T.);
#2132 = FACE_BOUND('',#2133,.T.);
#2133 = EDGE_LOOP('',(#2134,#2135,#2143,#2149));
#2134 = ORIENTED_EDGE('',*,*,#2096,.T.);
#2135 = ORIENTED_EDGE('',*,*,#2136,.T.);
#2136 = EDGE_CURVE('',#2089,#2137,#2139,.T.);
#2137 = VERTEX_POINT('',#2138);
#2138 = CARTESIAN_POINT('',(92.8,17.496053364382,269.41424456204));
#2139 = LINE('',#2140,#2141);
#2140 = CARTESIAN_POINT('',(92.8,19.089657336596,268.97896974377));
#2141 = VECTOR('',#2142,1.);
#2142 = DIRECTION('',(0.,-0.964663017087,0.263486742485));
#2143 = ORIENTED_EDGE('',*,*,#2144,.F.);
#2144 = EDGE_CURVE('',#216,#2137,#2145,.T.);
#2145 = LINE('',#2146,#2147);
#2146 = CARTESIAN_POINT('',(95.,17.496053364382,269.41424456204));
#2147 = VECTOR('',#2148,1.);
#2148 = DIRECTION('',(-1.,0.,0.));
#2149 = ORIENTED_EDGE('',*,*,#215,.F.);
#2150 = PLANE('',#2151);
#2151 = AXIS2_PLACEMENT_3D('',#2152,#2153,#2154);
#2152 = CARTESIAN_POINT('',(95.,19.084959346265,268.98025294645));
#2153 = DIRECTION('',(0.,0.263486742485,0.964663017087));
#2154 = DIRECTION('',(0.,-0.964663017087,0.263486742485));
#2155 = ADVANCED_FACE('',(#2156),#2174,.F.);
#2156 = FACE_BOUND('',#2157,.F.);
#2157 = EDGE_LOOP('',(#2158,#2159,#2167,#2173));
#2158 = ORIENTED_EDGE('',*,*,#2120,.T.);
#2159 = ORIENTED_EDGE('',*,*,#2160,.T.);
#2160 = EDGE_CURVE('',#2113,#2161,#2163,.T.);
#2161 = VERTEX_POINT('',#2162);
#2162 = CARTESIAN_POINT('',(92.8,-19.08495934626,268.98025294645));
#2163 = LINE('',#2164,#2165);
#2164 = CARTESIAN_POINT('',(92.8,-20.60381152348,268.50109680514));
#2165 = VECTOR('',#2166,1.);
#2166 = DIRECTION('',(0.,0.953669420036,0.300856506143));
#2167 = ORIENTED_EDGE('',*,*,#2168,.F.);
#2168 = EDGE_CURVE('',#368,#2161,#2169,.T.);
#2169 = LINE('',#2170,#2171);
#2170 = CARTESIAN_POINT('',(95.,-19.08495934626,268.98025294645));
#2171 = VECTOR('',#2172,1.);
#2172 = DIRECTION('',(-1.,0.,0.));
#2173 = ORIENTED_EDGE('',*,*,#375,.F.);
#2174 = PLANE('',#2175);
#2175 = AXIS2_PLACEMENT_3D('',#2176,#2177,#2178);
#2176 = CARTESIAN_POINT('',(95.,-20.59858644374,268.50274517428));
#2177 = DIRECTION('',(0.,0.300856506143,-0.953669420036));
#2178 = DIRECTION('',(0.,0.953669420036,0.300856506143));
#2179 = ADVANCED_FACE('',(#2180),#2198,.T.);
#2180 = FACE_BOUND('',#2181,.T.);
#2181 = EDGE_LOOP('',(#2182,#2183,#2191,#2197));
#2182 = ORIENTED_EDGE('',*,*,#2144,.T.);
#2183 = ORIENTED_EDGE('',*,*,#2184,.T.);
#2184 = EDGE_CURVE('',#2137,#2185,#2187,.T.);
#2185 = VERTEX_POINT('',#2186);
#2186 = CARTESIAN_POINT('',(92.8,15.834230456867,269.80436848757));
#2187 = LINE('',#2188,#2189);
#2188 = CARTESIAN_POINT('',(92.8,17.500441263064,269.41321447378));
#2189 = VECTOR('',#2190,1.);
#2190 = DIRECTION('',(0.,-0.973533706422,0.228543480459));
#2191 = ORIENTED_EDGE('',*,*,#2192,.F.);
#2192 = EDGE_CURVE('',#224,#2185,#2193,.T.);
#2193 = LINE('',#2194,#2195);
#2194 = CARTESIAN_POINT('',(95.,15.834230456867,269.80436848757));
#2195 = VECTOR('',#2196,1.);
#2196 = DIRECTION('',(-1.,0.,0.));
#2197 = ORIENTED_EDGE('',*,*,#223,.F.);
#2198 = PLANE('',#2199);
#2199 = AXIS2_PLACEMENT_3D('',#2200,#2201,#2202);
#2200 = CARTESIAN_POINT('',(95.,17.496053364382,269.41424456204));
#2201 = DIRECTION('',(0.,0.228543480459,0.973533706422));
#2202 = DIRECTION('',(0.,-0.973533706422,0.228543480459));
#2203 = ADVANCED_FACE('',(#2204),#2222,.F.);
#2204 = FACE_BOUND('',#2205,.F.);
#2205 = EDGE_LOOP('',(#2206,#2207,#2215,#2221));
#2206 = ORIENTED_EDGE('',*,*,#2168,.T.);
#2207 = ORIENTED_EDGE('',*,*,#2208,.T.);
#2208 = EDGE_CURVE('',#2161,#2209,#2211,.T.);
#2209 = VERTEX_POINT('',#2210);
#2210 = CARTESIAN_POINT('',(92.8,-17.49605336438,269.41424456204));
#2211 = LINE('',#2212,#2213);
#2212 = CARTESIAN_POINT('',(92.8,-19.08965733659,268.97896974377));
#2213 = VECTOR('',#2214,1.);
#2214 = DIRECTION('',(0.,0.964663017087,0.263486742485));
#2215 = ORIENTED_EDGE('',*,*,#2216,.F.);
#2216 = EDGE_CURVE('',#360,#2209,#2217,.T.);
#2217 = LINE('',#2218,#2219);
#2218 = CARTESIAN_POINT('',(95.,-17.49605336438,269.41424456204));
#2219 = VECTOR('',#2220,1.);
#2220 = DIRECTION('',(-1.,0.,0.));
#2221 = ORIENTED_EDGE('',*,*,#367,.F.);
#2222 = PLANE('',#2223);
#2223 = AXIS2_PLACEMENT_3D('',#2224,#2225,#2226);
#2224 = CARTESIAN_POINT('',(95.,-19.08495934626,268.98025294645));
#2225 = DIRECTION('',(0.,0.263486742485,-0.964663017087));
#2226 = DIRECTION('',(0.,0.964663017087,0.263486742485));
#2227 = ADVANCED_FACE('',(#2228),#2246,.T.);
#2228 = FACE_BOUND('',#2229,.T.);
#2229 = EDGE_LOOP('',(#2230,#2231,#2239,#2245));
#2230 = ORIENTED_EDGE('',*,*,#2192,.T.);
#2231 = ORIENTED_EDGE('',*,*,#2232,.T.);
#2232 = EDGE_CURVE('',#2185,#2233,#2235,.T.);
#2233 = VERTEX_POINT('',#2234);
#2234 = CARTESIAN_POINT('',(92.8,14.101921534478,270.14968220078));
#2235 = LINE('',#2236,#2237);
#2236 = CARTESIAN_POINT('',(92.8,15.838377161523,269.80354189483));
#2237 = VECTOR('',#2238,1.);
#2238 = DIRECTION('',(0.,-0.980705467544,0.195491140284));
#2239 = ORIENTED_EDGE('',*,*,#2240,.F.);
#2240 = EDGE_CURVE('',#232,#2233,#2241,.T.);
#2241 = LINE('',#2242,#2243);
#2242 = CARTESIAN_POINT('',(95.,14.101921534478,270.14968220078));
#2243 = VECTOR('',#2244,1.);
#2244 = DIRECTION('',(-1.,0.,0.));
#2245 = ORIENTED_EDGE('',*,*,#231,.F.);
#2246 = PLANE('',#2247);
#2247 = AXIS2_PLACEMENT_3D('',#2248,#2249,#2250);
#2248 = CARTESIAN_POINT('',(95.,15.834230456867,269.80436848757));
#2249 = DIRECTION('',(0.,0.195491140284,0.980705467544));
#2250 = DIRECTION('',(0.,-0.980705467544,0.195491140284));
#2251 = ADVANCED_FACE('',(#2252),#2270,.F.);
#2252 = FACE_BOUND('',#2253,.F.);
#2253 = EDGE_LOOP('',(#2254,#2255,#2263,#2269));
#2254 = ORIENTED_EDGE('',*,*,#2216,.T.);
#2255 = ORIENTED_EDGE('',*,*,#2256,.T.);
#2256 = EDGE_CURVE('',#2209,#2257,#2259,.T.);
#2257 = VERTEX_POINT('',#2258);
#2258 = CARTESIAN_POINT('',(92.8,-15.83423045686,269.80436848757));
#2259 = LINE('',#2260,#2261);
#2260 = CARTESIAN_POINT('',(92.8,-17.50044126306,269.41321447378));
#2261 = VECTOR('',#2262,1.);
#2262 = DIRECTION('',(0.,0.973533706422,0.228543480459));
#2263 = ORIENTED_EDGE('',*,*,#2264,.F.);
#2264 = EDGE_CURVE('',#352,#2257,#2265,.T.);
#2265 = LINE('',#2266,#2267);
#2266 = CARTESIAN_POINT('',(95.,-15.83423045686,269.80436848757));
#2267 = VECTOR('',#2268,1.);
#2268 = DIRECTION('',(-1.,0.,0.));
#2269 = ORIENTED_EDGE('',*,*,#359,.F.);
#2270 = PLANE('',#2271);
#2271 = AXIS2_PLACEMENT_3D('',#2272,#2273,#2274);
#2272 = CARTESIAN_POINT('',(95.,-17.49605336438,269.41424456204));
#2273 = DIRECTION('',(0.,0.228543480459,-0.973533706422));
#2274 = DIRECTION('',(0.,0.973533706422,0.228543480459));
#2275 = ADVANCED_FACE('',(#2276),#2294,.T.);
#2276 = FACE_BOUND('',#2277,.T.);
#2277 = EDGE_LOOP('',(#2278,#2279,#2287,#2293));
#2278 = ORIENTED_EDGE('',*,*,#2240,.T.);
#2279 = ORIENTED_EDGE('',*,*,#2280,.T.);
#2280 = EDGE_CURVE('',#2233,#2281,#2283,.T.);
#2281 = VERTEX_POINT('',#2282);
#2282 = CARTESIAN_POINT('',(92.8,12.299256538443,270.45044658013));
#2283 = LINE('',#2284,#2285);
#2284 = CARTESIAN_POINT('',(92.8,14.10579786613,270.14903545694));
#2285 = VECTOR('',#2286,1.);
#2286 = DIRECTION('',(0.,-0.986365496447,0.164569460772));
#2287 = ORIENTED_EDGE('',*,*,#2288,.F.);
#2288 = EDGE_CURVE('',#240,#2281,#2289,.T.);
#2289 = LINE('',#2290,#2291);
#2290 = CARTESIAN_POINT('',(95.,12.299256538443,270.45044658013));
#2291 = VECTOR('',#2292,1.);
#2292 = DIRECTION('',(-1.,0.,0.));
#2293 = ORIENTED_EDGE('',*,*,#239,.F.);
#2294 = PLANE('',#2295);
#2295 = AXIS2_PLACEMENT_3D('',#2296,#2297,#2298);
#2296 = CARTESIAN_POINT('',(95.,14.101921534478,270.14968220078));
#2297 = DIRECTION('',(0.,0.164569460772,0.986365496447));
#2298 = DIRECTION('',(0.,-0.986365496447,0.164569460772));
#2299 = ADVANCED_FACE('',(#2300),#2318,.F.);
#2300 = FACE_BOUND('',#2301,.F.);
#2301 = EDGE_LOOP('',(#2302,#2303,#2311,#2317));
#2302 = ORIENTED_EDGE('',*,*,#2264,.T.);
#2303 = ORIENTED_EDGE('',*,*,#2304,.T.);
#2304 = EDGE_CURVE('',#2257,#2305,#2307,.T.);
#2305 = VERTEX_POINT('',#2306);
#2306 = CARTESIAN_POINT('',(92.8,-14.10192153447,270.14968220078));
#2307 = LINE('',#2308,#2309);
#2308 = CARTESIAN_POINT('',(92.8,-15.83837716152,269.80354189483));
#2309 = VECTOR('',#2310,1.);
#2310 = DIRECTION('',(0.,0.980705467544,0.195491140284));
#2311 = ORIENTED_EDGE('',*,*,#2312,.F.);
#2312 = EDGE_CURVE('',#344,#2305,#2313,.T.);
#2313 = LINE('',#2314,#2315);
#2314 = CARTESIAN_POINT('',(95.,-14.10192153447,270.14968220078));
#2315 = VECTOR('',#2316,1.);
#2316 = DIRECTION('',(-1.,0.,0.));
#2317 = ORIENTED_EDGE('',*,*,#351,.F.);
#2318 = PLANE('',#2319);
#2319 = AXIS2_PLACEMENT_3D('',#2320,#2321,#2322);
#2320 = CARTESIAN_POINT('',(95.,-15.83423045686,269.80436848757));
#2321 = DIRECTION('',(0.,0.195491140284,-0.980705467544));
#2322 = DIRECTION('',(0.,0.980705467544,0.195491140284));
#2323 = ADVANCED_FACE('',(#2324),#2342,.F.);
#2324 = FACE_BOUND('',#2325,.F.);
#2325 = EDGE_LOOP('',(#2326,#2334,#2340,#2341));
#2326 = ORIENTED_EDGE('',*,*,#2327,.T.);
#2327 = EDGE_CURVE('',#248,#2328,#2330,.T.);
#2328 = VERTEX_POINT('',#2329);
#2329 = CARTESIAN_POINT('',(92.8,10.425564859867,270.70658541484));
#2330 = LINE('',#2331,#2332);
#2331 = CARTESIAN_POINT('',(95.,10.425564859867,270.70658541484));
#2332 = VECTOR('',#2333,1.);
#2333 = DIRECTION('',(-1.,0.,0.));
#2334 = ORIENTED_EDGE('',*,*,#2335,.T.);
#2335 = EDGE_CURVE('',#2328,#2281,#2336,.T.);
#2336 = LINE('',#2337,#2338);
#2337 = CARTESIAN_POINT('',(92.8,10.422105228866,270.70705835597));
#2338 = VECTOR('',#2339,1.);
#2339 = DIRECTION('',(0.,0.9907851308,-0.135443067691));
#2340 = ORIENTED_EDGE('',*,*,#2288,.F.);
#2341 = ORIENTED_EDGE('',*,*,#247,.F.);
#2342 = PLANE('',#2343);
#2343 = AXIS2_PLACEMENT_3D('',#2344,#2345,#2346);
#2344 = CARTESIAN_POINT('',(95.,10.425564859867,270.70658541484));
#2345 = DIRECTION('',(-0.,-0.135443067691,-0.9907851308));
#2346 = DIRECTION('',(0.,0.9907851308,-0.135443067691));
#2347 = ADVANCED_FACE('',(#2348),#2366,.F.);
#2348 = FACE_BOUND('',#2349,.F.);
#2349 = EDGE_LOOP('',(#2350,#2351,#2359,#2365));
#2350 = ORIENTED_EDGE('',*,*,#2312,.T.);
#2351 = ORIENTED_EDGE('',*,*,#2352,.T.);
#2352 = EDGE_CURVE('',#2305,#2353,#2355,.T.);
#2353 = VERTEX_POINT('',#2354);
#2354 = CARTESIAN_POINT('',(92.8,-12.29925653844,270.45044658013));
#2355 = LINE('',#2356,#2357);
#2356 = CARTESIAN_POINT('',(92.8,-14.10579786613,270.14903545694));
#2357 = VECTOR('',#2358,1.);
#2358 = DIRECTION('',(0.,0.986365496447,0.164569460772));
#2359 = ORIENTED_EDGE('',*,*,#2360,.F.);
#2360 = EDGE_CURVE('',#336,#2353,#2361,.T.);
#2361 = LINE('',#2362,#2363);
#2362 = CARTESIAN_POINT('',(95.,-12.29925653844,270.45044658013));
#2363 = VECTOR('',#2364,1.);
#2364 = DIRECTION('',(-1.,0.,0.));
#2365 = ORIENTED_EDGE('',*,*,#343,.F.);
#2366 = PLANE('',#2367);
#2367 = AXIS2_PLACEMENT_3D('',#2368,#2369,#2370);
#2368 = CARTESIAN_POINT('',(95.,-14.10192153447,270.14968220078));
#2369 = DIRECTION('',(0.,0.164569460772,-0.986365496447));
#2370 = DIRECTION('',(0.,0.986365496447,0.164569460772));
#2371 = ADVANCED_FACE('',(#2372),#2390,.F.);
#2372 = FACE_BOUND('',#2373,.F.);
#2373 = EDGE_LOOP('',(#2374,#2382,#2388,#2389));
#2374 = ORIENTED_EDGE('',*,*,#2375,.T.);
#2375 = EDGE_CURVE('',#256,#2376,#2378,.T.);
#2376 = VERTEX_POINT('',#2377);
#2377 = CARTESIAN_POINT('',(92.8,8.481268605635,270.91724800797));
#2378 = LINE('',#2379,#2380);
#2379 = CARTESIAN_POINT('',(95.,8.481268605635,270.91724800797));
#2380 = VECTOR('',#2381,1.);
#2381 = DIRECTION('',(-1.,0.,0.));
#2382 = ORIENTED_EDGE('',*,*,#2383,.T.);
#2383 = EDGE_CURVE('',#2376,#2328,#2384,.T.);
#2384 = LINE('',#2385,#2386);
#2385 = CARTESIAN_POINT('',(92.8,8.477977962319,270.91760454595));
#2386 = VECTOR('',#2387,1.);
#2387 = DIRECTION('',(0.,0.99418142555,-0.107718582853));
#2388 = ORIENTED_EDGE('',*,*,#2327,.F.);
#2389 = ORIENTED_EDGE('',*,*,#255,.F.);
#2390 = PLANE('',#2391);
#2391 = AXIS2_PLACEMENT_3D('',#2392,#2393,#2394);
#2392 = CARTESIAN_POINT('',(95.,8.481268605635,270.91724800797));
#2393 = DIRECTION('',(-0.,-0.107718582853,-0.99418142555));
#2394 = DIRECTION('',(0.,0.99418142555,-0.107718582853));
#2395 = ADVANCED_FACE('',(#2396),#2414,.F.);
#2396 = FACE_BOUND('',#2397,.F.);
#2397 = EDGE_LOOP('',(#2398,#2399,#2407,#2413));
#2398 = ORIENTED_EDGE('',*,*,#2360,.T.);
#2399 = ORIENTED_EDGE('',*,*,#2400,.T.);
#2400 = EDGE_CURVE('',#2353,#2401,#2403,.T.);
#2401 = VERTEX_POINT('',#2402);
#2402 = CARTESIAN_POINT('',(92.8,-10.42556485986,270.70658541484));
#2403 = LINE('',#2404,#2405);
#2404 = CARTESIAN_POINT('',(92.8,-12.30290547605,270.44994776026));
#2405 = VECTOR('',#2406,1.);
#2406 = DIRECTION('',(0.,0.9907851308,0.135443067691));
#2407 = ORIENTED_EDGE('',*,*,#2408,.F.);
#2408 = EDGE_CURVE('',#328,#2401,#2409,.T.);
#2409 = LINE('',#2410,#2411);
#2410 = CARTESIAN_POINT('',(95.,-10.42556485986,270.70658541484));
#2411 = VECTOR('',#2412,1.);
#2412 = DIRECTION('',(-1.,0.,0.));
#2413 = ORIENTED_EDGE('',*,*,#335,.F.);
#2414 = PLANE('',#2415);
#2415 = AXIS2_PLACEMENT_3D('',#2416,#2417,#2418);
#2416 = CARTESIAN_POINT('',(95.,-12.29925653844,270.45044658013));
#2417 = DIRECTION('',(0.,0.135443067691,-0.9907851308));
#2418 = DIRECTION('',(0.,0.9907851308,0.135443067691));
#2419 = ADVANCED_FACE('',(#2420),#2438,.F.);
#2420 = FACE_BOUND('',#2421,.F.);
#2421 = EDGE_LOOP('',(#2422,#2430,#2436,#2437));
#2422 = ORIENTED_EDGE('',*,*,#2423,.T.);
#2423 = EDGE_CURVE('',#264,#2424,#2426,.T.);
#2424 = VERTEX_POINT('',#2425);
#2425 = CARTESIAN_POINT('',(92.8,6.466613685177,271.08170614188));
#2426 = LINE('',#2427,#2428);
#2427 = CARTESIAN_POINT('',(95.,6.466613685177,271.08170614188));
#2428 = VECTOR('',#2429,1.);
#2429 = DIRECTION('',(-1.,0.,0.));
#2430 = ORIENTED_EDGE('',*,*,#2431,.T.);
#2431 = EDGE_CURVE('',#2424,#2376,#2432,.T.);
#2432 = LINE('',#2433,#2434);
#2433 = CARTESIAN_POINT('',(92.8,6.463543784424,271.0819567407));
#2434 = VECTOR('',#2435,1.);
#2435 = DIRECTION('',(0.,0.996684755922,-8.13602932132E-02));
#2436 = ORIENTED_EDGE('',*,*,#2375,.F.);
#2437 = ORIENTED_EDGE('',*,*,#263,.F.);
#2438 = PLANE('',#2439);
#2439 = AXIS2_PLACEMENT_3D('',#2440,#2441,#2442);
#2440 = CARTESIAN_POINT('',(95.,6.466613685177,271.08170614188));
#2441 = DIRECTION('',(-0.,-8.13602932132E-02,-0.996684755922));
#2442 = DIRECTION('',(0.,0.996684755922,-8.13602932132E-02));
#2443 = ADVANCED_FACE('',(#2444),#2462,.F.);
#2444 = FACE_BOUND('',#2445,.F.);
#2445 = EDGE_LOOP('',(#2446,#2447,#2455,#2461));
#2446 = ORIENTED_EDGE('',*,*,#2408,.T.);
#2447 = ORIENTED_EDGE('',*,*,#2448,.T.);
#2448 = EDGE_CURVE('',#2401,#2449,#2451,.T.);
#2449 = VERTEX_POINT('',#2450);
#2450 = CARTESIAN_POINT('',(92.8,-8.481268605635,270.91724800797));
#2451 = LINE('',#2452,#2453);
#2452 = CARTESIAN_POINT('',(92.8,-10.42903635007,270.70620928228));
#2453 = VECTOR('',#2454,1.);
#2454 = DIRECTION('',(0.,0.99418142555,0.107718582853));
#2455 = ORIENTED_EDGE('',*,*,#2456,.F.);
#2456 = EDGE_CURVE('',#320,#2449,#2457,.T.);
#2457 = LINE('',#2458,#2459);
#2458 = CARTESIAN_POINT('',(95.,-8.481268605635,270.91724800797));
#2459 = VECTOR('',#2460,1.);
#2460 = DIRECTION('',(-1.,0.,0.));
#2461 = ORIENTED_EDGE('',*,*,#327,.F.);
#2462 = PLANE('',#2463);
#2463 = AXIS2_PLACEMENT_3D('',#2464,#2465,#2466);
#2464 = CARTESIAN_POINT('',(95.,-10.42556485986,270.70658541484));
#2465 = DIRECTION('',(0.,0.107718582853,-0.99418142555));
#2466 = DIRECTION('',(0.,0.99418142555,0.107718582853));
#2467 = ADVANCED_FACE('',(#2468),#2486,.F.);
#2468 = FACE_BOUND('',#2469,.F.);
#2469 = EDGE_LOOP('',(#2470,#2478,#2484,#2485));
#2470 = ORIENTED_EDGE('',*,*,#2471,.T.);
#2471 = EDGE_CURVE('',#272,#2472,#2474,.T.);
#2472 = VERTEX_POINT('',#2473);
#2473 = CARTESIAN_POINT('',(92.8,4.381428675988,271.20029451124));
#2474 = LINE('',#2475,#2476);
#2475 = CARTESIAN_POINT('',(95.,4.381428675988,271.20029451124));
#2476 = VECTOR('',#2477,1.);
#2477 = DIRECTION('',(-1.,0.,0.));
#2478 = ORIENTED_EDGE('',*,*,#2479,.T.);
#2479 = EDGE_CURVE('',#2472,#2424,#2480,.T.);
#2480 = LINE('',#2481,#2482);
#2481 = CARTESIAN_POINT('',(92.8,4.378549511574,271.20045825471));
#2482 = VECTOR('',#2483,1.);
#2483 = DIRECTION('',(0.,0.998386707722,-5.678011837809E-02));
#2484 = ORIENTED_EDGE('',*,*,#2423,.F.);
#2485 = ORIENTED_EDGE('',*,*,#271,.F.);
#2486 = PLANE('',#2487);
#2487 = AXIS2_PLACEMENT_3D('',#2488,#2489,#2490);
#2488 = CARTESIAN_POINT('',(95.,4.381428675988,271.20029451124));
#2489 = DIRECTION('',(-0.,-5.678011837809E-02,-0.998386707722));
#2490 = DIRECTION('',(0.,0.998386707722,-5.678011837809E-02));
#2491 = ADVANCED_FACE('',(#2492),#2510,.F.);
#2492 = FACE_BOUND('',#2493,.F.);
#2493 = EDGE_LOOP('',(#2494,#2495,#2503,#2509));
#2494 = ORIENTED_EDGE('',*,*,#2456,.T.);
#2495 = ORIENTED_EDGE('',*,*,#2496,.T.);
#2496 = EDGE_CURVE('',#2449,#2497,#2499,.T.);
#2497 = VERTEX_POINT('',#2498);
#2498 = CARTESIAN_POINT('',(92.8,-6.466613685177,271.08170614188));
#2499 = LINE('',#2500,#2501);
#2500 = CARTESIAN_POINT('',(92.8,-8.484567534729,270.91697871336));
#2501 = VECTOR('',#2502,1.);
#2502 = DIRECTION('',(0.,0.996684755922,8.13602932132E-02));
#2503 = ORIENTED_EDGE('',*,*,#2504,.F.);
#2504 = EDGE_CURVE('',#312,#2497,#2505,.T.);
#2505 = LINE('',#2506,#2507);
#2506 = CARTESIAN_POINT('',(95.,-6.466613685177,271.08170614188));
#2507 = VECTOR('',#2508,1.);
#2508 = DIRECTION('',(-1.,0.,0.));
#2509 = ORIENTED_EDGE('',*,*,#319,.F.);
#2510 = PLANE('',#2511);
#2511 = AXIS2_PLACEMENT_3D('',#2512,#2513,#2514);
#2512 = CARTESIAN_POINT('',(95.,-8.481268605635,270.91724800797));
#2513 = DIRECTION('',(0.,8.13602932132E-02,-0.996684755922));
#2514 = DIRECTION('',(0.,0.996684755922,8.13602932132E-02));
#2515 = ADVANCED_FACE('',(#2516),#2534,.F.);
#2516 = FACE_BOUND('',#2517,.F.);
#2517 = EDGE_LOOP('',(#2518,#2526,#2532,#2533));
#2518 = ORIENTED_EDGE('',*,*,#2519,.T.);
#2519 = EDGE_CURVE('',#280,#2520,#2522,.T.);
#2520 = VERTEX_POINT('',#2521);
#2521 = CARTESIAN_POINT('',(92.8,2.225720609589,271.27305821877));
#2522 = LINE('',#2523,#2524);
#2523 = CARTESIAN_POINT('',(95.,2.225720609589,271.27305821877));
#2524 = VECTOR('',#2525,1.);
#2525 = DIRECTION('',(-1.,0.,0.));
#2526 = ORIENTED_EDGE('',*,*,#2527,.T.);
#2527 = EDGE_CURVE('',#2520,#2472,#2528,.T.);
#2528 = LINE('',#2529,#2530);
#2529 = CARTESIAN_POINT('',(92.8,2.223016391137,271.27314949688));
#2530 = VECTOR('',#2531,1.);
#2531 = DIRECTION('',(0.,0.999430821037,-3.373475893709E-02));
#2532 = ORIENTED_EDGE('',*,*,#2471,.F.);
#2533 = ORIENTED_EDGE('',*,*,#279,.F.);
#2534 = PLANE('',#2535);
#2535 = AXIS2_PLACEMENT_3D('',#2536,#2537,#2538);
#2536 = CARTESIAN_POINT('',(95.,2.225720609589,271.27305821877));
#2537 = DIRECTION('',(-0.,-3.373475893709E-02,-0.999430821037));
#2538 = DIRECTION('',(0.,0.999430821037,-3.373475893709E-02));
#2539 = ADVANCED_FACE('',(#2540),#2558,.F.);
#2540 = FACE_BOUND('',#2541,.F.);
#2541 = EDGE_LOOP('',(#2542,#2543,#2551,#2557));
#2542 = ORIENTED_EDGE('',*,*,#2504,.T.);
#2543 = ORIENTED_EDGE('',*,*,#2544,.T.);
#2544 = EDGE_CURVE('',#2497,#2545,#2547,.T.);
#2545 = VERTEX_POINT('',#2546);
#2546 = CARTESIAN_POINT('',(92.8,-4.381428675988,271.20029451124));
#2547 = LINE('',#2548,#2549);
#2548 = CARTESIAN_POINT('',(92.8,-6.469688828133,271.08153125275));
#2549 = VECTOR('',#2550,1.);
#2550 = DIRECTION('',(0.,0.998386707722,5.678011837809E-02));
#2551 = ORIENTED_EDGE('',*,*,#2552,.F.);
#2552 = EDGE_CURVE('',#304,#2545,#2553,.T.);
#2553 = LINE('',#2554,#2555);
#2554 = CARTESIAN_POINT('',(95.,-4.381428675988,271.20029451124));
#2555 = VECTOR('',#2556,1.);
#2556 = DIRECTION('',(-1.,0.,0.));
#2557 = ORIENTED_EDGE('',*,*,#311,.F.);
#2558 = PLANE('',#2559);
#2559 = AXIS2_PLACEMENT_3D('',#2560,#2561,#2562);
#2560 = CARTESIAN_POINT('',(95.,-6.466613685177,271.08170614188));
#2561 = DIRECTION('',(0.,5.678011837809E-02,-0.998386707722));
#2562 = DIRECTION('',(0.,0.998386707722,5.678011837809E-02));
#2563 = ADVANCED_FACE('',(#2564),#2582,.F.);
#2564 = FACE_BOUND('',#2565,.F.);
#2565 = EDGE_LOOP('',(#2566,#2574,#2580,#2581));
#2566 = ORIENTED_EDGE('',*,*,#2567,.T.);
#2567 = EDGE_CURVE('',#288,#2568,#2570,.T.);
#2568 = VERTEX_POINT('',#2569);
#2569 = CARTESIAN_POINT('',(92.8,5.E-15,271.29998170992));
#2570 = LINE('',#2571,#2572);
#2571 = CARTESIAN_POINT('',(95.,4.77E-15,271.29998170992));
#2572 = VECTOR('',#2573,1.);
#2573 = DIRECTION('',(-1.,0.,0.));
#2574 = ORIENTED_EDGE('',*,*,#2575,.T.);
#2575 = EDGE_CURVE('',#2568,#2520,#2576,.T.);
#2576 = LINE('',#2577,#2578);
#2577 = CARTESIAN_POINT('',(92.8,-3.023910710101E-03,271.30001828874));
#2578 = VECTOR('',#2579,1.);
#2579 = DIRECTION('',(0.,0.999926845036,-1.209564284041E-02));
#2580 = ORIENTED_EDGE('',*,*,#2519,.F.);
#2581 = ORIENTED_EDGE('',*,*,#287,.F.);
#2582 = PLANE('',#2583);
#2583 = AXIS2_PLACEMENT_3D('',#2584,#2585,#2586);
#2584 = CARTESIAN_POINT('',(95.,4.77E-15,271.29998170992));
#2585 = DIRECTION('',(-0.,-1.209564284041E-02,-0.999926845036));
#2586 = DIRECTION('',(0.,0.999926845036,-1.209564284041E-02));
#2587 = ADVANCED_FACE('',(#2588),#2606,.F.);
#2588 = FACE_BOUND('',#2589,.F.);
#2589 = EDGE_LOOP('',(#2590,#2591,#2599,#2605));
#2590 = ORIENTED_EDGE('',*,*,#2552,.T.);
#2591 = ORIENTED_EDGE('',*,*,#2592,.T.);
#2592 = EDGE_CURVE('',#2545,#2593,#2595,.T.);
#2593 = VERTEX_POINT('',#2594);
#2594 = CARTESIAN_POINT('',(92.8,-2.225720609589,271.27305821877));
#2595 = LINE('',#2596,#2597);
#2596 = CARTESIAN_POINT('',(92.8,-4.384310851434,271.20019722638));
#2597 = VECTOR('',#2598,1.);
#2598 = DIRECTION('',(0.,0.999430821037,3.373475893709E-02));
#2599 = ORIENTED_EDGE('',*,*,#2600,.F.);
#2600 = EDGE_CURVE('',#296,#2593,#2601,.T.);
#2601 = LINE('',#2602,#2603);
#2602 = CARTESIAN_POINT('',(95.,-2.225720609589,271.27305821877));
#2603 = VECTOR('',#2604,1.);
#2604 = DIRECTION('',(-1.,0.,0.));
#2605 = ORIENTED_EDGE('',*,*,#303,.F.);
#2606 = PLANE('',#2607);
#2607 = AXIS2_PLACEMENT_3D('',#2608,#2609,#2610);
#2608 = CARTESIAN_POINT('',(95.,-4.381428675988,271.20029451124));
#2609 = DIRECTION('',(0.,3.373475893709E-02,-0.999430821037));
#2610 = DIRECTION('',(0.,0.999430821037,3.373475893709E-02));
#2611 = ADVANCED_FACE('',(#2612),#2623,.F.);
#2612 = FACE_BOUND('',#2613,.F.);
#2613 = EDGE_LOOP('',(#2614,#2615,#2621,#2622));
#2614 = ORIENTED_EDGE('',*,*,#2600,.T.);
#2615 = ORIENTED_EDGE('',*,*,#2616,.T.);
#2616 = EDGE_CURVE('',#2593,#2568,#2617,.T.);
#2617 = LINE('',#2618,#2619);
#2618 = CARTESIAN_POINT('',(92.8,-2.228426170161,271.27302549088));
#2619 = VECTOR('',#2620,1.);
#2620 = DIRECTION('',(0.,0.999926845036,1.209564284041E-02));
#2621 = ORIENTED_EDGE('',*,*,#2567,.F.);
#2622 = ORIENTED_EDGE('',*,*,#295,.F.);
#2623 = PLANE('',#2624);
#2624 = AXIS2_PLACEMENT_3D('',#2625,#2626,#2627);
#2625 = CARTESIAN_POINT('',(95.,-2.225720609589,271.27305821877));
#2626 = DIRECTION('',(0.,1.209564284041E-02,-0.999926845036));
#2627 = DIRECTION('',(0.,0.999926845036,1.209564284041E-02));
#2628 = ADVANCED_FACE('',(#2629),#2648,.F.);
#2629 = FACE_BOUND('',#2630,.F.);
#2630 = EDGE_LOOP('',(#2631,#2632,#2640,#2647));
#2631 = ORIENTED_EDGE('',*,*,#575,.F.);
#2632 = ORIENTED_EDGE('',*,*,#2633,.F.);
#2633 = EDGE_CURVE('',#2634,#576,#2636,.T.);
#2634 = VERTEX_POINT('',#2635);
#2635 = CARTESIAN_POINT('',(93.9,-29.,258.9));
#2636 = LINE('',#2637,#2638);
#2637 = CARTESIAN_POINT('',(93.9,-29.,258.9));
#2638 = VECTOR('',#2639,1.);
#2639 = DIRECTION('',(0.707106781187,-1.7E-16,-0.707106781187));
#2640 = ORIENTED_EDGE('',*,*,#2641,.T.);
#2641 = EDGE_CURVE('',#2634,#2634,#2642,.T.);
#2642 = CIRCLE('',#2643,1.1);
#2643 = AXIS2_PLACEMENT_3D('',#2644,#2645,#2646);
#2644 = CARTESIAN_POINT('',(93.9,-29.,260.));
#2645 = DIRECTION('',(1.,-0.,0.));
#2646 = DIRECTION('',(0.,0.,-1.));
#2647 = ORIENTED_EDGE('',*,*,#2633,.T.);
#2648 = CONICAL_SURFACE('',#2649,1.1,0.785398163397);
#2649 = AXIS2_PLACEMENT_3D('',#2650,#2651,#2652);
#2650 = CARTESIAN_POINT('',(93.9,-29.,260.));
#2651 = DIRECTION('',(1.,0.,0.));
#2652 = DIRECTION('',(0.,0.,-1.));
#2653 = ADVANCED_FACE('',(#2654),#2827,.F.);
#2654 = FACE_BOUND('',#2655,.F.);
#2655 = EDGE_LOOP('',(#2656,#2664,#2825,#2826));
#2656 = ORIENTED_EDGE('',*,*,#2657,.F.);
#2657 = EDGE_CURVE('',#2658,#587,#2660,.T.);
#2658 = VERTEX_POINT('',#2659);
#2659 = CARTESIAN_POINT('',(92.8,-16.,255.95162389116));
#2660 = LINE('',#2661,#2662);
#2661 = CARTESIAN_POINT('',(88.,-16.,255.95162389116));
#2662 = VECTOR('',#2663,1.);
#2663 = DIRECTION('',(1.,0.,0.));
#2664 = ORIENTED_EDGE('',*,*,#2665,.T.);
#2665 = EDGE_CURVE('',#2658,#2658,#2666,.T.);
#2666 = B_SPLINE_CURVE_WITH_KNOTS('',7,(#2667,#2668,#2669,#2670,#2671,
    #2672,#2673,#2674,#2675,#2676,#2677,#2678,#2679,#2680,#2681,#2682,
    #2683,#2684,#2685,#2686,#2687,#2688,#2689,#2690,#2691,#2692,#2693,
    #2694,#2695,#2696,#2697,#2698,#2699,#2700,#2701,#2702,#2703,#2704,
    #2705,#2706,#2707,#2708,#2709,#2710,#2711,#2712,#2713,#2714,#2715,
    #2716,#2717,#2718,#2719,#2720,#2721,#2722,#2723,#2724,#2725,#2726,
    #2727,#2728,#2729,#2730,#2731,#2732,#2733,#2734,#2735,#2736,#2737,
    #2738,#2739,#2740,#2741,#2742,#2743,#2744,#2745,#2746,#2747,#2748,
    #2749,#2750,#2751,#2752,#2753,#2754,#2755,#2756,#2757,#2758,#2759,
    #2760,#2761,#2762,#2763,#2764,#2765,#2766,#2767,#2768,#2769,#2770,
    #2771,#2772,#2773,#2774,#2775,#2776,#2777,#2778,#2779,#2780,#2781,
    #2782,#2783,#2784,#2785,#2786,#2787,#2788,#2789,#2790,#2791,#2792,
    #2793,#2794,#2795,#2796,#2797,#2798,#2799,#2800,#2801,#2802,#2803,
    #2804,#2805,#2806,#2807,#2808,#2809,#2810,#2811,#2812,#2813,#2814,
    #2815,#2816,#2817,#2818,#2819,#2820,#2821,#2822,#2823,#2824),
  .UNSPECIFIED.,.T.,.F.,(8,6,6,6,6,6,6,6,6,6,6,6,6,6,6,6,6,6,6,6,6,6,6,6
    ,6,6,8),(0.,4.893523756178E-02,8.068490407906E-02,0.122013677019,
    0.154772135823,0.181243312947,0.249994251192,0.318745189437,
    0.345216366561,0.377974825365,0.419303598305,0.451053264822,
    0.467442417862,0.500002752492,0.522436345381,0.548952770862,
    0.580702012527,0.622030232434,0.654788252887,0.681259075792,
    0.750009094059,0.818759112326,0.845229935232,0.877987955684,
    0.919316175591,0.951065417256,1.),.UNSPECIFIED.);
#2667 = CARTESIAN_POINT('',(92.8,-16.,255.95162389116));
#2668 = CARTESIAN_POINT('',(92.8,-16.35058295623,255.95162389116));
#2669 = CARTESIAN_POINT('',(92.8,-16.70132241141,255.9210095609));
#2670 = CARTESIAN_POINT('',(92.8,-17.048649554,255.85973238322));
#2671 = CARTESIAN_POINT('',(92.8,-17.3896197755,255.76897558606));
#2672 = CARTESIAN_POINT('',(92.8,-17.72179862512,255.65061964649));
#2673 = CARTESIAN_POINT('',(92.8,-18.04321426625,255.50703146746));
#2674 = CARTESIAN_POINT('',(92.8,-18.55286822084,255.23308432203));
#2675 = CARTESIAN_POINT('',(92.8,-18.74833254778,255.11573654925));
#2676 = CARTESIAN_POINT('',(92.8,-18.93837952289,254.9894997492));
#2677 = CARTESIAN_POINT('',(92.8,-19.12277630208,254.85503985592));
#2678 = CARTESIAN_POINT('',(92.8,-19.30137054868,254.71300197493));
#2679 = CARTESIAN_POINT('',(92.8,-19.47407609139,254.5639901037));
#2680 = CARTESIAN_POINT('',(92.8,-19.85797015356,254.20622013136));
#2681 = CARTESIAN_POINT('',(92.8,-20.06502374366,253.99302312116));
#2682 = CARTESIAN_POINT('',(92.8,-20.26198674335,253.77015305718));
#2683 = CARTESIAN_POINT('',(92.8,-20.44890491193,253.53869634033));
#2684 = CARTESIAN_POINT('',(92.8,-20.62588973395,253.29962164669));
#2685 = CARTESIAN_POINT('',(92.8,-20.79310161199,253.05376656576));
#2686 = CARTESIAN_POINT('',(92.8,-21.07567660165,252.60212698769));
#2687 = CARTESIAN_POINT('',(92.8,-21.19459133981,252.39862112414));
#2688 = CARTESIAN_POINT('',(92.8,-21.30756846192,252.19166196603));
#2689 = CARTESIAN_POINT('',(92.8,-21.41469857851,251.98157405106));
#2690 = CARTESIAN_POINT('',(92.8,-21.51607125675,251.76865105226));
#2691 = CARTESIAN_POINT('',(92.8,-21.61177455434,251.55315569375));
#2692 = CARTESIAN_POINT('',(92.8,-21.77471795684,251.15929257978));
#2693 = CARTESIAN_POINT('',(92.8,-21.84389411345,250.98174070068));
#2694 = CARTESIAN_POINT('',(92.8,-21.90946741559,250.80278821052));
#2695 = CARTESIAN_POINT('',(92.8,-21.9714795379,250.62255147539));
#2696 = CARTESIAN_POINT('',(92.8,-22.02996943732,250.44113904605));
#2697 = CARTESIAN_POINT('',(92.8,-22.08497335311,250.25865165793));
#2698 = CARTESIAN_POINT('',(92.8,-22.27041423672,249.59867545652));
#2699 = CARTESIAN_POINT('',(92.8,-22.3809965981,249.11561313024));
#2700 = CARTESIAN_POINT('',(92.8,-22.46889488926,248.62754009997));
#2701 = CARTESIAN_POINT('',(92.8,-22.53452471777,248.13586797271));
#2702 = CARTESIAN_POINT('',(92.8,-22.5781713194,247.64189052988));
#2703 = CARTESIAN_POINT('',(92.8,-22.6,247.14678852886));
#2704 = CARTESIAN_POINT('',(92.8,-22.6,246.15645925347));
#2705 = CARTESIAN_POINT('',(92.8,-22.5781713194,245.66135725245));
#2706 = CARTESIAN_POINT('',(92.8,-22.53452471777,245.16737980962));
#2707 = CARTESIAN_POINT('',(92.8,-22.46889488926,244.67570768236));
#2708 = CARTESIAN_POINT('',(92.8,-22.3809965981,244.18763465209));
#2709 = CARTESIAN_POINT('',(92.8,-22.27041423673,243.70457232581));
#2710 = CARTESIAN_POINT('',(92.8,-22.08497335311,243.0445961244));
#2711 = CARTESIAN_POINT('',(92.8,-22.02996943732,242.86210873628));
#2712 = CARTESIAN_POINT('',(92.8,-21.9714795379,242.68069630694));
#2713 = CARTESIAN_POINT('',(92.8,-21.90946741559,242.50045957181));
#2714 = CARTESIAN_POINT('',(92.8,-21.84389411345,242.32150708165));
#2715 = CARTESIAN_POINT('',(92.8,-21.77471795685,242.14395520255));
#2716 = CARTESIAN_POINT('',(92.8,-21.61177455434,241.75009208858));
#2717 = CARTESIAN_POINT('',(92.8,-21.51607125675,241.53459673007));
#2718 = CARTESIAN_POINT('',(92.8,-21.41469857851,241.32167373127));
#2719 = CARTESIAN_POINT('',(92.8,-21.30756846192,241.1115858163));
#2720 = CARTESIAN_POINT('',(92.8,-21.19459133981,240.90462665819));
#2721 = CARTESIAN_POINT('',(92.8,-21.07567660165,240.70112079464));
#2722 = CARTESIAN_POINT('',(92.8,-20.79310161199,240.24948121657));
#2723 = CARTESIAN_POINT('',(92.8,-20.62588973395,240.00362613564));
#2724 = CARTESIAN_POINT('',(92.8,-20.44890491193,239.764551442));
#2725 = CARTESIAN_POINT('',(92.8,-20.26198674335,239.53309472515));
#2726 = CARTESIAN_POINT('',(92.8,-20.06502374366,239.31022466117));
#2727 = CARTESIAN_POINT('',(92.8,-19.85797015356,239.09702765097));
#2728 = CARTESIAN_POINT('',(92.8,-19.47407609139,238.73925767863));
#2729 = CARTESIAN_POINT('',(92.8,-19.30137054868,238.5902458074));
#2730 = CARTESIAN_POINT('',(92.8,-19.12277630209,238.44820792641));
#2731 = CARTESIAN_POINT('',(92.8,-18.93837952289,238.31374803313));
#2732 = CARTESIAN_POINT('',(92.8,-18.74833254778,238.18751123308));
#2733 = CARTESIAN_POINT('',(92.8,-18.55286822084,238.0701634603));
#2734 = CARTESIAN_POINT('',(92.8,-18.24879473849,237.9067191041));
#2735 = CARTESIAN_POINT('',(92.8,-18.14391764597,237.85361883118));
#2736 = CARTESIAN_POINT('',(92.8,-18.03773464729,237.80315537167));
#2737 = CARTESIAN_POINT('',(92.8,-17.93030035358,237.75541955443));
#2738 = CARTESIAN_POINT('',(92.8,-17.82167707237,237.71050013627));
#2739 = CARTESIAN_POINT('',(92.8,-17.7119354182,237.66848236523));
#2740 = CARTESIAN_POINT('',(92.8,-17.38106728495,237.55189406717));
#2741 = CARTESIAN_POINT('',(92.8,-17.15683810043,237.4860965839));
#2742 = CARTESIAN_POINT('',(92.8,-16.92914612873,237.43271172783));
#2743 = CARTESIAN_POINT('',(92.8,-16.69874457103,237.39227284138));
#2744 = CARTESIAN_POINT('',(92.8,-16.46646368091,237.36517136461));
#2745 = CARTESIAN_POINT('',(92.8,-16.23321539729,237.35162389116));
#2746 = CARTESIAN_POINT('',(92.8,-15.83931801261,237.35162389116));
#2747 = CARTESIAN_POINT('',(92.8,-15.6786298652,237.35805497772));
#2748 = CARTESIAN_POINT('',(92.8,-15.51825242716,237.37091757346));
#2749 = CARTESIAN_POINT('',(92.8,-15.35848845468,237.39016507246));
#2750 = CARTESIAN_POINT('',(92.8,-15.19962687982,237.4157078238));
#2751 = CARTESIAN_POINT('',(92.8,-15.04194309956,237.44741711514));
#2752 = CARTESIAN_POINT('',(92.8,-14.70101961864,237.52970465221));
#2753 = CARTESIAN_POINT('',(92.8,-14.51833903655,237.58267000778));
#2754 = CARTESIAN_POINT('',(92.8,-14.33808131985,237.64375676552));
#2755 = CARTESIAN_POINT('',(92.8,-14.16060756097,237.71264141578));
#2756 = CARTESIAN_POINT('',(92.8,-13.98622191863,237.78896172449));
#2757 = CARTESIAN_POINT('',(92.8,-13.81517739295,237.8723330611));
#2758 = CARTESIAN_POINT('',(92.8,-13.44713177915,238.07016346029));
#2759 = CARTESIAN_POINT('',(92.8,-13.25166745221,238.18751123308));
#2760 = CARTESIAN_POINT('',(92.8,-13.0616204771,238.31374803313));
#2761 = CARTESIAN_POINT('',(92.8,-12.87722369791,238.44820792641));
#2762 = CARTESIAN_POINT('',(92.8,-12.69862945131,238.5902458074));
#2763 = CARTESIAN_POINT('',(92.8,-12.5259239086,238.73925767863));
#2764 = CARTESIAN_POINT('',(92.8,-12.14202984644,239.09702765097));
#2765 = CARTESIAN_POINT('',(92.8,-11.93497625634,239.31022466117));
#2766 = CARTESIAN_POINT('',(92.8,-11.73801325664,239.53309472515));
#2767 = CARTESIAN_POINT('',(92.8,-11.55109508806,239.764551442));
#2768 = CARTESIAN_POINT('',(92.8,-11.37411026605,240.00362613563));
#2769 = CARTESIAN_POINT('',(92.8,-11.20689838801,240.24948121657));
#2770 = CARTESIAN_POINT('',(92.8,-10.92432339834,240.70112079463));
#2771 = CARTESIAN_POINT('',(92.8,-10.80540866018,240.90462665819));
#2772 = CARTESIAN_POINT('',(92.8,-10.69243153807,241.1115858163));
#2773 = CARTESIAN_POINT('',(92.8,-10.58530142148,241.32167373127));
#2774 = CARTESIAN_POINT('',(92.8,-10.48392874324,241.53459673007));
#2775 = CARTESIAN_POINT('',(92.8,-10.38822544565,241.75009208858));
#2776 = CARTESIAN_POINT('',(92.8,-10.22528204315,242.14395520255));
#2777 = CARTESIAN_POINT('',(92.8,-10.15610588654,242.32150708164));
#2778 = CARTESIAN_POINT('',(92.8,-10.0905325844,242.50045957181));
#2779 = CARTESIAN_POINT('',(92.8,-10.02852046209,242.68069630694));
#2780 = CARTESIAN_POINT('',(92.8,-9.970030562678,242.86210873628));
#2781 = CARTESIAN_POINT('',(92.8,-9.915026646887,243.0445961244));
#2782 = CARTESIAN_POINT('',(92.8,-9.729585763271,243.7045723258));
#2783 = CARTESIAN_POINT('',(92.8,-9.619003401899,244.18763465208));
#2784 = CARTESIAN_POINT('',(92.8,-9.531105110732,244.67570768236));
#2785 = CARTESIAN_POINT('',(92.8,-9.465475282228,245.16737980962));
#2786 = CARTESIAN_POINT('',(92.8,-9.421828680594,245.66135725245));
#2787 = CARTESIAN_POINT('',(92.8,-9.4,246.15645925347));
#2788 = CARTESIAN_POINT('',(92.8,-9.4,247.14678852886));
#2789 = CARTESIAN_POINT('',(92.8,-9.421828680593,247.64189052988));
#2790 = CARTESIAN_POINT('',(92.8,-9.465475282228,248.13586797271));
#2791 = CARTESIAN_POINT('',(92.8,-9.531105110732,248.62754009996));
#2792 = CARTESIAN_POINT('',(92.8,-9.619003401899,249.11561313024));
#2793 = CARTESIAN_POINT('',(92.8,-9.72958576327,249.59867545652));
#2794 = CARTESIAN_POINT('',(92.8,-9.915026646886,250.25865165793));
#2795 = CARTESIAN_POINT('',(92.8,-9.970030562677,250.44113904605));
#2796 = CARTESIAN_POINT('',(92.8,-10.02852046209,250.62255147539));
#2797 = CARTESIAN_POINT('',(92.8,-10.0905325844,250.80278821052));
#2798 = CARTESIAN_POINT('',(92.8,-10.15610588654,250.98174070068));
#2799 = CARTESIAN_POINT('',(92.8,-10.22528204315,251.15929257978));
#2800 = CARTESIAN_POINT('',(92.8,-10.38822544565,251.55315569375));
#2801 = CARTESIAN_POINT('',(92.8,-10.48392874324,251.76865105226));
#2802 = CARTESIAN_POINT('',(92.8,-10.58530142148,251.98157405105));
#2803 = CARTESIAN_POINT('',(92.8,-10.69243153807,252.19166196603));
#2804 = CARTESIAN_POINT('',(92.8,-10.80540866018,252.39862112414));
#2805 = CARTESIAN_POINT('',(92.8,-10.92432339834,252.60212698769));
#2806 = CARTESIAN_POINT('',(92.8,-11.206898388,253.05376656576));
#2807 = CARTESIAN_POINT('',(92.8,-11.37411026604,253.29962164669));
#2808 = CARTESIAN_POINT('',(92.8,-11.55109508806,253.53869634033));
#2809 = CARTESIAN_POINT('',(92.8,-11.73801325664,253.77015305718));
#2810 = CARTESIAN_POINT('',(92.8,-11.93497625634,253.99302312116));
#2811 = CARTESIAN_POINT('',(92.8,-12.14202984643,254.20622013136));
#2812 = CARTESIAN_POINT('',(92.8,-12.5259239086,254.5639901037));
#2813 = CARTESIAN_POINT('',(92.8,-12.69862945131,254.71300197493));
#2814 = CARTESIAN_POINT('',(92.8,-12.87722369791,254.85503985592));
#2815 = CARTESIAN_POINT('',(92.8,-13.0616204771,254.98949974919));
#2816 = CARTESIAN_POINT('',(92.8,-13.25166745221,255.11573654925));
#2817 = CARTESIAN_POINT('',(92.8,-13.44713177915,255.23308432203));
#2818 = CARTESIAN_POINT('',(92.8,-13.95678573374,255.50703146746));
#2819 = CARTESIAN_POINT('',(92.8,-14.27820137488,255.6506196465));
#2820 = CARTESIAN_POINT('',(92.8,-14.61038022449,255.76897558606));
#2821 = CARTESIAN_POINT('',(92.8,-14.95135044599,255.85973238322));
#2822 = CARTESIAN_POINT('',(92.8,-15.29867758858,255.9210095609));
#2823 = CARTESIAN_POINT('',(92.8,-15.64941704376,255.95162389116));
#2824 = CARTESIAN_POINT('',(92.8,-16.,255.95162389116));
#2825 = ORIENTED_EDGE('',*,*,#2657,.T.);
#2826 = ORIENTED_EDGE('',*,*,#586,.F.);
#2827 = SURFACE_OF_LINEAR_EXTRUSION('',#2828,#2833);
#2828 = ELLIPSE('',#2829,9.3,6.6);
#2829 = AXIS2_PLACEMENT_3D('',#2830,#2831,#2832);
#2830 = CARTESIAN_POINT('',(88.,-16.,246.65162389116));
#2831 = DIRECTION('',(-1.,0.,0.));
#2832 = DIRECTION('',(0.,0.,1.));
#2833 = VECTOR('',#2834,1.);
#2834 = DIRECTION('',(-1.,-0.,-0.));
#2835 = ADVANCED_FACE('',(#2836),#2855,.F.);
#2836 = FACE_BOUND('',#2837,.F.);
#2837 = EDGE_LOOP('',(#2838,#2839,#2847,#2854));
#2838 = ORIENTED_EDGE('',*,*,#751,.F.);
#2839 = ORIENTED_EDGE('',*,*,#2840,.F.);
#2840 = EDGE_CURVE('',#2841,#752,#2843,.T.);
#2841 = VERTEX_POINT('',#2842);
#2842 = CARTESIAN_POINT('',(93.9,-29.,236.9));
#2843 = LINE('',#2844,#2845);
#2844 = CARTESIAN_POINT('',(93.9,-29.,236.9));
#2845 = VECTOR('',#2846,1.);
#2846 = DIRECTION('',(0.707106781187,-1.7E-16,-0.707106781187));
#2847 = ORIENTED_EDGE('',*,*,#2848,.T.);
#2848 = EDGE_CURVE('',#2841,#2841,#2849,.T.);
#2849 = CIRCLE('',#2850,1.1);
#2850 = AXIS2_PLACEMENT_3D('',#2851,#2852,#2853);
#2851 = CARTESIAN_POINT('',(93.9,-29.,238.));
#2852 = DIRECTION('',(1.,-0.,0.));
#2853 = DIRECTION('',(0.,0.,-1.));
#2854 = ORIENTED_EDGE('',*,*,#2840,.T.);
#2855 = CONICAL_SURFACE('',#2856,1.1,0.785398163397);
#2856 = AXIS2_PLACEMENT_3D('',#2857,#2858,#2859);
#2857 = CARTESIAN_POINT('',(93.9,-29.,238.));
#2858 = DIRECTION('',(1.,0.,0.));
#2859 = DIRECTION('',(0.,0.,-1.));
#2860 = ADVANCED_FACE('',(#2861),#2880,.F.);
#2861 = FACE_BOUND('',#2862,.T.);
#2862 = EDGE_LOOP('',(#2863,#2871,#2878,#2879));
#2863 = ORIENTED_EDGE('',*,*,#2864,.F.);
#2864 = EDGE_CURVE('',#2865,#763,#2867,.T.);
#2865 = VERTEX_POINT('',#2866);
#2866 = CARTESIAN_POINT('',(92.8,0.,261.85162389116));
#2867 = LINE('',#2868,#2869);
#2868 = CARTESIAN_POINT('',(88.,-3.2E-16,261.85162389116));
#2869 = VECTOR('',#2870,1.);
#2870 = DIRECTION('',(1.,0.,0.));
#2871 = ORIENTED_EDGE('',*,*,#2872,.T.);
#2872 = EDGE_CURVE('',#2865,#2865,#2873,.T.);
#2873 = CIRCLE('',#2874,1.3);
#2874 = AXIS2_PLACEMENT_3D('',#2875,#2876,#2877);
#2875 = CARTESIAN_POINT('',(92.8,0.,263.15162389116));
#2876 = DIRECTION('',(-1.,-0.,-2.2E-16));
#2877 = DIRECTION('',(2.2E-16,0.,-1.));
#2878 = ORIENTED_EDGE('',*,*,#2864,.T.);
#2879 = ORIENTED_EDGE('',*,*,#762,.F.);
#2880 = CYLINDRICAL_SURFACE('',#2881,1.3);
#2881 = AXIS2_PLACEMENT_3D('',#2882,#2883,#2884);
#2882 = CARTESIAN_POINT('',(88.,0.,263.15162389116));
#2883 = DIRECTION('',(-1.,-0.,0.));
#2884 = DIRECTION('',(0.,0.,-1.));
#2885 = ADVANCED_FACE('',(#2886),#2905,.F.);
#2886 = FACE_BOUND('',#2887,.F.);
#2887 = EDGE_LOOP('',(#2888,#2889,#2897,#2904));
#2888 = ORIENTED_EDGE('',*,*,#773,.F.);
#2889 = ORIENTED_EDGE('',*,*,#2890,.F.);
#2890 = EDGE_CURVE('',#2891,#774,#2893,.T.);
#2891 = VERTEX_POINT('',#2892);
#2892 = CARTESIAN_POINT('',(93.9,29.,258.9));
#2893 = LINE('',#2894,#2895);
#2894 = CARTESIAN_POINT('',(93.9,29.,258.9));
#2895 = VECTOR('',#2896,1.);
#2896 = DIRECTION('',(0.707106781187,-1.7E-16,-0.707106781187));
#2897 = ORIENTED_EDGE('',*,*,#2898,.T.);
#2898 = EDGE_CURVE('',#2891,#2891,#2899,.T.);
#2899 = CIRCLE('',#2900,1.1);
#2900 = AXIS2_PLACEMENT_3D('',#2901,#2902,#2903);
#2901 = CARTESIAN_POINT('',(93.9,29.,260.));
#2902 = DIRECTION('',(1.,-0.,0.));
#2903 = DIRECTION('',(0.,0.,-1.));
#2904 = ORIENTED_EDGE('',*,*,#2890,.T.);
#2905 = CONICAL_SURFACE('',#2906,1.1,0.785398163397);
#2906 = AXIS2_PLACEMENT_3D('',#2907,#2908,#2909);
#2907 = CARTESIAN_POINT('',(93.9,29.,260.));
#2908 = DIRECTION('',(1.,0.,0.));
#2909 = DIRECTION('',(0.,0.,-1.));
#2910 = ADVANCED_FACE('',(#2911),#2936,.T.);
#2911 = FACE_BOUND('',#2912,.T.);
#2912 = EDGE_LOOP('',(#2913,#2923,#2929,#2930));
#2913 = ORIENTED_EDGE('',*,*,#2914,.T.);
#2914 = EDGE_CURVE('',#2915,#2917,#2919,.T.);
#2915 = VERTEX_POINT('',#2916);
#2916 = CARTESIAN_POINT('',(92.8,2.,243.65162389116));
#2917 = VERTEX_POINT('',#2918);
#2918 = CARTESIAN_POINT('',(92.8,-2.,243.65162389116));
#2919 = LINE('',#2920,#2921);
#2920 = CARTESIAN_POINT('',(92.8,-1.,243.65162389116));
#2921 = VECTOR('',#2922,1.);
#2922 = DIRECTION('',(-2.2E-16,-1.,0.));
#2923 = ORIENTED_EDGE('',*,*,#2924,.T.);
#2924 = EDGE_CURVE('',#2917,#787,#2925,.T.);
#2925 = LINE('',#2926,#2927);
#2926 = CARTESIAN_POINT('',(86.,-2.,243.65162389116));
#2927 = VECTOR('',#2928,1.);
#2928 = DIRECTION('',(1.,0.,0.));
#2929 = ORIENTED_EDGE('',*,*,#784,.F.);
#2930 = ORIENTED_EDGE('',*,*,#2931,.F.);
#2931 = EDGE_CURVE('',#2915,#785,#2932,.T.);
#2932 = LINE('',#2933,#2934);
#2933 = CARTESIAN_POINT('',(86.,2.,243.65162389116));
#2934 = VECTOR('',#2935,1.);
#2935 = DIRECTION('',(1.,0.,0.));
#2936 = PLANE('',#2937);
#2937 = AXIS2_PLACEMENT_3D('',#2938,#2939,#2940);
#2938 = CARTESIAN_POINT('',(86.,-2.,243.65162389116));
#2939 = DIRECTION('',(0.,0.,1.));
#2940 = DIRECTION('',(1.,0.,0.));
#2941 = ADVANCED_FACE('',(#2942),#2961,.F.);
#2942 = FACE_BOUND('',#2943,.T.);
#2943 = EDGE_LOOP('',(#2944,#2953,#2954,#2955));
#2944 = ORIENTED_EDGE('',*,*,#2945,.T.);
#2945 = EDGE_CURVE('',#2946,#2915,#2948,.T.);
#2946 = VERTEX_POINT('',#2947);
#2947 = CARTESIAN_POINT('',(92.8,2.,251.65162389116));
#2948 = CIRCLE('',#2949,4.);
#2949 = AXIS2_PLACEMENT_3D('',#2950,#2951,#2952);
#2950 = CARTESIAN_POINT('',(92.8,2.,247.65162389116));
#2951 = DIRECTION('',(-1.,-0.,-2.2E-16));
#2952 = DIRECTION('',(2.2E-16,0.,-1.));
#2953 = ORIENTED_EDGE('',*,*,#2931,.T.);
#2954 = ORIENTED_EDGE('',*,*,#811,.F.);
#2955 = ORIENTED_EDGE('',*,*,#2956,.F.);
#2956 = EDGE_CURVE('',#2946,#804,#2957,.T.);
#2957 = LINE('',#2958,#2959);
#2958 = CARTESIAN_POINT('',(86.,2.,251.65162389116));
#2959 = VECTOR('',#2960,1.);
#2960 = DIRECTION('',(1.,0.,0.));
#2961 = CYLINDRICAL_SURFACE('',#2962,4.);
#2962 = AXIS2_PLACEMENT_3D('',#2963,#2964,#2965);
#2963 = CARTESIAN_POINT('',(86.,2.,247.65162389116));
#2964 = DIRECTION('',(-1.,-0.,0.));
#2965 = DIRECTION('',(0.,0.,-1.));
#2966 = ADVANCED_FACE('',(#2967),#2986,.F.);
#2967 = FACE_BOUND('',#2968,.T.);
#2968 = EDGE_LOOP('',(#2969,#2970,#2979,#2985));
#2969 = ORIENTED_EDGE('',*,*,#2924,.F.);
#2970 = ORIENTED_EDGE('',*,*,#2971,.T.);
#2971 = EDGE_CURVE('',#2917,#2972,#2974,.T.);
#2972 = VERTEX_POINT('',#2973);
#2973 = CARTESIAN_POINT('',(92.8,-2.,251.65162389116));
#2974 = CIRCLE('',#2975,4.);
#2975 = AXIS2_PLACEMENT_3D('',#2976,#2977,#2978);
#2976 = CARTESIAN_POINT('',(92.8,-2.,247.65162389116));
#2977 = DIRECTION('',(-1.,-0.,-2.2E-16));
#2978 = DIRECTION('',(2.2E-16,0.,-1.));
#2979 = ORIENTED_EDGE('',*,*,#2980,.T.);
#2980 = EDGE_CURVE('',#2972,#795,#2981,.T.);
#2981 = LINE('',#2982,#2983);
#2982 = CARTESIAN_POINT('',(86.,-2.,251.65162389116));
#2983 = VECTOR('',#2984,1.);
#2984 = DIRECTION('',(1.,0.,0.));
#2985 = ORIENTED_EDGE('',*,*,#794,.F.);
#2986 = CYLINDRICAL_SURFACE('',#2987,4.);
#2987 = AXIS2_PLACEMENT_3D('',#2988,#2989,#2990);
#2988 = CARTESIAN_POINT('',(86.,-2.,247.65162389116));
#2989 = DIRECTION('',(-1.,-0.,0.));
#2990 = DIRECTION('',(0.,0.,-1.));
#2991 = ADVANCED_FACE('',(#2992),#3003,.F.);
#2992 = FACE_BOUND('',#2993,.F.);
#2993 = EDGE_LOOP('',(#2994,#3000,#3001,#3002));
#2994 = ORIENTED_EDGE('',*,*,#2995,.T.);
#2995 = EDGE_CURVE('',#2946,#2972,#2996,.T.);
#2996 = LINE('',#2997,#2998);
#2997 = CARTESIAN_POINT('',(92.8,-1.,251.65162389116));
#2998 = VECTOR('',#2999,1.);
#2999 = DIRECTION('',(-2.2E-16,-1.,0.));
#3000 = ORIENTED_EDGE('',*,*,#2980,.T.);
#3001 = ORIENTED_EDGE('',*,*,#803,.F.);
#3002 = ORIENTED_EDGE('',*,*,#2956,.F.);
#3003 = PLANE('',#3004);
#3004 = AXIS2_PLACEMENT_3D('',#3005,#3006,#3007);
#3005 = CARTESIAN_POINT('',(86.,-2.,251.65162389116));
#3006 = DIRECTION('',(0.,0.,1.));
#3007 = DIRECTION('',(1.,0.,0.));
#3008 = ADVANCED_FACE('',(#3009),#3156,.F.);
#3009 = FACE_BOUND('',#3010,.F.);
#3010 = EDGE_LOOP('',(#3011,#3019,#3154,#3155));
#3011 = ORIENTED_EDGE('',*,*,#3012,.F.);
#3012 = EDGE_CURVE('',#3013,#821,#3015,.T.);
#3013 = VERTEX_POINT('',#3014);
#3014 = CARTESIAN_POINT('',(92.8,16.,255.95162389116));
#3015 = LINE('',#3016,#3017);
#3016 = CARTESIAN_POINT('',(88.,16.,255.95162389116));
#3017 = VECTOR('',#3018,1.);
#3018 = DIRECTION('',(1.,0.,0.));
#3019 = ORIENTED_EDGE('',*,*,#3020,.T.);
#3020 = EDGE_CURVE('',#3013,#3013,#3021,.T.);
#3021 = B_SPLINE_CURVE_WITH_KNOTS('',6,(#3022,#3023,#3024,#3025,#3026,
    #3027,#3028,#3029,#3030,#3031,#3032,#3033,#3034,#3035,#3036,#3037,
    #3038,#3039,#3040,#3041,#3042,#3043,#3044,#3045,#3046,#3047,#3048,
    #3049,#3050,#3051,#3052,#3053,#3054,#3055,#3056,#3057,#3058,#3059,
    #3060,#3061,#3062,#3063,#3064,#3065,#3066,#3067,#3068,#3069,#3070,
    #3071,#3072,#3073,#3074,#3075,#3076,#3077,#3078,#3079,#3080,#3081,
    #3082,#3083,#3084,#3085,#3086,#3087,#3088,#3089,#3090,#3091,#3092,
    #3093,#3094,#3095,#3096,#3097,#3098,#3099,#3100,#3101,#3102,#3103,
    #3104,#3105,#3106,#3107,#3108,#3109,#3110,#3111,#3112,#3113,#3114,
    #3115,#3116,#3117,#3118,#3119,#3120,#3121,#3122,#3123,#3124,#3125,
    #3126,#3127,#3128,#3129,#3130,#3131,#3132,#3133,#3134,#3135,#3136,
    #3137,#3138,#3139,#3140,#3141,#3142,#3143,#3144,#3145,#3146,#3147,
    #3148,#3149,#3150,#3151,#3152,#3153),.UNSPECIFIED.,.T.,.F.,(7,5,5,5,
    5,5,5,5,5,5,5,5,5,5,5,5,5,5,5,5,5,5,5,5,5,5,7),(0.,
    4.894225177259E-02,8.069154827567E-02,0.12201920158,0.154776402839,
    0.181246644654,0.249995438207,0.318744231761,0.345214473577,
    0.377971674835,0.41929932814,0.451048624643,0.467437747882,
    0.499998610562,0.522432908129,0.548949903581,0.580699303682,
    0.622027091839,0.654784399985,0.681254728173,0.750003746055,
    0.818752763937,0.845223092124,0.87798040027,0.919308188427,
    0.951057588528,1.),.UNSPECIFIED.);
#3022 = CARTESIAN_POINT('',(92.8,16.,255.95162389116));
#3023 = CARTESIAN_POINT('',(92.8,15.591046491737,255.95162445133));
#3024 = CARTESIAN_POINT('',(92.8,15.181735773779,255.90877363171));
#3025 = CARTESIAN_POINT('',(92.8,14.778489633027,255.82294975116));
#3026 = CARTESIAN_POINT('',(92.8,14.386149134726,255.69696324135));
#3027 = CARTESIAN_POINT('',(92.8,14.008355422362,255.53475043209));
#3028 = CARTESIAN_POINT('',(92.8,13.413709053536,255.21511941593));
#3029 = CARTESIAN_POINT('',(92.8,13.186851380375,255.07598313663));
#3030 = CARTESIAN_POINT('',(92.8,12.967694213674,254.92463600104));
#3031 = CARTESIAN_POINT('',(92.8,12.756592667968,254.76224285154));
#3032 = CARTESIAN_POINT('',(92.8,12.553723497465,254.589898281));
#3033 = CARTESIAN_POINT('',(92.8,12.105847012587,254.17249956086));
#3034 = CARTESIAN_POINT('',(92.8,11.866628013245,253.92123292125));
#3035 = CARTESIAN_POINT('',(92.8,11.641550216752,253.65684113753));
#3036 = CARTESIAN_POINT('',(92.8,11.430486091362,253.3811668281));
#3037 = CARTESIAN_POINT('',(92.8,11.233171558806,253.09575894784));
#3038 = CARTESIAN_POINT('',(92.8,10.903499401692,252.56884413719));
#3039 = CARTESIAN_POINT('',(92.8,10.766172538233,252.33053188644));
#3040 = CARTESIAN_POINT('',(92.8,10.637125882633,252.08750949014));
#3041 = CARTESIAN_POINT('',(92.8,10.516201831317,251.8403268321));
#3042 = CARTESIAN_POINT('',(92.8,10.403245644569,251.58946167618));
#3043 = CARTESIAN_POINT('',(92.8,10.213144852895,251.12995469244));
#3044 = CARTESIAN_POINT('',(92.8,10.133290346587,250.92245507802));
#3045 = CARTESIAN_POINT('',(92.8,10.058464279426,250.713038072));
#3046 = CARTESIAN_POINT('',(92.8,9.98859533404,250.50190272579));
#3047 = CARTESIAN_POINT('',(92.8,9.923618523864,250.28922989334));
#3048 = CARTESIAN_POINT('',(92.8,9.707270529532,249.51925605269));
#3049 = CARTESIAN_POINT('',(92.8,9.583696643544,248.95415619928));
#3050 = CARTESIAN_POINT('',(92.8,9.491661743682,248.38257985065));
#3051 = CARTESIAN_POINT('',(92.8,9.430560127047,247.80692035812));
#3052 = CARTESIAN_POINT('',(92.8,9.39999992677,247.22931492125));
#3053 = CARTESIAN_POINT('',(92.8,9.39999992677,246.07393286108));
#3054 = CARTESIAN_POINT('',(92.8,9.430560127046,245.49632742421));
#3055 = CARTESIAN_POINT('',(92.8,9.491661743682,244.92066793168));
#3056 = CARTESIAN_POINT('',(92.8,9.583696643543,244.34909158305));
#3057 = CARTESIAN_POINT('',(92.8,9.707270529532,243.78399172964));
#3058 = CARTESIAN_POINT('',(92.8,9.923618523864,243.01401788899));
#3059 = CARTESIAN_POINT('',(92.8,9.98859533404,242.80134505654));
#3060 = CARTESIAN_POINT('',(92.8,10.058464279425,242.59020971033));
#3061 = CARTESIAN_POINT('',(92.8,10.133290346586,242.38079270431));
#3062 = CARTESIAN_POINT('',(92.8,10.213144852894,242.17329308989));
#3063 = CARTESIAN_POINT('',(92.8,10.403245644568,241.71378610615));
#3064 = CARTESIAN_POINT('',(92.8,10.516201831316,241.46292095023));
#3065 = CARTESIAN_POINT('',(92.8,10.637125882632,241.21573829219));
#3066 = CARTESIAN_POINT('',(92.8,10.766172538233,240.97271589589));
#3067 = CARTESIAN_POINT('',(92.8,10.903499401692,240.73440364514));
#3068 = CARTESIAN_POINT('',(92.8,11.233171558805,240.20748883449));
#3069 = CARTESIAN_POINT('',(92.8,11.430486091361,239.92208095423));
#3070 = CARTESIAN_POINT('',(92.8,11.641550216751,239.6464066448));
#3071 = CARTESIAN_POINT('',(92.8,11.866628013244,239.38201486107));
#3072 = CARTESIAN_POINT('',(92.8,12.105847012586,239.13074822147));
#3073 = CARTESIAN_POINT('',(92.8,12.553723497464,238.71334950133));
#3074 = CARTESIAN_POINT('',(92.8,12.756592667967,238.54100493079));
#3075 = CARTESIAN_POINT('',(92.8,12.967694213673,238.37861178129));
#3076 = CARTESIAN_POINT('',(92.8,13.186851380374,238.2272646457));
#3077 = CARTESIAN_POINT('',(92.8,13.413709053535,238.0881283664));
#3078 = CARTESIAN_POINT('',(92.8,13.768459289421,237.897444777));
#3079 = CARTESIAN_POINT('',(92.8,13.891131595902,237.83608844895));
#3080 = CARTESIAN_POINT('',(92.8,14.015615566537,237.7784556278));
#3081 = CARTESIAN_POINT('',(92.8,14.141811601446,237.72470486374));
#3082 = CARTESIAN_POINT('',(92.8,14.2696012617,237.67498829041));
#3083 = CARTESIAN_POINT('',(92.8,14.655618423117,237.53896711654));
#3084 = CARTESIAN_POINT('',(92.8,14.918179960433,237.46494874449));
#3085 = CARTESIAN_POINT('',(92.8,15.185353918423,237.40853553765));
#3086 = CARTESIAN_POINT('',(92.8,15.455783328083,237.37058973739));
#3087 = CARTESIAN_POINT('',(92.8,15.727920083686,237.35162386614));
#3088 = CARTESIAN_POINT('',(92.8,16.187461905873,237.35162383376));
#3089 = CARTESIAN_POINT('',(92.8,16.374933396774,237.3606273906));
#3090 = CARTESIAN_POINT('',(92.8,16.561858695819,237.37863528982));
#3091 = CARTESIAN_POINT('',(92.8,16.747715936547,237.4055383118));
#3092 = CARTESIAN_POINT('',(92.8,16.932015897219,237.44113163076));
#3093 = CARTESIAN_POINT('',(92.8,17.329758487771,237.53713325395));
#3094 = CARTESIAN_POINT('',(92.8,17.542421855202,237.60088447412));
#3095 = CARTESIAN_POINT('',(92.8,17.751543459899,237.67591182105));
#3096 = CARTESIAN_POINT('',(92.8,17.956526926152,237.76161570175));
#3097 = CARTESIAN_POINT('',(92.8,18.156905121719,237.85732676266));
#3098 = CARTESIAN_POINT('',(92.8,18.586290946463,238.0881283664));
#3099 = CARTESIAN_POINT('',(92.8,18.813148619625,238.22726464569));
#3100 = CARTESIAN_POINT('',(92.8,19.032305786326,238.37861178129));
#3101 = CARTESIAN_POINT('',(92.8,19.243407332032,238.54100493079));
#3102 = CARTESIAN_POINT('',(92.8,19.446276502534,238.71334950133));
#3103 = CARTESIAN_POINT('',(92.8,19.894152987413,239.13074822147));
#3104 = CARTESIAN_POINT('',(92.8,20.133371986755,239.38201486107));
#3105 = CARTESIAN_POINT('',(92.8,20.358449783248,239.6464066448));
#3106 = CARTESIAN_POINT('',(92.8,20.569513908638,239.92208095422));
#3107 = CARTESIAN_POINT('',(92.8,20.766828441193,240.20748883449));
#3108 = CARTESIAN_POINT('',(92.8,21.096500598307,240.73440364514));
#3109 = CARTESIAN_POINT('',(92.8,21.233827461766,240.97271589589));
#3110 = CARTESIAN_POINT('',(92.8,21.362874117367,241.21573829219));
#3111 = CARTESIAN_POINT('',(92.8,21.483798168683,241.46292095023));
#3112 = CARTESIAN_POINT('',(92.8,21.596754355431,241.71378610614));
#3113 = CARTESIAN_POINT('',(92.8,21.786855147105,242.17329308989));
#3114 = CARTESIAN_POINT('',(92.8,21.866709653413,242.38079270431));
#3115 = CARTESIAN_POINT('',(92.8,21.941535720574,242.59020971032));
#3116 = CARTESIAN_POINT('',(92.8,22.01140466596,242.80134505654));
#3117 = CARTESIAN_POINT('',(92.8,22.076381476136,243.01401788899));
#3118 = CARTESIAN_POINT('',(92.8,22.292729470468,243.78399172964));
#3119 = CARTESIAN_POINT('',(92.8,22.416303356456,244.34909158305));
#3120 = CARTESIAN_POINT('',(92.8,22.508338256318,244.92066793168));
#3121 = CARTESIAN_POINT('',(92.8,22.569439872953,245.49632742421));
#3122 = CARTESIAN_POINT('',(92.8,22.60000007323,246.07393286108));
#3123 = CARTESIAN_POINT('',(92.8,22.60000007323,247.22931492125));
#3124 = CARTESIAN_POINT('',(92.8,22.569439872955,247.80692035812));
#3125 = CARTESIAN_POINT('',(92.8,22.508338256316,248.38257985065));
#3126 = CARTESIAN_POINT('',(92.8,22.416303356458,248.95415619928));
#3127 = CARTESIAN_POINT('',(92.8,22.292729470468,249.51925605269));
#3128 = CARTESIAN_POINT('',(92.8,22.076381476136,250.28922989334));
#3129 = CARTESIAN_POINT('',(92.8,22.01140466596,250.50190272579));
#3130 = CARTESIAN_POINT('',(92.8,21.941535720575,250.713038072));
#3131 = CARTESIAN_POINT('',(92.8,21.866709653414,250.92245507802));
#3132 = CARTESIAN_POINT('',(92.8,21.786855147106,251.12995469243));
#3133 = CARTESIAN_POINT('',(92.8,21.596754355432,251.58946167618));
#3134 = CARTESIAN_POINT('',(92.8,21.483798168684,251.84032683209));
#3135 = CARTESIAN_POINT('',(92.8,21.362874117368,252.08750949014));
#3136 = CARTESIAN_POINT('',(92.8,21.233827461767,252.33053188644));
#3137 = CARTESIAN_POINT('',(92.8,21.096500598308,252.56884413719));
#3138 = CARTESIAN_POINT('',(92.8,20.766828441195,253.09575894784));
#3139 = CARTESIAN_POINT('',(92.8,20.569513908639,253.3811668281));
#3140 = CARTESIAN_POINT('',(92.8,20.358449783249,253.65684113753));
#3141 = CARTESIAN_POINT('',(92.8,20.133371986756,253.92123292125));
#3142 = CARTESIAN_POINT('',(92.8,19.894152987414,254.17249956086));
#3143 = CARTESIAN_POINT('',(92.8,19.446276502536,254.589898281));
#3144 = CARTESIAN_POINT('',(92.8,19.243407332033,254.76224285154));
#3145 = CARTESIAN_POINT('',(92.8,19.032305786327,254.92463600104));
#3146 = CARTESIAN_POINT('',(92.8,18.813148619626,255.07598313663));
#3147 = CARTESIAN_POINT('',(92.8,18.586290946465,255.21511941593));
#3148 = CARTESIAN_POINT('',(92.8,17.991644577638,255.53475043209));
#3149 = CARTESIAN_POINT('',(92.8,17.613850865276,255.69696324135));
#3150 = CARTESIAN_POINT('',(92.8,17.221510366972,255.82294975116));
#3151 = CARTESIAN_POINT('',(92.8,16.818264226223,255.90877363171));
#3152 = CARTESIAN_POINT('',(92.8,16.408953508263,255.95162445133));
#3153 = CARTESIAN_POINT('',(92.8,16.,255.95162389116));
#3154 = ORIENTED_EDGE('',*,*,#3012,.T.);
#3155 = ORIENTED_EDGE('',*,*,#820,.F.);
#3156 = SURFACE_OF_LINEAR_EXTRUSION('',#3157,#3162);
#3157 = ELLIPSE('',#3158,9.3,6.6);
#3158 = AXIS2_PLACEMENT_3D('',#3159,#3160,#3161);
#3159 = CARTESIAN_POINT('',(88.,16.,246.65162389116));
#3160 = DIRECTION('',(-1.,0.,0.));
#3161 = DIRECTION('',(0.,0.,1.));
#3162 = VECTOR('',#3163,1.);
#3163 = DIRECTION('',(-1.,-0.,-0.));
#3164 = ADVANCED_FACE('',(#3165),#3184,.F.);
#3165 = FACE_BOUND('',#3166,.F.);
#3166 = EDGE_LOOP('',(#3167,#3168,#3176,#3183));
#3167 = ORIENTED_EDGE('',*,*,#959,.F.);
#3168 = ORIENTED_EDGE('',*,*,#3169,.F.);
#3169 = EDGE_CURVE('',#3170,#960,#3172,.T.);
#3170 = VERTEX_POINT('',#3171);
#3171 = CARTESIAN_POINT('',(93.9,29.,236.9));
#3172 = LINE('',#3173,#3174);
#3173 = CARTESIAN_POINT('',(93.9,29.,236.9));
#3174 = VECTOR('',#3175,1.);
#3175 = DIRECTION('',(0.707106781187,-1.7E-16,-0.707106781187));
#3176 = ORIENTED_EDGE('',*,*,#3177,.T.);
#3177 = EDGE_CURVE('',#3170,#3170,#3178,.T.);
#3178 = CIRCLE('',#3179,1.1);
#3179 = AXIS2_PLACEMENT_3D('',#3180,#3181,#3182);
#3180 = CARTESIAN_POINT('',(93.9,29.,238.));
#3181 = DIRECTION('',(1.,-0.,0.));
#3182 = DIRECTION('',(0.,0.,-1.));
#3183 = ORIENTED_EDGE('',*,*,#3169,.T.);
#3184 = CONICAL_SURFACE('',#3185,1.1,0.785398163397);
#3185 = AXIS2_PLACEMENT_3D('',#3186,#3187,#3188);
#3186 = CARTESIAN_POINT('',(93.9,29.,238.));
#3187 = DIRECTION('',(1.,0.,0.));
#3188 = DIRECTION('',(0.,0.,-1.));
#3189 = ADVANCED_FACE('',(#3190,#3261,#3272,#3275,#3286,#3289,#3300,
    #3306,#3309),#3320,.F.);
#3190 = FACE_BOUND('',#3191,.F.);
#3191 = EDGE_LOOP('',(#3192,#3193,#3194,#3195,#3196,#3197,#3198,#3199,
    #3200,#3201,#3202,#3203,#3204,#3205,#3206,#3207,#3208,#3209,#3210,
    #3211,#3212,#3213,#3214,#3215,#3216,#3217,#3218,#3219,#3220,#3221,
    #3222,#3223,#3224,#3225,#3226,#3227,#3228,#3229,#3230,#3231,#3232,
    #3233,#3234,#3235,#3236,#3237,#3238,#3239,#3240,#3241,#3242,#3243,
    #3244,#3245,#3246,#3247,#3248,#3249,#3250,#3251,#3252,#3253,#3254,
    #3255,#3256,#3257,#3258,#3259,#3260));
#3192 = ORIENTED_EDGE('',*,*,#984,.T.);
#3193 = ORIENTED_EDGE('',*,*,#1032,.T.);
#3194 = ORIENTED_EDGE('',*,*,#1080,.T.);
#3195 = ORIENTED_EDGE('',*,*,#1128,.T.);
#3196 = ORIENTED_EDGE('',*,*,#1176,.T.);
#3197 = ORIENTED_EDGE('',*,*,#1224,.T.);
#3198 = ORIENTED_EDGE('',*,*,#1272,.T.);
#3199 = ORIENTED_EDGE('',*,*,#1320,.T.);
#3200 = ORIENTED_EDGE('',*,*,#1368,.T.);
#3201 = ORIENTED_EDGE('',*,*,#1416,.T.);
#3202 = ORIENTED_EDGE('',*,*,#1464,.T.);
#3203 = ORIENTED_EDGE('',*,*,#1512,.T.);
#3204 = ORIENTED_EDGE('',*,*,#1560,.T.);
#3205 = ORIENTED_EDGE('',*,*,#1608,.T.);
#3206 = ORIENTED_EDGE('',*,*,#1656,.T.);
#3207 = ORIENTED_EDGE('',*,*,#1704,.T.);
#3208 = ORIENTED_EDGE('',*,*,#1752,.T.);
#3209 = ORIENTED_EDGE('',*,*,#1800,.T.);
#3210 = ORIENTED_EDGE('',*,*,#1848,.T.);
#3211 = ORIENTED_EDGE('',*,*,#1896,.T.);
#3212 = ORIENTED_EDGE('',*,*,#1944,.T.);
#3213 = ORIENTED_EDGE('',*,*,#1992,.T.);
#3214 = ORIENTED_EDGE('',*,*,#2040,.T.);
#3215 = ORIENTED_EDGE('',*,*,#2088,.T.);
#3216 = ORIENTED_EDGE('',*,*,#2136,.T.);
#3217 = ORIENTED_EDGE('',*,*,#2184,.T.);
#3218 = ORIENTED_EDGE('',*,*,#2232,.T.);
#3219 = ORIENTED_EDGE('',*,*,#2280,.T.);
#3220 = ORIENTED_EDGE('',*,*,#2335,.F.);
#3221 = ORIENTED_EDGE('',*,*,#2383,.F.);
#3222 = ORIENTED_EDGE('',*,*,#2431,.F.);
#3223 = ORIENTED_EDGE('',*,*,#2479,.F.);
#3224 = ORIENTED_EDGE('',*,*,#2527,.F.);
#3225 = ORIENTED_EDGE('',*,*,#2575,.F.);
#3226 = ORIENTED_EDGE('',*,*,#2616,.F.);
#3227 = ORIENTED_EDGE('',*,*,#2592,.F.);
#3228 = ORIENTED_EDGE('',*,*,#2544,.F.);
#3229 = ORIENTED_EDGE('',*,*,#2496,.F.);
#3230 = ORIENTED_EDGE('',*,*,#2448,.F.);
#3231 = ORIENTED_EDGE('',*,*,#2400,.F.);
#3232 = ORIENTED_EDGE('',*,*,#2352,.F.);
#3233 = ORIENTED_EDGE('',*,*,#2304,.F.);
#3234 = ORIENTED_EDGE('',*,*,#2256,.F.);
#3235 = ORIENTED_EDGE('',*,*,#2208,.F.);
#3236 = ORIENTED_EDGE('',*,*,#2160,.F.);
#3237 = ORIENTED_EDGE('',*,*,#2112,.F.);
#3238 = ORIENTED_EDGE('',*,*,#2064,.F.);
#3239 = ORIENTED_EDGE('',*,*,#2016,.F.);
#3240 = ORIENTED_EDGE('',*,*,#1968,.F.);
#3241 = ORIENTED_EDGE('',*,*,#1920,.F.);
#3242 = ORIENTED_EDGE('',*,*,#1872,.F.);
#3243 = ORIENTED_EDGE('',*,*,#1824,.F.);
#3244 = ORIENTED_EDGE('',*,*,#1776,.F.);
#3245 = ORIENTED_EDGE('',*,*,#1728,.F.);
#3246 = ORIENTED_EDGE('',*,*,#1680,.F.);
#3247 = ORIENTED_EDGE('',*,*,#1632,.F.);
#3248 = ORIENTED_EDGE('',*,*,#1584,.F.);
#3249 = ORIENTED_EDGE('',*,*,#1536,.F.);
#3250 = ORIENTED_EDGE('',*,*,#1488,.F.);
#3251 = ORIENTED_EDGE('',*,*,#1440,.F.);
#3252 = ORIENTED_EDGE('',*,*,#1392,.F.);
#3253 = ORIENTED_EDGE('',*,*,#1344,.F.);
#3254 = ORIENTED_EDGE('',*,*,#1296,.F.);
#3255 = ORIENTED_EDGE('',*,*,#1248,.F.);
#3256 = ORIENTED_EDGE('',*,*,#1200,.F.);
#3257 = ORIENTED_EDGE('',*,*,#1159,.T.);
#3258 = ORIENTED_EDGE('',*,*,#1111,.T.);
#3259 = ORIENTED_EDGE('',*,*,#1063,.T.);
#3260 = ORIENTED_EDGE('',*,*,#1008,.F.);
#3261 = FACE_BOUND('',#3262,.F.);
#3262 = EDGE_LOOP('',(#3263));
#3263 = ORIENTED_EDGE('',*,*,#3264,.T.);
#3264 = EDGE_CURVE('',#3265,#3265,#3267,.T.);
#3265 = VERTEX_POINT('',#3266);
#3266 = CARTESIAN_POINT('',(92.8,-29.,258.9));
#3267 = CIRCLE('',#3268,1.1);
#3268 = AXIS2_PLACEMENT_3D('',#3269,#3270,#3271);
#3269 = CARTESIAN_POINT('',(92.8,-29.,260.));
#3270 = DIRECTION('',(-1.,-0.,-2.2E-16));
#3271 = DIRECTION('',(2.2E-16,0.,-1.));
#3272 = FACE_BOUND('',#3273,.F.);
#3273 = EDGE_LOOP('',(#3274));
#3274 = ORIENTED_EDGE('',*,*,#2665,.F.);
#3275 = FACE_BOUND('',#3276,.F.);
#3276 = EDGE_LOOP('',(#3277));
#3277 = ORIENTED_EDGE('',*,*,#3278,.T.);
#3278 = EDGE_CURVE('',#3279,#3279,#3281,.T.);
#3279 = VERTEX_POINT('',#3280);
#3280 = CARTESIAN_POINT('',(92.8,-29.,236.9));
#3281 = CIRCLE('',#3282,1.1);
#3282 = AXIS2_PLACEMENT_3D('',#3283,#3284,#3285);
#3283 = CARTESIAN_POINT('',(92.8,-29.,238.));
#3284 = DIRECTION('',(-1.,-0.,-2.2E-16));
#3285 = DIRECTION('',(2.2E-16,0.,-1.));
#3286 = FACE_BOUND('',#3287,.F.);
#3287 = EDGE_LOOP('',(#3288));
#3288 = ORIENTED_EDGE('',*,*,#2872,.T.);
#3289 = FACE_BOUND('',#3290,.F.);
#3290 = EDGE_LOOP('',(#3291));
#3291 = ORIENTED_EDGE('',*,*,#3292,.T.);
#3292 = EDGE_CURVE('',#3293,#3293,#3295,.T.);
#3293 = VERTEX_POINT('',#3294);
#3294 = CARTESIAN_POINT('',(92.8,29.,258.9));
#3295 = CIRCLE('',#3296,1.1);
#3296 = AXIS2_PLACEMENT_3D('',#3297,#3298,#3299);
#3297 = CARTESIAN_POINT('',(92.8,29.,260.));
#3298 = DIRECTION('',(-1.,-0.,-2.2E-16));
#3299 = DIRECTION('',(2.2E-16,0.,-1.));
#3300 = FACE_BOUND('',#3301,.F.);
#3301 = EDGE_LOOP('',(#3302,#3303,#3304,#3305));
#3302 = ORIENTED_EDGE('',*,*,#2914,.T.);
#3303 = ORIENTED_EDGE('',*,*,#2971,.T.);
#3304 = ORIENTED_EDGE('',*,*,#2995,.F.);
#3305 = ORIENTED_EDGE('',*,*,#2945,.T.);
#3306 = FACE_BOUND('',#3307,.F.);
#3307 = EDGE_LOOP('',(#3308));
#3308 = ORIENTED_EDGE('',*,*,#3020,.F.);
#3309 = FACE_BOUND('',#3310,.F.);
#3310 = EDGE_LOOP('',(#3311));
#3311 = ORIENTED_EDGE('',*,*,#3312,.T.);
#3312 = EDGE_CURVE('',#3313,#3313,#3315,.T.);
#3313 = VERTEX_POINT('',#3314);
#3314 = CARTESIAN_POINT('',(92.8,29.,236.9));
#3315 = CIRCLE('',#3316,1.1);
#3316 = AXIS2_PLACEMENT_3D('',#3317,#3318,#3319);
#3317 = CARTESIAN_POINT('',(92.8,29.,238.));
#3318 = DIRECTION('',(-1.,-0.,-2.2E-16));
#3319 = DIRECTION('',(2.2E-16,0.,-1.));
#3320 = PLANE('',#3321);
#3321 = AXIS2_PLACEMENT_3D('',#3322,#3323,#3324);
#3322 = CARTESIAN_POINT('',(92.8,-3.72E-15,249.15964869749));
#3323 = DIRECTION('',(1.,0.,0.));
#3324 = DIRECTION('',(0.,0.,-1.));
#3325 = ADVANCED_FACE('',(#3326),#3337,.F.);
#3326 = FACE_BOUND('',#3327,.T.);
#3327 = EDGE_LOOP('',(#3328,#3329,#3335,#3336));
#3328 = ORIENTED_EDGE('',*,*,#3264,.T.);
#3329 = ORIENTED_EDGE('',*,*,#3330,.T.);
#3330 = EDGE_CURVE('',#3265,#2634,#3331,.T.);
#3331 = LINE('',#3332,#3333);
#3332 = CARTESIAN_POINT('',(92.5,-29.,258.9));
#3333 = VECTOR('',#3334,1.);
#3334 = DIRECTION('',(1.,0.,0.));
#3335 = ORIENTED_EDGE('',*,*,#2641,.T.);
#3336 = ORIENTED_EDGE('',*,*,#3330,.F.);
#3337 = CYLINDRICAL_SURFACE('',#3338,1.1);
#3338 = AXIS2_PLACEMENT_3D('',#3339,#3340,#3341);
#3339 = CARTESIAN_POINT('',(92.5,-29.,260.));
#3340 = DIRECTION('',(-1.,-0.,0.));
#3341 = DIRECTION('',(0.,0.,-1.));
#3342 = ADVANCED_FACE('',(#3343),#3354,.F.);
#3343 = FACE_BOUND('',#3344,.T.);
#3344 = EDGE_LOOP('',(#3345,#3346,#3352,#3353));
#3345 = ORIENTED_EDGE('',*,*,#3278,.T.);
#3346 = ORIENTED_EDGE('',*,*,#3347,.T.);
#3347 = EDGE_CURVE('',#3279,#2841,#3348,.T.);
#3348 = LINE('',#3349,#3350);
#3349 = CARTESIAN_POINT('',(92.5,-29.,236.9));
#3350 = VECTOR('',#3351,1.);
#3351 = DIRECTION('',(1.,0.,0.));
#3352 = ORIENTED_EDGE('',*,*,#2848,.T.);
#3353 = ORIENTED_EDGE('',*,*,#3347,.F.);
#3354 = CYLINDRICAL_SURFACE('',#3355,1.1);
#3355 = AXIS2_PLACEMENT_3D('',#3356,#3357,#3358);
#3356 = CARTESIAN_POINT('',(92.5,-29.,238.));
#3357 = DIRECTION('',(-1.,-0.,0.));
#3358 = DIRECTION('',(0.,0.,-1.));
#3359 = ADVANCED_FACE('',(#3360),#3371,.F.);
#3360 = FACE_BOUND('',#3361,.T.);
#3361 = EDGE_LOOP('',(#3362,#3363,#3369,#3370));
#3362 = ORIENTED_EDGE('',*,*,#3292,.T.);
#3363 = ORIENTED_EDGE('',*,*,#3364,.T.);
#3364 = EDGE_CURVE('',#3293,#2891,#3365,.T.);
#3365 = LINE('',#3366,#3367);
#3366 = CARTESIAN_POINT('',(92.5,29.,258.9));
#3367 = VECTOR('',#3368,1.);
#3368 = DIRECTION('',(1.,0.,0.));
#3369 = ORIENTED_EDGE('',*,*,#2898,.T.);
#3370 = ORIENTED_EDGE('',*,*,#3364,.F.);
#3371 = CYLINDRICAL_SURFACE('',#3372,1.1);
#3372 = AXIS2_PLACEMENT_3D('',#3373,#3374,#3375);
#3373 = CARTESIAN_POINT('',(92.5,29.,260.));
#3374 = DIRECTION('',(-1.,-0.,0.));
#3375 = DIRECTION('',(0.,0.,-1.));
#3376 = ADVANCED_FACE('',(#3377),#3388,.F.);
#3377 = FACE_BOUND('',#3378,.T.);
#3378 = EDGE_LOOP('',(#3379,#3380,#3386,#3387));
#3379 = ORIENTED_EDGE('',*,*,#3312,.T.);
#3380 = ORIENTED_EDGE('',*,*,#3381,.T.);
#3381 = EDGE_CURVE('',#3313,#3170,#3382,.T.);
#3382 = LINE('',#3383,#3384);
#3383 = CARTESIAN_POINT('',(92.5,29.,236.9));
#3384 = VECTOR('',#3385,1.);
#3385 = DIRECTION('',(1.,0.,0.));
#3386 = ORIENTED_EDGE('',*,*,#3177,.T.);
#3387 = ORIENTED_EDGE('',*,*,#3381,.F.);
#3388 = CYLINDRICAL_SURFACE('',#3389,1.1);
#3389 = AXIS2_PLACEMENT_3D('',#3390,#3391,#3392);
#3390 = CARTESIAN_POINT('',(92.5,29.,238.));
#3391 = DIRECTION('',(-1.,-0.,0.));
#3392 = DIRECTION('',(0.,0.,-1.));
#3393 = ( GEOMETRIC_REPRESENTATION_CONTEXT(3) 
GLOBAL_UNCERTAINTY_ASSIGNED_CONTEXT((#3397)) 
GLOBAL_UNIT_ASSIGNED_CONTEXT((#3394,#3395,#3396)) REPRESENTATION_CONTEXT
('Context #1','3D Context with UNIT and UNCERTAINTY') );
#3394 = ( LENGTH_UNIT() NAMED_UNIT(*) SI_UNIT(.MILLI.,.METRE.) );
#3395 = ( NAMED_UNIT(*) PLANE_ANGLE_UNIT() SI_UNIT($,.RADIAN.) );
#3396 = ( NAMED_UNIT(*) SI_UNIT($,.STERADIAN.) SOLID_ANGLE_UNIT() );
#3397 = UNCERTAINTY_MEASURE_WITH_UNIT(LENGTH_MEASURE(2.E-06),#3394,
  'distance_accuracy_value','confusion accuracy');
#3398 = PRODUCT_RELATED_PRODUCT_CATEGORY('part',$,(#7));
ENDSEC;
END-ISO-10303-21;
