ISO-10303-21;
HEADER;
FILE_DESCRIPTION(('FreeCAD Model'),'2;1');
FILE_NAME('Open CASCADE Shape Model','2026-10-09T09:05:21',('FreeCAD'),(
    'FreeCAD'),'Open CASCADE STEP processor 7.8','FreeCAD','Unknown');
FILE_SCHEMA(('AUTOMOTIVE_DESIGN { 1 0 10303 214 1 1 1 1 }'));
ENDSEC;
DATA;
#1 = APPLICATION_PROTOCOL_DEFINITION('international standard',
  'automotive_design',2000,#2);
#2 = APPLICATION_CONTEXT(
  'core data for automotive mechanical design processes');
#3 = SHAPE_DEFINITION_REPRESENTATION(#4,#10);
#4 = PRODUCT_DEFINITION_SHAPE('','',#5);
#5 = PRODUCT_DEFINITION('design','',#6,#9);
#6 = PRODUCT_DEFINITION_FORMATION('','',#7);
#7 = PRODUCT('Open CASCADE STEP translator 7.8 1',
  'Open CASCADE STEP translator 7.8 1','',(#8));
#8 = PRODUCT_CONTEXT('',#2,'mechanical');
#9 = PRODUCT_DEFINITION_CONTEXT('part definition',#2,'design');
#10 = ADVANCED_BREP_SHAPE_REPRESENTATION('',(#11,#15),#6466);
#11 = AXIS2_PLACEMENT_3D('',#12,#13,#14);
#12 = CARTESIAN_POINT('',(0.,0.,0.));
#13 = DIRECTION('',(0.,0.,1.));
#14 = DIRECTION('',(1.,0.,-0.));
#15 = MANIFOLD_SOLID_BREP('',#16);
#16 = CLOSED_SHELL('',(#17,#57,#273,#308,#430,#447,#478,#557,#581,#1055,
    #1102,#1119,#1136,#1148,#1160,#1185,#1216,#1240,#1264,#1288,#1312,
    #1329,#1360,#1384,#1408,#1432,#1456,#1473,#1497,#1514,#1539,#1564,
    #1589,#1607,#1665,#1683,#1695,#1735,#1880,#1902,#1969,#2009,#2123,
    #2147,#2240,#2275,#2285,#2320,#2330,#2361,#2377,#2403,#2455,#2495,
    #2528,#2602,#2619,#2696,#2834,#2906,#2930,#2995,#3067,#3091,#3156,
    #3226,#3251,#3298,#3322,#3346,#3379,#3404,#3429,#3454,#3501,#3525,
    #3549,#3582,#3607,#3632,#3657,#3682,#3707,#3732,#3744,#3761,#3778,
    #3809,#3833,#3857,#3874,#3923,#3940,#3957,#3974,#3986,#4010,#4034,
    #4058,#4075,#4115,#4178,#4204,#4235,#4259,#4283,#4300,#4312,#4329,
    #4346,#4363,#4377,#4402,#4459,#4476,#4485,#4494,#4512,#4537,#4548,
    #4571,#4593,#4633,#4650,#4662,#4674,#4705,#4729,#4753,#4770,#4795,
    #4812,#4829,#4860,#4884,#4908,#4925,#4956,#4980,#5004,#5021,#5038,
    #5055,#5083,#5100,#5128,#5140,#5157,#5174,#5202,#5219,#5247,#5259,
    #5290,#5314,#5338,#5355,#5380,#5408,#5425,#5448,#5468,#5496,#5513,
    #5536,#5556,#5576,#5596,#5619,#5650,#5679,#5708,#5731,#5779,#5790,
    #5814,#5837,#5857,#5874,#5891,#5914,#5934,#5951,#5976,#5993,#6018,
    #6043,#6068,#6093,#6118,#6143,#6168,#6193,#6218,#6243,#6268,#6293,
    #6318,#6343,#6352,#6361,#6370,#6379,#6388,#6400,#6412,#6421,#6430,
    #6439,#6448,#6457));
#17 = ADVANCED_FACE('',(#18),#52,.T.);
#18 = FACE_BOUND('',#19,.T.);
#19 = EDGE_LOOP('',(#20,#30,#38,#46));
#20 = ORIENTED_EDGE('',*,*,#21,.F.);
#21 = EDGE_CURVE('',#22,#24,#26,.T.);
#22 = VERTEX_POINT('',#23);
#23 = CARTESIAN_POINT('',(32.5,-20.2,150.5));
#24 = VERTEX_POINT('',#25);
#25 = CARTESIAN_POINT('',(35.131439699551,-20.2,150.5));
#26 = LINE('',#27,#28);
#27 = CARTESIAN_POINT('',(32.5,-20.2,150.5));
#28 = VECTOR('',#29,1.);
#29 = DIRECTION('',(1.,0.,0.));
#30 = ORIENTED_EDGE('',*,*,#31,.F.);
#31 = EDGE_CURVE('',#32,#22,#34,.T.);
#32 = VERTEX_POINT('',#33);
#33 = CARTESIAN_POINT('',(32.5,-25.7,150.5));
#34 = LINE('',#35,#36);
#35 = CARTESIAN_POINT('',(32.5,-25.7,150.5));
#36 = VECTOR('',#37,1.);
#37 = DIRECTION('',(0.,1.,2.2E-16));
#38 = ORIENTED_EDGE('',*,*,#39,.T.);
#39 = EDGE_CURVE('',#32,#40,#42,.T.);
#40 = VERTEX_POINT('',#41);
#41 = CARTESIAN_POINT('',(35.131439699551,-25.7,150.5));
#42 = LINE('',#43,#44);
#43 = CARTESIAN_POINT('',(32.5,-25.7,150.5));
#44 = VECTOR('',#45,1.);
#45 = DIRECTION('',(1.,0.,0.));
#46 = ORIENTED_EDGE('',*,*,#47,.F.);
#47 = EDGE_CURVE('',#24,#40,#48,.T.);
#48 = LINE('',#49,#50);
#49 = CARTESIAN_POINT('',(35.131439699552,-25.7,150.5));
#50 = VECTOR('',#51,1.);
#51 = DIRECTION('',(-0.,-1.,-2.2E-16));
#52 = PLANE('',#53);
#53 = AXIS2_PLACEMENT_3D('',#54,#55,#56);
#54 = CARTESIAN_POINT('',(32.5,-25.7,150.5));
#55 = DIRECTION('',(0.,-2.2E-16,1.));
#56 = DIRECTION('',(1.,0.,0.));
#57 = ADVANCED_FACE('',(#58,#157,#168,#218),#268,.T.);
#58 = FACE_BOUND('',#59,.T.);
#59 = EDGE_LOOP('',(#60,#70,#78,#86,#94,#102,#108,#109,#118,#127,#135,
    #143,#151));
#60 = ORIENTED_EDGE('',*,*,#61,.F.);
#61 = EDGE_CURVE('',#62,#64,#66,.T.);
#62 = VERTEX_POINT('',#63);
#63 = CARTESIAN_POINT('',(31.7,-20.2,145.2));
#64 = VERTEX_POINT('',#65);
#65 = CARTESIAN_POINT('',(32.5,-20.2,145.2));
#66 = LINE('',#67,#68);
#67 = CARTESIAN_POINT('',(29.7,-20.2,145.2));
#68 = VECTOR('',#69,1.);
#69 = DIRECTION('',(1.,0.,0.));
#70 = ORIENTED_EDGE('',*,*,#71,.T.);
#71 = EDGE_CURVE('',#62,#72,#74,.T.);
#72 = VERTEX_POINT('',#73);
#73 = CARTESIAN_POINT('',(31.7,-20.2,147.2));
#74 = LINE('',#75,#76);
#75 = CARTESIAN_POINT('',(31.7,-20.2,140.9));
#76 = VECTOR('',#77,1.);
#77 = DIRECTION('',(2.5E-16,-2.2E-16,1.));
#78 = ORIENTED_EDGE('',*,*,#79,.T.);
#79 = EDGE_CURVE('',#72,#80,#82,.T.);
#80 = VERTEX_POINT('',#81);
#81 = CARTESIAN_POINT('',(29.7,-20.2,147.2));
#82 = LINE('',#83,#84);
#83 = CARTESIAN_POINT('',(15.907096873084,-20.2,147.2));
#84 = VECTOR('',#85,1.);
#85 = DIRECTION('',(-1.,0.,0.));
#86 = ORIENTED_EDGE('',*,*,#87,.T.);
#87 = EDGE_CURVE('',#80,#88,#90,.T.);
#88 = VERTEX_POINT('',#89);
#89 = CARTESIAN_POINT('',(29.7,-20.2,148.2));
#90 = LINE('',#91,#92);
#91 = CARTESIAN_POINT('',(29.7,-20.2,145.2));
#92 = VECTOR('',#93,1.);
#93 = DIRECTION('',(0.,-2.2E-16,1.));
#94 = ORIENTED_EDGE('',*,*,#95,.T.);
#95 = EDGE_CURVE('',#88,#96,#98,.T.);
#96 = VERTEX_POINT('',#97);
#97 = CARTESIAN_POINT('',(32.5,-20.2,148.2));
#98 = LINE('',#99,#100);
#99 = CARTESIAN_POINT('',(29.7,-20.2,148.2));
#100 = VECTOR('',#101,1.);
#101 = DIRECTION('',(1.,0.,0.));
#102 = ORIENTED_EDGE('',*,*,#103,.T.);
#103 = EDGE_CURVE('',#96,#22,#104,.T.);
#104 = LINE('',#105,#106);
#105 = CARTESIAN_POINT('',(32.5,-20.2,140.));
#106 = VECTOR('',#107,1.);
#107 = DIRECTION('',(0.,-2.2E-16,1.));
#108 = ORIENTED_EDGE('',*,*,#21,.T.);
#109 = ORIENTED_EDGE('',*,*,#110,.T.);
#110 = EDGE_CURVE('',#24,#111,#113,.T.);
#111 = VERTEX_POINT('',#112);
#112 = CARTESIAN_POINT('',(47.2,-20.2,152.5));
#113 = CIRCLE('',#114,6.2);
#114 = AXIS2_PLACEMENT_3D('',#115,#116,#117);
#115 = CARTESIAN_POINT('',(41.,-20.2,152.5));
#116 = DIRECTION('',(-0.,1.,2.2E-16));
#117 = DIRECTION('',(1.,0.,0.));
#118 = ORIENTED_EDGE('',*,*,#119,.T.);
#119 = EDGE_CURVE('',#111,#120,#122,.T.);
#120 = VERTEX_POINT('',#121);
#121 = CARTESIAN_POINT('',(46.868560300448,-20.2,150.5));
#122 = CIRCLE('',#123,6.2);
#123 = AXIS2_PLACEMENT_3D('',#124,#125,#126);
#124 = CARTESIAN_POINT('',(41.,-20.2,152.5));
#125 = DIRECTION('',(-0.,1.,2.2E-16));
#126 = DIRECTION('',(1.,0.,0.));
#127 = ORIENTED_EDGE('',*,*,#128,.T.);
#128 = EDGE_CURVE('',#120,#129,#131,.T.);
#129 = VERTEX_POINT('',#130);
#130 = CARTESIAN_POINT('',(49.5,-20.2,150.5));
#131 = LINE('',#132,#133);
#132 = CARTESIAN_POINT('',(32.5,-20.2,150.5));
#133 = VECTOR('',#134,1.);
#134 = DIRECTION('',(1.,0.,0.));
#135 = ORIENTED_EDGE('',*,*,#136,.F.);
#136 = EDGE_CURVE('',#137,#129,#139,.T.);
#137 = VERTEX_POINT('',#138);
#138 = CARTESIAN_POINT('',(49.5,-20.2,140.));
#139 = LINE('',#140,#141);
#140 = CARTESIAN_POINT('',(49.5,-20.2,140.));
#141 = VECTOR('',#142,1.);
#142 = DIRECTION('',(0.,-2.2E-16,1.));
#143 = ORIENTED_EDGE('',*,*,#144,.F.);
#144 = EDGE_CURVE('',#145,#137,#147,.T.);
#145 = VERTEX_POINT('',#146);
#146 = CARTESIAN_POINT('',(32.5,-20.2,140.));
#147 = LINE('',#148,#149);
#148 = CARTESIAN_POINT('',(32.5,-20.2,140.));
#149 = VECTOR('',#150,1.);
#150 = DIRECTION('',(1.,0.,0.));
#151 = ORIENTED_EDGE('',*,*,#152,.T.);
#152 = EDGE_CURVE('',#145,#64,#153,.T.);
#153 = LINE('',#154,#155);
#154 = CARTESIAN_POINT('',(32.5,-20.2,140.));
#155 = VECTOR('',#156,1.);
#156 = DIRECTION('',(0.,-2.2E-16,1.));
#157 = FACE_BOUND('',#158,.T.);
#158 = EDGE_LOOP('',(#159));
#159 = ORIENTED_EDGE('',*,*,#160,.T.);
#160 = EDGE_CURVE('',#161,#161,#163,.T.);
#161 = VERTEX_POINT('',#162);
#162 = CARTESIAN_POINT('',(43.25,-20.2,152.5));
#163 = CIRCLE('',#164,2.25);
#164 = AXIS2_PLACEMENT_3D('',#165,#166,#167);
#165 = CARTESIAN_POINT('',(41.,-20.2,152.5));
#166 = DIRECTION('',(0.,-1.,-2.2E-16));
#167 = DIRECTION('',(1.,0.,0.));
#168 = FACE_BOUND('',#169,.T.);
#169 = EDGE_LOOP('',(#170,#180,#188,#196,#204,#212));
#170 = ORIENTED_EDGE('',*,*,#171,.F.);
#171 = EDGE_CURVE('',#172,#174,#176,.T.);
#172 = VERTEX_POINT('',#173);
#173 = CARTESIAN_POINT('',(38.226869322028,-20.2,146.625));
#174 = VERTEX_POINT('',#175);
#175 = CARTESIAN_POINT('',(39.453738644056,-20.2,144.5));
#176 = LINE('',#177,#178);
#177 = CARTESIAN_POINT('',(38.856445209511,-20.2,145.53454257566));
#178 = VECTOR('',#179,1.);
#179 = DIRECTION('',(0.5,5.8E-16,-0.866025403784));
#180 = ORIENTED_EDGE('',*,*,#181,.F.);
#181 = EDGE_CURVE('',#182,#172,#184,.T.);
#182 = VERTEX_POINT('',#183);
#183 = CARTESIAN_POINT('',(35.773130677972,-20.2,146.625));
#184 = LINE('',#185,#186);
#185 = CARTESIAN_POINT('',(39.207429957652,-20.2,146.625));
#186 = VECTOR('',#187,1.);
#187 = DIRECTION('',(1.,0.,0.));
#188 = ORIENTED_EDGE('',*,*,#189,.F.);
#189 = EDGE_CURVE('',#190,#182,#192,.T.);
#190 = VERTEX_POINT('',#191);
#191 = CARTESIAN_POINT('',(34.546261355944,-20.2,144.5));
#192 = LINE('',#193,#194);
#193 = CARTESIAN_POINT('',(36.553987099823,-20.2,147.97748299606));
#194 = VECTOR('',#195,1.);
#195 = DIRECTION('',(0.5,-5.8E-16,0.866025403784));
#196 = ORIENTED_EDGE('',*,*,#197,.F.);
#197 = EDGE_CURVE('',#198,#190,#200,.T.);
#198 = VERTEX_POINT('',#199);
#199 = CARTESIAN_POINT('',(35.773130677972,-20.2,142.375));
#200 = LINE('',#201,#202);
#201 = CARTESIAN_POINT('',(34.562402582413,-20.2,144.47204257566));
#202 = VECTOR('',#203,1.);
#203 = DIRECTION('',(-0.5,-5.8E-16,0.866025403784));
#204 = ORIENTED_EDGE('',*,*,#205,.F.);
#205 = EDGE_CURVE('',#206,#198,#208,.T.);
#206 = VERTEX_POINT('',#207);
#207 = CARTESIAN_POINT('',(38.226869322028,-20.2,142.375));
#208 = LINE('',#209,#210);
#209 = CARTESIAN_POINT('',(37.980560635625,-20.2,142.375));
#210 = VECTOR('',#211,1.);
#211 = DIRECTION('',(-1.,0.,0.));
#212 = ORIENTED_EDGE('',*,*,#213,.F.);
#213 = EDGE_CURVE('',#174,#206,#214,.T.);
#214 = LINE('',#215,#216);
#215 = CARTESIAN_POINT('',(39.621160404892,-20.2,144.78998299606));
#216 = VECTOR('',#217,1.);
#217 = DIRECTION('',(-0.5,5.8E-16,-0.866025403784));
#218 = FACE_BOUND('',#219,.T.);
#219 = EDGE_LOOP('',(#220,#230,#238,#246,#254,#262));
#220 = ORIENTED_EDGE('',*,*,#221,.F.);
#221 = EDGE_CURVE('',#222,#224,#226,.T.);
#222 = VERTEX_POINT('',#223);
#223 = CARTESIAN_POINT('',(46.226869322028,-20.2,146.625));
#224 = VERTEX_POINT('',#225);
#225 = CARTESIAN_POINT('',(47.453738644056,-20.2,144.5));
#226 = LINE('',#227,#228);
#227 = CARTESIAN_POINT('',(45.856445209511,-20.2,147.26659338322));
#228 = VECTOR('',#229,1.);
#229 = DIRECTION('',(0.5,7.7E-16,-0.866025403784));
#230 = ORIENTED_EDGE('',*,*,#231,.F.);
#231 = EDGE_CURVE('',#232,#222,#234,.T.);
#232 = VERTEX_POINT('',#233);
#233 = CARTESIAN_POINT('',(43.773130677972,-20.2,146.625));
#234 = LINE('',#235,#236);
#235 = CARTESIAN_POINT('',(43.207429957652,-20.2,146.625));
#236 = VECTOR('',#237,1.);
#237 = DIRECTION('',(1.,0.,0.));
#238 = ORIENTED_EDGE('',*,*,#239,.F.);
#239 = EDGE_CURVE('',#240,#232,#242,.T.);
#240 = VERTEX_POINT('',#241);
#241 = CARTESIAN_POINT('',(42.546261355944,-20.2,144.5));
#242 = LINE('',#243,#244);
#243 = CARTESIAN_POINT('',(43.553987099823,-20.2,146.24543218849));
#244 = VECTOR('',#245,1.);
#245 = DIRECTION('',(0.5,-7.7E-16,0.866025403784));
#246 = ORIENTED_EDGE('',*,*,#247,.F.);
#247 = EDGE_CURVE('',#248,#240,#250,.T.);
#248 = VERTEX_POINT('',#249);
#249 = CARTESIAN_POINT('',(43.773130677972,-20.2,142.375));
#250 = LINE('',#251,#252);
#251 = CARTESIAN_POINT('',(41.562402582413,-20.2,146.20409338322));
#252 = VECTOR('',#253,1.);
#253 = DIRECTION('',(-0.5,-7.7E-16,0.866025403784));
#254 = ORIENTED_EDGE('',*,*,#255,.F.);
#255 = EDGE_CURVE('',#256,#248,#258,.T.);
#256 = VERTEX_POINT('',#257);
#257 = CARTESIAN_POINT('',(46.226869322028,-20.2,142.375));
#258 = LINE('',#259,#260);
#259 = CARTESIAN_POINT('',(41.980560635625,-20.2,142.375));
#260 = VECTOR('',#261,1.);
#261 = DIRECTION('',(-1.,0.,0.));
#262 = ORIENTED_EDGE('',*,*,#263,.F.);
#263 = EDGE_CURVE('',#224,#256,#264,.T.);
#264 = LINE('',#265,#266);
#265 = CARTESIAN_POINT('',(46.621160404892,-20.2,143.05793218849));
#266 = VECTOR('',#267,1.);
#267 = DIRECTION('',(-0.5,7.7E-16,-0.866025403784));
#268 = PLANE('',#269);
#269 = AXIS2_PLACEMENT_3D('',#270,#271,#272);
#270 = CARTESIAN_POINT('',(40.187990593277,-20.2,147.68270076229));
#271 = DIRECTION('',(0.,1.,2.2E-16));
#272 = DIRECTION('',(1.,0.,0.));
#273 = ADVANCED_FACE('',(#274),#303,.T.);
#274 = FACE_BOUND('',#275,.F.);
#275 = EDGE_LOOP('',(#276,#277,#278,#279,#287,#296));
#276 = ORIENTED_EDGE('',*,*,#47,.F.);
#277 = ORIENTED_EDGE('',*,*,#110,.T.);
#278 = ORIENTED_EDGE('',*,*,#119,.T.);
#279 = ORIENTED_EDGE('',*,*,#280,.T.);
#280 = EDGE_CURVE('',#120,#281,#283,.T.);
#281 = VERTEX_POINT('',#282);
#282 = CARTESIAN_POINT('',(46.868560300448,-25.7,150.5));
#283 = LINE('',#284,#285);
#284 = CARTESIAN_POINT('',(46.868560300448,-25.7,150.5));
#285 = VECTOR('',#286,1.);
#286 = DIRECTION('',(-0.,-1.,-2.2E-16));
#287 = ORIENTED_EDGE('',*,*,#288,.F.);
#288 = EDGE_CURVE('',#289,#281,#291,.T.);
#289 = VERTEX_POINT('',#290);
#290 = CARTESIAN_POINT('',(47.2,-25.7,152.5));
#291 = CIRCLE('',#292,6.2);
#292 = AXIS2_PLACEMENT_3D('',#293,#294,#295);
#293 = CARTESIAN_POINT('',(41.,-25.7,152.5));
#294 = DIRECTION('',(-0.,1.,2.2E-16));
#295 = DIRECTION('',(1.,0.,0.));
#296 = ORIENTED_EDGE('',*,*,#297,.F.);
#297 = EDGE_CURVE('',#40,#289,#298,.T.);
#298 = CIRCLE('',#299,6.2);
#299 = AXIS2_PLACEMENT_3D('',#300,#301,#302);
#300 = CARTESIAN_POINT('',(41.,-25.7,152.5));
#301 = DIRECTION('',(-0.,1.,2.2E-16));
#302 = DIRECTION('',(1.,0.,0.));
#303 = CYLINDRICAL_SURFACE('',#304,6.2);
#304 = AXIS2_PLACEMENT_3D('',#305,#306,#307);
#305 = CARTESIAN_POINT('',(41.,-25.7,152.5));
#306 = DIRECTION('',(-0.,-1.,-2.2E-16));
#307 = DIRECTION('',(1.,0.,0.));
#308 = ADVANCED_FACE('',(#309,#392,#403,#414),#425,.T.);
#309 = FACE_BOUND('',#310,.T.);
#310 = EDGE_LOOP('',(#311,#321,#329,#337,#345,#353,#359,#360,#361,#362,
    #370,#378,#386));
#311 = ORIENTED_EDGE('',*,*,#312,.F.);
#312 = EDGE_CURVE('',#313,#315,#317,.T.);
#313 = VERTEX_POINT('',#314);
#314 = CARTESIAN_POINT('',(31.7,-25.7,145.2));
#315 = VERTEX_POINT('',#316);
#316 = CARTESIAN_POINT('',(31.7,-25.7,147.2));
#317 = LINE('',#318,#319);
#318 = CARTESIAN_POINT('',(31.7,-25.7,140.9));
#319 = VECTOR('',#320,1.);
#320 = DIRECTION('',(2.5E-16,-2.2E-16,1.));
#321 = ORIENTED_EDGE('',*,*,#322,.T.);
#322 = EDGE_CURVE('',#313,#323,#325,.T.);
#323 = VERTEX_POINT('',#324);
#324 = CARTESIAN_POINT('',(32.5,-25.7,145.2));
#325 = LINE('',#326,#327);
#326 = CARTESIAN_POINT('',(29.7,-25.7,145.2));
#327 = VECTOR('',#328,1.);
#328 = DIRECTION('',(1.,0.,0.));
#329 = ORIENTED_EDGE('',*,*,#330,.F.);
#330 = EDGE_CURVE('',#331,#323,#333,.T.);
#331 = VERTEX_POINT('',#332);
#332 = CARTESIAN_POINT('',(32.5,-25.7,140.));
#333 = LINE('',#334,#335);
#334 = CARTESIAN_POINT('',(32.5,-25.7,140.));
#335 = VECTOR('',#336,1.);
#336 = DIRECTION('',(0.,-2.2E-16,1.));
#337 = ORIENTED_EDGE('',*,*,#338,.T.);
#338 = EDGE_CURVE('',#331,#339,#341,.T.);
#339 = VERTEX_POINT('',#340);
#340 = CARTESIAN_POINT('',(49.5,-25.7,140.));
#341 = LINE('',#342,#343);
#342 = CARTESIAN_POINT('',(32.5,-25.7,140.));
#343 = VECTOR('',#344,1.);
#344 = DIRECTION('',(1.,0.,0.));
#345 = ORIENTED_EDGE('',*,*,#346,.T.);
#346 = EDGE_CURVE('',#339,#347,#349,.T.);
#347 = VERTEX_POINT('',#348);
#348 = CARTESIAN_POINT('',(49.5,-25.7,150.5));
#349 = LINE('',#350,#351);
#350 = CARTESIAN_POINT('',(49.5,-25.7,140.));
#351 = VECTOR('',#352,1.);
#352 = DIRECTION('',(0.,-2.2E-16,1.));
#353 = ORIENTED_EDGE('',*,*,#354,.F.);
#354 = EDGE_CURVE('',#281,#347,#355,.T.);
#355 = LINE('',#356,#357);
#356 = CARTESIAN_POINT('',(32.5,-25.7,150.5));
#357 = VECTOR('',#358,1.);
#358 = DIRECTION('',(1.,0.,0.));
#359 = ORIENTED_EDGE('',*,*,#288,.F.);
#360 = ORIENTED_EDGE('',*,*,#297,.F.);
#361 = ORIENTED_EDGE('',*,*,#39,.F.);
#362 = ORIENTED_EDGE('',*,*,#363,.F.);
#363 = EDGE_CURVE('',#364,#32,#366,.T.);
#364 = VERTEX_POINT('',#365);
#365 = CARTESIAN_POINT('',(32.5,-25.7,148.2));
#366 = LINE('',#367,#368);
#367 = CARTESIAN_POINT('',(32.5,-25.7,140.));
#368 = VECTOR('',#369,1.);
#369 = DIRECTION('',(0.,-2.2E-16,1.));
#370 = ORIENTED_EDGE('',*,*,#371,.F.);
#371 = EDGE_CURVE('',#372,#364,#374,.T.);
#372 = VERTEX_POINT('',#373);
#373 = CARTESIAN_POINT('',(29.7,-25.7,148.2));
#374 = LINE('',#375,#376);
#375 = CARTESIAN_POINT('',(29.7,-25.7,148.2));
#376 = VECTOR('',#377,1.);
#377 = DIRECTION('',(1.,0.,0.));
#378 = ORIENTED_EDGE('',*,*,#379,.F.);
#379 = EDGE_CURVE('',#380,#372,#382,.T.);
#380 = VERTEX_POINT('',#381);
#381 = CARTESIAN_POINT('',(29.7,-25.7,147.2));
#382 = LINE('',#383,#384);
#383 = CARTESIAN_POINT('',(29.7,-25.7,145.2));
#384 = VECTOR('',#385,1.);
#385 = DIRECTION('',(0.,-2.2E-16,1.));
#386 = ORIENTED_EDGE('',*,*,#387,.F.);
#387 = EDGE_CURVE('',#315,#380,#388,.T.);
#388 = LINE('',#389,#390);
#389 = CARTESIAN_POINT('',(15.907096873084,-25.7,147.2));
#390 = VECTOR('',#391,1.);
#391 = DIRECTION('',(-1.,0.,0.));
#392 = FACE_BOUND('',#393,.T.);
#393 = EDGE_LOOP('',(#394));
#394 = ORIENTED_EDGE('',*,*,#395,.F.);
#395 = EDGE_CURVE('',#396,#396,#398,.T.);
#396 = VERTEX_POINT('',#397);
#397 = CARTESIAN_POINT('',(45.1,-25.7,152.5));
#398 = CIRCLE('',#399,4.1);
#399 = AXIS2_PLACEMENT_3D('',#400,#401,#402);
#400 = CARTESIAN_POINT('',(41.,-25.7,152.5));
#401 = DIRECTION('',(0.,-1.,-2.2E-16));
#402 = DIRECTION('',(1.,0.,0.));
#403 = FACE_BOUND('',#404,.T.);
#404 = EDGE_LOOP('',(#405));
#405 = ORIENTED_EDGE('',*,*,#406,.F.);
#406 = EDGE_CURVE('',#407,#407,#409,.T.);
#407 = VERTEX_POINT('',#408);
#408 = CARTESIAN_POINT('',(46.15,-25.7,144.5));
#409 = CIRCLE('',#410,1.15);
#410 = AXIS2_PLACEMENT_3D('',#411,#412,#413);
#411 = CARTESIAN_POINT('',(45.,-25.7,144.5));
#412 = DIRECTION('',(0.,-1.,-2.2E-16));
#413 = DIRECTION('',(1.,0.,0.));
#414 = FACE_BOUND('',#415,.T.);
#415 = EDGE_LOOP('',(#416));
#416 = ORIENTED_EDGE('',*,*,#417,.F.);
#417 = EDGE_CURVE('',#418,#418,#420,.T.);
#418 = VERTEX_POINT('',#419);
#419 = CARTESIAN_POINT('',(38.15,-25.7,144.5));
#420 = CIRCLE('',#421,1.15);
#421 = AXIS2_PLACEMENT_3D('',#422,#423,#424);
#422 = CARTESIAN_POINT('',(37.,-25.7,144.5));
#423 = DIRECTION('',(0.,-1.,-2.2E-16));
#424 = DIRECTION('',(1.,0.,0.));
#425 = PLANE('',#426);
#426 = AXIS2_PLACEMENT_3D('',#427,#428,#429);
#427 = CARTESIAN_POINT('',(40.187990593277,-25.7,147.68270076229));
#428 = DIRECTION('',(-0.,-1.,-2.2E-16));
#429 = DIRECTION('',(-1.,0.,0.));
#430 = ADVANCED_FACE('',(#431),#442,.F.);
#431 = FACE_BOUND('',#432,.F.);
#432 = EDGE_LOOP('',(#433,#434,#440,#441));
#433 = ORIENTED_EDGE('',*,*,#363,.F.);
#434 = ORIENTED_EDGE('',*,*,#435,.T.);
#435 = EDGE_CURVE('',#364,#96,#436,.T.);
#436 = LINE('',#437,#438);
#437 = CARTESIAN_POINT('',(32.5,-25.7,148.2));
#438 = VECTOR('',#439,1.);
#439 = DIRECTION('',(0.,1.,2.2E-16));
#440 = ORIENTED_EDGE('',*,*,#103,.T.);
#441 = ORIENTED_EDGE('',*,*,#31,.F.);
#442 = PLANE('',#443);
#443 = AXIS2_PLACEMENT_3D('',#444,#445,#446);
#444 = CARTESIAN_POINT('',(32.5,-25.7,140.));
#445 = DIRECTION('',(1.,0.,0.));
#446 = DIRECTION('',(0.,-2.2E-16,1.));
#447 = ADVANCED_FACE('',(#448),#473,.F.);
#448 = FACE_BOUND('',#449,.F.);
#449 = EDGE_LOOP('',(#450,#451,#459,#467));
#450 = ORIENTED_EDGE('',*,*,#61,.F.);
#451 = ORIENTED_EDGE('',*,*,#452,.T.);
#452 = EDGE_CURVE('',#62,#453,#455,.T.);
#453 = VERTEX_POINT('',#454);
#454 = CARTESIAN_POINT('',(31.7,-22.5,145.2));
#455 = LINE('',#456,#457);
#456 = CARTESIAN_POINT('',(31.7,-12.85,145.2));
#457 = VECTOR('',#458,1.);
#458 = DIRECTION('',(0.,-1.,-2.2E-16));
#459 = ORIENTED_EDGE('',*,*,#460,.F.);
#460 = EDGE_CURVE('',#461,#453,#463,.T.);
#461 = VERTEX_POINT('',#462);
#462 = CARTESIAN_POINT('',(32.5,-22.5,145.2));
#463 = LINE('',#464,#465);
#464 = CARTESIAN_POINT('',(32.912578450853,-22.5,145.2));
#465 = VECTOR('',#466,1.);
#466 = DIRECTION('',(-1.,0.,0.));
#467 = ORIENTED_EDGE('',*,*,#468,.T.);
#468 = EDGE_CURVE('',#461,#64,#469,.T.);
#469 = LINE('',#470,#471);
#470 = CARTESIAN_POINT('',(32.5,-25.7,145.2));
#471 = VECTOR('',#472,1.);
#472 = DIRECTION('',(0.,1.,2.2E-16));
#473 = PLANE('',#474);
#474 = AXIS2_PLACEMENT_3D('',#475,#476,#477);
#475 = CARTESIAN_POINT('',(29.7,-25.7,145.2));
#476 = DIRECTION('',(0.,-2.2E-16,1.));
#477 = DIRECTION('',(1.,0.,0.));
#478 = ADVANCED_FACE('',(#479),#552,.T.);
#479 = FACE_BOUND('',#480,.T.);
#480 = EDGE_LOOP('',(#481,#491,#499,#507,#513,#514,#515,#523,#531,#539,
    #545,#546));
#481 = ORIENTED_EDGE('',*,*,#482,.F.);
#482 = EDGE_CURVE('',#483,#485,#487,.T.);
#483 = VERTEX_POINT('',#484);
#484 = CARTESIAN_POINT('',(31.7,-29.7,126.));
#485 = VERTEX_POINT('',#486);
#486 = CARTESIAN_POINT('',(31.7,-29.7,147.2));
#487 = LINE('',#488,#489);
#488 = CARTESIAN_POINT('',(31.7,-29.7,145.2));
#489 = VECTOR('',#490,1.);
#490 = DIRECTION('',(0.,-2.2E-16,1.));
#491 = ORIENTED_EDGE('',*,*,#492,.T.);
#492 = EDGE_CURVE('',#483,#493,#495,.T.);
#493 = VERTEX_POINT('',#494);
#494 = CARTESIAN_POINT('',(31.7,-17.,126.));
#495 = LINE('',#496,#497);
#496 = CARTESIAN_POINT('',(31.7,-29.7,126.));
#497 = VECTOR('',#498,1.);
#498 = DIRECTION('',(0.,1.,2.2E-16));
#499 = ORIENTED_EDGE('',*,*,#500,.T.);
#500 = EDGE_CURVE('',#493,#501,#503,.T.);
#501 = VERTEX_POINT('',#502);
#502 = CARTESIAN_POINT('',(31.7,-17.,147.2));
#503 = LINE('',#504,#505);
#504 = CARTESIAN_POINT('',(31.7,-17.,128.3));
#505 = VECTOR('',#506,1.);
#506 = DIRECTION('',(2.5E-16,-2.2E-16,1.));
#507 = ORIENTED_EDGE('',*,*,#508,.F.);
#508 = EDGE_CURVE('',#72,#501,#509,.T.);
#509 = LINE('',#510,#511);
#510 = CARTESIAN_POINT('',(31.7,-29.7,147.2));
#511 = VECTOR('',#512,1.);
#512 = DIRECTION('',(0.,1.,2.2E-16));
#513 = ORIENTED_EDGE('',*,*,#71,.F.);
#514 = ORIENTED_EDGE('',*,*,#452,.T.);
#515 = ORIENTED_EDGE('',*,*,#516,.F.);
#516 = EDGE_CURVE('',#517,#453,#519,.T.);
#517 = VERTEX_POINT('',#518);
#518 = CARTESIAN_POINT('',(31.7,-22.5,132.51785714285));
#519 = LINE('',#520,#521);
#520 = CARTESIAN_POINT('',(31.7,-22.5,139.28742154914));
#521 = VECTOR('',#522,1.);
#522 = DIRECTION('',(2.5E-16,-2.2E-16,1.));
#523 = ORIENTED_EDGE('',*,*,#524,.F.);
#524 = EDGE_CURVE('',#525,#517,#527,.T.);
#525 = VERTEX_POINT('',#526);
#526 = CARTESIAN_POINT('',(31.7,-25.6,132.51785714285));
#527 = LINE('',#528,#529);
#528 = CARTESIAN_POINT('',(31.7,-12.8,132.51785714285));
#529 = VECTOR('',#530,1.);
#530 = DIRECTION('',(-0.,1.,-0.));
#531 = ORIENTED_EDGE('',*,*,#532,.T.);
#532 = EDGE_CURVE('',#525,#533,#535,.T.);
#533 = VERTEX_POINT('',#534);
#534 = CARTESIAN_POINT('',(31.7,-25.6,145.2));
#535 = LINE('',#536,#537);
#536 = CARTESIAN_POINT('',(31.7,-25.6,139.28742154914));
#537 = VECTOR('',#538,1.);
#538 = DIRECTION('',(2.5E-16,-2.2E-16,1.));
#539 = ORIENTED_EDGE('',*,*,#540,.T.);
#540 = EDGE_CURVE('',#533,#313,#541,.T.);
#541 = LINE('',#542,#543);
#542 = CARTESIAN_POINT('',(31.7,-12.85,145.2));
#543 = VECTOR('',#544,1.);
#544 = DIRECTION('',(0.,-1.,-2.2E-16));
#545 = ORIENTED_EDGE('',*,*,#312,.T.);
#546 = ORIENTED_EDGE('',*,*,#547,.F.);
#547 = EDGE_CURVE('',#485,#315,#548,.T.);
#548 = LINE('',#549,#550);
#549 = CARTESIAN_POINT('',(31.7,-29.7,147.2));
#550 = VECTOR('',#551,1.);
#551 = DIRECTION('',(0.,1.,2.2E-16));
#552 = PLANE('',#553);
#553 = AXIS2_PLACEMENT_3D('',#554,#555,#556);
#554 = CARTESIAN_POINT('',(31.7,2.557953848736E-13,136.6));
#555 = DIRECTION('',(1.,0.,-2.5E-16));
#556 = DIRECTION('',(2.5E-16,-2.2E-16,1.));
#557 = ADVANCED_FACE('',(#558),#576,.F.);
#558 = FACE_BOUND('',#559,.F.);
#559 = EDGE_LOOP('',(#560,#568,#574,#575));
#560 = ORIENTED_EDGE('',*,*,#561,.T.);
#561 = EDGE_CURVE('',#461,#562,#564,.T.);
#562 = VERTEX_POINT('',#563);
#563 = CARTESIAN_POINT('',(32.5,-22.5,140.));
#564 = LINE('',#565,#566);
#565 = CARTESIAN_POINT('',(32.5,-22.5,140.98742154914));
#566 = VECTOR('',#567,1.);
#567 = DIRECTION('',(0.,2.2E-16,-1.));
#568 = ORIENTED_EDGE('',*,*,#569,.T.);
#569 = EDGE_CURVE('',#562,#145,#570,.T.);
#570 = LINE('',#571,#572);
#571 = CARTESIAN_POINT('',(32.5,-25.7,140.));
#572 = VECTOR('',#573,1.);
#573 = DIRECTION('',(0.,1.,2.2E-16));
#574 = ORIENTED_EDGE('',*,*,#152,.T.);
#575 = ORIENTED_EDGE('',*,*,#468,.F.);
#576 = PLANE('',#577);
#577 = AXIS2_PLACEMENT_3D('',#578,#579,#580);
#578 = CARTESIAN_POINT('',(32.5,-25.7,140.));
#579 = DIRECTION('',(1.,0.,0.));
#580 = DIRECTION('',(0.,-2.2E-16,1.));
#581 = ADVANCED_FACE('',(#582,#872,#883,#917,#928,#939,#950,#984,#995,
    #1006,#1017,#1028,#1039),#1050,.T.);
#582 = FACE_BOUND('',#583,.T.);
#583 = EDGE_LOOP('',(#584,#594,#602,#610,#618,#626,#634,#642,#650,#658,
    #666,#674,#682,#690,#696,#697,#698,#704,#705,#706,#714,#722,#730,
    #738,#746,#754,#762,#770,#778,#786,#794,#802,#810,#818,#826,#834,
    #842,#850,#858,#866));
#584 = ORIENTED_EDGE('',*,*,#585,.F.);
#585 = EDGE_CURVE('',#586,#588,#590,.T.);
#586 = VERTEX_POINT('',#587);
#587 = CARTESIAN_POINT('',(-6.7,21.,147.2));
#588 = VERTEX_POINT('',#589);
#589 = CARTESIAN_POINT('',(-6.7,29.7,147.2));
#590 = LINE('',#591,#592);
#591 = CARTESIAN_POINT('',(-6.7,-29.7,147.2));
#592 = VECTOR('',#593,1.);
#593 = DIRECTION('',(0.,1.,2.2E-16));
#594 = ORIENTED_EDGE('',*,*,#595,.F.);
#595 = EDGE_CURVE('',#596,#586,#598,.T.);
#596 = VERTEX_POINT('',#597);
#597 = CARTESIAN_POINT('',(-48.,21.,147.2));
#598 = LINE('',#599,#600);
#599 = CARTESIAN_POINT('',(-48.,21.,147.2));
#600 = VECTOR('',#601,1.);
#601 = DIRECTION('',(1.,0.,0.));
#602 = ORIENTED_EDGE('',*,*,#603,.F.);
#603 = EDGE_CURVE('',#604,#596,#606,.T.);
#604 = VERTEX_POINT('',#605);
#605 = CARTESIAN_POINT('',(-48.,13.995,147.2));
#606 = LINE('',#607,#608);
#607 = CARTESIAN_POINT('',(-48.,-21.,147.2));
#608 = VECTOR('',#609,1.);
#609 = DIRECTION('',(0.,1.,2.2E-16));
#610 = ORIENTED_EDGE('',*,*,#611,.F.);
#611 = EDGE_CURVE('',#612,#604,#614,.T.);
#612 = VERTEX_POINT('',#613);
#613 = CARTESIAN_POINT('',(-45.,13.995,147.2));
#614 = LINE('',#615,#616);
#615 = CARTESIAN_POINT('',(-24.44290312691,13.995,147.2));
#616 = VECTOR('',#617,1.);
#617 = DIRECTION('',(-1.,0.,0.));
#618 = ORIENTED_EDGE('',*,*,#619,.F.);
#619 = EDGE_CURVE('',#620,#612,#622,.T.);
#620 = VERTEX_POINT('',#621);
#621 = CARTESIAN_POINT('',(-45.,8.995,147.2));
#622 = LINE('',#623,#624);
#623 = CARTESIAN_POINT('',(-45.,6.125887492336,147.2));
#624 = VECTOR('',#625,1.);
#625 = DIRECTION('',(0.,1.,1.17E-15));
#626 = ORIENTED_EDGE('',*,*,#627,.T.);
#627 = EDGE_CURVE('',#620,#628,#630,.T.);
#628 = VERTEX_POINT('',#629);
#629 = CARTESIAN_POINT('',(-48.,8.995,147.2));
#630 = LINE('',#631,#632);
#631 = CARTESIAN_POINT('',(-24.44290312691,8.995,147.2));
#632 = VECTOR('',#633,1.);
#633 = DIRECTION('',(-1.,0.,0.));
#634 = ORIENTED_EDGE('',*,*,#635,.F.);
#635 = EDGE_CURVE('',#636,#628,#638,.T.);
#636 = VERTEX_POINT('',#637);
#637 = CARTESIAN_POINT('',(-48.,-9.005,147.2));
#638 = LINE('',#639,#640);
#639 = CARTESIAN_POINT('',(-48.,-21.,147.2));
#640 = VECTOR('',#641,1.);
#641 = DIRECTION('',(0.,1.,2.2E-16));
#642 = ORIENTED_EDGE('',*,*,#643,.F.);
#643 = EDGE_CURVE('',#644,#636,#646,.T.);
#644 = VERTEX_POINT('',#645);
#645 = CARTESIAN_POINT('',(-45.,-9.005,147.2));
#646 = LINE('',#647,#648);
#647 = CARTESIAN_POINT('',(-24.44290312691,-9.005,147.2));
#648 = VECTOR('',#649,1.);
#649 = DIRECTION('',(-1.,0.,0.));
#650 = ORIENTED_EDGE('',*,*,#651,.F.);
#651 = EDGE_CURVE('',#652,#644,#654,.T.);
#652 = VERTEX_POINT('',#653);
#653 = CARTESIAN_POINT('',(-45.,-14.005,147.2));
#654 = LINE('',#655,#656);
#655 = CARTESIAN_POINT('',(-45.,-5.374112507664,147.2));
#656 = VECTOR('',#657,1.);
#657 = DIRECTION('',(0.,1.,1.17E-15));
#658 = ORIENTED_EDGE('',*,*,#659,.T.);
#659 = EDGE_CURVE('',#652,#660,#662,.T.);
#660 = VERTEX_POINT('',#661);
#661 = CARTESIAN_POINT('',(-48.,-14.005,147.2));
#662 = LINE('',#663,#664);
#663 = CARTESIAN_POINT('',(-24.44290312691,-14.005,147.2));
#664 = VECTOR('',#665,1.);
#665 = DIRECTION('',(-1.,0.,0.));
#666 = ORIENTED_EDGE('',*,*,#667,.F.);
#667 = EDGE_CURVE('',#668,#660,#670,.T.);
#668 = VERTEX_POINT('',#669);
#669 = CARTESIAN_POINT('',(-48.,-21.,147.2));
#670 = LINE('',#671,#672);
#671 = CARTESIAN_POINT('',(-48.,-21.,147.2));
#672 = VECTOR('',#673,1.);
#673 = DIRECTION('',(0.,1.,2.2E-16));
#674 = ORIENTED_EDGE('',*,*,#675,.T.);
#675 = EDGE_CURVE('',#668,#676,#678,.T.);
#676 = VERTEX_POINT('',#677);
#677 = CARTESIAN_POINT('',(-6.7,-21.,147.2));
#678 = LINE('',#679,#680);
#679 = CARTESIAN_POINT('',(-48.,-21.,147.2));
#680 = VECTOR('',#681,1.);
#681 = DIRECTION('',(1.,0.,0.));
#682 = ORIENTED_EDGE('',*,*,#683,.F.);
#683 = EDGE_CURVE('',#684,#676,#686,.T.);
#684 = VERTEX_POINT('',#685);
#685 = CARTESIAN_POINT('',(-6.7,-29.7,147.2));
#686 = LINE('',#687,#688);
#687 = CARTESIAN_POINT('',(-6.7,-29.7,147.2));
#688 = VECTOR('',#689,1.);
#689 = DIRECTION('',(0.,1.,2.2E-16));
#690 = ORIENTED_EDGE('',*,*,#691,.T.);
#691 = EDGE_CURVE('',#684,#485,#692,.T.);
#692 = LINE('',#693,#694);
#693 = CARTESIAN_POINT('',(-6.7,-29.7,147.2));
#694 = VECTOR('',#695,1.);
#695 = DIRECTION('',(1.,0.,0.));
#696 = ORIENTED_EDGE('',*,*,#547,.T.);
#697 = ORIENTED_EDGE('',*,*,#387,.T.);
#698 = ORIENTED_EDGE('',*,*,#699,.T.);
#699 = EDGE_CURVE('',#380,#80,#700,.T.);
#700 = LINE('',#701,#702);
#701 = CARTESIAN_POINT('',(29.7,-11.22161250766,147.2));
#702 = VECTOR('',#703,1.);
#703 = DIRECTION('',(0.,1.,2.05E-15));
#704 = ORIENTED_EDGE('',*,*,#79,.F.);
#705 = ORIENTED_EDGE('',*,*,#508,.T.);
#706 = ORIENTED_EDGE('',*,*,#707,.T.);
#707 = EDGE_CURVE('',#501,#708,#710,.T.);
#708 = VERTEX_POINT('',#709);
#709 = CARTESIAN_POINT('',(28.,-17.,147.2));
#710 = LINE('',#711,#712);
#711 = CARTESIAN_POINT('',(15.057096873084,-17.,147.2));
#712 = VECTOR('',#713,1.);
#713 = DIRECTION('',(-1.,0.,0.));
#714 = ORIENTED_EDGE('',*,*,#715,.T.);
#715 = EDGE_CURVE('',#708,#716,#718,.T.);
#716 = VERTEX_POINT('',#717);
#717 = CARTESIAN_POINT('',(28.,10.5,147.2));
#718 = LINE('',#719,#720);
#719 = CARTESIAN_POINT('',(28.,-6.871612507664,147.2));
#720 = VECTOR('',#721,1.);
#721 = DIRECTION('',(0.,1.,7.2E-16));
#722 = ORIENTED_EDGE('',*,*,#723,.F.);
#723 = EDGE_CURVE('',#724,#716,#726,.T.);
#724 = VERTEX_POINT('',#725);
#725 = CARTESIAN_POINT('',(31.7,10.5,147.2));
#726 = LINE('',#727,#728);
#727 = CARTESIAN_POINT('',(15.057096873084,10.5,147.2));
#728 = VECTOR('',#729,1.);
#729 = DIRECTION('',(-1.,0.,0.));
#730 = ORIENTED_EDGE('',*,*,#731,.T.);
#731 = EDGE_CURVE('',#724,#732,#734,.T.);
#732 = VERTEX_POINT('',#733);
#733 = CARTESIAN_POINT('',(31.7,12.5,147.2));
#734 = LINE('',#735,#736);
#735 = CARTESIAN_POINT('',(31.7,-29.7,147.2));
#736 = VECTOR('',#737,1.);
#737 = DIRECTION('',(0.,1.,2.2E-16));
#738 = ORIENTED_EDGE('',*,*,#739,.T.);
#739 = EDGE_CURVE('',#732,#740,#742,.T.);
#740 = VERTEX_POINT('',#741);
#741 = CARTESIAN_POINT('',(29.,12.5,147.2));
#742 = LINE('',#743,#744);
#743 = CARTESIAN_POINT('',(24.18822418136,12.5,147.2));
#744 = VECTOR('',#745,1.);
#745 = DIRECTION('',(-1.,0.,0.));
#746 = ORIENTED_EDGE('',*,*,#747,.T.);
#747 = EDGE_CURVE('',#740,#748,#750,.T.);
#748 = VERTEX_POINT('',#749);
#749 = CARTESIAN_POINT('',(29.,16.3,147.2));
#750 = LINE('',#751,#752);
#751 = CARTESIAN_POINT('',(29.,8.13677581864,147.2));
#752 = VECTOR('',#753,1.);
#753 = DIRECTION('',(0.,1.,2.2E-16));
#754 = ORIENTED_EDGE('',*,*,#755,.T.);
#755 = EDGE_CURVE('',#748,#756,#758,.T.);
#756 = VERTEX_POINT('',#757);
#757 = CARTESIAN_POINT('',(25.432432432432,16.3,147.2));
#758 = LINE('',#759,#760);
#759 = CARTESIAN_POINT('',(20.174536030942,16.3,147.2));
#760 = VECTOR('',#761,1.);
#761 = DIRECTION('',(-1.,0.,0.));
#762 = ORIENTED_EDGE('',*,*,#763,.F.);
#763 = EDGE_CURVE('',#764,#756,#766,.T.);
#764 = VERTEX_POINT('',#765);
#765 = CARTESIAN_POINT('',(25.432432432432,20.5,147.2));
#766 = LINE('',#767,#768);
#767 = CARTESIAN_POINT('',(25.432432432432,9.778387492336,147.2));
#768 = VECTOR('',#769,1.);
#769 = DIRECTION('',(-1.96E-15,-1.,-1.61E-15));
#770 = ORIENTED_EDGE('',*,*,#771,.F.);
#771 = EDGE_CURVE('',#772,#764,#774,.T.);
#772 = VERTEX_POINT('',#773);
#773 = CARTESIAN_POINT('',(34.771347321947,20.5,147.2));
#774 = LINE('',#775,#776);
#775 = CARTESIAN_POINT('',(20.174536030942,20.5,147.2));
#776 = VECTOR('',#777,1.);
#777 = DIRECTION('',(-1.,0.,0.));
#778 = ORIENTED_EDGE('',*,*,#779,.F.);
#779 = EDGE_CURVE('',#780,#772,#782,.T.);
#780 = VERTEX_POINT('',#781);
#781 = CARTESIAN_POINT('',(34.771347321947,20.7,147.2));
#782 = LINE('',#783,#784);
#783 = CARTESIAN_POINT('',(34.771347321947,16.5,147.2));
#784 = VECTOR('',#785,1.);
#785 = DIRECTION('',(-0.,-1.,-2.2E-16));
#786 = ORIENTED_EDGE('',*,*,#787,.F.);
#787 = EDGE_CURVE('',#788,#780,#790,.T.);
#788 = VERTEX_POINT('',#789);
#789 = CARTESIAN_POINT('',(38.743452678053,20.7,147.2));
#790 = LINE('',#791,#792);
#791 = CARTESIAN_POINT('',(19.435796873084,20.7,147.2));
#792 = VECTOR('',#793,1.);
#793 = DIRECTION('',(-1.,0.,0.));
#794 = ORIENTED_EDGE('',*,*,#795,.T.);
#795 = EDGE_CURVE('',#788,#796,#798,.T.);
#796 = VERTEX_POINT('',#797);
#797 = CARTESIAN_POINT('',(38.743452678053,20.5,147.2));
#798 = LINE('',#799,#800);
#799 = CARTESIAN_POINT('',(38.743452678053,16.5,147.2));
#800 = VECTOR('',#801,1.);
#801 = DIRECTION('',(-0.,-1.,-2.2E-16));
#802 = ORIENTED_EDGE('',*,*,#803,.F.);
#803 = EDGE_CURVE('',#804,#796,#806,.T.);
#804 = VERTEX_POINT('',#805);
#805 = CARTESIAN_POINT('',(43.256547321947,20.5,147.2));
#806 = LINE('',#807,#808);
#807 = CARTESIAN_POINT('',(20.174536030942,20.5,147.2));
#808 = VECTOR('',#809,1.);
#809 = DIRECTION('',(-1.,0.,0.));
#810 = ORIENTED_EDGE('',*,*,#811,.F.);
#811 = EDGE_CURVE('',#812,#804,#814,.T.);
#812 = VERTEX_POINT('',#813);
#813 = CARTESIAN_POINT('',(43.256547321947,20.7,147.2));
#814 = LINE('',#815,#816);
#815 = CARTESIAN_POINT('',(43.256547321947,16.5,147.2));
#816 = VECTOR('',#817,1.);
#817 = DIRECTION('',(-0.,-1.,-2.2E-16));
#818 = ORIENTED_EDGE('',*,*,#819,.F.);
#819 = EDGE_CURVE('',#820,#812,#822,.T.);
#820 = VERTEX_POINT('',#821);
#821 = CARTESIAN_POINT('',(47.228652678053,20.7,147.2));
#822 = LINE('',#823,#824);
#823 = CARTESIAN_POINT('',(23.678396873084,20.7,147.2));
#824 = VECTOR('',#825,1.);
#825 = DIRECTION('',(-1.,0.,0.));
#826 = ORIENTED_EDGE('',*,*,#827,.T.);
#827 = EDGE_CURVE('',#820,#828,#830,.T.);
#828 = VERTEX_POINT('',#829);
#829 = CARTESIAN_POINT('',(47.228652678053,20.5,147.2));
#830 = LINE('',#831,#832);
#831 = CARTESIAN_POINT('',(47.228652678053,16.5,147.2));
#832 = VECTOR('',#833,1.);
#833 = DIRECTION('',(-0.,-1.,-2.2E-16));
#834 = ORIENTED_EDGE('',*,*,#835,.F.);
#835 = EDGE_CURVE('',#836,#828,#838,.T.);
#836 = VERTEX_POINT('',#837);
#837 = CARTESIAN_POINT('',(50.945945945946,20.5,147.2));
#838 = LINE('',#839,#840);
#839 = CARTESIAN_POINT('',(20.174536030942,20.5,147.2));
#840 = VECTOR('',#841,1.);
#841 = DIRECTION('',(-1.,0.,0.));
#842 = ORIENTED_EDGE('',*,*,#843,.F.);
#843 = EDGE_CURVE('',#844,#836,#846,.T.);
#844 = VERTEX_POINT('',#845);
#845 = CARTESIAN_POINT('',(50.945945945946,16.5,147.2));
#846 = LINE('',#847,#848);
#847 = CARTESIAN_POINT('',(50.945945945946,9.778387492336,147.2));
#848 = VECTOR('',#849,1.);
#849 = DIRECTION('',(-1.25E-15,1.,1.61E-15));
#850 = ORIENTED_EDGE('',*,*,#851,.F.);
#851 = EDGE_CURVE('',#852,#844,#854,.T.);
#852 = VERTEX_POINT('',#853);
#853 = CARTESIAN_POINT('',(53.,16.5,147.2));
#854 = LINE('',#855,#856);
#855 = CARTESIAN_POINT('',(24.18822418136,16.5,147.2));
#856 = VECTOR('',#857,1.);
#857 = DIRECTION('',(-1.,0.,0.));
#858 = ORIENTED_EDGE('',*,*,#859,.T.);
#859 = EDGE_CURVE('',#852,#860,#862,.T.);
#860 = VERTEX_POINT('',#861);
#861 = CARTESIAN_POINT('',(53.,29.7,147.2));
#862 = LINE('',#863,#864);
#863 = CARTESIAN_POINT('',(53.,12.5,147.2));
#864 = VECTOR('',#865,1.);
#865 = DIRECTION('',(0.,1.,2.2E-16));
#866 = ORIENTED_EDGE('',*,*,#867,.F.);
#867 = EDGE_CURVE('',#588,#860,#868,.T.);
#868 = LINE('',#869,#870);
#869 = CARTESIAN_POINT('',(-6.7,29.7,147.2));
#870 = VECTOR('',#871,1.);
#871 = DIRECTION('',(1.,0.,0.));
#872 = FACE_BOUND('',#873,.T.);
#873 = EDGE_LOOP('',(#874));
#874 = ORIENTED_EDGE('',*,*,#875,.F.);
#875 = EDGE_CURVE('',#876,#876,#878,.T.);
#876 = VERTEX_POINT('',#877);
#877 = CARTESIAN_POINT('',(28.65,-25.5,147.2));
#878 = CIRCLE('',#879,1.15);
#879 = AXIS2_PLACEMENT_3D('',#880,#881,#882);
#880 = CARTESIAN_POINT('',(27.5,-25.5,147.2));
#881 = DIRECTION('',(0.,-2.2E-16,1.));
#882 = DIRECTION('',(1.,0.,0.));
#883 = FACE_BOUND('',#884,.T.);
#884 = EDGE_LOOP('',(#885,#895,#903,#911));
#885 = ORIENTED_EDGE('',*,*,#886,.T.);
#886 = EDGE_CURVE('',#887,#889,#891,.T.);
#887 = VERTEX_POINT('',#888);
#888 = CARTESIAN_POINT('',(26.,-14.005,147.2));
#889 = VERTEX_POINT('',#890);
#890 = CARTESIAN_POINT('',(22.,-14.005,147.2));
#891 = LINE('',#892,#893);
#892 = CARTESIAN_POINT('',(12.057096873084,-14.005,147.2));
#893 = VECTOR('',#894,1.);
#894 = DIRECTION('',(-1.,0.,0.));
#895 = ORIENTED_EDGE('',*,*,#896,.T.);
#896 = EDGE_CURVE('',#889,#897,#899,.T.);
#897 = VERTEX_POINT('',#898);
#898 = CARTESIAN_POINT('',(22.,-9.005,147.2));
#899 = LINE('',#900,#901);
#900 = CARTESIAN_POINT('',(22.,-5.374112507664,147.2));
#901 = VECTOR('',#902,1.);
#902 = DIRECTION('',(0.,1.,1.17E-15));
#903 = ORIENTED_EDGE('',*,*,#904,.F.);
#904 = EDGE_CURVE('',#905,#897,#907,.T.);
#905 = VERTEX_POINT('',#906);
#906 = CARTESIAN_POINT('',(26.,-9.005,147.2));
#907 = LINE('',#908,#909);
#908 = CARTESIAN_POINT('',(12.057096873084,-9.005,147.2));
#909 = VECTOR('',#910,1.);
#910 = DIRECTION('',(-1.,0.,0.));
#911 = ORIENTED_EDGE('',*,*,#912,.F.);
#912 = EDGE_CURVE('',#887,#905,#913,.T.);
#913 = LINE('',#914,#915);
#914 = CARTESIAN_POINT('',(26.,-5.374112507664,147.2));
#915 = VECTOR('',#916,1.);
#916 = DIRECTION('',(0.,1.,1.17E-15));
#917 = FACE_BOUND('',#918,.T.);
#918 = EDGE_LOOP('',(#919));
#919 = ORIENTED_EDGE('',*,*,#920,.T.);
#920 = EDGE_CURVE('',#921,#921,#923,.T.);
#921 = VERTEX_POINT('',#922);
#922 = CARTESIAN_POINT('',(18.899928,-11.400058,147.2));
#923 = CIRCLE('',#924,2.5);
#924 = AXIS2_PLACEMENT_3D('',#925,#926,#927);
#925 = CARTESIAN_POINT('',(16.399928,-11.400058,147.2));
#926 = DIRECTION('',(0.,2.2E-16,-1.));
#927 = DIRECTION('',(1.,0.,0.));
#928 = FACE_BOUND('',#929,.T.);
#929 = EDGE_LOOP('',(#930));
#930 = ORIENTED_EDGE('',*,*,#931,.F.);
#931 = EDGE_CURVE('',#932,#932,#934,.T.);
#932 = VERTEX_POINT('',#933);
#933 = CARTESIAN_POINT('',(-1.35,-25.5,147.2));
#934 = CIRCLE('',#935,1.15);
#935 = AXIS2_PLACEMENT_3D('',#936,#937,#938);
#936 = CARTESIAN_POINT('',(-2.5,-25.5,147.2));
#937 = DIRECTION('',(0.,-2.2E-16,1.));
#938 = DIRECTION('',(1.,0.,0.));
#939 = FACE_BOUND('',#940,.T.);
#940 = EDGE_LOOP('',(#941));
#941 = ORIENTED_EDGE('',*,*,#942,.F.);
#942 = EDGE_CURVE('',#943,#943,#945,.T.);
#943 = VERTEX_POINT('',#944);
#944 = CARTESIAN_POINT('',(-1.35,-9.5,147.2));
#945 = CIRCLE('',#946,1.15);
#946 = AXIS2_PLACEMENT_3D('',#947,#948,#949);
#947 = CARTESIAN_POINT('',(-2.5,-9.5,147.2));
#948 = DIRECTION('',(0.,-2.2E-16,1.));
#949 = DIRECTION('',(1.,0.,0.));
#950 = FACE_BOUND('',#951,.T.);
#951 = EDGE_LOOP('',(#952,#962,#970,#978));
#952 = ORIENTED_EDGE('',*,*,#953,.T.);
#953 = EDGE_CURVE('',#954,#956,#958,.T.);
#954 = VERTEX_POINT('',#955);
#955 = CARTESIAN_POINT('',(26.,8.995,147.2));
#956 = VERTEX_POINT('',#957);
#957 = CARTESIAN_POINT('',(22.,8.995,147.2));
#958 = LINE('',#959,#960);
#959 = CARTESIAN_POINT('',(12.057096873084,8.995,147.2));
#960 = VECTOR('',#961,1.);
#961 = DIRECTION('',(-1.,0.,0.));
#962 = ORIENTED_EDGE('',*,*,#963,.T.);
#963 = EDGE_CURVE('',#956,#964,#966,.T.);
#964 = VERTEX_POINT('',#965);
#965 = CARTESIAN_POINT('',(22.,13.995,147.2));
#966 = LINE('',#967,#968);
#967 = CARTESIAN_POINT('',(22.,6.125887492336,147.2));
#968 = VECTOR('',#969,1.);
#969 = DIRECTION('',(0.,1.,1.17E-15));
#970 = ORIENTED_EDGE('',*,*,#971,.F.);
#971 = EDGE_CURVE('',#972,#964,#974,.T.);
#972 = VERTEX_POINT('',#973);
#973 = CARTESIAN_POINT('',(26.,13.995,147.2));
#974 = LINE('',#975,#976);
#975 = CARTESIAN_POINT('',(12.057096873084,13.995,147.2));
#976 = VECTOR('',#977,1.);
#977 = DIRECTION('',(-1.,0.,0.));
#978 = ORIENTED_EDGE('',*,*,#979,.F.);
#979 = EDGE_CURVE('',#954,#972,#980,.T.);
#980 = LINE('',#981,#982);
#981 = CARTESIAN_POINT('',(26.,6.125887492336,147.2));
#982 = VECTOR('',#983,1.);
#983 = DIRECTION('',(0.,1.,1.17E-15));
#984 = FACE_BOUND('',#985,.T.);
#985 = EDGE_LOOP('',(#986));
#986 = ORIENTED_EDGE('',*,*,#987,.T.);
#987 = EDGE_CURVE('',#988,#988,#990,.T.);
#988 = VERTEX_POINT('',#989);
#989 = CARTESIAN_POINT('',(18.899928,11.500074,147.2));
#990 = CIRCLE('',#991,2.5);
#991 = AXIS2_PLACEMENT_3D('',#992,#993,#994);
#992 = CARTESIAN_POINT('',(16.399928,11.500074,147.2));
#993 = DIRECTION('',(0.,2.2E-16,-1.));
#994 = DIRECTION('',(1.,0.,0.));
#995 = FACE_BOUND('',#996,.T.);
#996 = EDGE_LOOP('',(#997));
#997 = ORIENTED_EDGE('',*,*,#998,.F.);
#998 = EDGE_CURVE('',#999,#999,#1001,.T.);
#999 = VERTEX_POINT('',#1000);
#1000 = CARTESIAN_POINT('',(28.65,25.5,147.2));
#1001 = CIRCLE('',#1002,1.15);
#1002 = AXIS2_PLACEMENT_3D('',#1003,#1004,#1005);
#1003 = CARTESIAN_POINT('',(27.5,25.5,147.2));
#1004 = DIRECTION('',(0.,-2.2E-16,1.));
#1005 = DIRECTION('',(1.,0.,0.));
#1006 = FACE_BOUND('',#1007,.T.);
#1007 = EDGE_LOOP('',(#1008));
#1008 = ORIENTED_EDGE('',*,*,#1009,.F.);
#1009 = EDGE_CURVE('',#1010,#1010,#1012,.T.);
#1010 = VERTEX_POINT('',#1011);
#1011 = CARTESIAN_POINT('',(-1.35,9.5,147.2));
#1012 = CIRCLE('',#1013,1.15);
#1013 = AXIS2_PLACEMENT_3D('',#1014,#1015,#1016);
#1014 = CARTESIAN_POINT('',(-2.5,9.5,147.2));
#1015 = DIRECTION('',(0.,-2.2E-16,1.));
#1016 = DIRECTION('',(1.,0.,0.));
#1017 = FACE_BOUND('',#1018,.T.);
#1018 = EDGE_LOOP('',(#1019));
#1019 = ORIENTED_EDGE('',*,*,#1020,.F.);
#1020 = EDGE_CURVE('',#1021,#1021,#1023,.T.);
#1021 = VERTEX_POINT('',#1022);
#1022 = CARTESIAN_POINT('',(-1.35,25.5,147.2));
#1023 = CIRCLE('',#1024,1.15);
#1024 = AXIS2_PLACEMENT_3D('',#1025,#1026,#1027);
#1025 = CARTESIAN_POINT('',(-2.5,25.5,147.2));
#1026 = DIRECTION('',(0.,-2.2E-16,1.));
#1027 = DIRECTION('',(1.,0.,0.));
#1028 = FACE_BOUND('',#1029,.T.);
#1029 = EDGE_LOOP('',(#1030));
#1030 = ORIENTED_EDGE('',*,*,#1031,.T.);
#1031 = EDGE_CURVE('',#1032,#1032,#1034,.T.);
#1032 = VERTEX_POINT('',#1033);
#1033 = CARTESIAN_POINT('',(-38.950096,-11.400058,147.2));
#1034 = CIRCLE('',#1035,2.5);
#1035 = AXIS2_PLACEMENT_3D('',#1036,#1037,#1038);
#1036 = CARTESIAN_POINT('',(-41.450096,-11.400058,147.2));
#1037 = DIRECTION('',(0.,2.2E-16,-1.));
#1038 = DIRECTION('',(1.,0.,0.));
#1039 = FACE_BOUND('',#1040,.T.);
#1040 = EDGE_LOOP('',(#1041));
#1041 = ORIENTED_EDGE('',*,*,#1042,.T.);
#1042 = EDGE_CURVE('',#1043,#1043,#1045,.T.);
#1043 = VERTEX_POINT('',#1044);
#1044 = CARTESIAN_POINT('',(-38.900058,11.450036,147.2));
#1045 = CIRCLE('',#1046,2.5);
#1046 = AXIS2_PLACEMENT_3D('',#1047,#1048,#1049);
#1047 = CARTESIAN_POINT('',(-41.400058,11.450036,147.2));
#1048 = DIRECTION('',(0.,2.2E-16,-1.));
#1049 = DIRECTION('',(1.,0.,0.));
#1050 = PLANE('',#1051);
#1051 = AXIS2_PLACEMENT_3D('',#1052,#1053,#1054);
#1052 = CARTESIAN_POINT('',(2.114193746168,3.256774984672,147.2));
#1053 = DIRECTION('',(0.,-7.2E-16,1.));
#1054 = DIRECTION('',(0.,1.,7.2E-16));
#1055 = ADVANCED_FACE('',(#1056),#1097,.F.);
#1056 = FACE_BOUND('',#1057,.F.);
#1057 = EDGE_LOOP('',(#1058,#1066,#1067,#1073,#1074,#1075,#1083,#1091));
#1058 = ORIENTED_EDGE('',*,*,#1059,.F.);
#1059 = EDGE_CURVE('',#331,#1060,#1062,.T.);
#1060 = VERTEX_POINT('',#1061);
#1061 = CARTESIAN_POINT('',(32.5,-25.6,140.));
#1062 = LINE('',#1063,#1064);
#1063 = CARTESIAN_POINT('',(32.5,-25.7,140.));
#1064 = VECTOR('',#1065,1.);
#1065 = DIRECTION('',(0.,1.,2.2E-16));
#1066 = ORIENTED_EDGE('',*,*,#338,.T.);
#1067 = ORIENTED_EDGE('',*,*,#1068,.T.);
#1068 = EDGE_CURVE('',#339,#137,#1069,.T.);
#1069 = LINE('',#1070,#1071);
#1070 = CARTESIAN_POINT('',(49.5,-25.7,140.));
#1071 = VECTOR('',#1072,1.);
#1072 = DIRECTION('',(0.,1.,2.2E-16));
#1073 = ORIENTED_EDGE('',*,*,#144,.F.);
#1074 = ORIENTED_EDGE('',*,*,#569,.F.);
#1075 = ORIENTED_EDGE('',*,*,#1076,.T.);
#1076 = EDGE_CURVE('',#562,#1077,#1079,.T.);
#1077 = VERTEX_POINT('',#1078);
#1078 = CARTESIAN_POINT('',(39.094117647059,-22.5,140.));
#1079 = LINE('',#1080,#1081);
#1080 = CARTESIAN_POINT('',(34.312578450853,-22.5,140.));
#1081 = VECTOR('',#1082,1.);
#1082 = DIRECTION('',(1.,0.,0.));
#1083 = ORIENTED_EDGE('',*,*,#1084,.T.);
#1084 = EDGE_CURVE('',#1077,#1085,#1087,.T.);
#1085 = VERTEX_POINT('',#1086);
#1086 = CARTESIAN_POINT('',(39.094117647059,-25.6,140.));
#1087 = LINE('',#1088,#1089);
#1088 = CARTESIAN_POINT('',(39.094117647059,-25.65,140.));
#1089 = VECTOR('',#1090,1.);
#1090 = DIRECTION('',(-2.2E-16,-1.,-2.2E-16));
#1091 = ORIENTED_EDGE('',*,*,#1092,.F.);
#1092 = EDGE_CURVE('',#1060,#1085,#1093,.T.);
#1093 = LINE('',#1094,#1095);
#1094 = CARTESIAN_POINT('',(34.312578450853,-25.6,140.));
#1095 = VECTOR('',#1096,1.);
#1096 = DIRECTION('',(1.,0.,0.));
#1097 = PLANE('',#1098);
#1098 = AXIS2_PLACEMENT_3D('',#1099,#1100,#1101);
#1099 = CARTESIAN_POINT('',(32.5,-25.7,140.));
#1100 = DIRECTION('',(0.,-2.2E-16,1.));
#1101 = DIRECTION('',(1.,0.,0.));
#1102 = ADVANCED_FACE('',(#1103),#1114,.F.);
#1103 = FACE_BOUND('',#1104,.F.);
#1104 = EDGE_LOOP('',(#1105,#1106,#1107,#1108));
#1105 = ORIENTED_EDGE('',*,*,#379,.F.);
#1106 = ORIENTED_EDGE('',*,*,#699,.T.);
#1107 = ORIENTED_EDGE('',*,*,#87,.T.);
#1108 = ORIENTED_EDGE('',*,*,#1109,.F.);
#1109 = EDGE_CURVE('',#372,#88,#1110,.T.);
#1110 = LINE('',#1111,#1112);
#1111 = CARTESIAN_POINT('',(29.7,-25.7,148.2));
#1112 = VECTOR('',#1113,1.);
#1113 = DIRECTION('',(0.,1.,2.2E-16));
#1114 = PLANE('',#1115);
#1115 = AXIS2_PLACEMENT_3D('',#1116,#1117,#1118);
#1116 = CARTESIAN_POINT('',(29.7,-25.7,145.2));
#1117 = DIRECTION('',(1.,0.,0.));
#1118 = DIRECTION('',(0.,-2.2E-16,1.));
#1119 = ADVANCED_FACE('',(#1120),#1131,.T.);
#1120 = FACE_BOUND('',#1121,.T.);
#1121 = EDGE_LOOP('',(#1122,#1123,#1124,#1125));
#1122 = ORIENTED_EDGE('',*,*,#346,.F.);
#1123 = ORIENTED_EDGE('',*,*,#1068,.T.);
#1124 = ORIENTED_EDGE('',*,*,#136,.T.);
#1125 = ORIENTED_EDGE('',*,*,#1126,.F.);
#1126 = EDGE_CURVE('',#347,#129,#1127,.T.);
#1127 = LINE('',#1128,#1129);
#1128 = CARTESIAN_POINT('',(49.5,-25.7,150.5));
#1129 = VECTOR('',#1130,1.);
#1130 = DIRECTION('',(0.,1.,2.2E-16));
#1131 = PLANE('',#1132);
#1132 = AXIS2_PLACEMENT_3D('',#1133,#1134,#1135);
#1133 = CARTESIAN_POINT('',(49.5,-22.95,145.25));
#1134 = DIRECTION('',(1.,0.,0.));
#1135 = DIRECTION('',(0.,-2.2E-16,1.));
#1136 = ADVANCED_FACE('',(#1137),#1143,.T.);
#1137 = FACE_BOUND('',#1138,.T.);
#1138 = EDGE_LOOP('',(#1139,#1140,#1141,#1142));
#1139 = ORIENTED_EDGE('',*,*,#95,.F.);
#1140 = ORIENTED_EDGE('',*,*,#1109,.F.);
#1141 = ORIENTED_EDGE('',*,*,#371,.T.);
#1142 = ORIENTED_EDGE('',*,*,#435,.T.);
#1143 = PLANE('',#1144);
#1144 = AXIS2_PLACEMENT_3D('',#1145,#1146,#1147);
#1145 = CARTESIAN_POINT('',(29.7,-25.7,148.2));
#1146 = DIRECTION('',(0.,-2.2E-16,1.));
#1147 = DIRECTION('',(1.,0.,0.));
#1148 = ADVANCED_FACE('',(#1149),#1155,.T.);
#1149 = FACE_BOUND('',#1150,.T.);
#1150 = EDGE_LOOP('',(#1151,#1152,#1153,#1154));
#1151 = ORIENTED_EDGE('',*,*,#128,.F.);
#1152 = ORIENTED_EDGE('',*,*,#280,.T.);
#1153 = ORIENTED_EDGE('',*,*,#354,.T.);
#1154 = ORIENTED_EDGE('',*,*,#1126,.T.);
#1155 = PLANE('',#1156);
#1156 = AXIS2_PLACEMENT_3D('',#1157,#1158,#1159);
#1157 = CARTESIAN_POINT('',(32.5,-25.7,150.5));
#1158 = DIRECTION('',(0.,-2.2E-16,1.));
#1159 = DIRECTION('',(1.,0.,0.));
#1160 = ADVANCED_FACE('',(#1161),#1180,.F.);
#1161 = FACE_BOUND('',#1162,.T.);
#1162 = EDGE_LOOP('',(#1163,#1172,#1178,#1179));
#1163 = ORIENTED_EDGE('',*,*,#1164,.T.);
#1164 = EDGE_CURVE('',#1165,#1165,#1167,.T.);
#1165 = VERTEX_POINT('',#1166);
#1166 = CARTESIAN_POINT('',(43.25,-21.7,152.5));
#1167 = CIRCLE('',#1168,2.25);
#1168 = AXIS2_PLACEMENT_3D('',#1169,#1170,#1171);
#1169 = CARTESIAN_POINT('',(41.,-21.7,152.5));
#1170 = DIRECTION('',(0.,-1.,-2.2E-16));
#1171 = DIRECTION('',(1.,0.,0.));
#1172 = ORIENTED_EDGE('',*,*,#1173,.T.);
#1173 = EDGE_CURVE('',#1165,#161,#1174,.T.);
#1174 = LINE('',#1175,#1176);
#1175 = CARTESIAN_POINT('',(43.25,-25.8,152.5));
#1176 = VECTOR('',#1177,1.);
#1177 = DIRECTION('',(0.,1.,2.2E-16));
#1178 = ORIENTED_EDGE('',*,*,#160,.F.);
#1179 = ORIENTED_EDGE('',*,*,#1173,.F.);
#1180 = CYLINDRICAL_SURFACE('',#1181,2.25);
#1181 = AXIS2_PLACEMENT_3D('',#1182,#1183,#1184);
#1182 = CARTESIAN_POINT('',(41.,-25.8,152.5));
#1183 = DIRECTION('',(-0.,-1.,-2.2E-16));
#1184 = DIRECTION('',(1.,0.,0.));
#1185 = ADVANCED_FACE('',(#1186),#1211,.F.);
#1186 = FACE_BOUND('',#1187,.F.);
#1187 = EDGE_LOOP('',(#1188,#1198,#1204,#1205));
#1188 = ORIENTED_EDGE('',*,*,#1189,.F.);
#1189 = EDGE_CURVE('',#1190,#1192,#1194,.T.);
#1190 = VERTEX_POINT('',#1191);
#1191 = CARTESIAN_POINT('',(39.453738644056,-22.2,144.5));
#1192 = VERTEX_POINT('',#1193);
#1193 = CARTESIAN_POINT('',(38.226869322028,-22.2,146.625));
#1194 = LINE('',#1195,#1196);
#1195 = CARTESIAN_POINT('',(39.453738644056,-22.2,144.5));
#1196 = VECTOR('',#1197,1.);
#1197 = DIRECTION('',(-0.5,-1.9E-16,0.866025403784));
#1198 = ORIENTED_EDGE('',*,*,#1199,.T.);
#1199 = EDGE_CURVE('',#1190,#174,#1200,.T.);
#1200 = LINE('',#1201,#1202);
#1201 = CARTESIAN_POINT('',(39.453738644056,-22.2,144.5));
#1202 = VECTOR('',#1203,1.);
#1203 = DIRECTION('',(0.,1.,-1.1E-16));
#1204 = ORIENTED_EDGE('',*,*,#171,.F.);
#1205 = ORIENTED_EDGE('',*,*,#1206,.F.);
#1206 = EDGE_CURVE('',#1192,#172,#1207,.T.);
#1207 = LINE('',#1208,#1209);
#1208 = CARTESIAN_POINT('',(38.226869322028,-22.2,146.625));
#1209 = VECTOR('',#1210,1.);
#1210 = DIRECTION('',(0.,1.,-1.1E-16));
#1211 = PLANE('',#1212);
#1212 = AXIS2_PLACEMENT_3D('',#1213,#1214,#1215);
#1213 = CARTESIAN_POINT('',(39.453738644056,-22.2,144.5));
#1214 = DIRECTION('',(0.866025403784,6.E-17,0.5));
#1215 = DIRECTION('',(-0.5,1.E-16,0.866025403784));
#1216 = ADVANCED_FACE('',(#1217),#1235,.F.);
#1217 = FACE_BOUND('',#1218,.F.);
#1218 = EDGE_LOOP('',(#1219,#1227,#1228,#1229));
#1219 = ORIENTED_EDGE('',*,*,#1220,.F.);
#1220 = EDGE_CURVE('',#1192,#1221,#1223,.T.);
#1221 = VERTEX_POINT('',#1222);
#1222 = CARTESIAN_POINT('',(35.773130677972,-22.2,146.625));
#1223 = LINE('',#1224,#1225);
#1224 = CARTESIAN_POINT('',(38.226869322028,-22.2,146.625));
#1225 = VECTOR('',#1226,1.);
#1226 = DIRECTION('',(-1.,0.,0.));
#1227 = ORIENTED_EDGE('',*,*,#1206,.T.);
#1228 = ORIENTED_EDGE('',*,*,#181,.F.);
#1229 = ORIENTED_EDGE('',*,*,#1230,.F.);
#1230 = EDGE_CURVE('',#1221,#182,#1231,.T.);
#1231 = LINE('',#1232,#1233);
#1232 = CARTESIAN_POINT('',(35.773130677972,-22.2,146.625));
#1233 = VECTOR('',#1234,1.);
#1234 = DIRECTION('',(0.,1.,-1.1E-16));
#1235 = PLANE('',#1236);
#1236 = AXIS2_PLACEMENT_3D('',#1237,#1238,#1239);
#1237 = CARTESIAN_POINT('',(38.226869322028,-22.2,146.625));
#1238 = DIRECTION('',(0.,1.1E-16,1.));
#1239 = DIRECTION('',(-1.,0.,0.));
#1240 = ADVANCED_FACE('',(#1241),#1259,.F.);
#1241 = FACE_BOUND('',#1242,.F.);
#1242 = EDGE_LOOP('',(#1243,#1251,#1257,#1258));
#1243 = ORIENTED_EDGE('',*,*,#1244,.F.);
#1244 = EDGE_CURVE('',#1245,#1190,#1247,.T.);
#1245 = VERTEX_POINT('',#1246);
#1246 = CARTESIAN_POINT('',(38.226869322028,-22.2,142.375));
#1247 = LINE('',#1248,#1249);
#1248 = CARTESIAN_POINT('',(38.226869322028,-22.2,142.375));
#1249 = VECTOR('',#1250,1.);
#1250 = DIRECTION('',(0.5,-1.9E-16,0.866025403784));
#1251 = ORIENTED_EDGE('',*,*,#1252,.T.);
#1252 = EDGE_CURVE('',#1245,#206,#1253,.T.);
#1253 = LINE('',#1254,#1255);
#1254 = CARTESIAN_POINT('',(38.226869322028,-22.2,142.375));
#1255 = VECTOR('',#1256,1.);
#1256 = DIRECTION('',(0.,1.,-1.1E-16));
#1257 = ORIENTED_EDGE('',*,*,#213,.F.);
#1258 = ORIENTED_EDGE('',*,*,#1199,.F.);
#1259 = PLANE('',#1260);
#1260 = AXIS2_PLACEMENT_3D('',#1261,#1262,#1263);
#1261 = CARTESIAN_POINT('',(38.226869322028,-22.2,142.375));
#1262 = DIRECTION('',(0.866025403784,-6.E-17,-0.5));
#1263 = DIRECTION('',(0.5,1.E-16,0.866025403784));
#1264 = ADVANCED_FACE('',(#1265),#1283,.F.);
#1265 = FACE_BOUND('',#1266,.F.);
#1266 = EDGE_LOOP('',(#1267,#1275,#1276,#1277));
#1267 = ORIENTED_EDGE('',*,*,#1268,.F.);
#1268 = EDGE_CURVE('',#1221,#1269,#1271,.T.);
#1269 = VERTEX_POINT('',#1270);
#1270 = CARTESIAN_POINT('',(34.546261355944,-22.2,144.5));
#1271 = LINE('',#1272,#1273);
#1272 = CARTESIAN_POINT('',(35.773130677972,-22.2,146.625));
#1273 = VECTOR('',#1274,1.);
#1274 = DIRECTION('',(-0.5,1.9E-16,-0.866025403784));
#1275 = ORIENTED_EDGE('',*,*,#1230,.T.);
#1276 = ORIENTED_EDGE('',*,*,#189,.F.);
#1277 = ORIENTED_EDGE('',*,*,#1278,.F.);
#1278 = EDGE_CURVE('',#1269,#190,#1279,.T.);
#1279 = LINE('',#1280,#1281);
#1280 = CARTESIAN_POINT('',(34.546261355944,-22.2,144.5));
#1281 = VECTOR('',#1282,1.);
#1282 = DIRECTION('',(0.,1.,-1.1E-16));
#1283 = PLANE('',#1284);
#1284 = AXIS2_PLACEMENT_3D('',#1285,#1286,#1287);
#1285 = CARTESIAN_POINT('',(35.773130677972,-22.2,146.625));
#1286 = DIRECTION('',(-0.866025403784,6.E-17,0.5));
#1287 = DIRECTION('',(-0.5,-1.E-16,-0.866025403784));
#1288 = ADVANCED_FACE('',(#1289),#1307,.F.);
#1289 = FACE_BOUND('',#1290,.F.);
#1290 = EDGE_LOOP('',(#1291,#1299,#1305,#1306));
#1291 = ORIENTED_EDGE('',*,*,#1292,.F.);
#1292 = EDGE_CURVE('',#1293,#1245,#1295,.T.);
#1293 = VERTEX_POINT('',#1294);
#1294 = CARTESIAN_POINT('',(35.773130677972,-22.2,142.375));
#1295 = LINE('',#1296,#1297);
#1296 = CARTESIAN_POINT('',(35.773130677972,-22.2,142.375));
#1297 = VECTOR('',#1298,1.);
#1298 = DIRECTION('',(1.,0.,0.));
#1299 = ORIENTED_EDGE('',*,*,#1300,.T.);
#1300 = EDGE_CURVE('',#1293,#198,#1301,.T.);
#1301 = LINE('',#1302,#1303);
#1302 = CARTESIAN_POINT('',(35.773130677972,-22.2,142.375));
#1303 = VECTOR('',#1304,1.);
#1304 = DIRECTION('',(0.,1.,-1.1E-16));
#1305 = ORIENTED_EDGE('',*,*,#205,.F.);
#1306 = ORIENTED_EDGE('',*,*,#1252,.F.);
#1307 = PLANE('',#1308);
#1308 = AXIS2_PLACEMENT_3D('',#1309,#1310,#1311);
#1309 = CARTESIAN_POINT('',(35.773130677972,-22.2,142.375));
#1310 = DIRECTION('',(0.,-1.1E-16,-1.));
#1311 = DIRECTION('',(1.,0.,0.));
#1312 = ADVANCED_FACE('',(#1313),#1324,.F.);
#1313 = FACE_BOUND('',#1314,.F.);
#1314 = EDGE_LOOP('',(#1315,#1321,#1322,#1323));
#1315 = ORIENTED_EDGE('',*,*,#1316,.F.);
#1316 = EDGE_CURVE('',#1269,#1293,#1317,.T.);
#1317 = LINE('',#1318,#1319);
#1318 = CARTESIAN_POINT('',(34.546261355944,-22.2,144.5));
#1319 = VECTOR('',#1320,1.);
#1320 = DIRECTION('',(0.5,1.9E-16,-0.866025403784));
#1321 = ORIENTED_EDGE('',*,*,#1278,.T.);
#1322 = ORIENTED_EDGE('',*,*,#197,.F.);
#1323 = ORIENTED_EDGE('',*,*,#1300,.F.);
#1324 = PLANE('',#1325);
#1325 = AXIS2_PLACEMENT_3D('',#1326,#1327,#1328);
#1326 = CARTESIAN_POINT('',(34.546261355944,-22.2,144.5));
#1327 = DIRECTION('',(-0.866025403784,-6.E-17,-0.5));
#1328 = DIRECTION('',(0.5,-1.E-16,-0.866025403784));
#1329 = ADVANCED_FACE('',(#1330),#1355,.F.);
#1330 = FACE_BOUND('',#1331,.F.);
#1331 = EDGE_LOOP('',(#1332,#1342,#1348,#1349));
#1332 = ORIENTED_EDGE('',*,*,#1333,.F.);
#1333 = EDGE_CURVE('',#1334,#1336,#1338,.T.);
#1334 = VERTEX_POINT('',#1335);
#1335 = CARTESIAN_POINT('',(47.453738644056,-22.2,144.5));
#1336 = VERTEX_POINT('',#1337);
#1337 = CARTESIAN_POINT('',(46.226869322028,-22.2,146.625));
#1338 = LINE('',#1339,#1340);
#1339 = CARTESIAN_POINT('',(47.453738644056,-22.2,144.5));
#1340 = VECTOR('',#1341,1.);
#1341 = DIRECTION('',(-0.5,-1.9E-16,0.866025403784));
#1342 = ORIENTED_EDGE('',*,*,#1343,.T.);
#1343 = EDGE_CURVE('',#1334,#224,#1344,.T.);
#1344 = LINE('',#1345,#1346);
#1345 = CARTESIAN_POINT('',(47.453738644056,-22.2,144.5));
#1346 = VECTOR('',#1347,1.);
#1347 = DIRECTION('',(0.,1.,-1.1E-16));
#1348 = ORIENTED_EDGE('',*,*,#221,.F.);
#1349 = ORIENTED_EDGE('',*,*,#1350,.F.);
#1350 = EDGE_CURVE('',#1336,#222,#1351,.T.);
#1351 = LINE('',#1352,#1353);
#1352 = CARTESIAN_POINT('',(46.226869322028,-22.2,146.625));
#1353 = VECTOR('',#1354,1.);
#1354 = DIRECTION('',(0.,1.,-1.1E-16));
#1355 = PLANE('',#1356);
#1356 = AXIS2_PLACEMENT_3D('',#1357,#1358,#1359);
#1357 = CARTESIAN_POINT('',(47.453738644056,-22.2,144.5));
#1358 = DIRECTION('',(0.866025403784,6.E-17,0.5));
#1359 = DIRECTION('',(-0.5,1.E-16,0.866025403784));
#1360 = ADVANCED_FACE('',(#1361),#1379,.F.);
#1361 = FACE_BOUND('',#1362,.F.);
#1362 = EDGE_LOOP('',(#1363,#1371,#1377,#1378));
#1363 = ORIENTED_EDGE('',*,*,#1364,.F.);
#1364 = EDGE_CURVE('',#1365,#1334,#1367,.T.);
#1365 = VERTEX_POINT('',#1366);
#1366 = CARTESIAN_POINT('',(46.226869322028,-22.2,142.375));
#1367 = LINE('',#1368,#1369);
#1368 = CARTESIAN_POINT('',(46.226869322028,-22.2,142.375));
#1369 = VECTOR('',#1370,1.);
#1370 = DIRECTION('',(0.5,-1.9E-16,0.866025403784));
#1371 = ORIENTED_EDGE('',*,*,#1372,.T.);
#1372 = EDGE_CURVE('',#1365,#256,#1373,.T.);
#1373 = LINE('',#1374,#1375);
#1374 = CARTESIAN_POINT('',(46.226869322028,-22.2,142.375));
#1375 = VECTOR('',#1376,1.);
#1376 = DIRECTION('',(0.,1.,-1.1E-16));
#1377 = ORIENTED_EDGE('',*,*,#263,.F.);
#1378 = ORIENTED_EDGE('',*,*,#1343,.F.);
#1379 = PLANE('',#1380);
#1380 = AXIS2_PLACEMENT_3D('',#1381,#1382,#1383);
#1381 = CARTESIAN_POINT('',(46.226869322028,-22.2,142.375));
#1382 = DIRECTION('',(0.866025403784,-6.E-17,-0.5));
#1383 = DIRECTION('',(0.5,1.E-16,0.866025403784));
#1384 = ADVANCED_FACE('',(#1385),#1403,.F.);
#1385 = FACE_BOUND('',#1386,.F.);
#1386 = EDGE_LOOP('',(#1387,#1395,#1401,#1402));
#1387 = ORIENTED_EDGE('',*,*,#1388,.F.);
#1388 = EDGE_CURVE('',#1389,#1365,#1391,.T.);
#1389 = VERTEX_POINT('',#1390);
#1390 = CARTESIAN_POINT('',(43.773130677972,-22.2,142.375));
#1391 = LINE('',#1392,#1393);
#1392 = CARTESIAN_POINT('',(43.773130677972,-22.2,142.375));
#1393 = VECTOR('',#1394,1.);
#1394 = DIRECTION('',(1.,0.,0.));
#1395 = ORIENTED_EDGE('',*,*,#1396,.T.);
#1396 = EDGE_CURVE('',#1389,#248,#1397,.T.);
#1397 = LINE('',#1398,#1399);
#1398 = CARTESIAN_POINT('',(43.773130677972,-22.2,142.375));
#1399 = VECTOR('',#1400,1.);
#1400 = DIRECTION('',(0.,1.,-1.1E-16));
#1401 = ORIENTED_EDGE('',*,*,#255,.F.);
#1402 = ORIENTED_EDGE('',*,*,#1372,.F.);
#1403 = PLANE('',#1404);
#1404 = AXIS2_PLACEMENT_3D('',#1405,#1406,#1407);
#1405 = CARTESIAN_POINT('',(43.773130677972,-22.2,142.375));
#1406 = DIRECTION('',(0.,-1.1E-16,-1.));
#1407 = DIRECTION('',(1.,0.,0.));
#1408 = ADVANCED_FACE('',(#1409),#1427,.F.);
#1409 = FACE_BOUND('',#1410,.F.);
#1410 = EDGE_LOOP('',(#1411,#1419,#1425,#1426));
#1411 = ORIENTED_EDGE('',*,*,#1412,.F.);
#1412 = EDGE_CURVE('',#1413,#1389,#1415,.T.);
#1413 = VERTEX_POINT('',#1414);
#1414 = CARTESIAN_POINT('',(42.546261355944,-22.2,144.5));
#1415 = LINE('',#1416,#1417);
#1416 = CARTESIAN_POINT('',(42.546261355944,-22.2,144.5));
#1417 = VECTOR('',#1418,1.);
#1418 = DIRECTION('',(0.5,1.9E-16,-0.866025403784));
#1419 = ORIENTED_EDGE('',*,*,#1420,.T.);
#1420 = EDGE_CURVE('',#1413,#240,#1421,.T.);
#1421 = LINE('',#1422,#1423);
#1422 = CARTESIAN_POINT('',(42.546261355944,-22.2,144.5));
#1423 = VECTOR('',#1424,1.);
#1424 = DIRECTION('',(0.,1.,-1.1E-16));
#1425 = ORIENTED_EDGE('',*,*,#247,.F.);
#1426 = ORIENTED_EDGE('',*,*,#1396,.F.);
#1427 = PLANE('',#1428);
#1428 = AXIS2_PLACEMENT_3D('',#1429,#1430,#1431);
#1429 = CARTESIAN_POINT('',(42.546261355944,-22.2,144.5));
#1430 = DIRECTION('',(-0.866025403784,-6.E-17,-0.5));
#1431 = DIRECTION('',(0.5,-1.E-16,-0.866025403784));
#1432 = ADVANCED_FACE('',(#1433),#1451,.F.);
#1433 = FACE_BOUND('',#1434,.F.);
#1434 = EDGE_LOOP('',(#1435,#1443,#1449,#1450));
#1435 = ORIENTED_EDGE('',*,*,#1436,.F.);
#1436 = EDGE_CURVE('',#1437,#1413,#1439,.T.);
#1437 = VERTEX_POINT('',#1438);
#1438 = CARTESIAN_POINT('',(43.773130677972,-22.2,146.625));
#1439 = LINE('',#1440,#1441);
#1440 = CARTESIAN_POINT('',(43.773130677972,-22.2,146.625));
#1441 = VECTOR('',#1442,1.);
#1442 = DIRECTION('',(-0.5,1.9E-16,-0.866025403784));
#1443 = ORIENTED_EDGE('',*,*,#1444,.T.);
#1444 = EDGE_CURVE('',#1437,#232,#1445,.T.);
#1445 = LINE('',#1446,#1447);
#1446 = CARTESIAN_POINT('',(43.773130677972,-22.2,146.625));
#1447 = VECTOR('',#1448,1.);
#1448 = DIRECTION('',(0.,1.,-1.1E-16));
#1449 = ORIENTED_EDGE('',*,*,#239,.F.);
#1450 = ORIENTED_EDGE('',*,*,#1420,.F.);
#1451 = PLANE('',#1452);
#1452 = AXIS2_PLACEMENT_3D('',#1453,#1454,#1455);
#1453 = CARTESIAN_POINT('',(43.773130677972,-22.2,146.625));
#1454 = DIRECTION('',(-0.866025403784,6.E-17,0.5));
#1455 = DIRECTION('',(-0.5,-1.E-16,-0.866025403784));
#1456 = ADVANCED_FACE('',(#1457),#1468,.F.);
#1457 = FACE_BOUND('',#1458,.F.);
#1458 = EDGE_LOOP('',(#1459,#1465,#1466,#1467));
#1459 = ORIENTED_EDGE('',*,*,#1460,.F.);
#1460 = EDGE_CURVE('',#1336,#1437,#1461,.T.);
#1461 = LINE('',#1462,#1463);
#1462 = CARTESIAN_POINT('',(46.226869322028,-22.2,146.625));
#1463 = VECTOR('',#1464,1.);
#1464 = DIRECTION('',(-1.,0.,0.));
#1465 = ORIENTED_EDGE('',*,*,#1350,.T.);
#1466 = ORIENTED_EDGE('',*,*,#231,.F.);
#1467 = ORIENTED_EDGE('',*,*,#1444,.F.);
#1468 = PLANE('',#1469);
#1469 = AXIS2_PLACEMENT_3D('',#1470,#1471,#1472);
#1470 = CARTESIAN_POINT('',(46.226869322028,-22.2,146.625));
#1471 = DIRECTION('',(0.,1.1E-16,1.));
#1472 = DIRECTION('',(-1.,0.,0.));
#1473 = ADVANCED_FACE('',(#1474),#1492,.F.);
#1474 = FACE_BOUND('',#1475,.F.);
#1475 = EDGE_LOOP('',(#1476,#1477,#1485,#1491));
#1476 = ORIENTED_EDGE('',*,*,#322,.T.);
#1477 = ORIENTED_EDGE('',*,*,#1478,.T.);
#1478 = EDGE_CURVE('',#323,#1479,#1481,.T.);
#1479 = VERTEX_POINT('',#1480);
#1480 = CARTESIAN_POINT('',(32.5,-25.6,145.2));
#1481 = LINE('',#1482,#1483);
#1482 = CARTESIAN_POINT('',(32.5,-25.7,145.2));
#1483 = VECTOR('',#1484,1.);
#1484 = DIRECTION('',(0.,1.,2.2E-16));
#1485 = ORIENTED_EDGE('',*,*,#1486,.T.);
#1486 = EDGE_CURVE('',#1479,#533,#1487,.T.);
#1487 = LINE('',#1488,#1489);
#1488 = CARTESIAN_POINT('',(32.912578450853,-25.6,145.2));
#1489 = VECTOR('',#1490,1.);
#1490 = DIRECTION('',(-1.,0.,0.));
#1491 = ORIENTED_EDGE('',*,*,#540,.T.);
#1492 = PLANE('',#1493);
#1493 = AXIS2_PLACEMENT_3D('',#1494,#1495,#1496);
#1494 = CARTESIAN_POINT('',(29.7,-25.7,145.2));
#1495 = DIRECTION('',(0.,-2.2E-16,1.));
#1496 = DIRECTION('',(1.,0.,0.));
#1497 = ADVANCED_FACE('',(#1498),#1509,.F.);
#1498 = FACE_BOUND('',#1499,.F.);
#1499 = EDGE_LOOP('',(#1500,#1501,#1502,#1508));
#1500 = ORIENTED_EDGE('',*,*,#330,.F.);
#1501 = ORIENTED_EDGE('',*,*,#1059,.T.);
#1502 = ORIENTED_EDGE('',*,*,#1503,.F.);
#1503 = EDGE_CURVE('',#1479,#1060,#1504,.T.);
#1504 = LINE('',#1505,#1506);
#1505 = CARTESIAN_POINT('',(32.5,-25.6,140.98742154914));
#1506 = VECTOR('',#1507,1.);
#1507 = DIRECTION('',(0.,2.2E-16,-1.));
#1508 = ORIENTED_EDGE('',*,*,#1478,.F.);
#1509 = PLANE('',#1510);
#1510 = AXIS2_PLACEMENT_3D('',#1511,#1512,#1513);
#1511 = CARTESIAN_POINT('',(32.5,-25.7,140.));
#1512 = DIRECTION('',(1.,0.,0.));
#1513 = DIRECTION('',(0.,-2.2E-16,1.));
#1514 = ADVANCED_FACE('',(#1515),#1534,.F.);
#1515 = FACE_BOUND('',#1516,.T.);
#1516 = EDGE_LOOP('',(#1517,#1518,#1526,#1533));
#1517 = ORIENTED_EDGE('',*,*,#395,.T.);
#1518 = ORIENTED_EDGE('',*,*,#1519,.T.);
#1519 = EDGE_CURVE('',#396,#1520,#1522,.T.);
#1520 = VERTEX_POINT('',#1521);
#1521 = CARTESIAN_POINT('',(45.1,-21.7,152.5));
#1522 = LINE('',#1523,#1524);
#1523 = CARTESIAN_POINT('',(45.1,-25.8,152.5));
#1524 = VECTOR('',#1525,1.);
#1525 = DIRECTION('',(0.,1.,2.2E-16));
#1526 = ORIENTED_EDGE('',*,*,#1527,.T.);
#1527 = EDGE_CURVE('',#1520,#1520,#1528,.T.);
#1528 = CIRCLE('',#1529,4.1);
#1529 = AXIS2_PLACEMENT_3D('',#1530,#1531,#1532);
#1530 = CARTESIAN_POINT('',(41.,-21.7,152.5));
#1531 = DIRECTION('',(-0.,1.,2.2E-16));
#1532 = DIRECTION('',(1.,0.,0.));
#1533 = ORIENTED_EDGE('',*,*,#1519,.F.);
#1534 = CYLINDRICAL_SURFACE('',#1535,4.1);
#1535 = AXIS2_PLACEMENT_3D('',#1536,#1537,#1538);
#1536 = CARTESIAN_POINT('',(41.,-25.8,152.5));
#1537 = DIRECTION('',(-0.,-1.,-2.2E-16));
#1538 = DIRECTION('',(1.,0.,0.));
#1539 = ADVANCED_FACE('',(#1540),#1559,.F.);
#1540 = FACE_BOUND('',#1541,.T.);
#1541 = EDGE_LOOP('',(#1542,#1550,#1551,#1552));
#1542 = ORIENTED_EDGE('',*,*,#1543,.F.);
#1543 = EDGE_CURVE('',#407,#1544,#1546,.T.);
#1544 = VERTEX_POINT('',#1545);
#1545 = CARTESIAN_POINT('',(46.15,-22.2,144.5));
#1546 = LINE('',#1547,#1548);
#1547 = CARTESIAN_POINT('',(46.15,-25.8,144.5));
#1548 = VECTOR('',#1549,1.);
#1549 = DIRECTION('',(0.,1.,2.2E-16));
#1550 = ORIENTED_EDGE('',*,*,#406,.T.);
#1551 = ORIENTED_EDGE('',*,*,#1543,.T.);
#1552 = ORIENTED_EDGE('',*,*,#1553,.F.);
#1553 = EDGE_CURVE('',#1544,#1544,#1554,.T.);
#1554 = CIRCLE('',#1555,1.15);
#1555 = AXIS2_PLACEMENT_3D('',#1556,#1557,#1558);
#1556 = CARTESIAN_POINT('',(45.,-22.2,144.5));
#1557 = DIRECTION('',(0.,-1.,-3.3E-16));
#1558 = DIRECTION('',(1.,0.,0.));
#1559 = CYLINDRICAL_SURFACE('',#1560,1.15);
#1560 = AXIS2_PLACEMENT_3D('',#1561,#1562,#1563);
#1561 = CARTESIAN_POINT('',(45.,-25.8,144.5));
#1562 = DIRECTION('',(-0.,-1.,-2.2E-16));
#1563 = DIRECTION('',(1.,0.,0.));
#1564 = ADVANCED_FACE('',(#1565),#1584,.F.);
#1565 = FACE_BOUND('',#1566,.T.);
#1566 = EDGE_LOOP('',(#1567,#1575,#1576,#1577));
#1567 = ORIENTED_EDGE('',*,*,#1568,.F.);
#1568 = EDGE_CURVE('',#418,#1569,#1571,.T.);
#1569 = VERTEX_POINT('',#1570);
#1570 = CARTESIAN_POINT('',(38.15,-22.2,144.5));
#1571 = LINE('',#1572,#1573);
#1572 = CARTESIAN_POINT('',(38.15,-25.8,144.5));
#1573 = VECTOR('',#1574,1.);
#1574 = DIRECTION('',(0.,1.,2.2E-16));
#1575 = ORIENTED_EDGE('',*,*,#417,.T.);
#1576 = ORIENTED_EDGE('',*,*,#1568,.T.);
#1577 = ORIENTED_EDGE('',*,*,#1578,.F.);
#1578 = EDGE_CURVE('',#1569,#1569,#1579,.T.);
#1579 = CIRCLE('',#1580,1.15);
#1580 = AXIS2_PLACEMENT_3D('',#1581,#1582,#1583);
#1581 = CARTESIAN_POINT('',(37.,-22.2,144.5));
#1582 = DIRECTION('',(0.,-1.,-3.3E-16));
#1583 = DIRECTION('',(1.,0.,0.));
#1584 = CYLINDRICAL_SURFACE('',#1585,1.15);
#1585 = AXIS2_PLACEMENT_3D('',#1586,#1587,#1588);
#1586 = CARTESIAN_POINT('',(37.,-25.8,144.5));
#1587 = DIRECTION('',(-0.,-1.,-2.2E-16));
#1588 = DIRECTION('',(1.,0.,0.));
#1589 = ADVANCED_FACE('',(#1590),#1602,.T.);
#1590 = FACE_BOUND('',#1591,.T.);
#1591 = EDGE_LOOP('',(#1592,#1598,#1599,#1600,#1601));
#1592 = ORIENTED_EDGE('',*,*,#1593,.F.);
#1593 = EDGE_CURVE('',#517,#1077,#1594,.T.);
#1594 = LINE('',#1595,#1596);
#1595 = CARTESIAN_POINT('',(30.2,-22.5,131.));
#1596 = VECTOR('',#1597,1.);
#1597 = DIRECTION('',(0.702910412077,-1.6E-16,0.711278393173));
#1598 = ORIENTED_EDGE('',*,*,#516,.T.);
#1599 = ORIENTED_EDGE('',*,*,#460,.F.);
#1600 = ORIENTED_EDGE('',*,*,#561,.T.);
#1601 = ORIENTED_EDGE('',*,*,#1076,.T.);
#1602 = PLANE('',#1603);
#1603 = AXIS2_PLACEMENT_3D('',#1604,#1605,#1606);
#1604 = CARTESIAN_POINT('',(36.125156901706,-22.5,141.97484309829));
#1605 = DIRECTION('',(0.,1.,2.2E-16));
#1606 = DIRECTION('',(0.,-2.2E-16,1.));
#1607 = ADVANCED_FACE('',(#1608,#1626),#1660,.T.);
#1608 = FACE_BOUND('',#1609,.T.);
#1609 = EDGE_LOOP('',(#1610,#1618,#1624,#1625));
#1610 = ORIENTED_EDGE('',*,*,#1611,.F.);
#1611 = EDGE_CURVE('',#1612,#684,#1614,.T.);
#1612 = VERTEX_POINT('',#1613);
#1613 = CARTESIAN_POINT('',(-6.7,-29.7,126.));
#1614 = LINE('',#1615,#1616);
#1615 = CARTESIAN_POINT('',(-6.7,-29.7,145.2));
#1616 = VECTOR('',#1617,1.);
#1617 = DIRECTION('',(0.,-2.2E-16,1.));
#1618 = ORIENTED_EDGE('',*,*,#1619,.T.);
#1619 = EDGE_CURVE('',#1612,#483,#1620,.T.);
#1620 = LINE('',#1621,#1622);
#1621 = CARTESIAN_POINT('',(29.7,-29.7,126.));
#1622 = VECTOR('',#1623,1.);
#1623 = DIRECTION('',(1.,0.,0.));
#1624 = ORIENTED_EDGE('',*,*,#482,.T.);
#1625 = ORIENTED_EDGE('',*,*,#691,.F.);
#1626 = FACE_BOUND('',#1627,.T.);
#1627 = EDGE_LOOP('',(#1628,#1638,#1646,#1654));
#1628 = ORIENTED_EDGE('',*,*,#1629,.T.);
#1629 = EDGE_CURVE('',#1630,#1632,#1634,.T.);
#1630 = VERTEX_POINT('',#1631);
#1631 = CARTESIAN_POINT('',(23.,-29.7,137.));
#1632 = VERTEX_POINT('',#1633);
#1633 = CARTESIAN_POINT('',(17.,-29.7,137.));
#1634 = LINE('',#1635,#1636);
#1635 = CARTESIAN_POINT('',(14.75,-29.7,137.));
#1636 = VECTOR('',#1637,1.);
#1637 = DIRECTION('',(-1.,0.,0.));
#1638 = ORIENTED_EDGE('',*,*,#1639,.T.);
#1639 = EDGE_CURVE('',#1632,#1640,#1642,.T.);
#1640 = VERTEX_POINT('',#1641);
#1641 = CARTESIAN_POINT('',(17.,-29.7,143.));
#1642 = LINE('',#1643,#1644);
#1643 = CARTESIAN_POINT('',(17.,-29.7,136.8));
#1644 = VECTOR('',#1645,1.);
#1645 = DIRECTION('',(0.,1.E-17,1.));
#1646 = ORIENTED_EDGE('',*,*,#1647,.F.);
#1647 = EDGE_CURVE('',#1648,#1640,#1650,.T.);
#1648 = VERTEX_POINT('',#1649);
#1649 = CARTESIAN_POINT('',(23.,-29.7,143.));
#1650 = LINE('',#1651,#1652);
#1651 = CARTESIAN_POINT('',(14.75,-29.7,143.));
#1652 = VECTOR('',#1653,1.);
#1653 = DIRECTION('',(-1.,0.,0.));
#1654 = ORIENTED_EDGE('',*,*,#1655,.F.);
#1655 = EDGE_CURVE('',#1630,#1648,#1656,.T.);
#1656 = LINE('',#1657,#1658);
#1657 = CARTESIAN_POINT('',(23.,-29.7,136.8));
#1658 = VECTOR('',#1659,1.);
#1659 = DIRECTION('',(0.,1.E-17,1.));
#1660 = PLANE('',#1661);
#1661 = AXIS2_PLACEMENT_3D('',#1662,#1663,#1664);
#1662 = CARTESIAN_POINT('',(12.5,-29.7,136.6));
#1663 = DIRECTION('',(0.,-1.,1.E-17));
#1664 = DIRECTION('',(0.,-1.E-17,-1.));
#1665 = ADVANCED_FACE('',(#1666),#1678,.F.);
#1666 = FACE_BOUND('',#1667,.F.);
#1667 = EDGE_LOOP('',(#1668,#1674,#1675,#1676,#1677));
#1668 = ORIENTED_EDGE('',*,*,#1669,.F.);
#1669 = EDGE_CURVE('',#525,#1085,#1670,.T.);
#1670 = LINE('',#1671,#1672);
#1671 = CARTESIAN_POINT('',(30.2,-25.6,131.));
#1672 = VECTOR('',#1673,1.);
#1673 = DIRECTION('',(0.702910412077,-1.6E-16,0.711278393173));
#1674 = ORIENTED_EDGE('',*,*,#532,.T.);
#1675 = ORIENTED_EDGE('',*,*,#1486,.F.);
#1676 = ORIENTED_EDGE('',*,*,#1503,.T.);
#1677 = ORIENTED_EDGE('',*,*,#1092,.T.);
#1678 = PLANE('',#1679);
#1679 = AXIS2_PLACEMENT_3D('',#1680,#1681,#1682);
#1680 = CARTESIAN_POINT('',(36.125156901706,-25.6,141.97484309829));
#1681 = DIRECTION('',(0.,1.,2.2E-16));
#1682 = DIRECTION('',(0.,-2.2E-16,1.));
#1683 = ADVANCED_FACE('',(#1684),#1690,.T.);
#1684 = FACE_BOUND('',#1685,.T.);
#1685 = EDGE_LOOP('',(#1686,#1687,#1688,#1689));
#1686 = ORIENTED_EDGE('',*,*,#1669,.F.);
#1687 = ORIENTED_EDGE('',*,*,#524,.T.);
#1688 = ORIENTED_EDGE('',*,*,#1593,.T.);
#1689 = ORIENTED_EDGE('',*,*,#1084,.T.);
#1690 = PLANE('',#1691);
#1691 = AXIS2_PLACEMENT_3D('',#1692,#1693,#1694);
#1692 = CARTESIAN_POINT('',(30.2,-25.6,131.));
#1693 = DIRECTION('',(0.711278393173,0.,-0.702910412077));
#1694 = DIRECTION('',(0.702910412077,0.,0.711278393173));
#1695 = ADVANCED_FACE('',(#1696),#1730,.T.);
#1696 = FACE_BOUND('',#1697,.T.);
#1697 = EDGE_LOOP('',(#1698,#1708,#1714,#1715,#1716,#1724));
#1698 = ORIENTED_EDGE('',*,*,#1699,.T.);
#1699 = EDGE_CURVE('',#1700,#1702,#1704,.T.);
#1700 = VERTEX_POINT('',#1701);
#1701 = CARTESIAN_POINT('',(29.7,-17.,145.2));
#1702 = VERTEX_POINT('',#1703);
#1703 = CARTESIAN_POINT('',(28.,-17.,145.2));
#1704 = LINE('',#1705,#1706);
#1705 = CARTESIAN_POINT('',(10.65,-17.,145.2));
#1706 = VECTOR('',#1707,1.);
#1707 = DIRECTION('',(-1.,0.,0.));
#1708 = ORIENTED_EDGE('',*,*,#1709,.T.);
#1709 = EDGE_CURVE('',#1702,#708,#1710,.T.);
#1710 = LINE('',#1711,#1712);
#1711 = CARTESIAN_POINT('',(28.,-17.,120.));
#1712 = VECTOR('',#1713,1.);
#1713 = DIRECTION('',(0.,-2.2E-16,1.));
#1714 = ORIENTED_EDGE('',*,*,#707,.F.);
#1715 = ORIENTED_EDGE('',*,*,#500,.F.);
#1716 = ORIENTED_EDGE('',*,*,#1717,.F.);
#1717 = EDGE_CURVE('',#1718,#493,#1720,.T.);
#1718 = VERTEX_POINT('',#1719);
#1719 = CARTESIAN_POINT('',(29.7,-17.,126.));
#1720 = LINE('',#1721,#1722);
#1721 = CARTESIAN_POINT('',(20.25,-17.,126.));
#1722 = VECTOR('',#1723,1.);
#1723 = DIRECTION('',(1.,0.,0.));
#1724 = ORIENTED_EDGE('',*,*,#1725,.T.);
#1725 = EDGE_CURVE('',#1718,#1700,#1726,.T.);
#1726 = LINE('',#1727,#1728);
#1727 = CARTESIAN_POINT('',(29.7,-17.,123.));
#1728 = VECTOR('',#1729,1.);
#1729 = DIRECTION('',(0.,-2.2E-16,1.));
#1730 = PLANE('',#1731);
#1731 = AXIS2_PLACEMENT_3D('',#1732,#1733,#1734);
#1732 = CARTESIAN_POINT('',(28.,-17.,120.));
#1733 = DIRECTION('',(0.,1.,2.2E-16));
#1734 = DIRECTION('',(0.,-2.2E-16,1.));
#1735 = ADVANCED_FACE('',(#1736),#1875,.T.);
#1736 = FACE_BOUND('',#1737,.T.);
#1737 = EDGE_LOOP('',(#1738,#1739,#1740,#1748,#1756,#1764,#1772,#1780,
    #1788,#1796,#1804,#1812,#1820,#1828,#1836,#1844,#1852,#1860,#1868,
    #1874));
#1738 = ORIENTED_EDGE('',*,*,#492,.F.);
#1739 = ORIENTED_EDGE('',*,*,#1619,.F.);
#1740 = ORIENTED_EDGE('',*,*,#1741,.T.);
#1741 = EDGE_CURVE('',#1612,#1742,#1744,.T.);
#1742 = VERTEX_POINT('',#1743);
#1743 = CARTESIAN_POINT('',(-6.7,-21.,126.));
#1744 = LINE('',#1745,#1746);
#1745 = CARTESIAN_POINT('',(-6.7,5.3,126.));
#1746 = VECTOR('',#1747,1.);
#1747 = DIRECTION('',(0.,1.,2.2E-16));
#1748 = ORIENTED_EDGE('',*,*,#1749,.T.);
#1749 = EDGE_CURVE('',#1742,#1750,#1752,.T.);
#1750 = VERTEX_POINT('',#1751);
#1751 = CARTESIAN_POINT('',(-6.7,-19.,126.));
#1752 = LINE('',#1753,#1754);
#1753 = CARTESIAN_POINT('',(-6.7,5.3,126.));
#1754 = VECTOR('',#1755,1.);
#1755 = DIRECTION('',(0.,1.,2.2E-16));
#1756 = ORIENTED_EDGE('',*,*,#1757,.T.);
#1757 = EDGE_CURVE('',#1750,#1758,#1760,.T.);
#1758 = VERTEX_POINT('',#1759);
#1759 = CARTESIAN_POINT('',(-6.7,19.,126.));
#1760 = LINE('',#1761,#1762);
#1761 = CARTESIAN_POINT('',(-6.7,5.3,126.));
#1762 = VECTOR('',#1763,1.);
#1763 = DIRECTION('',(0.,1.,2.2E-16));
#1764 = ORIENTED_EDGE('',*,*,#1765,.T.);
#1765 = EDGE_CURVE('',#1758,#1766,#1768,.T.);
#1766 = VERTEX_POINT('',#1767);
#1767 = CARTESIAN_POINT('',(-6.7,21.,126.));
#1768 = LINE('',#1769,#1770);
#1769 = CARTESIAN_POINT('',(-6.7,5.3,126.));
#1770 = VECTOR('',#1771,1.);
#1771 = DIRECTION('',(0.,1.,2.2E-16));
#1772 = ORIENTED_EDGE('',*,*,#1773,.T.);
#1773 = EDGE_CURVE('',#1766,#1774,#1776,.T.);
#1774 = VERTEX_POINT('',#1775);
#1775 = CARTESIAN_POINT('',(-6.7,29.7,126.));
#1776 = LINE('',#1777,#1778);
#1777 = CARTESIAN_POINT('',(-6.7,5.3,126.));
#1778 = VECTOR('',#1779,1.);
#1779 = DIRECTION('',(0.,1.,2.2E-16));
#1780 = ORIENTED_EDGE('',*,*,#1781,.T.);
#1781 = EDGE_CURVE('',#1774,#1782,#1784,.T.);
#1782 = VERTEX_POINT('',#1783);
#1783 = CARTESIAN_POINT('',(31.7,29.7,126.));
#1784 = LINE('',#1785,#1786);
#1785 = CARTESIAN_POINT('',(29.7,29.7,126.));
#1786 = VECTOR('',#1787,1.);
#1787 = DIRECTION('',(1.,0.,0.));
#1788 = ORIENTED_EDGE('',*,*,#1789,.F.);
#1789 = EDGE_CURVE('',#1790,#1782,#1792,.T.);
#1790 = VERTEX_POINT('',#1791);
#1791 = CARTESIAN_POINT('',(31.7,10.5,126.));
#1792 = LINE('',#1793,#1794);
#1793 = CARTESIAN_POINT('',(31.7,-29.7,126.));
#1794 = VECTOR('',#1795,1.);
#1795 = DIRECTION('',(0.,1.,2.2E-16));
#1796 = ORIENTED_EDGE('',*,*,#1797,.F.);
#1797 = EDGE_CURVE('',#1798,#1790,#1800,.T.);
#1798 = VERTEX_POINT('',#1799);
#1799 = CARTESIAN_POINT('',(29.7,10.5,126.));
#1800 = LINE('',#1801,#1802);
#1801 = CARTESIAN_POINT('',(20.25,10.5,126.));
#1802 = VECTOR('',#1803,1.);
#1803 = DIRECTION('',(1.,0.,0.));
#1804 = ORIENTED_EDGE('',*,*,#1805,.T.);
#1805 = EDGE_CURVE('',#1798,#1806,#1808,.T.);
#1806 = VERTEX_POINT('',#1807);
#1807 = CARTESIAN_POINT('',(29.7,27.7,126.));
#1808 = LINE('',#1809,#1810);
#1809 = CARTESIAN_POINT('',(29.7,5.3,126.));
#1810 = VECTOR('',#1811,1.);
#1811 = DIRECTION('',(0.,1.,2.2E-16));
#1812 = ORIENTED_EDGE('',*,*,#1813,.F.);
#1813 = EDGE_CURVE('',#1814,#1806,#1816,.T.);
#1814 = VERTEX_POINT('',#1815);
#1815 = CARTESIAN_POINT('',(-4.7,27.7,126.));
#1816 = LINE('',#1817,#1818);
#1817 = CARTESIAN_POINT('',(-6.7,27.7,126.));
#1818 = VECTOR('',#1819,1.);
#1819 = DIRECTION('',(1.,0.,0.));
#1820 = ORIENTED_EDGE('',*,*,#1821,.F.);
#1821 = EDGE_CURVE('',#1822,#1814,#1824,.T.);
#1822 = VERTEX_POINT('',#1823);
#1823 = CARTESIAN_POINT('',(-4.7,7.3,126.));
#1824 = LINE('',#1825,#1826);
#1825 = CARTESIAN_POINT('',(-4.7,5.3,126.));
#1826 = VECTOR('',#1827,1.);
#1827 = DIRECTION('',(0.,1.,2.2E-16));
#1828 = ORIENTED_EDGE('',*,*,#1829,.T.);
#1829 = EDGE_CURVE('',#1822,#1830,#1832,.T.);
#1830 = VERTEX_POINT('',#1831);
#1831 = CARTESIAN_POINT('',(28.,7.3,126.));
#1832 = LINE('',#1833,#1834);
#1833 = CARTESIAN_POINT('',(-6.7,7.3,126.));
#1834 = VECTOR('',#1835,1.);
#1835 = DIRECTION('',(1.,0.,0.));
#1836 = ORIENTED_EDGE('',*,*,#1837,.T.);
#1837 = EDGE_CURVE('',#1830,#1838,#1840,.T.);
#1838 = VERTEX_POINT('',#1839);
#1839 = CARTESIAN_POINT('',(28.,-7.3,126.));
#1840 = LINE('',#1841,#1842);
#1841 = CARTESIAN_POINT('',(28.,-8.5,126.));
#1842 = VECTOR('',#1843,1.);
#1843 = DIRECTION('',(0.,-1.,-2.2E-16));
#1844 = ORIENTED_EDGE('',*,*,#1845,.F.);
#1845 = EDGE_CURVE('',#1846,#1838,#1848,.T.);
#1846 = VERTEX_POINT('',#1847);
#1847 = CARTESIAN_POINT('',(-4.7,-7.3,126.));
#1848 = LINE('',#1849,#1850);
#1849 = CARTESIAN_POINT('',(-6.7,-7.3,126.));
#1850 = VECTOR('',#1851,1.);
#1851 = DIRECTION('',(1.,0.,0.));
#1852 = ORIENTED_EDGE('',*,*,#1853,.F.);
#1853 = EDGE_CURVE('',#1854,#1846,#1856,.T.);
#1854 = VERTEX_POINT('',#1855);
#1855 = CARTESIAN_POINT('',(-4.7,-27.7,126.));
#1856 = LINE('',#1857,#1858);
#1857 = CARTESIAN_POINT('',(-4.7,-29.7,126.));
#1858 = VECTOR('',#1859,1.);
#1859 = DIRECTION('',(0.,1.,2.2E-16));
#1860 = ORIENTED_EDGE('',*,*,#1861,.T.);
#1861 = EDGE_CURVE('',#1854,#1862,#1864,.T.);
#1862 = VERTEX_POINT('',#1863);
#1863 = CARTESIAN_POINT('',(29.7,-27.7,126.));
#1864 = LINE('',#1865,#1866);
#1865 = CARTESIAN_POINT('',(-6.7,-27.7,126.));
#1866 = VECTOR('',#1867,1.);
#1867 = DIRECTION('',(1.,0.,0.));
#1868 = ORIENTED_EDGE('',*,*,#1869,.T.);
#1869 = EDGE_CURVE('',#1862,#1718,#1870,.T.);
#1870 = LINE('',#1871,#1872);
#1871 = CARTESIAN_POINT('',(29.7,-29.7,126.));
#1872 = VECTOR('',#1873,1.);
#1873 = DIRECTION('',(0.,1.,2.2E-16));
#1874 = ORIENTED_EDGE('',*,*,#1717,.T.);
#1875 = PLANE('',#1876);
#1876 = AXIS2_PLACEMENT_3D('',#1877,#1878,#1879);
#1877 = CARTESIAN_POINT('',(12.5,2.593480985524E-13,126.));
#1878 = DIRECTION('',(-0.,2.2E-16,-1.));
#1879 = DIRECTION('',(-1.,0.,0.));
#1880 = ADVANCED_FACE('',(#1881),#1897,.T.);
#1881 = FACE_BOUND('',#1882,.T.);
#1882 = EDGE_LOOP('',(#1883,#1884,#1890,#1891));
#1883 = ORIENTED_EDGE('',*,*,#1773,.F.);
#1884 = ORIENTED_EDGE('',*,*,#1885,.T.);
#1885 = EDGE_CURVE('',#1766,#586,#1886,.T.);
#1886 = LINE('',#1887,#1888);
#1887 = CARTESIAN_POINT('',(-6.7,21.,73.));
#1888 = VECTOR('',#1889,1.);
#1889 = DIRECTION('',(0.,-2.2E-16,1.));
#1890 = ORIENTED_EDGE('',*,*,#585,.T.);
#1891 = ORIENTED_EDGE('',*,*,#1892,.F.);
#1892 = EDGE_CURVE('',#1774,#588,#1893,.T.);
#1893 = LINE('',#1894,#1895);
#1894 = CARTESIAN_POINT('',(-6.7,29.7,145.2));
#1895 = VECTOR('',#1896,1.);
#1896 = DIRECTION('',(0.,-2.2E-16,1.));
#1897 = PLANE('',#1898);
#1898 = AXIS2_PLACEMENT_3D('',#1899,#1900,#1901);
#1899 = CARTESIAN_POINT('',(-6.7,2.557953848736E-13,136.6));
#1900 = DIRECTION('',(-1.,-0.,0.));
#1901 = DIRECTION('',(0.,2.2E-16,-1.));
#1902 = ADVANCED_FACE('',(#1903,#1930),#1964,.T.);
#1903 = FACE_BOUND('',#1904,.T.);
#1904 = EDGE_LOOP('',(#1905,#1913,#1914,#1915,#1916,#1924));
#1905 = ORIENTED_EDGE('',*,*,#1906,.F.);
#1906 = EDGE_CURVE('',#1782,#1907,#1909,.T.);
#1907 = VERTEX_POINT('',#1908);
#1908 = CARTESIAN_POINT('',(31.7,29.7,145.2));
#1909 = LINE('',#1910,#1911);
#1910 = CARTESIAN_POINT('',(31.7,29.7,126.));
#1911 = VECTOR('',#1912,1.);
#1912 = DIRECTION('',(0.,-2.2E-16,1.));
#1913 = ORIENTED_EDGE('',*,*,#1781,.F.);
#1914 = ORIENTED_EDGE('',*,*,#1892,.T.);
#1915 = ORIENTED_EDGE('',*,*,#867,.T.);
#1916 = ORIENTED_EDGE('',*,*,#1917,.F.);
#1917 = EDGE_CURVE('',#1918,#860,#1920,.T.);
#1918 = VERTEX_POINT('',#1919);
#1919 = CARTESIAN_POINT('',(53.,29.7,145.2));
#1920 = LINE('',#1921,#1922);
#1921 = CARTESIAN_POINT('',(53.,29.7,145.2));
#1922 = VECTOR('',#1923,1.);
#1923 = DIRECTION('',(0.,-2.2E-16,1.));
#1924 = ORIENTED_EDGE('',*,*,#1925,.F.);
#1925 = EDGE_CURVE('',#1907,#1918,#1926,.T.);
#1926 = LINE('',#1927,#1928);
#1927 = CARTESIAN_POINT('',(29.7,29.7,145.2));
#1928 = VECTOR('',#1929,1.);
#1929 = DIRECTION('',(1.,0.,0.));
#1930 = FACE_BOUND('',#1931,.T.);
#1931 = EDGE_LOOP('',(#1932,#1942,#1950,#1958));
#1932 = ORIENTED_EDGE('',*,*,#1933,.F.);
#1933 = EDGE_CURVE('',#1934,#1936,#1938,.T.);
#1934 = VERTEX_POINT('',#1935);
#1935 = CARTESIAN_POINT('',(17.,29.7,143.));
#1936 = VERTEX_POINT('',#1937);
#1937 = CARTESIAN_POINT('',(23.,29.7,143.));
#1938 = LINE('',#1939,#1940);
#1939 = CARTESIAN_POINT('',(18.811217552534,29.7,143.));
#1940 = VECTOR('',#1941,1.);
#1941 = DIRECTION('',(1.,0.,0.));
#1942 = ORIENTED_EDGE('',*,*,#1943,.T.);
#1943 = EDGE_CURVE('',#1934,#1944,#1946,.T.);
#1944 = VERTEX_POINT('',#1945);
#1945 = CARTESIAN_POINT('',(17.,29.7,137.));
#1946 = LINE('',#1947,#1948);
#1947 = CARTESIAN_POINT('',(17.,29.7,138.06378244746));
#1948 = VECTOR('',#1949,1.);
#1949 = DIRECTION('',(0.,3.3E-16,-1.));
#1950 = ORIENTED_EDGE('',*,*,#1951,.T.);
#1951 = EDGE_CURVE('',#1944,#1952,#1954,.T.);
#1952 = VERTEX_POINT('',#1953);
#1953 = CARTESIAN_POINT('',(23.,29.7,137.));
#1954 = LINE('',#1955,#1956);
#1955 = CARTESIAN_POINT('',(18.811217552534,29.7,137.));
#1956 = VECTOR('',#1957,1.);
#1957 = DIRECTION('',(1.,0.,0.));
#1958 = ORIENTED_EDGE('',*,*,#1959,.F.);
#1959 = EDGE_CURVE('',#1936,#1952,#1960,.T.);
#1960 = LINE('',#1961,#1962);
#1961 = CARTESIAN_POINT('',(23.,29.7,138.06378244746));
#1962 = VECTOR('',#1963,1.);
#1963 = DIRECTION('',(0.,3.3E-16,-1.));
#1964 = PLANE('',#1965);
#1965 = AXIS2_PLACEMENT_3D('',#1966,#1967,#1968);
#1966 = CARTESIAN_POINT('',(20.622435105068,29.7,139.12756489493));
#1967 = DIRECTION('',(0.,1.,2.2E-16));
#1968 = DIRECTION('',(0.,-2.2E-16,1.));
#1969 = ADVANCED_FACE('',(#1970),#2004,.T.);
#1970 = FACE_BOUND('',#1971,.T.);
#1971 = EDGE_LOOP('',(#1972,#1982,#1988,#1989,#1990,#1998));
#1972 = ORIENTED_EDGE('',*,*,#1973,.F.);
#1973 = EDGE_CURVE('',#1974,#1976,#1978,.T.);
#1974 = VERTEX_POINT('',#1975);
#1975 = CARTESIAN_POINT('',(53.,12.5,145.2));
#1976 = VERTEX_POINT('',#1977);
#1977 = CARTESIAN_POINT('',(53.,12.5,152.5));
#1978 = LINE('',#1979,#1980);
#1979 = CARTESIAN_POINT('',(53.,12.5,145.2));
#1980 = VECTOR('',#1981,1.);
#1981 = DIRECTION('',(0.,-2.2E-16,1.));
#1982 = ORIENTED_EDGE('',*,*,#1983,.T.);
#1983 = EDGE_CURVE('',#1974,#1918,#1984,.T.);
#1984 = LINE('',#1985,#1986);
#1985 = CARTESIAN_POINT('',(53.,12.5,145.2));
#1986 = VECTOR('',#1987,1.);
#1987 = DIRECTION('',(0.,1.,2.2E-16));
#1988 = ORIENTED_EDGE('',*,*,#1917,.T.);
#1989 = ORIENTED_EDGE('',*,*,#859,.F.);
#1990 = ORIENTED_EDGE('',*,*,#1991,.T.);
#1991 = EDGE_CURVE('',#852,#1992,#1994,.T.);
#1992 = VERTEX_POINT('',#1993);
#1993 = CARTESIAN_POINT('',(53.,16.5,152.5));
#1994 = LINE('',#1995,#1996);
#1995 = CARTESIAN_POINT('',(53.,16.5,147.19));
#1996 = VECTOR('',#1997,1.);
#1997 = DIRECTION('',(0.,-2.2E-16,1.));
#1998 = ORIENTED_EDGE('',*,*,#1999,.F.);
#1999 = EDGE_CURVE('',#1976,#1992,#2000,.T.);
#2000 = LINE('',#2001,#2002);
#2001 = CARTESIAN_POINT('',(53.,12.5,152.5));
#2002 = VECTOR('',#2003,1.);
#2003 = DIRECTION('',(0.,1.,2.2E-16));
#2004 = PLANE('',#2005);
#2005 = AXIS2_PLACEMENT_3D('',#2006,#2007,#2008);
#2006 = CARTESIAN_POINT('',(53.,19.672244897959,147.42224489795));
#2007 = DIRECTION('',(1.,0.,0.));
#2008 = DIRECTION('',(0.,-2.2E-16,1.));
#2009 = ADVANCED_FACE('',(#2010,#2088,#2099),#2118,.T.);
#2010 = FACE_BOUND('',#2011,.T.);
#2011 = EDGE_LOOP('',(#2012,#2013,#2014,#2022,#2031,#2039,#2047,#2056,
    #2065,#2073,#2081));
#2012 = ORIENTED_EDGE('',*,*,#1991,.F.);
#2013 = ORIENTED_EDGE('',*,*,#851,.T.);
#2014 = ORIENTED_EDGE('',*,*,#2015,.F.);
#2015 = EDGE_CURVE('',#2016,#844,#2018,.T.);
#2016 = VERTEX_POINT('',#2017);
#2017 = CARTESIAN_POINT('',(45.279167735624,16.5,154.49289717502));
#2018 = LINE('',#2019,#2020);
#2019 = CARTESIAN_POINT('',(48.243902465019,16.5,150.6774124798));
#2020 = VECTOR('',#2021,1.);
#2021 = DIRECTION('',(0.613571172347,8.8E-16,-0.789639421803));
#2022 = ORIENTED_EDGE('',*,*,#2023,.T.);
#2023 = EDGE_CURVE('',#2016,#2024,#2026,.T.);
#2024 = VERTEX_POINT('',#2025);
#2025 = CARTESIAN_POINT('',(43.07167248186,16.5,157.33384758856));
#2026 = CIRCLE('',#2027,2.25);
#2027 = AXIS2_PLACEMENT_3D('',#2028,#2029,#2030);
#2028 = CARTESIAN_POINT('',(45.2426,16.5,156.7426));
#2029 = DIRECTION('',(-0.,1.,2.2E-16));
#2030 = DIRECTION('',(1.,0.,0.));
#2031 = ORIENTED_EDGE('',*,*,#2032,.F.);
#2032 = EDGE_CURVE('',#2033,#2024,#2035,.T.);
#2033 = VERTEX_POINT('',#2034);
#2034 = CARTESIAN_POINT('',(41.,16.5,160.));
#2035 = LINE('',#2036,#2037);
#2036 = CARTESIAN_POINT('',(48.243902465019,16.5,150.6774124798));
#2037 = VECTOR('',#2038,1.);
#2038 = DIRECTION('',(0.613571172347,8.8E-16,-0.789639421803));
#2039 = ORIENTED_EDGE('',*,*,#2040,.F.);
#2040 = EDGE_CURVE('',#2041,#2033,#2043,.T.);
#2041 = VERTEX_POINT('',#2042);
#2042 = CARTESIAN_POINT('',(38.603188151263,16.5,158.02928803548));
#2043 = LINE('',#2044,#2045);
#2044 = CARTESIAN_POINT('',(39.487376389143,16.5,158.75628725329));
#2045 = VECTOR('',#2046,1.);
#2046 = DIRECTION('',(0.772425485991,-7.1E-16,0.635105399593));
#2047 = ORIENTED_EDGE('',*,*,#2048,.T.);
#2048 = EDGE_CURVE('',#2041,#2049,#2051,.T.);
#2049 = VERTEX_POINT('',#2050);
#2050 = CARTESIAN_POINT('',(39.0074,16.5,156.7426));
#2051 = CIRCLE('',#2052,2.25);
#2052 = AXIS2_PLACEMENT_3D('',#2053,#2054,#2055);
#2053 = CARTESIAN_POINT('',(36.7574,16.5,156.7426));
#2054 = DIRECTION('',(-0.,1.,2.2E-16));
#2055 = DIRECTION('',(1.,0.,0.));
#2056 = ORIENTED_EDGE('',*,*,#2057,.T.);
#2057 = EDGE_CURVE('',#2049,#2058,#2060,.T.);
#2058 = VERTEX_POINT('',#2059);
#2059 = CARTESIAN_POINT('',(35.138216680793,16.5,155.18031149309));
#2060 = CIRCLE('',#2061,2.25);
#2061 = AXIS2_PLACEMENT_3D('',#2062,#2063,#2064);
#2062 = CARTESIAN_POINT('',(36.7574,16.5,156.7426));
#2063 = DIRECTION('',(-0.,1.,2.2E-16));
#2064 = DIRECTION('',(1.,0.,0.));
#2065 = ORIENTED_EDGE('',*,*,#2066,.F.);
#2066 = EDGE_CURVE('',#2067,#2058,#2069,.T.);
#2067 = VERTEX_POINT('',#2068);
#2068 = CARTESIAN_POINT('',(29.,16.5,150.13333333333));
#2069 = LINE('',#2070,#2071);
#2070 = CARTESIAN_POINT('',(39.487376389143,16.5,158.75628725329));
#2071 = VECTOR('',#2072,1.);
#2072 = DIRECTION('',(0.772425485991,-7.1E-16,0.635105399593));
#2073 = ORIENTED_EDGE('',*,*,#2074,.T.);
#2074 = EDGE_CURVE('',#2067,#2075,#2077,.T.);
#2075 = VERTEX_POINT('',#2076);
#2076 = CARTESIAN_POINT('',(29.,16.5,152.5));
#2077 = LINE('',#2078,#2079);
#2078 = CARTESIAN_POINT('',(29.,16.5,147.19));
#2079 = VECTOR('',#2080,1.);
#2080 = DIRECTION('',(0.,-2.2E-16,1.));
#2081 = ORIENTED_EDGE('',*,*,#2082,.T.);
#2082 = EDGE_CURVE('',#2075,#1992,#2083,.T.);
#2083 = CIRCLE('',#2084,12.);
#2084 = AXIS2_PLACEMENT_3D('',#2085,#2086,#2087);
#2085 = CARTESIAN_POINT('',(41.,16.5,152.5));
#2086 = DIRECTION('',(-0.,1.,2.2E-16));
#2087 = DIRECTION('',(1.,0.,0.));
#2088 = FACE_BOUND('',#2089,.T.);
#2089 = EDGE_LOOP('',(#2090));
#2090 = ORIENTED_EDGE('',*,*,#2091,.F.);
#2091 = EDGE_CURVE('',#2092,#2092,#2094,.T.);
#2092 = VERTEX_POINT('',#2093);
#2093 = CARTESIAN_POINT('',(46.092640687119,16.5,156.74264068711));
#2094 = CIRCLE('',#2095,0.85);
#2095 = AXIS2_PLACEMENT_3D('',#2096,#2097,#2098);
#2096 = CARTESIAN_POINT('',(45.242640687119,16.5,156.74264068711));
#2097 = DIRECTION('',(-0.,1.,2.2E-16));
#2098 = DIRECTION('',(1.,0.,0.));
#2099 = FACE_BOUND('',#2100,.T.);
#2100 = EDGE_LOOP('',(#2101,#2112));
#2101 = ORIENTED_EDGE('',*,*,#2102,.F.);
#2102 = EDGE_CURVE('',#2103,#2105,#2107,.T.);
#2103 = VERTEX_POINT('',#2104);
#2104 = CARTESIAN_POINT('',(36.22876966262,16.5,156.07698838926));
#2105 = VERTEX_POINT('',#2106);
#2106 = CARTESIAN_POINT('',(37.512626538109,16.5,157.13260404244));
#2107 = CIRCLE('',#2108,0.85);
#2108 = AXIS2_PLACEMENT_3D('',#2109,#2110,#2111);
#2109 = CARTESIAN_POINT('',(36.757359312881,16.5,156.74264068711));
#2110 = DIRECTION('',(-0.,1.,2.2E-16));
#2111 = DIRECTION('',(1.,0.,0.));
#2112 = ORIENTED_EDGE('',*,*,#2113,.F.);
#2113 = EDGE_CURVE('',#2105,#2103,#2114,.T.);
#2114 = LINE('',#2115,#2116);
#2115 = CARTESIAN_POINT('',(38.935351208014,16.5,158.30239988214));
#2116 = VECTOR('',#2117,1.);
#2117 = DIRECTION('',(-0.772425485991,1.4E-16,-0.635105399593));
#2118 = PLANE('',#2119);
#2119 = AXIS2_PLACEMENT_3D('',#2120,#2121,#2122);
#2120 = CARTESIAN_POINT('',(41.522151706895,16.5,156.02400975858));
#2121 = DIRECTION('',(0.,1.,1.09E-15));
#2122 = DIRECTION('',(0.,1.09E-15,-1.));
#2123 = ADVANCED_FACE('',(#2124),#2142,.T.);
#2124 = FACE_BOUND('',#2125,.T.);
#2125 = EDGE_LOOP('',(#2126,#2127,#2128,#2136));
#2126 = ORIENTED_EDGE('',*,*,#2015,.T.);
#2127 = ORIENTED_EDGE('',*,*,#843,.T.);
#2128 = ORIENTED_EDGE('',*,*,#2129,.T.);
#2129 = EDGE_CURVE('',#836,#2130,#2132,.T.);
#2130 = VERTEX_POINT('',#2131);
#2131 = CARTESIAN_POINT('',(45.279167735624,20.5,154.49289717502));
#2132 = LINE('',#2133,#2134);
#2133 = CARTESIAN_POINT('',(52.5,20.5,145.2));
#2134 = VECTOR('',#2135,1.);
#2135 = DIRECTION('',(-0.613571172347,-1.8E-16,0.789639421803));
#2136 = ORIENTED_EDGE('',*,*,#2137,.T.);
#2137 = EDGE_CURVE('',#2130,#2016,#2138,.T.);
#2138 = LINE('',#2139,#2140);
#2139 = CARTESIAN_POINT('',(45.279167735624,16.5,154.49289717502));
#2140 = VECTOR('',#2141,1.);
#2141 = DIRECTION('',(-0.,-1.,-2.2E-16));
#2142 = PLANE('',#2143);
#2143 = AXIS2_PLACEMENT_3D('',#2144,#2145,#2146);
#2144 = CARTESIAN_POINT('',(52.5,16.3,145.2));
#2145 = DIRECTION('',(0.789639421803,0.,0.613571172347));
#2146 = DIRECTION('',(-0.613571172347,0.,0.789639421803));
#2147 = ADVANCED_FACE('',(#2148),#2235,.T.);
#2148 = FACE_BOUND('',#2149,.T.);
#2149 = EDGE_LOOP('',(#2150,#2151,#2152,#2161,#2168,#2169,#2178,#2185,
    #2186,#2194,#2203,#2212,#2220,#2228));
#2150 = ORIENTED_EDGE('',*,*,#2129,.F.);
#2151 = ORIENTED_EDGE('',*,*,#835,.T.);
#2152 = ORIENTED_EDGE('',*,*,#2153,.T.);
#2153 = EDGE_CURVE('',#828,#2154,#2156,.T.);
#2154 = VERTEX_POINT('',#2155);
#2155 = CARTESIAN_POINT('',(47.4926,20.5,148.2574));
#2156 = CIRCLE('',#2157,2.25);
#2157 = AXIS2_PLACEMENT_3D('',#2158,#2159,#2160);
#2158 = CARTESIAN_POINT('',(45.2426,20.5,148.2574));
#2159 = DIRECTION('',(0.,-1.,-2.2E-16));
#2160 = DIRECTION('',(1.,0.,0.));
#2161 = ORIENTED_EDGE('',*,*,#2162,.T.);
#2162 = EDGE_CURVE('',#2154,#804,#2163,.T.);
#2163 = CIRCLE('',#2164,2.25);
#2164 = AXIS2_PLACEMENT_3D('',#2165,#2166,#2167);
#2165 = CARTESIAN_POINT('',(45.2426,20.5,148.2574));
#2166 = DIRECTION('',(0.,-1.,-2.2E-16));
#2167 = DIRECTION('',(1.,0.,0.));
#2168 = ORIENTED_EDGE('',*,*,#803,.T.);
#2169 = ORIENTED_EDGE('',*,*,#2170,.T.);
#2170 = EDGE_CURVE('',#796,#2171,#2173,.T.);
#2171 = VERTEX_POINT('',#2172);
#2172 = CARTESIAN_POINT('',(39.0074,20.5,148.2574));
#2173 = CIRCLE('',#2174,2.25);
#2174 = AXIS2_PLACEMENT_3D('',#2175,#2176,#2177);
#2175 = CARTESIAN_POINT('',(36.7574,20.5,148.2574));
#2176 = DIRECTION('',(0.,-1.,-2.2E-16));
#2177 = DIRECTION('',(1.,0.,0.));
#2178 = ORIENTED_EDGE('',*,*,#2179,.T.);
#2179 = EDGE_CURVE('',#2171,#772,#2180,.T.);
#2180 = CIRCLE('',#2181,2.25);
#2181 = AXIS2_PLACEMENT_3D('',#2182,#2183,#2184);
#2182 = CARTESIAN_POINT('',(36.7574,20.5,148.2574));
#2183 = DIRECTION('',(0.,-1.,-2.2E-16));
#2184 = DIRECTION('',(1.,0.,0.));
#2185 = ORIENTED_EDGE('',*,*,#771,.T.);
#2186 = ORIENTED_EDGE('',*,*,#2187,.F.);
#2187 = EDGE_CURVE('',#2188,#764,#2190,.T.);
#2188 = VERTEX_POINT('',#2189);
#2189 = CARTESIAN_POINT('',(35.138216680793,20.5,155.18031149309));
#2190 = LINE('',#2191,#2192);
#2191 = CARTESIAN_POINT('',(41.,20.5,160.));
#2192 = VECTOR('',#2193,1.);
#2193 = DIRECTION('',(-0.772425485991,1.4E-16,-0.635105399593));
#2194 = ORIENTED_EDGE('',*,*,#2195,.T.);
#2195 = EDGE_CURVE('',#2188,#2196,#2198,.T.);
#2196 = VERTEX_POINT('',#2197);
#2197 = CARTESIAN_POINT('',(39.0074,20.5,156.7426));
#2198 = CIRCLE('',#2199,2.25);
#2199 = AXIS2_PLACEMENT_3D('',#2200,#2201,#2202);
#2200 = CARTESIAN_POINT('',(36.7574,20.5,156.7426));
#2201 = DIRECTION('',(0.,-1.,-2.2E-16));
#2202 = DIRECTION('',(1.,0.,0.));
#2203 = ORIENTED_EDGE('',*,*,#2204,.T.);
#2204 = EDGE_CURVE('',#2196,#2205,#2207,.T.);
#2205 = VERTEX_POINT('',#2206);
#2206 = CARTESIAN_POINT('',(38.603188151263,20.5,158.02928803548));
#2207 = CIRCLE('',#2208,2.25);
#2208 = AXIS2_PLACEMENT_3D('',#2209,#2210,#2211);
#2209 = CARTESIAN_POINT('',(36.7574,20.5,156.7426));
#2210 = DIRECTION('',(0.,-1.,-2.2E-16));
#2211 = DIRECTION('',(1.,0.,0.));
#2212 = ORIENTED_EDGE('',*,*,#2213,.F.);
#2213 = EDGE_CURVE('',#2214,#2205,#2216,.T.);
#2214 = VERTEX_POINT('',#2215);
#2215 = CARTESIAN_POINT('',(41.,20.5,160.));
#2216 = LINE('',#2217,#2218);
#2217 = CARTESIAN_POINT('',(41.,20.5,160.));
#2218 = VECTOR('',#2219,1.);
#2219 = DIRECTION('',(-0.772425485991,1.4E-16,-0.635105399593));
#2220 = ORIENTED_EDGE('',*,*,#2221,.F.);
#2221 = EDGE_CURVE('',#2222,#2214,#2224,.T.);
#2222 = VERTEX_POINT('',#2223);
#2223 = CARTESIAN_POINT('',(43.07167248186,20.5,157.33384758856));
#2224 = LINE('',#2225,#2226);
#2225 = CARTESIAN_POINT('',(52.5,20.5,145.2));
#2226 = VECTOR('',#2227,1.);
#2227 = DIRECTION('',(-0.613571172347,-1.8E-16,0.789639421803));
#2228 = ORIENTED_EDGE('',*,*,#2229,.T.);
#2229 = EDGE_CURVE('',#2222,#2130,#2230,.T.);
#2230 = CIRCLE('',#2231,2.25);
#2231 = AXIS2_PLACEMENT_3D('',#2232,#2233,#2234);
#2232 = CARTESIAN_POINT('',(45.2426,20.5,156.7426));
#2233 = DIRECTION('',(0.,-1.,-2.2E-16));
#2234 = DIRECTION('',(1.,0.,0.));
#2235 = PLANE('',#2236);
#2236 = AXIS2_PLACEMENT_3D('',#2237,#2238,#2239);
#2237 = CARTESIAN_POINT('',(38.234878315715,20.5,149.54881403894));
#2238 = DIRECTION('',(0.,1.,-2.E-17));
#2239 = DIRECTION('',(0.,2.E-17,1.));
#2240 = ADVANCED_FACE('',(#2241),#2270,.F.);
#2241 = FACE_BOUND('',#2242,.T.);
#2242 = EDGE_LOOP('',(#2243,#2252,#2258,#2259,#2260,#2267,#2268,#2269));
#2243 = ORIENTED_EDGE('',*,*,#2244,.F.);
#2244 = EDGE_CURVE('',#2245,#2245,#2247,.T.);
#2245 = VERTEX_POINT('',#2246);
#2246 = CARTESIAN_POINT('',(47.4926,16.5,148.2574));
#2247 = CIRCLE('',#2248,2.25);
#2248 = AXIS2_PLACEMENT_3D('',#2249,#2250,#2251);
#2249 = CARTESIAN_POINT('',(45.2426,16.5,148.2574));
#2250 = DIRECTION('',(-0.,1.,2.2E-16));
#2251 = DIRECTION('',(1.,0.,0.));
#2252 = ORIENTED_EDGE('',*,*,#2253,.T.);
#2253 = EDGE_CURVE('',#2245,#2154,#2254,.T.);
#2254 = LINE('',#2255,#2256);
#2255 = CARTESIAN_POINT('',(47.4926,16.5,148.2574));
#2256 = VECTOR('',#2257,1.);
#2257 = DIRECTION('',(0.,1.,2.2E-16));
#2258 = ORIENTED_EDGE('',*,*,#2153,.F.);
#2259 = ORIENTED_EDGE('',*,*,#827,.F.);
#2260 = ORIENTED_EDGE('',*,*,#2261,.T.);
#2261 = EDGE_CURVE('',#820,#812,#2262,.T.);
#2262 = CIRCLE('',#2263,2.25);
#2263 = AXIS2_PLACEMENT_3D('',#2264,#2265,#2266);
#2264 = CARTESIAN_POINT('',(45.2426,20.7,148.2574));
#2265 = DIRECTION('',(-0.,1.,2.2E-16));
#2266 = DIRECTION('',(1.,0.,0.));
#2267 = ORIENTED_EDGE('',*,*,#811,.T.);
#2268 = ORIENTED_EDGE('',*,*,#2162,.F.);
#2269 = ORIENTED_EDGE('',*,*,#2253,.F.);
#2270 = CYLINDRICAL_SURFACE('',#2271,2.25);
#2271 = AXIS2_PLACEMENT_3D('',#2272,#2273,#2274);
#2272 = CARTESIAN_POINT('',(45.2426,16.5,148.2574));
#2273 = DIRECTION('',(-0.,-1.,-2.2E-16));
#2274 = DIRECTION('',(1.,0.,0.));
#2275 = ADVANCED_FACE('',(#2276),#2280,.F.);
#2276 = FACE_BOUND('',#2277,.F.);
#2277 = EDGE_LOOP('',(#2278,#2279));
#2278 = ORIENTED_EDGE('',*,*,#819,.F.);
#2279 = ORIENTED_EDGE('',*,*,#2261,.T.);
#2280 = PLANE('',#2281);
#2281 = AXIS2_PLACEMENT_3D('',#2282,#2283,#2284);
#2282 = CARTESIAN_POINT('',(45.2426,20.7,148.2574));
#2283 = DIRECTION('',(0.,1.,2.2E-16));
#2284 = DIRECTION('',(1.,0.,0.));
#2285 = ADVANCED_FACE('',(#2286),#2315,.F.);
#2286 = FACE_BOUND('',#2287,.T.);
#2287 = EDGE_LOOP('',(#2288,#2297,#2303,#2304,#2305,#2312,#2313,#2314));
#2288 = ORIENTED_EDGE('',*,*,#2289,.F.);
#2289 = EDGE_CURVE('',#2290,#2290,#2292,.T.);
#2290 = VERTEX_POINT('',#2291);
#2291 = CARTESIAN_POINT('',(39.0074,16.5,148.2574));
#2292 = CIRCLE('',#2293,2.25);
#2293 = AXIS2_PLACEMENT_3D('',#2294,#2295,#2296);
#2294 = CARTESIAN_POINT('',(36.7574,16.5,148.2574));
#2295 = DIRECTION('',(-0.,1.,2.2E-16));
#2296 = DIRECTION('',(1.,0.,0.));
#2297 = ORIENTED_EDGE('',*,*,#2298,.T.);
#2298 = EDGE_CURVE('',#2290,#2171,#2299,.T.);
#2299 = LINE('',#2300,#2301);
#2300 = CARTESIAN_POINT('',(39.0074,16.5,148.2574));
#2301 = VECTOR('',#2302,1.);
#2302 = DIRECTION('',(0.,1.,2.2E-16));
#2303 = ORIENTED_EDGE('',*,*,#2170,.F.);
#2304 = ORIENTED_EDGE('',*,*,#795,.F.);
#2305 = ORIENTED_EDGE('',*,*,#2306,.T.);
#2306 = EDGE_CURVE('',#788,#780,#2307,.T.);
#2307 = CIRCLE('',#2308,2.25);
#2308 = AXIS2_PLACEMENT_3D('',#2309,#2310,#2311);
#2309 = CARTESIAN_POINT('',(36.7574,20.7,148.2574));
#2310 = DIRECTION('',(-0.,1.,2.2E-16));
#2311 = DIRECTION('',(1.,0.,0.));
#2312 = ORIENTED_EDGE('',*,*,#779,.T.);
#2313 = ORIENTED_EDGE('',*,*,#2179,.F.);
#2314 = ORIENTED_EDGE('',*,*,#2298,.F.);
#2315 = CYLINDRICAL_SURFACE('',#2316,2.25);
#2316 = AXIS2_PLACEMENT_3D('',#2317,#2318,#2319);
#2317 = CARTESIAN_POINT('',(36.7574,16.5,148.2574));
#2318 = DIRECTION('',(-0.,-1.,-2.2E-16));
#2319 = DIRECTION('',(1.,0.,0.));
#2320 = ADVANCED_FACE('',(#2321),#2325,.F.);
#2321 = FACE_BOUND('',#2322,.F.);
#2322 = EDGE_LOOP('',(#2323,#2324));
#2323 = ORIENTED_EDGE('',*,*,#787,.F.);
#2324 = ORIENTED_EDGE('',*,*,#2306,.T.);
#2325 = PLANE('',#2326);
#2326 = AXIS2_PLACEMENT_3D('',#2327,#2328,#2329);
#2327 = CARTESIAN_POINT('',(36.7574,20.7,148.2574));
#2328 = DIRECTION('',(0.,1.,2.2E-16));
#2329 = DIRECTION('',(1.,0.,0.));
#2330 = ADVANCED_FACE('',(#2331),#2356,.T.);
#2331 = FACE_BOUND('',#2332,.T.);
#2332 = EDGE_LOOP('',(#2333,#2339,#2340,#2341,#2349,#2355));
#2333 = ORIENTED_EDGE('',*,*,#2334,.F.);
#2334 = EDGE_CURVE('',#2188,#2058,#2335,.T.);
#2335 = LINE('',#2336,#2337);
#2336 = CARTESIAN_POINT('',(35.138216680793,16.5,155.18031149309));
#2337 = VECTOR('',#2338,1.);
#2338 = DIRECTION('',(-0.,-1.,-2.2E-16));
#2339 = ORIENTED_EDGE('',*,*,#2187,.T.);
#2340 = ORIENTED_EDGE('',*,*,#763,.T.);
#2341 = ORIENTED_EDGE('',*,*,#2342,.F.);
#2342 = EDGE_CURVE('',#2343,#756,#2345,.T.);
#2343 = VERTEX_POINT('',#2344);
#2344 = CARTESIAN_POINT('',(29.,16.3,150.13333333333));
#2345 = LINE('',#2346,#2347);
#2346 = CARTESIAN_POINT('',(41.,16.3,160.));
#2347 = VECTOR('',#2348,1.);
#2348 = DIRECTION('',(-0.772425485991,1.4E-16,-0.635105399593));
#2349 = ORIENTED_EDGE('',*,*,#2350,.F.);
#2350 = EDGE_CURVE('',#2067,#2343,#2351,.T.);
#2351 = LINE('',#2352,#2353);
#2352 = CARTESIAN_POINT('',(29.,14.4,150.13333333333));
#2353 = VECTOR('',#2354,1.);
#2354 = DIRECTION('',(0.,-1.,0.));
#2355 = ORIENTED_EDGE('',*,*,#2066,.T.);
#2356 = PLANE('',#2357);
#2357 = AXIS2_PLACEMENT_3D('',#2358,#2359,#2360);
#2358 = CARTESIAN_POINT('',(41.,16.3,160.));
#2359 = DIRECTION('',(-0.635105399593,0.,0.772425485991));
#2360 = DIRECTION('',(-0.772425485991,-0.,-0.635105399593));
#2361 = ADVANCED_FACE('',(#2362),#2372,.F.);
#2362 = FACE_BOUND('',#2363,.F.);
#2363 = EDGE_LOOP('',(#2364,#2365,#2366));
#2364 = ORIENTED_EDGE('',*,*,#755,.T.);
#2365 = ORIENTED_EDGE('',*,*,#2342,.F.);
#2366 = ORIENTED_EDGE('',*,*,#2367,.F.);
#2367 = EDGE_CURVE('',#748,#2343,#2368,.T.);
#2368 = LINE('',#2369,#2370);
#2369 = CARTESIAN_POINT('',(29.,16.3,148.36940701947));
#2370 = VECTOR('',#2371,1.);
#2371 = DIRECTION('',(0.,2.E-17,1.));
#2372 = PLANE('',#2373);
#2373 = AXIS2_PLACEMENT_3D('',#2374,#2375,#2376);
#2374 = CARTESIAN_POINT('',(38.234878315715,16.3,149.54881403894));
#2375 = DIRECTION('',(0.,1.,-2.E-17));
#2376 = DIRECTION('',(0.,2.E-17,1.));
#2377 = ADVANCED_FACE('',(#2378),#2398,.F.);
#2378 = FACE_BOUND('',#2379,.F.);
#2379 = EDGE_LOOP('',(#2380,#2388,#2389,#2390,#2391,#2392));
#2380 = ORIENTED_EDGE('',*,*,#2381,.F.);
#2381 = EDGE_CURVE('',#740,#2382,#2384,.T.);
#2382 = VERTEX_POINT('',#2383);
#2383 = CARTESIAN_POINT('',(29.,12.5,152.5));
#2384 = LINE('',#2385,#2386);
#2385 = CARTESIAN_POINT('',(29.,12.5,147.19));
#2386 = VECTOR('',#2387,1.);
#2387 = DIRECTION('',(0.,-2.2E-16,1.));
#2388 = ORIENTED_EDGE('',*,*,#747,.T.);
#2389 = ORIENTED_EDGE('',*,*,#2367,.T.);
#2390 = ORIENTED_EDGE('',*,*,#2350,.F.);
#2391 = ORIENTED_EDGE('',*,*,#2074,.T.);
#2392 = ORIENTED_EDGE('',*,*,#2393,.F.);
#2393 = EDGE_CURVE('',#2382,#2075,#2394,.T.);
#2394 = LINE('',#2395,#2396);
#2395 = CARTESIAN_POINT('',(29.,12.5,152.5));
#2396 = VECTOR('',#2397,1.);
#2397 = DIRECTION('',(0.,1.,2.2E-16));
#2398 = PLANE('',#2399);
#2399 = AXIS2_PLACEMENT_3D('',#2400,#2401,#2402);
#2400 = CARTESIAN_POINT('',(29.,12.5,147.19));
#2401 = DIRECTION('',(1.,0.,0.));
#2402 = DIRECTION('',(0.,-2.2E-16,1.));
#2403 = ADVANCED_FACE('',(#2404,#2439),#2450,.T.);
#2404 = FACE_BOUND('',#2405,.T.);
#2405 = EDGE_LOOP('',(#2406,#2414,#2423,#2429,#2430,#2437,#2438));
#2406 = ORIENTED_EDGE('',*,*,#2407,.F.);
#2407 = EDGE_CURVE('',#2408,#732,#2410,.T.);
#2408 = VERTEX_POINT('',#2409);
#2409 = CARTESIAN_POINT('',(31.7,12.5,144.91646520414));
#2410 = LINE('',#2411,#2412);
#2411 = CARTESIAN_POINT('',(31.7,12.5,144.55));
#2412 = VECTOR('',#2413,1.);
#2413 = DIRECTION('',(2.5E-16,-2.2E-16,1.));
#2414 = ORIENTED_EDGE('',*,*,#2415,.F.);
#2415 = EDGE_CURVE('',#2416,#2408,#2418,.T.);
#2416 = VERTEX_POINT('',#2417);
#2417 = CARTESIAN_POINT('',(50.524179754708,12.5,145.2));
#2418 = CIRCLE('',#2419,12.);
#2419 = AXIS2_PLACEMENT_3D('',#2420,#2421,#2422);
#2420 = CARTESIAN_POINT('',(41.,12.5,152.5));
#2421 = DIRECTION('',(-0.,1.,2.2E-16));
#2422 = DIRECTION('',(1.,0.,0.));
#2423 = ORIENTED_EDGE('',*,*,#2424,.T.);
#2424 = EDGE_CURVE('',#2416,#1974,#2425,.T.);
#2425 = LINE('',#2426,#2427);
#2426 = CARTESIAN_POINT('',(29.7,12.5,145.2));
#2427 = VECTOR('',#2428,1.);
#2428 = DIRECTION('',(1.,0.,0.));
#2429 = ORIENTED_EDGE('',*,*,#1973,.T.);
#2430 = ORIENTED_EDGE('',*,*,#2431,.F.);
#2431 = EDGE_CURVE('',#2382,#1976,#2432,.T.);
#2432 = CIRCLE('',#2433,12.);
#2433 = AXIS2_PLACEMENT_3D('',#2434,#2435,#2436);
#2434 = CARTESIAN_POINT('',(41.,12.5,152.5));
#2435 = DIRECTION('',(-0.,1.,2.2E-16));
#2436 = DIRECTION('',(1.,0.,0.));
#2437 = ORIENTED_EDGE('',*,*,#2381,.F.);
#2438 = ORIENTED_EDGE('',*,*,#739,.F.);
#2439 = FACE_BOUND('',#2440,.T.);
#2440 = EDGE_LOOP('',(#2441));
#2441 = ORIENTED_EDGE('',*,*,#2442,.T.);
#2442 = EDGE_CURVE('',#2443,#2443,#2445,.T.);
#2443 = VERTEX_POINT('',#2444);
#2444 = CARTESIAN_POINT('',(49.2,12.5,152.5));
#2445 = CIRCLE('',#2446,8.2);
#2446 = AXIS2_PLACEMENT_3D('',#2447,#2448,#2449);
#2447 = CARTESIAN_POINT('',(41.,12.5,152.5));
#2448 = DIRECTION('',(-0.,1.,2.2E-16));
#2449 = DIRECTION('',(1.,0.,0.));
#2450 = PLANE('',#2451);
#2451 = AXIS2_PLACEMENT_3D('',#2452,#2453,#2454);
#2452 = CARTESIAN_POINT('',(41.050440794222,12.5,151.800446548));
#2453 = DIRECTION('',(-0.,-1.,-2.2E-16));
#2454 = DIRECTION('',(-1.,0.,0.));
#2455 = ADVANCED_FACE('',(#2456),#2490,.T.);
#2456 = FACE_BOUND('',#2457,.T.);
#2457 = EDGE_LOOP('',(#2458,#2464,#2465,#2466,#2474,#2482,#2488,#2489));
#2458 = ORIENTED_EDGE('',*,*,#2459,.F.);
#2459 = EDGE_CURVE('',#1790,#724,#2460,.T.);
#2460 = LINE('',#2461,#2462);
#2461 = CARTESIAN_POINT('',(31.7,10.5,128.3));
#2462 = VECTOR('',#2463,1.);
#2463 = DIRECTION('',(2.5E-16,-2.2E-16,1.));
#2464 = ORIENTED_EDGE('',*,*,#1789,.T.);
#2465 = ORIENTED_EDGE('',*,*,#1906,.T.);
#2466 = ORIENTED_EDGE('',*,*,#2467,.T.);
#2467 = EDGE_CURVE('',#1907,#2468,#2470,.T.);
#2468 = VERTEX_POINT('',#2469);
#2469 = CARTESIAN_POINT('',(31.7,16.5,145.2));
#2470 = LINE('',#2471,#2472);
#2471 = CARTESIAN_POINT('',(31.7,6.25,145.2));
#2472 = VECTOR('',#2473,1.);
#2473 = DIRECTION('',(0.,-1.,-1.11E-15));
#2474 = ORIENTED_EDGE('',*,*,#2475,.F.);
#2475 = EDGE_CURVE('',#2476,#2468,#2478,.T.);
#2476 = VERTEX_POINT('',#2477);
#2477 = CARTESIAN_POINT('',(31.7,16.5,144.91646520414));
#2478 = LINE('',#2479,#2480);
#2479 = CARTESIAN_POINT('',(31.7,16.5,144.55));
#2480 = VECTOR('',#2481,1.);
#2481 = DIRECTION('',(2.5E-16,-2.2E-16,1.));
#2482 = ORIENTED_EDGE('',*,*,#2483,.T.);
#2483 = EDGE_CURVE('',#2476,#2408,#2484,.T.);
#2484 = LINE('',#2485,#2486);
#2485 = CARTESIAN_POINT('',(31.7,12.5,144.91646520414));
#2486 = VECTOR('',#2487,1.);
#2487 = DIRECTION('',(-0.,-1.,-2.2E-16));
#2488 = ORIENTED_EDGE('',*,*,#2407,.T.);
#2489 = ORIENTED_EDGE('',*,*,#731,.F.);
#2490 = PLANE('',#2491);
#2491 = AXIS2_PLACEMENT_3D('',#2492,#2493,#2494);
#2492 = CARTESIAN_POINT('',(31.7,2.557953848736E-13,136.6));
#2493 = DIRECTION('',(1.,0.,-2.5E-16));
#2494 = DIRECTION('',(2.5E-16,-2.2E-16,1.));
#2495 = ADVANCED_FACE('',(#2496),#2523,.F.);
#2496 = FACE_BOUND('',#2497,.F.);
#2497 = EDGE_LOOP('',(#2498,#2508,#2514,#2515,#2516,#2517));
#2498 = ORIENTED_EDGE('',*,*,#2499,.T.);
#2499 = EDGE_CURVE('',#2500,#2502,#2504,.T.);
#2500 = VERTEX_POINT('',#2501);
#2501 = CARTESIAN_POINT('',(29.7,10.5,145.2));
#2502 = VERTEX_POINT('',#2503);
#2503 = CARTESIAN_POINT('',(28.,10.5,145.2));
#2504 = LINE('',#2505,#2506);
#2505 = CARTESIAN_POINT('',(10.65,10.5,145.2));
#2506 = VECTOR('',#2507,1.);
#2507 = DIRECTION('',(-1.,0.,0.));
#2508 = ORIENTED_EDGE('',*,*,#2509,.T.);
#2509 = EDGE_CURVE('',#2502,#716,#2510,.T.);
#2510 = LINE('',#2511,#2512);
#2511 = CARTESIAN_POINT('',(28.,10.5,120.));
#2512 = VECTOR('',#2513,1.);
#2513 = DIRECTION('',(0.,-2.2E-16,1.));
#2514 = ORIENTED_EDGE('',*,*,#723,.F.);
#2515 = ORIENTED_EDGE('',*,*,#2459,.F.);
#2516 = ORIENTED_EDGE('',*,*,#1797,.F.);
#2517 = ORIENTED_EDGE('',*,*,#2518,.T.);
#2518 = EDGE_CURVE('',#1798,#2500,#2519,.T.);
#2519 = LINE('',#2520,#2521);
#2520 = CARTESIAN_POINT('',(29.7,10.5,123.));
#2521 = VECTOR('',#2522,1.);
#2522 = DIRECTION('',(0.,-2.2E-16,1.));
#2523 = PLANE('',#2524);
#2524 = AXIS2_PLACEMENT_3D('',#2525,#2526,#2527);
#2525 = CARTESIAN_POINT('',(28.,10.5,120.));
#2526 = DIRECTION('',(0.,1.,2.2E-16));
#2527 = DIRECTION('',(0.,-2.2E-16,1.));
#2528 = ADVANCED_FACE('',(#2529,#2563),#2597,.T.);
#2529 = FACE_BOUND('',#2530,.T.);
#2530 = EDGE_LOOP('',(#2531,#2532,#2540,#2546,#2547,#2555,#2561,#2562));
#2531 = ORIENTED_EDGE('',*,*,#1709,.F.);
#2532 = ORIENTED_EDGE('',*,*,#2533,.T.);
#2533 = EDGE_CURVE('',#1702,#2534,#2536,.T.);
#2534 = VERTEX_POINT('',#2535);
#2535 = CARTESIAN_POINT('',(28.,-7.3,145.2));
#2536 = LINE('',#2537,#2538);
#2537 = CARTESIAN_POINT('',(28.,-23.35,145.2));
#2538 = VECTOR('',#2539,1.);
#2539 = DIRECTION('',(0.,1.,2.2E-16));
#2540 = ORIENTED_EDGE('',*,*,#2541,.T.);
#2541 = EDGE_CURVE('',#2534,#1838,#2542,.T.);
#2542 = LINE('',#2543,#2544);
#2543 = CARTESIAN_POINT('',(28.,-7.3,123.));
#2544 = VECTOR('',#2545,1.);
#2545 = DIRECTION('',(0.,2.2E-16,-1.));
#2546 = ORIENTED_EDGE('',*,*,#1837,.F.);
#2547 = ORIENTED_EDGE('',*,*,#2548,.F.);
#2548 = EDGE_CURVE('',#2549,#1830,#2551,.T.);
#2549 = VERTEX_POINT('',#2550);
#2550 = CARTESIAN_POINT('',(28.,7.3,145.2));
#2551 = LINE('',#2552,#2553);
#2552 = CARTESIAN_POINT('',(28.,7.3,123.));
#2553 = VECTOR('',#2554,1.);
#2554 = DIRECTION('',(0.,2.2E-16,-1.));
#2555 = ORIENTED_EDGE('',*,*,#2556,.T.);
#2556 = EDGE_CURVE('',#2549,#2502,#2557,.T.);
#2557 = LINE('',#2558,#2559);
#2558 = CARTESIAN_POINT('',(28.,-23.35,145.2));
#2559 = VECTOR('',#2560,1.);
#2560 = DIRECTION('',(0.,1.,2.2E-16));
#2561 = ORIENTED_EDGE('',*,*,#2509,.T.);
#2562 = ORIENTED_EDGE('',*,*,#715,.F.);
#2563 = FACE_BOUND('',#2564,.T.);
#2564 = EDGE_LOOP('',(#2565,#2575,#2583,#2591));
#2565 = ORIENTED_EDGE('',*,*,#2566,.F.);
#2566 = EDGE_CURVE('',#2567,#2569,#2571,.T.);
#2567 = VERTEX_POINT('',#2568);
#2568 = CARTESIAN_POINT('',(28.,5.3,128.));
#2569 = VERTEX_POINT('',#2570);
#2570 = CARTESIAN_POINT('',(28.,5.3,145.2));
#2571 = LINE('',#2572,#2573);
#2572 = CARTESIAN_POINT('',(28.,5.3,127.8));
#2573 = VECTOR('',#2574,1.);
#2574 = DIRECTION('',(0.,-2.2E-16,1.));
#2575 = ORIENTED_EDGE('',*,*,#2576,.F.);
#2576 = EDGE_CURVE('',#2577,#2567,#2579,.T.);
#2577 = VERTEX_POINT('',#2578);
#2578 = CARTESIAN_POINT('',(28.,-5.3,128.));
#2579 = LINE('',#2580,#2581);
#2580 = CARTESIAN_POINT('',(28.,-11.15,128.));
#2581 = VECTOR('',#2582,1.);
#2582 = DIRECTION('',(0.,1.,2.2E-16));
#2583 = ORIENTED_EDGE('',*,*,#2584,.F.);
#2584 = EDGE_CURVE('',#2585,#2577,#2587,.T.);
#2585 = VERTEX_POINT('',#2586);
#2586 = CARTESIAN_POINT('',(28.,-5.3,145.2));
#2587 = LINE('',#2588,#2589);
#2588 = CARTESIAN_POINT('',(28.,-5.3,127.8));
#2589 = VECTOR('',#2590,1.);
#2590 = DIRECTION('',(0.,2.2E-16,-1.));
#2591 = ORIENTED_EDGE('',*,*,#2592,.F.);
#2592 = EDGE_CURVE('',#2569,#2585,#2593,.T.);
#2593 = LINE('',#2594,#2595);
#2594 = CARTESIAN_POINT('',(28.,-8.5,145.2));
#2595 = VECTOR('',#2596,1.);
#2596 = DIRECTION('',(0.,-1.,-2.2E-16));
#2597 = PLANE('',#2598);
#2598 = AXIS2_PLACEMENT_3D('',#2599,#2600,#2601);
#2599 = CARTESIAN_POINT('',(28.,-17.,120.));
#2600 = DIRECTION('',(1.,0.,0.));
#2601 = DIRECTION('',(0.,-2.2E-16,1.));
#2602 = ADVANCED_FACE('',(#2603),#2614,.T.);
#2603 = FACE_BOUND('',#2604,.T.);
#2604 = EDGE_LOOP('',(#2605,#2606,#2607,#2608));
#2605 = ORIENTED_EDGE('',*,*,#1741,.F.);
#2606 = ORIENTED_EDGE('',*,*,#1611,.T.);
#2607 = ORIENTED_EDGE('',*,*,#683,.T.);
#2608 = ORIENTED_EDGE('',*,*,#2609,.F.);
#2609 = EDGE_CURVE('',#1742,#676,#2610,.T.);
#2610 = LINE('',#2611,#2612);
#2611 = CARTESIAN_POINT('',(-6.7,-21.,73.));
#2612 = VECTOR('',#2613,1.);
#2613 = DIRECTION('',(0.,-2.2E-16,1.));
#2614 = PLANE('',#2615);
#2615 = AXIS2_PLACEMENT_3D('',#2616,#2617,#2618);
#2616 = CARTESIAN_POINT('',(-6.7,2.557953848736E-13,136.6));
#2617 = DIRECTION('',(-1.,-0.,0.));
#2618 = DIRECTION('',(0.,2.2E-16,-1.));
#2619 = ADVANCED_FACE('',(#2620,#2646,#2680),#2691,.T.);
#2620 = FACE_BOUND('',#2621,.T.);
#2621 = EDGE_LOOP('',(#2622,#2632,#2638,#2639,#2640));
#2622 = ORIENTED_EDGE('',*,*,#2623,.T.);
#2623 = EDGE_CURVE('',#2624,#2626,#2628,.T.);
#2624 = VERTEX_POINT('',#2625);
#2625 = CARTESIAN_POINT('',(-48.,-21.,73.));
#2626 = VERTEX_POINT('',#2627);
#2627 = CARTESIAN_POINT('',(-6.7,-21.,73.));
#2628 = LINE('',#2629,#2630);
#2629 = CARTESIAN_POINT('',(-48.,-21.,73.));
#2630 = VECTOR('',#2631,1.);
#2631 = DIRECTION('',(1.,0.,0.));
#2632 = ORIENTED_EDGE('',*,*,#2633,.T.);
#2633 = EDGE_CURVE('',#2626,#1742,#2634,.T.);
#2634 = LINE('',#2635,#2636);
#2635 = CARTESIAN_POINT('',(-6.7,-21.,73.));
#2636 = VECTOR('',#2637,1.);
#2637 = DIRECTION('',(0.,-2.2E-16,1.));
#2638 = ORIENTED_EDGE('',*,*,#2609,.T.);
#2639 = ORIENTED_EDGE('',*,*,#675,.F.);
#2640 = ORIENTED_EDGE('',*,*,#2641,.F.);
#2641 = EDGE_CURVE('',#2624,#668,#2642,.T.);
#2642 = LINE('',#2643,#2644);
#2643 = CARTESIAN_POINT('',(-48.,-21.,73.));
#2644 = VECTOR('',#2645,1.);
#2645 = DIRECTION('',(0.,-2.2E-16,1.));
#2646 = FACE_BOUND('',#2647,.T.);
#2647 = EDGE_LOOP('',(#2648,#2658,#2666,#2674));
#2648 = ORIENTED_EDGE('',*,*,#2649,.T.);
#2649 = EDGE_CURVE('',#2650,#2652,#2654,.T.);
#2650 = VERTEX_POINT('',#2651);
#2651 = CARTESIAN_POINT('',(-27.,-21.,137.));
#2652 = VERTEX_POINT('',#2653);
#2653 = CARTESIAN_POINT('',(-33.,-21.,137.));
#2654 = LINE('',#2655,#2656);
#2655 = CARTESIAN_POINT('',(-30.175,-21.,137.));
#2656 = VECTOR('',#2657,1.);
#2657 = DIRECTION('',(-1.,0.,0.));
#2658 = ORIENTED_EDGE('',*,*,#2659,.T.);
#2659 = EDGE_CURVE('',#2652,#2660,#2662,.T.);
#2660 = VERTEX_POINT('',#2661);
#2661 = CARTESIAN_POINT('',(-33.,-21.,143.));
#2662 = LINE('',#2663,#2664);
#2663 = CARTESIAN_POINT('',(-33.,-21.,123.55));
#2664 = VECTOR('',#2665,1.);
#2665 = DIRECTION('',(0.,-4.4E-16,1.));
#2666 = ORIENTED_EDGE('',*,*,#2667,.F.);
#2667 = EDGE_CURVE('',#2668,#2660,#2670,.T.);
#2668 = VERTEX_POINT('',#2669);
#2669 = CARTESIAN_POINT('',(-27.,-21.,143.));
#2670 = LINE('',#2671,#2672);
#2671 = CARTESIAN_POINT('',(-30.175,-21.,143.));
#2672 = VECTOR('',#2673,1.);
#2673 = DIRECTION('',(-1.,0.,0.));
#2674 = ORIENTED_EDGE('',*,*,#2675,.F.);
#2675 = EDGE_CURVE('',#2650,#2668,#2676,.T.);
#2676 = LINE('',#2677,#2678);
#2677 = CARTESIAN_POINT('',(-27.,-21.,123.55));
#2678 = VECTOR('',#2679,1.);
#2679 = DIRECTION('',(0.,-4.4E-16,1.));
#2680 = FACE_BOUND('',#2681,.T.);
#2681 = EDGE_LOOP('',(#2682));
#2682 = ORIENTED_EDGE('',*,*,#2683,.F.);
#2683 = EDGE_CURVE('',#2684,#2684,#2686,.T.);
#2684 = VERTEX_POINT('',#2685);
#2685 = CARTESIAN_POINT('',(-14.,-21.,100.));
#2686 = CIRCLE('',#2687,3.);
#2687 = AXIS2_PLACEMENT_3D('',#2688,#2689,#2690);
#2688 = CARTESIAN_POINT('',(-17.,-21.,100.));
#2689 = DIRECTION('',(0.,-1.,-2.2E-16));
#2690 = DIRECTION('',(1.,0.,0.));
#2691 = PLANE('',#2692);
#2692 = AXIS2_PLACEMENT_3D('',#2693,#2694,#2695);
#2693 = CARTESIAN_POINT('',(-27.35,-21.,110.1));
#2694 = DIRECTION('',(0.,-1.,-2.2E-16));
#2695 = DIRECTION('',(0.,2.2E-16,-1.));
#2696 = ADVANCED_FACE('',(#2697,#2761,#2795),#2829,.T.);
#2697 = FACE_BOUND('',#2698,.T.);
#2698 = EDGE_LOOP('',(#2699,#2707,#2708,#2709,#2717,#2725,#2731,#2732,
    #2740,#2748,#2754,#2755));
#2699 = ORIENTED_EDGE('',*,*,#2700,.F.);
#2700 = EDGE_CURVE('',#2624,#2701,#2703,.T.);
#2701 = VERTEX_POINT('',#2702);
#2702 = CARTESIAN_POINT('',(-48.,21.,73.));
#2703 = LINE('',#2704,#2705);
#2704 = CARTESIAN_POINT('',(-48.,-21.,73.));
#2705 = VECTOR('',#2706,1.);
#2706 = DIRECTION('',(0.,1.,2.2E-16));
#2707 = ORIENTED_EDGE('',*,*,#2641,.T.);
#2708 = ORIENTED_EDGE('',*,*,#667,.T.);
#2709 = ORIENTED_EDGE('',*,*,#2710,.T.);
#2710 = EDGE_CURVE('',#660,#2711,#2713,.T.);
#2711 = VERTEX_POINT('',#2712);
#2712 = CARTESIAN_POINT('',(-48.,-14.005,145.3));
#2713 = LINE('',#2714,#2715);
#2714 = CARTESIAN_POINT('',(-48.,-14.005,127.7));
#2715 = VECTOR('',#2716,1.);
#2716 = DIRECTION('',(0.,2.2E-16,-1.));
#2717 = ORIENTED_EDGE('',*,*,#2718,.T.);
#2718 = EDGE_CURVE('',#2711,#2719,#2721,.T.);
#2719 = VERTEX_POINT('',#2720);
#2720 = CARTESIAN_POINT('',(-48.,-9.005,145.3));
#2721 = LINE('',#2722,#2723);
#2722 = CARTESIAN_POINT('',(-48.,-7.0025,145.3));
#2723 = VECTOR('',#2724,1.);
#2724 = DIRECTION('',(0.,1.,2.2E-16));
#2725 = ORIENTED_EDGE('',*,*,#2726,.F.);
#2726 = EDGE_CURVE('',#636,#2719,#2727,.T.);
#2727 = LINE('',#2728,#2729);
#2728 = CARTESIAN_POINT('',(-48.,-9.005,127.7));
#2729 = VECTOR('',#2730,1.);
#2730 = DIRECTION('',(0.,2.2E-16,-1.));
#2731 = ORIENTED_EDGE('',*,*,#635,.T.);
#2732 = ORIENTED_EDGE('',*,*,#2733,.T.);
#2733 = EDGE_CURVE('',#628,#2734,#2736,.T.);
#2734 = VERTEX_POINT('',#2735);
#2735 = CARTESIAN_POINT('',(-48.,8.995,145.3));
#2736 = LINE('',#2737,#2738);
#2737 = CARTESIAN_POINT('',(-48.,8.995,127.7));
#2738 = VECTOR('',#2739,1.);
#2739 = DIRECTION('',(0.,2.2E-16,-1.));
#2740 = ORIENTED_EDGE('',*,*,#2741,.T.);
#2741 = EDGE_CURVE('',#2734,#2742,#2744,.T.);
#2742 = VERTEX_POINT('',#2743);
#2743 = CARTESIAN_POINT('',(-48.,13.995,145.3));
#2744 = LINE('',#2745,#2746);
#2745 = CARTESIAN_POINT('',(-48.,4.4975,145.3));
#2746 = VECTOR('',#2747,1.);
#2747 = DIRECTION('',(0.,1.,2.2E-16));
#2748 = ORIENTED_EDGE('',*,*,#2749,.F.);
#2749 = EDGE_CURVE('',#604,#2742,#2750,.T.);
#2750 = LINE('',#2751,#2752);
#2751 = CARTESIAN_POINT('',(-48.,13.995,127.7));
#2752 = VECTOR('',#2753,1.);
#2753 = DIRECTION('',(0.,2.2E-16,-1.));
#2754 = ORIENTED_EDGE('',*,*,#603,.T.);
#2755 = ORIENTED_EDGE('',*,*,#2756,.F.);
#2756 = EDGE_CURVE('',#2701,#596,#2757,.T.);
#2757 = LINE('',#2758,#2759);
#2758 = CARTESIAN_POINT('',(-48.,21.,73.));
#2759 = VECTOR('',#2760,1.);
#2760 = DIRECTION('',(0.,-2.2E-16,1.));
#2761 = FACE_BOUND('',#2762,.T.);
#2762 = EDGE_LOOP('',(#2763,#2773,#2781,#2789));
#2763 = ORIENTED_EDGE('',*,*,#2764,.F.);
#2764 = EDGE_CURVE('',#2765,#2767,#2769,.T.);
#2765 = VERTEX_POINT('',#2766);
#2766 = CARTESIAN_POINT('',(-48.,-4.,126.5));
#2767 = VERTEX_POINT('',#2768);
#2768 = CARTESIAN_POINT('',(-48.,4.,126.5));
#2769 = LINE('',#2770,#2771);
#2770 = CARTESIAN_POINT('',(-48.,-2.,126.5));
#2771 = VECTOR('',#2772,1.);
#2772 = DIRECTION('',(0.,1.,2.2E-16));
#2773 = ORIENTED_EDGE('',*,*,#2774,.T.);
#2774 = EDGE_CURVE('',#2765,#2775,#2777,.T.);
#2775 = VERTEX_POINT('',#2776);
#2776 = CARTESIAN_POINT('',(-48.,-4.,124.));
#2777 = LINE('',#2778,#2779);
#2778 = CARTESIAN_POINT('',(-48.,-4.,117.05));
#2779 = VECTOR('',#2780,1.);
#2780 = DIRECTION('',(0.,2.2E-16,-1.));
#2781 = ORIENTED_EDGE('',*,*,#2782,.T.);
#2782 = EDGE_CURVE('',#2775,#2783,#2785,.T.);
#2783 = VERTEX_POINT('',#2784);
#2784 = CARTESIAN_POINT('',(-48.,4.,124.));
#2785 = LINE('',#2786,#2787);
#2786 = CARTESIAN_POINT('',(-48.,-2.,124.));
#2787 = VECTOR('',#2788,1.);
#2788 = DIRECTION('',(0.,1.,2.2E-16));
#2789 = ORIENTED_EDGE('',*,*,#2790,.F.);
#2790 = EDGE_CURVE('',#2767,#2783,#2791,.T.);
#2791 = LINE('',#2792,#2793);
#2792 = CARTESIAN_POINT('',(-48.,4.,117.05));
#2793 = VECTOR('',#2794,1.);
#2794 = DIRECTION('',(0.,2.2E-16,-1.));
#2795 = FACE_BOUND('',#2796,.T.);
#2796 = EDGE_LOOP('',(#2797,#2807,#2815,#2823));
#2797 = ORIENTED_EDGE('',*,*,#2798,.F.);
#2798 = EDGE_CURVE('',#2799,#2801,#2803,.T.);
#2799 = VERTEX_POINT('',#2800);
#2800 = CARTESIAN_POINT('',(-48.,-4.,93.5));
#2801 = VERTEX_POINT('',#2802);
#2802 = CARTESIAN_POINT('',(-48.,4.,93.5));
#2803 = LINE('',#2804,#2805);
#2804 = CARTESIAN_POINT('',(-48.,-2.,93.5));
#2805 = VECTOR('',#2806,1.);
#2806 = DIRECTION('',(0.,1.,2.2E-16));
#2807 = ORIENTED_EDGE('',*,*,#2808,.T.);
#2808 = EDGE_CURVE('',#2799,#2809,#2811,.T.);
#2809 = VERTEX_POINT('',#2810);
#2810 = CARTESIAN_POINT('',(-48.,-4.,91.));
#2811 = LINE('',#2812,#2813);
#2812 = CARTESIAN_POINT('',(-48.,-4.,100.55));
#2813 = VECTOR('',#2814,1.);
#2814 = DIRECTION('',(0.,2.2E-16,-1.));
#2815 = ORIENTED_EDGE('',*,*,#2816,.T.);
#2816 = EDGE_CURVE('',#2809,#2817,#2819,.T.);
#2817 = VERTEX_POINT('',#2818);
#2818 = CARTESIAN_POINT('',(-48.,4.,91.));
#2819 = LINE('',#2820,#2821);
#2820 = CARTESIAN_POINT('',(-48.,-2.,91.));
#2821 = VECTOR('',#2822,1.);
#2822 = DIRECTION('',(0.,1.,2.2E-16));
#2823 = ORIENTED_EDGE('',*,*,#2824,.F.);
#2824 = EDGE_CURVE('',#2801,#2817,#2825,.T.);
#2825 = LINE('',#2826,#2827);
#2826 = CARTESIAN_POINT('',(-48.,4.,100.55));
#2827 = VECTOR('',#2828,1.);
#2828 = DIRECTION('',(0.,2.2E-16,-1.));
#2829 = PLANE('',#2830);
#2830 = AXIS2_PLACEMENT_3D('',#2831,#2832,#2833);
#2831 = CARTESIAN_POINT('',(-48.,2.593480985524E-13,110.1));
#2832 = DIRECTION('',(-1.,-0.,0.));
#2833 = DIRECTION('',(0.,2.2E-16,-1.));
#2834 = ADVANCED_FACE('',(#2835),#2901,.T.);
#2835 = FACE_BOUND('',#2836,.T.);
#2836 = EDGE_LOOP('',(#2837,#2838,#2839,#2847,#2855,#2863,#2871,#2879,
    #2887,#2895));
#2837 = ORIENTED_EDGE('',*,*,#2710,.F.);
#2838 = ORIENTED_EDGE('',*,*,#659,.F.);
#2839 = ORIENTED_EDGE('',*,*,#2840,.T.);
#2840 = EDGE_CURVE('',#652,#2841,#2843,.T.);
#2841 = VERTEX_POINT('',#2842);
#2842 = CARTESIAN_POINT('',(-45.,-14.005,148.2));
#2843 = LINE('',#2844,#2845);
#2844 = CARTESIAN_POINT('',(-45.,-14.005,145.3));
#2845 = VECTOR('',#2846,1.);
#2846 = DIRECTION('',(0.,-2.2E-16,1.));
#2847 = ORIENTED_EDGE('',*,*,#2848,.F.);
#2848 = EDGE_CURVE('',#2849,#2841,#2851,.T.);
#2849 = VERTEX_POINT('',#2850);
#2850 = CARTESIAN_POINT('',(-47.,-14.005,148.2));
#2851 = LINE('',#2852,#2853);
#2852 = CARTESIAN_POINT('',(-51.,-14.005,148.2));
#2853 = VECTOR('',#2854,1.);
#2854 = DIRECTION('',(1.,0.,0.));
#2855 = ORIENTED_EDGE('',*,*,#2856,.T.);
#2856 = EDGE_CURVE('',#2849,#2857,#2859,.T.);
#2857 = VERTEX_POINT('',#2858);
#2858 = CARTESIAN_POINT('',(-47.,-14.005,163.));
#2859 = LINE('',#2860,#2861);
#2860 = CARTESIAN_POINT('',(-47.,-14.005,147.));
#2861 = VECTOR('',#2862,1.);
#2862 = DIRECTION('',(0.,-2.2E-16,1.));
#2863 = ORIENTED_EDGE('',*,*,#2864,.T.);
#2864 = EDGE_CURVE('',#2857,#2865,#2867,.T.);
#2865 = VERTEX_POINT('',#2866);
#2866 = CARTESIAN_POINT('',(-39.005,-14.005,163.));
#2867 = LINE('',#2868,#2869);
#2868 = CARTESIAN_POINT('',(-51.,-14.005,163.));
#2869 = VECTOR('',#2870,1.);
#2870 = DIRECTION('',(1.,0.,0.));
#2871 = ORIENTED_EDGE('',*,*,#2872,.T.);
#2872 = EDGE_CURVE('',#2865,#2873,#2875,.T.);
#2873 = VERTEX_POINT('',#2874);
#2874 = CARTESIAN_POINT('',(-39.005,-14.005,165.));
#2875 = LINE('',#2876,#2877);
#2876 = CARTESIAN_POINT('',(-39.005,-14.005,163.));
#2877 = VECTOR('',#2878,1.);
#2878 = DIRECTION('',(0.,-2.2E-16,1.));
#2879 = ORIENTED_EDGE('',*,*,#2880,.F.);
#2880 = EDGE_CURVE('',#2881,#2873,#2883,.T.);
#2881 = VERTEX_POINT('',#2882);
#2882 = CARTESIAN_POINT('',(-51.,-14.005,165.));
#2883 = LINE('',#2884,#2885);
#2884 = CARTESIAN_POINT('',(-51.,-14.005,165.));
#2885 = VECTOR('',#2886,1.);
#2886 = DIRECTION('',(1.,0.,0.));
#2887 = ORIENTED_EDGE('',*,*,#2888,.F.);
#2888 = EDGE_CURVE('',#2889,#2881,#2891,.T.);
#2889 = VERTEX_POINT('',#2890);
#2890 = CARTESIAN_POINT('',(-51.,-14.005,145.3));
#2891 = LINE('',#2892,#2893);
#2892 = CARTESIAN_POINT('',(-51.,-14.005,163.));
#2893 = VECTOR('',#2894,1.);
#2894 = DIRECTION('',(0.,-2.2E-16,1.));
#2895 = ORIENTED_EDGE('',*,*,#2896,.T.);
#2896 = EDGE_CURVE('',#2889,#2711,#2897,.T.);
#2897 = LINE('',#2898,#2899);
#2898 = CARTESIAN_POINT('',(-51.,-14.005,145.3));
#2899 = VECTOR('',#2900,1.);
#2900 = DIRECTION('',(1.,0.,0.));
#2901 = PLANE('',#2902);
#2902 = AXIS2_PLACEMENT_3D('',#2903,#2904,#2905);
#2903 = CARTESIAN_POINT('',(-47.1601124054,-14.005,156.83588069446));
#2904 = DIRECTION('',(0.,-1.,-2.2E-16));
#2905 = DIRECTION('',(0.,2.2E-16,-1.));
#2906 = ADVANCED_FACE('',(#2907),#2925,.T.);
#2907 = FACE_BOUND('',#2908,.T.);
#2908 = EDGE_LOOP('',(#2909,#2910,#2911,#2919));
#2909 = ORIENTED_EDGE('',*,*,#2840,.F.);
#2910 = ORIENTED_EDGE('',*,*,#651,.T.);
#2911 = ORIENTED_EDGE('',*,*,#2912,.T.);
#2912 = EDGE_CURVE('',#644,#2913,#2915,.T.);
#2913 = VERTEX_POINT('',#2914);
#2914 = CARTESIAN_POINT('',(-45.,-9.005,148.2));
#2915 = LINE('',#2916,#2917);
#2916 = CARTESIAN_POINT('',(-45.,-9.005,145.3));
#2917 = VECTOR('',#2918,1.);
#2918 = DIRECTION('',(0.,-2.2E-16,1.));
#2919 = ORIENTED_EDGE('',*,*,#2920,.F.);
#2920 = EDGE_CURVE('',#2841,#2913,#2921,.T.);
#2921 = LINE('',#2922,#2923);
#2922 = CARTESIAN_POINT('',(-45.,-14.005,148.2));
#2923 = VECTOR('',#2924,1.);
#2924 = DIRECTION('',(0.,1.,2.2E-16));
#2925 = PLANE('',#2926);
#2926 = AXIS2_PLACEMENT_3D('',#2927,#2928,#2929);
#2927 = CARTESIAN_POINT('',(-45.,-14.005,145.3));
#2928 = DIRECTION('',(1.,0.,0.));
#2929 = DIRECTION('',(0.,-2.2E-16,1.));
#2930 = ADVANCED_FACE('',(#2931),#2990,.T.);
#2931 = FACE_BOUND('',#2932,.T.);
#2932 = EDGE_LOOP('',(#2933,#2934,#2935,#2943,#2951,#2959,#2967,#2975,
    #2983,#2989));
#2933 = ORIENTED_EDGE('',*,*,#643,.T.);
#2934 = ORIENTED_EDGE('',*,*,#2726,.T.);
#2935 = ORIENTED_EDGE('',*,*,#2936,.F.);
#2936 = EDGE_CURVE('',#2937,#2719,#2939,.T.);
#2937 = VERTEX_POINT('',#2938);
#2938 = CARTESIAN_POINT('',(-51.,-9.005,145.3));
#2939 = LINE('',#2940,#2941);
#2940 = CARTESIAN_POINT('',(-51.,-9.005,145.3));
#2941 = VECTOR('',#2942,1.);
#2942 = DIRECTION('',(1.,0.,0.));
#2943 = ORIENTED_EDGE('',*,*,#2944,.T.);
#2944 = EDGE_CURVE('',#2937,#2945,#2947,.T.);
#2945 = VERTEX_POINT('',#2946);
#2946 = CARTESIAN_POINT('',(-51.,-9.005,165.));
#2947 = LINE('',#2948,#2949);
#2948 = CARTESIAN_POINT('',(-51.,-9.005,145.3));
#2949 = VECTOR('',#2950,1.);
#2950 = DIRECTION('',(0.,-2.2E-16,1.));
#2951 = ORIENTED_EDGE('',*,*,#2952,.T.);
#2952 = EDGE_CURVE('',#2945,#2953,#2955,.T.);
#2953 = VERTEX_POINT('',#2954);
#2954 = CARTESIAN_POINT('',(-39.005,-9.005,165.));
#2955 = LINE('',#2956,#2957);
#2956 = CARTESIAN_POINT('',(-51.,-9.005,165.));
#2957 = VECTOR('',#2958,1.);
#2958 = DIRECTION('',(1.,0.,0.));
#2959 = ORIENTED_EDGE('',*,*,#2960,.F.);
#2960 = EDGE_CURVE('',#2961,#2953,#2963,.T.);
#2961 = VERTEX_POINT('',#2962);
#2962 = CARTESIAN_POINT('',(-39.005,-9.005,163.));
#2963 = LINE('',#2964,#2965);
#2964 = CARTESIAN_POINT('',(-39.005,-9.005,163.));
#2965 = VECTOR('',#2966,1.);
#2966 = DIRECTION('',(0.,-2.2E-16,1.));
#2967 = ORIENTED_EDGE('',*,*,#2968,.F.);
#2968 = EDGE_CURVE('',#2969,#2961,#2971,.T.);
#2969 = VERTEX_POINT('',#2970);
#2970 = CARTESIAN_POINT('',(-47.,-9.005,163.));
#2971 = LINE('',#2972,#2973);
#2972 = CARTESIAN_POINT('',(-51.,-9.005,163.));
#2973 = VECTOR('',#2974,1.);
#2974 = DIRECTION('',(1.,0.,0.));
#2975 = ORIENTED_EDGE('',*,*,#2976,.F.);
#2976 = EDGE_CURVE('',#2977,#2969,#2979,.T.);
#2977 = VERTEX_POINT('',#2978);
#2978 = CARTESIAN_POINT('',(-47.,-9.005,148.2));
#2979 = LINE('',#2980,#2981);
#2980 = CARTESIAN_POINT('',(-47.,-9.005,147.));
#2981 = VECTOR('',#2982,1.);
#2982 = DIRECTION('',(0.,-2.2E-16,1.));
#2983 = ORIENTED_EDGE('',*,*,#2984,.T.);
#2984 = EDGE_CURVE('',#2977,#2913,#2985,.T.);
#2985 = LINE('',#2986,#2987);
#2986 = CARTESIAN_POINT('',(-51.,-9.005,148.2));
#2987 = VECTOR('',#2988,1.);
#2988 = DIRECTION('',(1.,0.,0.));
#2989 = ORIENTED_EDGE('',*,*,#2912,.F.);
#2990 = PLANE('',#2991);
#2991 = AXIS2_PLACEMENT_3D('',#2992,#2993,#2994);
#2992 = CARTESIAN_POINT('',(-47.1601124054,-9.005,156.83588069446));
#2993 = DIRECTION('',(0.,1.,2.2E-16));
#2994 = DIRECTION('',(0.,-2.2E-16,1.));
#2995 = ADVANCED_FACE('',(#2996),#3062,.T.);
#2996 = FACE_BOUND('',#2997,.T.);
#2997 = EDGE_LOOP('',(#2998,#2999,#3000,#3008,#3016,#3024,#3032,#3040,
    #3048,#3056));
#2998 = ORIENTED_EDGE('',*,*,#2733,.F.);
#2999 = ORIENTED_EDGE('',*,*,#627,.F.);
#3000 = ORIENTED_EDGE('',*,*,#3001,.T.);
#3001 = EDGE_CURVE('',#620,#3002,#3004,.T.);
#3002 = VERTEX_POINT('',#3003);
#3003 = CARTESIAN_POINT('',(-45.,8.995,148.2));
#3004 = LINE('',#3005,#3006);
#3005 = CARTESIAN_POINT('',(-45.,8.995,145.3));
#3006 = VECTOR('',#3007,1.);
#3007 = DIRECTION('',(0.,-2.2E-16,1.));
#3008 = ORIENTED_EDGE('',*,*,#3009,.F.);
#3009 = EDGE_CURVE('',#3010,#3002,#3012,.T.);
#3010 = VERTEX_POINT('',#3011);
#3011 = CARTESIAN_POINT('',(-47.,8.995,148.2));
#3012 = LINE('',#3013,#3014);
#3013 = CARTESIAN_POINT('',(-51.,8.995,148.2));
#3014 = VECTOR('',#3015,1.);
#3015 = DIRECTION('',(1.,0.,0.));
#3016 = ORIENTED_EDGE('',*,*,#3017,.T.);
#3017 = EDGE_CURVE('',#3010,#3018,#3020,.T.);
#3018 = VERTEX_POINT('',#3019);
#3019 = CARTESIAN_POINT('',(-47.,8.995,163.));
#3020 = LINE('',#3021,#3022);
#3021 = CARTESIAN_POINT('',(-47.,8.995,147.));
#3022 = VECTOR('',#3023,1.);
#3023 = DIRECTION('',(0.,-2.2E-16,1.));
#3024 = ORIENTED_EDGE('',*,*,#3025,.T.);
#3025 = EDGE_CURVE('',#3018,#3026,#3028,.T.);
#3026 = VERTEX_POINT('',#3027);
#3027 = CARTESIAN_POINT('',(-39.005,8.995,163.));
#3028 = LINE('',#3029,#3030);
#3029 = CARTESIAN_POINT('',(-51.,8.995,163.));
#3030 = VECTOR('',#3031,1.);
#3031 = DIRECTION('',(1.,0.,0.));
#3032 = ORIENTED_EDGE('',*,*,#3033,.T.);
#3033 = EDGE_CURVE('',#3026,#3034,#3036,.T.);
#3034 = VERTEX_POINT('',#3035);
#3035 = CARTESIAN_POINT('',(-39.005,8.995,165.));
#3036 = LINE('',#3037,#3038);
#3037 = CARTESIAN_POINT('',(-39.005,8.995,163.));
#3038 = VECTOR('',#3039,1.);
#3039 = DIRECTION('',(0.,-2.2E-16,1.));
#3040 = ORIENTED_EDGE('',*,*,#3041,.F.);
#3041 = EDGE_CURVE('',#3042,#3034,#3044,.T.);
#3042 = VERTEX_POINT('',#3043);
#3043 = CARTESIAN_POINT('',(-51.,8.995,165.));
#3044 = LINE('',#3045,#3046);
#3045 = CARTESIAN_POINT('',(-51.,8.995,165.));
#3046 = VECTOR('',#3047,1.);
#3047 = DIRECTION('',(1.,0.,0.));
#3048 = ORIENTED_EDGE('',*,*,#3049,.F.);
#3049 = EDGE_CURVE('',#3050,#3042,#3052,.T.);
#3050 = VERTEX_POINT('',#3051);
#3051 = CARTESIAN_POINT('',(-51.,8.995,145.3));
#3052 = LINE('',#3053,#3054);
#3053 = CARTESIAN_POINT('',(-51.,8.995,163.));
#3054 = VECTOR('',#3055,1.);
#3055 = DIRECTION('',(0.,-2.2E-16,1.));
#3056 = ORIENTED_EDGE('',*,*,#3057,.T.);
#3057 = EDGE_CURVE('',#3050,#2734,#3058,.T.);
#3058 = LINE('',#3059,#3060);
#3059 = CARTESIAN_POINT('',(-51.,8.995,145.3));
#3060 = VECTOR('',#3061,1.);
#3061 = DIRECTION('',(1.,0.,0.));
#3062 = PLANE('',#3063);
#3063 = AXIS2_PLACEMENT_3D('',#3064,#3065,#3066);
#3064 = CARTESIAN_POINT('',(-47.1601124054,8.995,156.83588069446));
#3065 = DIRECTION('',(0.,-1.,-2.2E-16));
#3066 = DIRECTION('',(0.,2.2E-16,-1.));
#3067 = ADVANCED_FACE('',(#3068),#3086,.T.);
#3068 = FACE_BOUND('',#3069,.T.);
#3069 = EDGE_LOOP('',(#3070,#3071,#3072,#3080));
#3070 = ORIENTED_EDGE('',*,*,#3001,.F.);
#3071 = ORIENTED_EDGE('',*,*,#619,.T.);
#3072 = ORIENTED_EDGE('',*,*,#3073,.T.);
#3073 = EDGE_CURVE('',#612,#3074,#3076,.T.);
#3074 = VERTEX_POINT('',#3075);
#3075 = CARTESIAN_POINT('',(-45.,13.995,148.2));
#3076 = LINE('',#3077,#3078);
#3077 = CARTESIAN_POINT('',(-45.,13.995,145.3));
#3078 = VECTOR('',#3079,1.);
#3079 = DIRECTION('',(0.,-2.2E-16,1.));
#3080 = ORIENTED_EDGE('',*,*,#3081,.F.);
#3081 = EDGE_CURVE('',#3002,#3074,#3082,.T.);
#3082 = LINE('',#3083,#3084);
#3083 = CARTESIAN_POINT('',(-45.,8.995,148.2));
#3084 = VECTOR('',#3085,1.);
#3085 = DIRECTION('',(0.,1.,2.2E-16));
#3086 = PLANE('',#3087);
#3087 = AXIS2_PLACEMENT_3D('',#3088,#3089,#3090);
#3088 = CARTESIAN_POINT('',(-45.,8.995,145.3));
#3089 = DIRECTION('',(1.,0.,0.));
#3090 = DIRECTION('',(0.,-2.2E-16,1.));
#3091 = ADVANCED_FACE('',(#3092),#3151,.T.);
#3092 = FACE_BOUND('',#3093,.T.);
#3093 = EDGE_LOOP('',(#3094,#3095,#3096,#3104,#3112,#3120,#3128,#3136,
    #3144,#3150));
#3094 = ORIENTED_EDGE('',*,*,#611,.T.);
#3095 = ORIENTED_EDGE('',*,*,#2749,.T.);
#3096 = ORIENTED_EDGE('',*,*,#3097,.F.);
#3097 = EDGE_CURVE('',#3098,#2742,#3100,.T.);
#3098 = VERTEX_POINT('',#3099);
#3099 = CARTESIAN_POINT('',(-51.,13.995,145.3));
#3100 = LINE('',#3101,#3102);
#3101 = CARTESIAN_POINT('',(-51.,13.995,145.3));
#3102 = VECTOR('',#3103,1.);
#3103 = DIRECTION('',(1.,0.,0.));
#3104 = ORIENTED_EDGE('',*,*,#3105,.T.);
#3105 = EDGE_CURVE('',#3098,#3106,#3108,.T.);
#3106 = VERTEX_POINT('',#3107);
#3107 = CARTESIAN_POINT('',(-51.,13.995,165.));
#3108 = LINE('',#3109,#3110);
#3109 = CARTESIAN_POINT('',(-51.,13.995,145.3));
#3110 = VECTOR('',#3111,1.);
#3111 = DIRECTION('',(0.,-2.2E-16,1.));
#3112 = ORIENTED_EDGE('',*,*,#3113,.T.);
#3113 = EDGE_CURVE('',#3106,#3114,#3116,.T.);
#3114 = VERTEX_POINT('',#3115);
#3115 = CARTESIAN_POINT('',(-39.005,13.995,165.));
#3116 = LINE('',#3117,#3118);
#3117 = CARTESIAN_POINT('',(-51.,13.995,165.));
#3118 = VECTOR('',#3119,1.);
#3119 = DIRECTION('',(1.,0.,0.));
#3120 = ORIENTED_EDGE('',*,*,#3121,.F.);
#3121 = EDGE_CURVE('',#3122,#3114,#3124,.T.);
#3122 = VERTEX_POINT('',#3123);
#3123 = CARTESIAN_POINT('',(-39.005,13.995,163.));
#3124 = LINE('',#3125,#3126);
#3125 = CARTESIAN_POINT('',(-39.005,13.995,163.));
#3126 = VECTOR('',#3127,1.);
#3127 = DIRECTION('',(0.,-2.2E-16,1.));
#3128 = ORIENTED_EDGE('',*,*,#3129,.F.);
#3129 = EDGE_CURVE('',#3130,#3122,#3132,.T.);
#3130 = VERTEX_POINT('',#3131);
#3131 = CARTESIAN_POINT('',(-47.,13.995,163.));
#3132 = LINE('',#3133,#3134);
#3133 = CARTESIAN_POINT('',(-51.,13.995,163.));
#3134 = VECTOR('',#3135,1.);
#3135 = DIRECTION('',(1.,0.,0.));
#3136 = ORIENTED_EDGE('',*,*,#3137,.F.);
#3137 = EDGE_CURVE('',#3138,#3130,#3140,.T.);
#3138 = VERTEX_POINT('',#3139);
#3139 = CARTESIAN_POINT('',(-47.,13.995,148.2));
#3140 = LINE('',#3141,#3142);
#3141 = CARTESIAN_POINT('',(-47.,13.995,147.));
#3142 = VECTOR('',#3143,1.);
#3143 = DIRECTION('',(0.,-2.2E-16,1.));
#3144 = ORIENTED_EDGE('',*,*,#3145,.T.);
#3145 = EDGE_CURVE('',#3138,#3074,#3146,.T.);
#3146 = LINE('',#3147,#3148);
#3147 = CARTESIAN_POINT('',(-51.,13.995,148.2));
#3148 = VECTOR('',#3149,1.);
#3149 = DIRECTION('',(1.,0.,0.));
#3150 = ORIENTED_EDGE('',*,*,#3073,.F.);
#3151 = PLANE('',#3152);
#3152 = AXIS2_PLACEMENT_3D('',#3153,#3154,#3155);
#3153 = CARTESIAN_POINT('',(-47.1601124054,13.995,156.83588069446));
#3154 = DIRECTION('',(0.,1.,2.2E-16));
#3155 = DIRECTION('',(0.,-2.2E-16,1.));
#3156 = ADVANCED_FACE('',(#3157,#3176,#3210),#3221,.T.);
#3157 = FACE_BOUND('',#3158,.T.);
#3158 = EDGE_LOOP('',(#3159,#3167,#3168,#3169,#3170));
#3159 = ORIENTED_EDGE('',*,*,#3160,.F.);
#3160 = EDGE_CURVE('',#2701,#3161,#3163,.T.);
#3161 = VERTEX_POINT('',#3162);
#3162 = CARTESIAN_POINT('',(-6.7,21.,73.));
#3163 = LINE('',#3164,#3165);
#3164 = CARTESIAN_POINT('',(-48.,21.,73.));
#3165 = VECTOR('',#3166,1.);
#3166 = DIRECTION('',(1.,0.,0.));
#3167 = ORIENTED_EDGE('',*,*,#2756,.T.);
#3168 = ORIENTED_EDGE('',*,*,#595,.T.);
#3169 = ORIENTED_EDGE('',*,*,#1885,.F.);
#3170 = ORIENTED_EDGE('',*,*,#3171,.F.);
#3171 = EDGE_CURVE('',#3161,#1766,#3172,.T.);
#3172 = LINE('',#3173,#3174);
#3173 = CARTESIAN_POINT('',(-6.7,21.,73.));
#3174 = VECTOR('',#3175,1.);
#3175 = DIRECTION('',(0.,-2.2E-16,1.));
#3176 = FACE_BOUND('',#3177,.T.);
#3177 = EDGE_LOOP('',(#3178,#3188,#3196,#3204));
#3178 = ORIENTED_EDGE('',*,*,#3179,.F.);
#3179 = EDGE_CURVE('',#3180,#3182,#3184,.T.);
#3180 = VERTEX_POINT('',#3181);
#3181 = CARTESIAN_POINT('',(-33.,21.,143.));
#3182 = VERTEX_POINT('',#3183);
#3183 = CARTESIAN_POINT('',(-27.,21.,143.));
#3184 = LINE('',#3185,#3186);
#3185 = CARTESIAN_POINT('',(-30.175,21.,143.));
#3186 = VECTOR('',#3187,1.);
#3187 = DIRECTION('',(1.,0.,0.));
#3188 = ORIENTED_EDGE('',*,*,#3189,.T.);
#3189 = EDGE_CURVE('',#3180,#3190,#3192,.T.);
#3190 = VERTEX_POINT('',#3191);
#3191 = CARTESIAN_POINT('',(-33.,21.,137.));
#3192 = LINE('',#3193,#3194);
#3193 = CARTESIAN_POINT('',(-33.,21.,123.55));
#3194 = VECTOR('',#3195,1.);
#3195 = DIRECTION('',(0.,5.6E-16,-1.));
#3196 = ORIENTED_EDGE('',*,*,#3197,.T.);
#3197 = EDGE_CURVE('',#3190,#3198,#3200,.T.);
#3198 = VERTEX_POINT('',#3199);
#3199 = CARTESIAN_POINT('',(-27.,21.,137.));
#3200 = LINE('',#3201,#3202);
#3201 = CARTESIAN_POINT('',(-30.175,21.,137.));
#3202 = VECTOR('',#3203,1.);
#3203 = DIRECTION('',(1.,0.,0.));
#3204 = ORIENTED_EDGE('',*,*,#3205,.F.);
#3205 = EDGE_CURVE('',#3182,#3198,#3206,.T.);
#3206 = LINE('',#3207,#3208);
#3207 = CARTESIAN_POINT('',(-27.,21.,123.55));
#3208 = VECTOR('',#3209,1.);
#3209 = DIRECTION('',(0.,5.6E-16,-1.));
#3210 = FACE_BOUND('',#3211,.T.);
#3211 = EDGE_LOOP('',(#3212));
#3212 = ORIENTED_EDGE('',*,*,#3213,.T.);
#3213 = EDGE_CURVE('',#3214,#3214,#3216,.T.);
#3214 = VERTEX_POINT('',#3215);
#3215 = CARTESIAN_POINT('',(-14.,21.,100.));
#3216 = CIRCLE('',#3217,3.);
#3217 = AXIS2_PLACEMENT_3D('',#3218,#3219,#3220);
#3218 = CARTESIAN_POINT('',(-17.,21.,100.));
#3219 = DIRECTION('',(0.,-1.,-2.2E-16));
#3220 = DIRECTION('',(1.,0.,0.));
#3221 = PLANE('',#3222);
#3222 = AXIS2_PLACEMENT_3D('',#3223,#3224,#3225);
#3223 = CARTESIAN_POINT('',(-27.35,21.,110.1));
#3224 = DIRECTION('',(0.,1.,2.2E-16));
#3225 = DIRECTION('',(0.,-2.2E-16,1.));
#3226 = ADVANCED_FACE('',(#3227),#3246,.F.);
#3227 = FACE_BOUND('',#3228,.T.);
#3228 = EDGE_LOOP('',(#3229,#3237,#3238,#3239));
#3229 = ORIENTED_EDGE('',*,*,#3230,.T.);
#3230 = EDGE_CURVE('',#3231,#876,#3233,.T.);
#3231 = VERTEX_POINT('',#3232);
#3232 = CARTESIAN_POINT('',(28.65,-25.5,145.2));
#3233 = LINE('',#3234,#3235);
#3234 = CARTESIAN_POINT('',(28.65,-25.5,145.2));
#3235 = VECTOR('',#3236,1.);
#3236 = DIRECTION('',(0.,-2.2E-16,1.));
#3237 = ORIENTED_EDGE('',*,*,#875,.T.);
#3238 = ORIENTED_EDGE('',*,*,#3230,.F.);
#3239 = ORIENTED_EDGE('',*,*,#3240,.F.);
#3240 = EDGE_CURVE('',#3231,#3231,#3241,.T.);
#3241 = CIRCLE('',#3242,1.15);
#3242 = AXIS2_PLACEMENT_3D('',#3243,#3244,#3245);
#3243 = CARTESIAN_POINT('',(27.5,-25.5,145.2));
#3244 = DIRECTION('',(0.,-2.2E-16,1.));
#3245 = DIRECTION('',(1.,0.,0.));
#3246 = CYLINDRICAL_SURFACE('',#3247,1.15);
#3247 = AXIS2_PLACEMENT_3D('',#3248,#3249,#3250);
#3248 = CARTESIAN_POINT('',(27.5,-25.5,145.2));
#3249 = DIRECTION('',(-0.,2.2E-16,-1.));
#3250 = DIRECTION('',(1.,0.,0.));
#3251 = ADVANCED_FACE('',(#3252),#3293,.T.);
#3252 = FACE_BOUND('',#3253,.T.);
#3253 = EDGE_LOOP('',(#3254,#3255,#3263,#3271,#3279,#3287));
#3254 = ORIENTED_EDGE('',*,*,#886,.F.);
#3255 = ORIENTED_EDGE('',*,*,#3256,.T.);
#3256 = EDGE_CURVE('',#887,#3257,#3259,.T.);
#3257 = VERTEX_POINT('',#3258);
#3258 = CARTESIAN_POINT('',(26.,-14.005,165.));
#3259 = LINE('',#3260,#3261);
#3260 = CARTESIAN_POINT('',(26.,-14.005,145.3));
#3261 = VECTOR('',#3262,1.);
#3262 = DIRECTION('',(0.,-2.2E-16,1.));
#3263 = ORIENTED_EDGE('',*,*,#3264,.F.);
#3264 = EDGE_CURVE('',#3265,#3257,#3267,.T.);
#3265 = VERTEX_POINT('',#3266);
#3266 = CARTESIAN_POINT('',(13.995,-14.005,165.));
#3267 = LINE('',#3268,#3269);
#3268 = CARTESIAN_POINT('',(13.995,-14.005,165.));
#3269 = VECTOR('',#3270,1.);
#3270 = DIRECTION('',(1.,0.,0.));
#3271 = ORIENTED_EDGE('',*,*,#3272,.F.);
#3272 = EDGE_CURVE('',#3273,#3265,#3275,.T.);
#3273 = VERTEX_POINT('',#3274);
#3274 = CARTESIAN_POINT('',(13.995,-14.005,163.));
#3275 = LINE('',#3276,#3277);
#3276 = CARTESIAN_POINT('',(13.995,-14.005,163.));
#3277 = VECTOR('',#3278,1.);
#3278 = DIRECTION('',(0.,-2.2E-16,1.));
#3279 = ORIENTED_EDGE('',*,*,#3280,.T.);
#3280 = EDGE_CURVE('',#3273,#3281,#3283,.T.);
#3281 = VERTEX_POINT('',#3282);
#3282 = CARTESIAN_POINT('',(22.,-14.005,163.));
#3283 = LINE('',#3284,#3285);
#3284 = CARTESIAN_POINT('',(13.995,-14.005,163.));
#3285 = VECTOR('',#3286,1.);
#3286 = DIRECTION('',(1.,0.,0.));
#3287 = ORIENTED_EDGE('',*,*,#3288,.F.);
#3288 = EDGE_CURVE('',#889,#3281,#3289,.T.);
#3289 = LINE('',#3290,#3291);
#3290 = CARTESIAN_POINT('',(22.,-14.005,147.));
#3291 = VECTOR('',#3292,1.);
#3292 = DIRECTION('',(0.,-2.2E-16,1.));
#3293 = PLANE('',#3294);
#3294 = AXIS2_PLACEMENT_3D('',#3295,#3296,#3297);
#3295 = CARTESIAN_POINT('',(22.119274869988,-14.005,158.22177486998));
#3296 = DIRECTION('',(0.,-1.,-2.2E-16));
#3297 = DIRECTION('',(0.,2.2E-16,-1.));
#3298 = ADVANCED_FACE('',(#3299),#3317,.T.);
#3299 = FACE_BOUND('',#3300,.T.);
#3300 = EDGE_LOOP('',(#3301,#3302,#3303,#3311));
#3301 = ORIENTED_EDGE('',*,*,#3256,.F.);
#3302 = ORIENTED_EDGE('',*,*,#912,.T.);
#3303 = ORIENTED_EDGE('',*,*,#3304,.T.);
#3304 = EDGE_CURVE('',#905,#3305,#3307,.T.);
#3305 = VERTEX_POINT('',#3306);
#3306 = CARTESIAN_POINT('',(26.,-9.005,165.));
#3307 = LINE('',#3308,#3309);
#3308 = CARTESIAN_POINT('',(26.,-9.005,163.));
#3309 = VECTOR('',#3310,1.);
#3310 = DIRECTION('',(0.,-2.2E-16,1.));
#3311 = ORIENTED_EDGE('',*,*,#3312,.F.);
#3312 = EDGE_CURVE('',#3257,#3305,#3313,.T.);
#3313 = LINE('',#3314,#3315);
#3314 = CARTESIAN_POINT('',(26.,-14.005,165.));
#3315 = VECTOR('',#3316,1.);
#3316 = DIRECTION('',(0.,1.,2.2E-16));
#3317 = PLANE('',#3318);
#3318 = AXIS2_PLACEMENT_3D('',#3319,#3320,#3321);
#3319 = CARTESIAN_POINT('',(26.,-11.505,156.1));
#3320 = DIRECTION('',(1.,0.,0.));
#3321 = DIRECTION('',(0.,-2.2E-16,1.));
#3322 = ADVANCED_FACE('',(#3323),#3341,.T.);
#3323 = FACE_BOUND('',#3324,.T.);
#3324 = EDGE_LOOP('',(#3325,#3326,#3327,#3335));
#3325 = ORIENTED_EDGE('',*,*,#896,.F.);
#3326 = ORIENTED_EDGE('',*,*,#3288,.T.);
#3327 = ORIENTED_EDGE('',*,*,#3328,.T.);
#3328 = EDGE_CURVE('',#3281,#3329,#3331,.T.);
#3329 = VERTEX_POINT('',#3330);
#3330 = CARTESIAN_POINT('',(22.,-9.005,163.));
#3331 = LINE('',#3332,#3333);
#3332 = CARTESIAN_POINT('',(22.,-12.755,163.));
#3333 = VECTOR('',#3334,1.);
#3334 = DIRECTION('',(0.,1.,2.2E-16));
#3335 = ORIENTED_EDGE('',*,*,#3336,.F.);
#3336 = EDGE_CURVE('',#897,#3329,#3337,.T.);
#3337 = LINE('',#3338,#3339);
#3338 = CARTESIAN_POINT('',(22.,-9.005,145.3));
#3339 = VECTOR('',#3340,1.);
#3340 = DIRECTION('',(0.,-2.2E-16,1.));
#3341 = PLANE('',#3342);
#3342 = AXIS2_PLACEMENT_3D('',#3343,#3344,#3345);
#3343 = CARTESIAN_POINT('',(22.,-11.505,155.6));
#3344 = DIRECTION('',(-1.,-0.,0.));
#3345 = DIRECTION('',(0.,2.2E-16,-1.));
#3346 = ADVANCED_FACE('',(#3347),#3374,.T.);
#3347 = FACE_BOUND('',#3348,.T.);
#3348 = EDGE_LOOP('',(#3349,#3350,#3351,#3359,#3367,#3373));
#3349 = ORIENTED_EDGE('',*,*,#904,.T.);
#3350 = ORIENTED_EDGE('',*,*,#3336,.T.);
#3351 = ORIENTED_EDGE('',*,*,#3352,.F.);
#3352 = EDGE_CURVE('',#3353,#3329,#3355,.T.);
#3353 = VERTEX_POINT('',#3354);
#3354 = CARTESIAN_POINT('',(13.995,-9.005,163.));
#3355 = LINE('',#3356,#3357);
#3356 = CARTESIAN_POINT('',(13.995,-9.005,163.));
#3357 = VECTOR('',#3358,1.);
#3358 = DIRECTION('',(1.,0.,0.));
#3359 = ORIENTED_EDGE('',*,*,#3360,.T.);
#3360 = EDGE_CURVE('',#3353,#3361,#3363,.T.);
#3361 = VERTEX_POINT('',#3362);
#3362 = CARTESIAN_POINT('',(13.995,-9.005,165.));
#3363 = LINE('',#3364,#3365);
#3364 = CARTESIAN_POINT('',(13.995,-9.005,163.));
#3365 = VECTOR('',#3366,1.);
#3366 = DIRECTION('',(0.,-2.2E-16,1.));
#3367 = ORIENTED_EDGE('',*,*,#3368,.T.);
#3368 = EDGE_CURVE('',#3361,#3305,#3369,.T.);
#3369 = LINE('',#3370,#3371);
#3370 = CARTESIAN_POINT('',(13.995,-9.005,165.));
#3371 = VECTOR('',#3372,1.);
#3372 = DIRECTION('',(1.,0.,0.));
#3373 = ORIENTED_EDGE('',*,*,#3304,.F.);
#3374 = PLANE('',#3375);
#3375 = AXIS2_PLACEMENT_3D('',#3376,#3377,#3378);
#3376 = CARTESIAN_POINT('',(22.119274869988,-9.005,158.22177486998));
#3377 = DIRECTION('',(0.,1.,2.2E-16));
#3378 = DIRECTION('',(0.,-2.2E-16,1.));
#3379 = ADVANCED_FACE('',(#3380),#3399,.T.);
#3380 = FACE_BOUND('',#3381,.F.);
#3381 = EDGE_LOOP('',(#3382,#3383,#3391,#3398));
#3382 = ORIENTED_EDGE('',*,*,#920,.T.);
#3383 = ORIENTED_EDGE('',*,*,#3384,.T.);
#3384 = EDGE_CURVE('',#921,#3385,#3387,.T.);
#3385 = VERTEX_POINT('',#3386);
#3386 = CARTESIAN_POINT('',(18.899928,-11.400058,152.9));
#3387 = LINE('',#3388,#3389);
#3388 = CARTESIAN_POINT('',(18.899928,-11.400058,147.1));
#3389 = VECTOR('',#3390,1.);
#3390 = DIRECTION('',(0.,-2.2E-16,1.));
#3391 = ORIENTED_EDGE('',*,*,#3392,.T.);
#3392 = EDGE_CURVE('',#3385,#3385,#3393,.T.);
#3393 = CIRCLE('',#3394,2.5);
#3394 = AXIS2_PLACEMENT_3D('',#3395,#3396,#3397);
#3395 = CARTESIAN_POINT('',(16.399928,-11.400058,152.9));
#3396 = DIRECTION('',(0.,-2.2E-16,1.));
#3397 = DIRECTION('',(1.,0.,0.));
#3398 = ORIENTED_EDGE('',*,*,#3384,.F.);
#3399 = CYLINDRICAL_SURFACE('',#3400,2.5);
#3400 = AXIS2_PLACEMENT_3D('',#3401,#3402,#3403);
#3401 = CARTESIAN_POINT('',(16.399928,-11.400058,147.1));
#3402 = DIRECTION('',(-0.,2.2E-16,-1.));
#3403 = DIRECTION('',(1.,0.,0.));
#3404 = ADVANCED_FACE('',(#3405),#3424,.F.);
#3405 = FACE_BOUND('',#3406,.T.);
#3406 = EDGE_LOOP('',(#3407,#3415,#3416,#3417));
#3407 = ORIENTED_EDGE('',*,*,#3408,.T.);
#3408 = EDGE_CURVE('',#3409,#932,#3411,.T.);
#3409 = VERTEX_POINT('',#3410);
#3410 = CARTESIAN_POINT('',(-1.35,-25.5,145.2));
#3411 = LINE('',#3412,#3413);
#3412 = CARTESIAN_POINT('',(-1.35,-25.5,145.2));
#3413 = VECTOR('',#3414,1.);
#3414 = DIRECTION('',(0.,-2.2E-16,1.));
#3415 = ORIENTED_EDGE('',*,*,#931,.T.);
#3416 = ORIENTED_EDGE('',*,*,#3408,.F.);
#3417 = ORIENTED_EDGE('',*,*,#3418,.F.);
#3418 = EDGE_CURVE('',#3409,#3409,#3419,.T.);
#3419 = CIRCLE('',#3420,1.15);
#3420 = AXIS2_PLACEMENT_3D('',#3421,#3422,#3423);
#3421 = CARTESIAN_POINT('',(-2.5,-25.5,145.2));
#3422 = DIRECTION('',(0.,-2.2E-16,1.));
#3423 = DIRECTION('',(1.,0.,0.));
#3424 = CYLINDRICAL_SURFACE('',#3425,1.15);
#3425 = AXIS2_PLACEMENT_3D('',#3426,#3427,#3428);
#3426 = CARTESIAN_POINT('',(-2.5,-25.5,145.2));
#3427 = DIRECTION('',(-0.,2.2E-16,-1.));
#3428 = DIRECTION('',(1.,0.,0.));
#3429 = ADVANCED_FACE('',(#3430),#3449,.F.);
#3430 = FACE_BOUND('',#3431,.T.);
#3431 = EDGE_LOOP('',(#3432,#3440,#3441,#3442));
#3432 = ORIENTED_EDGE('',*,*,#3433,.T.);
#3433 = EDGE_CURVE('',#3434,#943,#3436,.T.);
#3434 = VERTEX_POINT('',#3435);
#3435 = CARTESIAN_POINT('',(-1.35,-9.5,145.2));
#3436 = LINE('',#3437,#3438);
#3437 = CARTESIAN_POINT('',(-1.35,-9.5,145.2));
#3438 = VECTOR('',#3439,1.);
#3439 = DIRECTION('',(0.,-2.2E-16,1.));
#3440 = ORIENTED_EDGE('',*,*,#942,.T.);
#3441 = ORIENTED_EDGE('',*,*,#3433,.F.);
#3442 = ORIENTED_EDGE('',*,*,#3443,.F.);
#3443 = EDGE_CURVE('',#3434,#3434,#3444,.T.);
#3444 = CIRCLE('',#3445,1.15);
#3445 = AXIS2_PLACEMENT_3D('',#3446,#3447,#3448);
#3446 = CARTESIAN_POINT('',(-2.5,-9.5,145.2));
#3447 = DIRECTION('',(0.,-2.2E-16,1.));
#3448 = DIRECTION('',(1.,0.,0.));
#3449 = CYLINDRICAL_SURFACE('',#3450,1.15);
#3450 = AXIS2_PLACEMENT_3D('',#3451,#3452,#3453);
#3451 = CARTESIAN_POINT('',(-2.5,-9.5,145.2));
#3452 = DIRECTION('',(-0.,2.2E-16,-1.));
#3453 = DIRECTION('',(1.,0.,0.));
#3454 = ADVANCED_FACE('',(#3455),#3496,.T.);
#3455 = FACE_BOUND('',#3456,.T.);
#3456 = EDGE_LOOP('',(#3457,#3458,#3466,#3474,#3482,#3490));
#3457 = ORIENTED_EDGE('',*,*,#953,.F.);
#3458 = ORIENTED_EDGE('',*,*,#3459,.T.);
#3459 = EDGE_CURVE('',#954,#3460,#3462,.T.);
#3460 = VERTEX_POINT('',#3461);
#3461 = CARTESIAN_POINT('',(26.,8.995,165.));
#3462 = LINE('',#3463,#3464);
#3463 = CARTESIAN_POINT('',(26.,8.995,145.3));
#3464 = VECTOR('',#3465,1.);
#3465 = DIRECTION('',(0.,-2.2E-16,1.));
#3466 = ORIENTED_EDGE('',*,*,#3467,.F.);
#3467 = EDGE_CURVE('',#3468,#3460,#3470,.T.);
#3468 = VERTEX_POINT('',#3469);
#3469 = CARTESIAN_POINT('',(13.995,8.995,165.));
#3470 = LINE('',#3471,#3472);
#3471 = CARTESIAN_POINT('',(13.995,8.995,165.));
#3472 = VECTOR('',#3473,1.);
#3473 = DIRECTION('',(1.,0.,0.));
#3474 = ORIENTED_EDGE('',*,*,#3475,.F.);
#3475 = EDGE_CURVE('',#3476,#3468,#3478,.T.);
#3476 = VERTEX_POINT('',#3477);
#3477 = CARTESIAN_POINT('',(13.995,8.995,163.));
#3478 = LINE('',#3479,#3480);
#3479 = CARTESIAN_POINT('',(13.995,8.995,163.));
#3480 = VECTOR('',#3481,1.);
#3481 = DIRECTION('',(0.,-2.2E-16,1.));
#3482 = ORIENTED_EDGE('',*,*,#3483,.T.);
#3483 = EDGE_CURVE('',#3476,#3484,#3486,.T.);
#3484 = VERTEX_POINT('',#3485);
#3485 = CARTESIAN_POINT('',(22.,8.995,163.));
#3486 = LINE('',#3487,#3488);
#3487 = CARTESIAN_POINT('',(13.995,8.995,163.));
#3488 = VECTOR('',#3489,1.);
#3489 = DIRECTION('',(1.,0.,0.));
#3490 = ORIENTED_EDGE('',*,*,#3491,.F.);
#3491 = EDGE_CURVE('',#956,#3484,#3492,.T.);
#3492 = LINE('',#3493,#3494);
#3493 = CARTESIAN_POINT('',(22.,8.995,147.));
#3494 = VECTOR('',#3495,1.);
#3495 = DIRECTION('',(0.,-2.2E-16,1.));
#3496 = PLANE('',#3497);
#3497 = AXIS2_PLACEMENT_3D('',#3498,#3499,#3500);
#3498 = CARTESIAN_POINT('',(22.119274869988,8.995,158.22177486998));
#3499 = DIRECTION('',(0.,-1.,-2.2E-16));
#3500 = DIRECTION('',(0.,2.2E-16,-1.));
#3501 = ADVANCED_FACE('',(#3502),#3520,.T.);
#3502 = FACE_BOUND('',#3503,.T.);
#3503 = EDGE_LOOP('',(#3504,#3505,#3506,#3514));
#3504 = ORIENTED_EDGE('',*,*,#3459,.F.);
#3505 = ORIENTED_EDGE('',*,*,#979,.T.);
#3506 = ORIENTED_EDGE('',*,*,#3507,.T.);
#3507 = EDGE_CURVE('',#972,#3508,#3510,.T.);
#3508 = VERTEX_POINT('',#3509);
#3509 = CARTESIAN_POINT('',(26.,13.995,165.));
#3510 = LINE('',#3511,#3512);
#3511 = CARTESIAN_POINT('',(26.,13.995,163.));
#3512 = VECTOR('',#3513,1.);
#3513 = DIRECTION('',(0.,-2.2E-16,1.));
#3514 = ORIENTED_EDGE('',*,*,#3515,.F.);
#3515 = EDGE_CURVE('',#3460,#3508,#3516,.T.);
#3516 = LINE('',#3517,#3518);
#3517 = CARTESIAN_POINT('',(26.,8.995,165.));
#3518 = VECTOR('',#3519,1.);
#3519 = DIRECTION('',(0.,1.,2.2E-16));
#3520 = PLANE('',#3521);
#3521 = AXIS2_PLACEMENT_3D('',#3522,#3523,#3524);
#3522 = CARTESIAN_POINT('',(26.,11.495,156.1));
#3523 = DIRECTION('',(1.,0.,0.));
#3524 = DIRECTION('',(0.,-2.2E-16,1.));
#3525 = ADVANCED_FACE('',(#3526),#3544,.T.);
#3526 = FACE_BOUND('',#3527,.T.);
#3527 = EDGE_LOOP('',(#3528,#3529,#3530,#3538));
#3528 = ORIENTED_EDGE('',*,*,#963,.F.);
#3529 = ORIENTED_EDGE('',*,*,#3491,.T.);
#3530 = ORIENTED_EDGE('',*,*,#3531,.T.);
#3531 = EDGE_CURVE('',#3484,#3532,#3534,.T.);
#3532 = VERTEX_POINT('',#3533);
#3533 = CARTESIAN_POINT('',(22.,13.995,163.));
#3534 = LINE('',#3535,#3536);
#3535 = CARTESIAN_POINT('',(22.,10.245,163.));
#3536 = VECTOR('',#3537,1.);
#3537 = DIRECTION('',(0.,1.,2.2E-16));
#3538 = ORIENTED_EDGE('',*,*,#3539,.F.);
#3539 = EDGE_CURVE('',#964,#3532,#3540,.T.);
#3540 = LINE('',#3541,#3542);
#3541 = CARTESIAN_POINT('',(22.,13.995,145.3));
#3542 = VECTOR('',#3543,1.);
#3543 = DIRECTION('',(0.,-2.2E-16,1.));
#3544 = PLANE('',#3545);
#3545 = AXIS2_PLACEMENT_3D('',#3546,#3547,#3548);
#3546 = CARTESIAN_POINT('',(22.,11.495,155.6));
#3547 = DIRECTION('',(-1.,-0.,0.));
#3548 = DIRECTION('',(0.,2.2E-16,-1.));
#3549 = ADVANCED_FACE('',(#3550),#3577,.T.);
#3550 = FACE_BOUND('',#3551,.T.);
#3551 = EDGE_LOOP('',(#3552,#3553,#3554,#3562,#3570,#3576));
#3552 = ORIENTED_EDGE('',*,*,#971,.T.);
#3553 = ORIENTED_EDGE('',*,*,#3539,.T.);
#3554 = ORIENTED_EDGE('',*,*,#3555,.F.);
#3555 = EDGE_CURVE('',#3556,#3532,#3558,.T.);
#3556 = VERTEX_POINT('',#3557);
#3557 = CARTESIAN_POINT('',(13.995,13.995,163.));
#3558 = LINE('',#3559,#3560);
#3559 = CARTESIAN_POINT('',(13.995,13.995,163.));
#3560 = VECTOR('',#3561,1.);
#3561 = DIRECTION('',(1.,0.,0.));
#3562 = ORIENTED_EDGE('',*,*,#3563,.T.);
#3563 = EDGE_CURVE('',#3556,#3564,#3566,.T.);
#3564 = VERTEX_POINT('',#3565);
#3565 = CARTESIAN_POINT('',(13.995,13.995,165.));
#3566 = LINE('',#3567,#3568);
#3567 = CARTESIAN_POINT('',(13.995,13.995,163.));
#3568 = VECTOR('',#3569,1.);
#3569 = DIRECTION('',(0.,-2.2E-16,1.));
#3570 = ORIENTED_EDGE('',*,*,#3571,.T.);
#3571 = EDGE_CURVE('',#3564,#3508,#3572,.T.);
#3572 = LINE('',#3573,#3574);
#3573 = CARTESIAN_POINT('',(13.995,13.995,165.));
#3574 = VECTOR('',#3575,1.);
#3575 = DIRECTION('',(1.,0.,0.));
#3576 = ORIENTED_EDGE('',*,*,#3507,.F.);
#3577 = PLANE('',#3578);
#3578 = AXIS2_PLACEMENT_3D('',#3579,#3580,#3581);
#3579 = CARTESIAN_POINT('',(22.119274869988,13.995,158.22177486998));
#3580 = DIRECTION('',(0.,1.,2.2E-16));
#3581 = DIRECTION('',(0.,-2.2E-16,1.));
#3582 = ADVANCED_FACE('',(#3583),#3602,.T.);
#3583 = FACE_BOUND('',#3584,.F.);
#3584 = EDGE_LOOP('',(#3585,#3586,#3594,#3601));
#3585 = ORIENTED_EDGE('',*,*,#987,.T.);
#3586 = ORIENTED_EDGE('',*,*,#3587,.T.);
#3587 = EDGE_CURVE('',#988,#3588,#3590,.T.);
#3588 = VERTEX_POINT('',#3589);
#3589 = CARTESIAN_POINT('',(18.899928,11.500074,152.9));
#3590 = LINE('',#3591,#3592);
#3591 = CARTESIAN_POINT('',(18.899928,11.500074,147.1));
#3592 = VECTOR('',#3593,1.);
#3593 = DIRECTION('',(0.,-2.2E-16,1.));
#3594 = ORIENTED_EDGE('',*,*,#3595,.T.);
#3595 = EDGE_CURVE('',#3588,#3588,#3596,.T.);
#3596 = CIRCLE('',#3597,2.5);
#3597 = AXIS2_PLACEMENT_3D('',#3598,#3599,#3600);
#3598 = CARTESIAN_POINT('',(16.399928,11.500074,152.9));
#3599 = DIRECTION('',(0.,-2.2E-16,1.));
#3600 = DIRECTION('',(1.,0.,0.));
#3601 = ORIENTED_EDGE('',*,*,#3587,.F.);
#3602 = CYLINDRICAL_SURFACE('',#3603,2.5);
#3603 = AXIS2_PLACEMENT_3D('',#3604,#3605,#3606);
#3604 = CARTESIAN_POINT('',(16.399928,11.500074,147.1));
#3605 = DIRECTION('',(-0.,2.2E-16,-1.));
#3606 = DIRECTION('',(1.,0.,0.));
#3607 = ADVANCED_FACE('',(#3608),#3627,.F.);
#3608 = FACE_BOUND('',#3609,.T.);
#3609 = EDGE_LOOP('',(#3610,#3618,#3619,#3620));
#3610 = ORIENTED_EDGE('',*,*,#3611,.T.);
#3611 = EDGE_CURVE('',#3612,#999,#3614,.T.);
#3612 = VERTEX_POINT('',#3613);
#3613 = CARTESIAN_POINT('',(28.65,25.5,145.2));
#3614 = LINE('',#3615,#3616);
#3615 = CARTESIAN_POINT('',(28.65,25.5,145.2));
#3616 = VECTOR('',#3617,1.);
#3617 = DIRECTION('',(0.,-2.2E-16,1.));
#3618 = ORIENTED_EDGE('',*,*,#998,.T.);
#3619 = ORIENTED_EDGE('',*,*,#3611,.F.);
#3620 = ORIENTED_EDGE('',*,*,#3621,.F.);
#3621 = EDGE_CURVE('',#3612,#3612,#3622,.T.);
#3622 = CIRCLE('',#3623,1.15);
#3623 = AXIS2_PLACEMENT_3D('',#3624,#3625,#3626);
#3624 = CARTESIAN_POINT('',(27.5,25.5,145.2));
#3625 = DIRECTION('',(0.,-2.2E-16,1.));
#3626 = DIRECTION('',(1.,0.,0.));
#3627 = CYLINDRICAL_SURFACE('',#3628,1.15);
#3628 = AXIS2_PLACEMENT_3D('',#3629,#3630,#3631);
#3629 = CARTESIAN_POINT('',(27.5,25.5,145.2));
#3630 = DIRECTION('',(-0.,2.2E-16,-1.));
#3631 = DIRECTION('',(1.,0.,0.));
#3632 = ADVANCED_FACE('',(#3633),#3652,.F.);
#3633 = FACE_BOUND('',#3634,.T.);
#3634 = EDGE_LOOP('',(#3635,#3643,#3644,#3645));
#3635 = ORIENTED_EDGE('',*,*,#3636,.T.);
#3636 = EDGE_CURVE('',#3637,#1010,#3639,.T.);
#3637 = VERTEX_POINT('',#3638);
#3638 = CARTESIAN_POINT('',(-1.35,9.5,145.2));
#3639 = LINE('',#3640,#3641);
#3640 = CARTESIAN_POINT('',(-1.35,9.5,145.2));
#3641 = VECTOR('',#3642,1.);
#3642 = DIRECTION('',(0.,-2.2E-16,1.));
#3643 = ORIENTED_EDGE('',*,*,#1009,.T.);
#3644 = ORIENTED_EDGE('',*,*,#3636,.F.);
#3645 = ORIENTED_EDGE('',*,*,#3646,.F.);
#3646 = EDGE_CURVE('',#3637,#3637,#3647,.T.);
#3647 = CIRCLE('',#3648,1.15);
#3648 = AXIS2_PLACEMENT_3D('',#3649,#3650,#3651);
#3649 = CARTESIAN_POINT('',(-2.5,9.5,145.2));
#3650 = DIRECTION('',(0.,-2.2E-16,1.));
#3651 = DIRECTION('',(1.,0.,0.));
#3652 = CYLINDRICAL_SURFACE('',#3653,1.15);
#3653 = AXIS2_PLACEMENT_3D('',#3654,#3655,#3656);
#3654 = CARTESIAN_POINT('',(-2.5,9.5,145.2));
#3655 = DIRECTION('',(-0.,2.2E-16,-1.));
#3656 = DIRECTION('',(1.,0.,0.));
#3657 = ADVANCED_FACE('',(#3658),#3677,.F.);
#3658 = FACE_BOUND('',#3659,.T.);
#3659 = EDGE_LOOP('',(#3660,#3668,#3669,#3670));
#3660 = ORIENTED_EDGE('',*,*,#3661,.T.);
#3661 = EDGE_CURVE('',#3662,#1021,#3664,.T.);
#3662 = VERTEX_POINT('',#3663);
#3663 = CARTESIAN_POINT('',(-1.35,25.5,145.2));
#3664 = LINE('',#3665,#3666);
#3665 = CARTESIAN_POINT('',(-1.35,25.5,145.2));
#3666 = VECTOR('',#3667,1.);
#3667 = DIRECTION('',(0.,-2.2E-16,1.));
#3668 = ORIENTED_EDGE('',*,*,#1020,.T.);
#3669 = ORIENTED_EDGE('',*,*,#3661,.F.);
#3670 = ORIENTED_EDGE('',*,*,#3671,.F.);
#3671 = EDGE_CURVE('',#3662,#3662,#3672,.T.);
#3672 = CIRCLE('',#3673,1.15);
#3673 = AXIS2_PLACEMENT_3D('',#3674,#3675,#3676);
#3674 = CARTESIAN_POINT('',(-2.5,25.5,145.2));
#3675 = DIRECTION('',(0.,-2.2E-16,1.));
#3676 = DIRECTION('',(1.,0.,0.));
#3677 = CYLINDRICAL_SURFACE('',#3678,1.15);
#3678 = AXIS2_PLACEMENT_3D('',#3679,#3680,#3681);
#3679 = CARTESIAN_POINT('',(-2.5,25.5,145.2));
#3680 = DIRECTION('',(-0.,2.2E-16,-1.));
#3681 = DIRECTION('',(1.,0.,0.));
#3682 = ADVANCED_FACE('',(#3683),#3702,.T.);
#3683 = FACE_BOUND('',#3684,.F.);
#3684 = EDGE_LOOP('',(#3685,#3686,#3694,#3701));
#3685 = ORIENTED_EDGE('',*,*,#1031,.T.);
#3686 = ORIENTED_EDGE('',*,*,#3687,.T.);
#3687 = EDGE_CURVE('',#1032,#3688,#3690,.T.);
#3688 = VERTEX_POINT('',#3689);
#3689 = CARTESIAN_POINT('',(-38.950096,-11.400058,152.9));
#3690 = LINE('',#3691,#3692);
#3691 = CARTESIAN_POINT('',(-38.950096,-11.400058,147.1));
#3692 = VECTOR('',#3693,1.);
#3693 = DIRECTION('',(0.,-2.2E-16,1.));
#3694 = ORIENTED_EDGE('',*,*,#3695,.T.);
#3695 = EDGE_CURVE('',#3688,#3688,#3696,.T.);
#3696 = CIRCLE('',#3697,2.5);
#3697 = AXIS2_PLACEMENT_3D('',#3698,#3699,#3700);
#3698 = CARTESIAN_POINT('',(-41.450096,-11.400058,152.9));
#3699 = DIRECTION('',(0.,-2.2E-16,1.));
#3700 = DIRECTION('',(1.,0.,0.));
#3701 = ORIENTED_EDGE('',*,*,#3687,.F.);
#3702 = CYLINDRICAL_SURFACE('',#3703,2.5);
#3703 = AXIS2_PLACEMENT_3D('',#3704,#3705,#3706);
#3704 = CARTESIAN_POINT('',(-41.450096,-11.400058,147.1));
#3705 = DIRECTION('',(-0.,2.2E-16,-1.));
#3706 = DIRECTION('',(1.,0.,0.));
#3707 = ADVANCED_FACE('',(#3708),#3727,.T.);
#3708 = FACE_BOUND('',#3709,.F.);
#3709 = EDGE_LOOP('',(#3710,#3711,#3719,#3726));
#3710 = ORIENTED_EDGE('',*,*,#1042,.T.);
#3711 = ORIENTED_EDGE('',*,*,#3712,.T.);
#3712 = EDGE_CURVE('',#1043,#3713,#3715,.T.);
#3713 = VERTEX_POINT('',#3714);
#3714 = CARTESIAN_POINT('',(-38.900058,11.450036,152.9));
#3715 = LINE('',#3716,#3717);
#3716 = CARTESIAN_POINT('',(-38.900058,11.450036,147.1));
#3717 = VECTOR('',#3718,1.);
#3718 = DIRECTION('',(0.,-2.2E-16,1.));
#3719 = ORIENTED_EDGE('',*,*,#3720,.T.);
#3720 = EDGE_CURVE('',#3713,#3713,#3721,.T.);
#3721 = CIRCLE('',#3722,2.5);
#3722 = AXIS2_PLACEMENT_3D('',#3723,#3724,#3725);
#3723 = CARTESIAN_POINT('',(-41.400058,11.450036,152.9));
#3724 = DIRECTION('',(0.,-2.2E-16,1.));
#3725 = DIRECTION('',(1.,0.,0.));
#3726 = ORIENTED_EDGE('',*,*,#3712,.F.);
#3727 = CYLINDRICAL_SURFACE('',#3728,2.5);
#3728 = AXIS2_PLACEMENT_3D('',#3729,#3730,#3731);
#3729 = CARTESIAN_POINT('',(-41.400058,11.450036,147.1));
#3730 = DIRECTION('',(-0.,2.2E-16,-1.));
#3731 = DIRECTION('',(1.,0.,0.));
#3732 = ADVANCED_FACE('',(#3733,#3736),#3739,.F.);
#3733 = FACE_BOUND('',#3734,.F.);
#3734 = EDGE_LOOP('',(#3735));
#3735 = ORIENTED_EDGE('',*,*,#1527,.T.);
#3736 = FACE_BOUND('',#3737,.F.);
#3737 = EDGE_LOOP('',(#3738));
#3738 = ORIENTED_EDGE('',*,*,#1164,.T.);
#3739 = PLANE('',#3740);
#3740 = AXIS2_PLACEMENT_3D('',#3741,#3742,#3743);
#3741 = CARTESIAN_POINT('',(41.,-21.7,152.5));
#3742 = DIRECTION('',(0.,1.,2.2E-16));
#3743 = DIRECTION('',(1.,0.,0.));
#3744 = ADVANCED_FACE('',(#3745,#3753),#3756,.T.);
#3745 = FACE_BOUND('',#3746,.T.);
#3746 = EDGE_LOOP('',(#3747,#3748,#3749,#3750,#3751,#3752));
#3747 = ORIENTED_EDGE('',*,*,#1189,.F.);
#3748 = ORIENTED_EDGE('',*,*,#1244,.F.);
#3749 = ORIENTED_EDGE('',*,*,#1292,.F.);
#3750 = ORIENTED_EDGE('',*,*,#1316,.F.);
#3751 = ORIENTED_EDGE('',*,*,#1268,.F.);
#3752 = ORIENTED_EDGE('',*,*,#1220,.F.);
#3753 = FACE_BOUND('',#3754,.T.);
#3754 = EDGE_LOOP('',(#3755));
#3755 = ORIENTED_EDGE('',*,*,#1578,.T.);
#3756 = PLANE('',#3757);
#3757 = AXIS2_PLACEMENT_3D('',#3758,#3759,#3760);
#3758 = CARTESIAN_POINT('',(37.,-22.2,144.5));
#3759 = DIRECTION('',(0.,1.,2.2E-16));
#3760 = DIRECTION('',(0.,-2.2E-16,1.));
#3761 = ADVANCED_FACE('',(#3762,#3770),#3773,.T.);
#3762 = FACE_BOUND('',#3763,.T.);
#3763 = EDGE_LOOP('',(#3764,#3765,#3766,#3767,#3768,#3769));
#3764 = ORIENTED_EDGE('',*,*,#1333,.F.);
#3765 = ORIENTED_EDGE('',*,*,#1364,.F.);
#3766 = ORIENTED_EDGE('',*,*,#1388,.F.);
#3767 = ORIENTED_EDGE('',*,*,#1412,.F.);
#3768 = ORIENTED_EDGE('',*,*,#1436,.F.);
#3769 = ORIENTED_EDGE('',*,*,#1460,.F.);
#3770 = FACE_BOUND('',#3771,.T.);
#3771 = EDGE_LOOP('',(#3772));
#3772 = ORIENTED_EDGE('',*,*,#1553,.T.);
#3773 = PLANE('',#3774);
#3774 = AXIS2_PLACEMENT_3D('',#3775,#3776,#3777);
#3775 = CARTESIAN_POINT('',(45.,-22.2,144.5));
#3776 = DIRECTION('',(0.,1.,2.2E-16));
#3777 = DIRECTION('',(0.,-2.2E-16,1.));
#3778 = ADVANCED_FACE('',(#3779),#3804,.F.);
#3779 = FACE_BOUND('',#3780,.F.);
#3780 = EDGE_LOOP('',(#3781,#3789,#3797,#3803));
#3781 = ORIENTED_EDGE('',*,*,#3782,.F.);
#3782 = EDGE_CURVE('',#3783,#1632,#3785,.T.);
#3783 = VERTEX_POINT('',#3784);
#3784 = CARTESIAN_POINT('',(17.,-32.4,137.));
#3785 = LINE('',#3786,#3787);
#3786 = CARTESIAN_POINT('',(17.,-32.4,137.));
#3787 = VECTOR('',#3788,1.);
#3788 = DIRECTION('',(0.,1.,2.2E-16));
#3789 = ORIENTED_EDGE('',*,*,#3790,.T.);
#3790 = EDGE_CURVE('',#3783,#3791,#3793,.T.);
#3791 = VERTEX_POINT('',#3792);
#3792 = CARTESIAN_POINT('',(23.,-32.4,137.));
#3793 = LINE('',#3794,#3795);
#3794 = CARTESIAN_POINT('',(17.,-32.4,137.));
#3795 = VECTOR('',#3796,1.);
#3796 = DIRECTION('',(1.,0.,0.));
#3797 = ORIENTED_EDGE('',*,*,#3798,.T.);
#3798 = EDGE_CURVE('',#3791,#1630,#3799,.T.);
#3799 = LINE('',#3800,#3801);
#3800 = CARTESIAN_POINT('',(23.,-32.4,137.));
#3801 = VECTOR('',#3802,1.);
#3802 = DIRECTION('',(0.,1.,2.2E-16));
#3803 = ORIENTED_EDGE('',*,*,#1629,.T.);
#3804 = PLANE('',#3805);
#3805 = AXIS2_PLACEMENT_3D('',#3806,#3807,#3808);
#3806 = CARTESIAN_POINT('',(17.,-32.4,137.));
#3807 = DIRECTION('',(0.,-2.2E-16,1.));
#3808 = DIRECTION('',(1.,0.,0.));
#3809 = ADVANCED_FACE('',(#3810),#3828,.T.);
#3810 = FACE_BOUND('',#3811,.T.);
#3811 = EDGE_LOOP('',(#3812,#3820,#3826,#3827));
#3812 = ORIENTED_EDGE('',*,*,#3813,.F.);
#3813 = EDGE_CURVE('',#3814,#1648,#3816,.T.);
#3814 = VERTEX_POINT('',#3815);
#3815 = CARTESIAN_POINT('',(23.,-32.4,143.));
#3816 = LINE('',#3817,#3818);
#3817 = CARTESIAN_POINT('',(23.,-32.4,143.));
#3818 = VECTOR('',#3819,1.);
#3819 = DIRECTION('',(0.,1.,2.2E-16));
#3820 = ORIENTED_EDGE('',*,*,#3821,.F.);
#3821 = EDGE_CURVE('',#3791,#3814,#3822,.T.);
#3822 = LINE('',#3823,#3824);
#3823 = CARTESIAN_POINT('',(23.,-32.4,137.));
#3824 = VECTOR('',#3825,1.);
#3825 = DIRECTION('',(0.,-2.2E-16,1.));
#3826 = ORIENTED_EDGE('',*,*,#3798,.T.);
#3827 = ORIENTED_EDGE('',*,*,#1655,.T.);
#3828 = PLANE('',#3829);
#3829 = AXIS2_PLACEMENT_3D('',#3830,#3831,#3832);
#3830 = CARTESIAN_POINT('',(23.,-32.4,137.));
#3831 = DIRECTION('',(1.,0.,0.));
#3832 = DIRECTION('',(0.,-2.2E-16,1.));
#3833 = ADVANCED_FACE('',(#3834),#3852,.T.);
#3834 = FACE_BOUND('',#3835,.T.);
#3835 = EDGE_LOOP('',(#3836,#3844,#3850,#3851));
#3836 = ORIENTED_EDGE('',*,*,#3837,.F.);
#3837 = EDGE_CURVE('',#3838,#1640,#3840,.T.);
#3838 = VERTEX_POINT('',#3839);
#3839 = CARTESIAN_POINT('',(17.,-32.4,143.));
#3840 = LINE('',#3841,#3842);
#3841 = CARTESIAN_POINT('',(17.,-32.4,143.));
#3842 = VECTOR('',#3843,1.);
#3843 = DIRECTION('',(0.,1.,2.2E-16));
#3844 = ORIENTED_EDGE('',*,*,#3845,.T.);
#3845 = EDGE_CURVE('',#3838,#3814,#3846,.T.);
#3846 = LINE('',#3847,#3848);
#3847 = CARTESIAN_POINT('',(17.,-32.4,143.));
#3848 = VECTOR('',#3849,1.);
#3849 = DIRECTION('',(1.,0.,0.));
#3850 = ORIENTED_EDGE('',*,*,#3813,.T.);
#3851 = ORIENTED_EDGE('',*,*,#1647,.T.);
#3852 = PLANE('',#3853);
#3853 = AXIS2_PLACEMENT_3D('',#3854,#3855,#3856);
#3854 = CARTESIAN_POINT('',(17.,-32.4,143.));
#3855 = DIRECTION('',(0.,-2.2E-16,1.));
#3856 = DIRECTION('',(1.,0.,0.));
#3857 = ADVANCED_FACE('',(#3858),#3869,.F.);
#3858 = FACE_BOUND('',#3859,.F.);
#3859 = EDGE_LOOP('',(#3860,#3861,#3867,#3868));
#3860 = ORIENTED_EDGE('',*,*,#3837,.F.);
#3861 = ORIENTED_EDGE('',*,*,#3862,.F.);
#3862 = EDGE_CURVE('',#3783,#3838,#3863,.T.);
#3863 = LINE('',#3864,#3865);
#3864 = CARTESIAN_POINT('',(17.,-32.4,137.));
#3865 = VECTOR('',#3866,1.);
#3866 = DIRECTION('',(0.,-2.2E-16,1.));
#3867 = ORIENTED_EDGE('',*,*,#3782,.T.);
#3868 = ORIENTED_EDGE('',*,*,#1639,.T.);
#3869 = PLANE('',#3870);
#3870 = AXIS2_PLACEMENT_3D('',#3871,#3872,#3873);
#3871 = CARTESIAN_POINT('',(17.,-32.4,137.));
#3872 = DIRECTION('',(1.,0.,0.));
#3873 = DIRECTION('',(0.,-2.2E-16,1.));
#3874 = ADVANCED_FACE('',(#3875,#3909,#3912,#3915),#3918,.F.);
#3875 = FACE_BOUND('',#3876,.F.);
#3876 = EDGE_LOOP('',(#3877,#3885,#3893,#3901,#3907,#3908));
#3877 = ORIENTED_EDGE('',*,*,#3878,.F.);
#3878 = EDGE_CURVE('',#3879,#2534,#3881,.T.);
#3879 = VERTEX_POINT('',#3880);
#3880 = CARTESIAN_POINT('',(-4.7,-7.3,145.2));
#3881 = LINE('',#3882,#3883);
#3882 = CARTESIAN_POINT('',(-6.7,-7.3,145.2));
#3883 = VECTOR('',#3884,1.);
#3884 = DIRECTION('',(1.,0.,0.));
#3885 = ORIENTED_EDGE('',*,*,#3886,.F.);
#3886 = EDGE_CURVE('',#3887,#3879,#3889,.T.);
#3887 = VERTEX_POINT('',#3888);
#3888 = CARTESIAN_POINT('',(-4.7,-27.7,145.2));
#3889 = LINE('',#3890,#3891);
#3890 = CARTESIAN_POINT('',(-4.7,-29.7,145.2));
#3891 = VECTOR('',#3892,1.);
#3892 = DIRECTION('',(0.,1.,2.2E-16));
#3893 = ORIENTED_EDGE('',*,*,#3894,.T.);
#3894 = EDGE_CURVE('',#3887,#3895,#3897,.T.);
#3895 = VERTEX_POINT('',#3896);
#3896 = CARTESIAN_POINT('',(29.7,-27.7,145.2));
#3897 = LINE('',#3898,#3899);
#3898 = CARTESIAN_POINT('',(-6.7,-27.7,145.2));
#3899 = VECTOR('',#3900,1.);
#3900 = DIRECTION('',(1.,0.,0.));
#3901 = ORIENTED_EDGE('',*,*,#3902,.T.);
#3902 = EDGE_CURVE('',#3895,#1700,#3903,.T.);
#3903 = LINE('',#3904,#3905);
#3904 = CARTESIAN_POINT('',(29.7,-29.7,145.2));
#3905 = VECTOR('',#3906,1.);
#3906 = DIRECTION('',(0.,1.,1.55E-15));
#3907 = ORIENTED_EDGE('',*,*,#1699,.T.);
#3908 = ORIENTED_EDGE('',*,*,#2533,.T.);
#3909 = FACE_BOUND('',#3910,.F.);
#3910 = EDGE_LOOP('',(#3911));
#3911 = ORIENTED_EDGE('',*,*,#3418,.F.);
#3912 = FACE_BOUND('',#3913,.F.);
#3913 = EDGE_LOOP('',(#3914));
#3914 = ORIENTED_EDGE('',*,*,#3240,.F.);
#3915 = FACE_BOUND('',#3916,.F.);
#3916 = EDGE_LOOP('',(#3917));
#3917 = ORIENTED_EDGE('',*,*,#3443,.F.);
#3918 = PLANE('',#3919);
#3919 = AXIS2_PLACEMENT_3D('',#3920,#3921,#3922);
#3920 = CARTESIAN_POINT('',(-6.7,-29.7,145.2));
#3921 = DIRECTION('',(0.,-2.2E-16,1.));
#3922 = DIRECTION('',(1.,0.,0.));
#3923 = ADVANCED_FACE('',(#3924),#3935,.F.);
#3924 = FACE_BOUND('',#3925,.F.);
#3925 = EDGE_LOOP('',(#3926,#3932,#3933,#3934));
#3926 = ORIENTED_EDGE('',*,*,#3927,.F.);
#3927 = EDGE_CURVE('',#1862,#3895,#3928,.T.);
#3928 = LINE('',#3929,#3930);
#3929 = CARTESIAN_POINT('',(29.7,-27.7,126.));
#3930 = VECTOR('',#3931,1.);
#3931 = DIRECTION('',(0.,-2.2E-16,1.));
#3932 = ORIENTED_EDGE('',*,*,#1869,.T.);
#3933 = ORIENTED_EDGE('',*,*,#1725,.T.);
#3934 = ORIENTED_EDGE('',*,*,#3902,.F.);
#3935 = PLANE('',#3936);
#3936 = AXIS2_PLACEMENT_3D('',#3937,#3938,#3939);
#3937 = CARTESIAN_POINT('',(29.7,-29.7,126.));
#3938 = DIRECTION('',(1.,0.,0.));
#3939 = DIRECTION('',(0.,-2.2E-16,1.));
#3940 = ADVANCED_FACE('',(#3941),#3952,.T.);
#3941 = FACE_BOUND('',#3942,.T.);
#3942 = EDGE_LOOP('',(#3943,#3944,#3950,#3951));
#3943 = ORIENTED_EDGE('',*,*,#1861,.F.);
#3944 = ORIENTED_EDGE('',*,*,#3945,.T.);
#3945 = EDGE_CURVE('',#1854,#3887,#3946,.T.);
#3946 = LINE('',#3947,#3948);
#3947 = CARTESIAN_POINT('',(-4.7,-27.7,126.));
#3948 = VECTOR('',#3949,1.);
#3949 = DIRECTION('',(0.,-2.2E-16,1.));
#3950 = ORIENTED_EDGE('',*,*,#3894,.T.);
#3951 = ORIENTED_EDGE('',*,*,#3927,.F.);
#3952 = PLANE('',#3953);
#3953 = AXIS2_PLACEMENT_3D('',#3954,#3955,#3956);
#3954 = CARTESIAN_POINT('',(-6.7,-27.7,126.));
#3955 = DIRECTION('',(0.,1.,2.2E-16));
#3956 = DIRECTION('',(0.,-2.2E-16,1.));
#3957 = ADVANCED_FACE('',(#3958),#3969,.T.);
#3958 = FACE_BOUND('',#3959,.T.);
#3959 = EDGE_LOOP('',(#3960,#3961,#3962,#3968));
#3960 = ORIENTED_EDGE('',*,*,#3945,.F.);
#3961 = ORIENTED_EDGE('',*,*,#1853,.T.);
#3962 = ORIENTED_EDGE('',*,*,#3963,.T.);
#3963 = EDGE_CURVE('',#1846,#3879,#3964,.T.);
#3964 = LINE('',#3965,#3966);
#3965 = CARTESIAN_POINT('',(-4.7,-7.3,126.));
#3966 = VECTOR('',#3967,1.);
#3967 = DIRECTION('',(0.,-2.2E-16,1.));
#3968 = ORIENTED_EDGE('',*,*,#3886,.F.);
#3969 = PLANE('',#3970);
#3970 = AXIS2_PLACEMENT_3D('',#3971,#3972,#3973);
#3971 = CARTESIAN_POINT('',(-4.7,-29.7,126.));
#3972 = DIRECTION('',(1.,0.,0.));
#3973 = DIRECTION('',(0.,-2.2E-16,1.));
#3974 = ADVANCED_FACE('',(#3975),#3981,.F.);
#3975 = FACE_BOUND('',#3976,.F.);
#3976 = EDGE_LOOP('',(#3977,#3978,#3979,#3980));
#3977 = ORIENTED_EDGE('',*,*,#1845,.F.);
#3978 = ORIENTED_EDGE('',*,*,#3963,.T.);
#3979 = ORIENTED_EDGE('',*,*,#3878,.T.);
#3980 = ORIENTED_EDGE('',*,*,#2541,.T.);
#3981 = PLANE('',#3982);
#3982 = AXIS2_PLACEMENT_3D('',#3983,#3984,#3985);
#3983 = CARTESIAN_POINT('',(-6.7,-7.3,126.));
#3984 = DIRECTION('',(0.,1.,2.2E-16));
#3985 = DIRECTION('',(0.,-2.2E-16,1.));
#3986 = ADVANCED_FACE('',(#3987),#4005,.T.);
#3987 = FACE_BOUND('',#3988,.T.);
#3988 = EDGE_LOOP('',(#3989,#3990,#3998,#4004));
#3989 = ORIENTED_EDGE('',*,*,#1829,.F.);
#3990 = ORIENTED_EDGE('',*,*,#3991,.T.);
#3991 = EDGE_CURVE('',#1822,#3992,#3994,.T.);
#3992 = VERTEX_POINT('',#3993);
#3993 = CARTESIAN_POINT('',(-4.7,7.3,145.2));
#3994 = LINE('',#3995,#3996);
#3995 = CARTESIAN_POINT('',(-4.7,7.3,126.));
#3996 = VECTOR('',#3997,1.);
#3997 = DIRECTION('',(0.,-2.2E-16,1.));
#3998 = ORIENTED_EDGE('',*,*,#3999,.T.);
#3999 = EDGE_CURVE('',#3992,#2549,#4000,.T.);
#4000 = LINE('',#4001,#4002);
#4001 = CARTESIAN_POINT('',(-6.7,7.3,145.2));
#4002 = VECTOR('',#4003,1.);
#4003 = DIRECTION('',(1.,0.,0.));
#4004 = ORIENTED_EDGE('',*,*,#2548,.T.);
#4005 = PLANE('',#4006);
#4006 = AXIS2_PLACEMENT_3D('',#4007,#4008,#4009);
#4007 = CARTESIAN_POINT('',(-6.7,7.3,126.));
#4008 = DIRECTION('',(0.,1.,2.2E-16));
#4009 = DIRECTION('',(0.,-2.2E-16,1.));
#4010 = ADVANCED_FACE('',(#4011),#4029,.T.);
#4011 = FACE_BOUND('',#4012,.T.);
#4012 = EDGE_LOOP('',(#4013,#4014,#4015,#4023));
#4013 = ORIENTED_EDGE('',*,*,#3991,.F.);
#4014 = ORIENTED_EDGE('',*,*,#1821,.T.);
#4015 = ORIENTED_EDGE('',*,*,#4016,.T.);
#4016 = EDGE_CURVE('',#1814,#4017,#4019,.T.);
#4017 = VERTEX_POINT('',#4018);
#4018 = CARTESIAN_POINT('',(-4.7,27.7,145.2));
#4019 = LINE('',#4020,#4021);
#4020 = CARTESIAN_POINT('',(-4.7,27.7,126.));
#4021 = VECTOR('',#4022,1.);
#4022 = DIRECTION('',(0.,-2.2E-16,1.));
#4023 = ORIENTED_EDGE('',*,*,#4024,.F.);
#4024 = EDGE_CURVE('',#3992,#4017,#4025,.T.);
#4025 = LINE('',#4026,#4027);
#4026 = CARTESIAN_POINT('',(-4.7,5.3,145.2));
#4027 = VECTOR('',#4028,1.);
#4028 = DIRECTION('',(0.,1.,2.2E-16));
#4029 = PLANE('',#4030);
#4030 = AXIS2_PLACEMENT_3D('',#4031,#4032,#4033);
#4031 = CARTESIAN_POINT('',(-4.7,5.3,126.));
#4032 = DIRECTION('',(1.,0.,0.));
#4033 = DIRECTION('',(0.,-2.2E-16,1.));
#4034 = ADVANCED_FACE('',(#4035),#4053,.F.);
#4035 = FACE_BOUND('',#4036,.F.);
#4036 = EDGE_LOOP('',(#4037,#4038,#4039,#4047));
#4037 = ORIENTED_EDGE('',*,*,#1813,.F.);
#4038 = ORIENTED_EDGE('',*,*,#4016,.T.);
#4039 = ORIENTED_EDGE('',*,*,#4040,.T.);
#4040 = EDGE_CURVE('',#4017,#4041,#4043,.T.);
#4041 = VERTEX_POINT('',#4042);
#4042 = CARTESIAN_POINT('',(29.7,27.7,145.2));
#4043 = LINE('',#4044,#4045);
#4044 = CARTESIAN_POINT('',(-6.7,27.7,145.2));
#4045 = VECTOR('',#4046,1.);
#4046 = DIRECTION('',(1.,0.,0.));
#4047 = ORIENTED_EDGE('',*,*,#4048,.F.);
#4048 = EDGE_CURVE('',#1806,#4041,#4049,.T.);
#4049 = LINE('',#4050,#4051);
#4050 = CARTESIAN_POINT('',(29.7,27.7,126.));
#4051 = VECTOR('',#4052,1.);
#4052 = DIRECTION('',(0.,-2.2E-16,1.));
#4053 = PLANE('',#4054);
#4054 = AXIS2_PLACEMENT_3D('',#4055,#4056,#4057);
#4055 = CARTESIAN_POINT('',(-6.7,27.7,126.));
#4056 = DIRECTION('',(0.,1.,2.2E-16));
#4057 = DIRECTION('',(0.,-2.2E-16,1.));
#4058 = ADVANCED_FACE('',(#4059),#4070,.F.);
#4059 = FACE_BOUND('',#4060,.F.);
#4060 = EDGE_LOOP('',(#4061,#4062,#4063,#4064));
#4061 = ORIENTED_EDGE('',*,*,#2518,.F.);
#4062 = ORIENTED_EDGE('',*,*,#1805,.T.);
#4063 = ORIENTED_EDGE('',*,*,#4048,.T.);
#4064 = ORIENTED_EDGE('',*,*,#4065,.F.);
#4065 = EDGE_CURVE('',#2500,#4041,#4066,.T.);
#4066 = LINE('',#4067,#4068);
#4067 = CARTESIAN_POINT('',(29.7,5.3,145.2));
#4068 = VECTOR('',#4069,1.);
#4069 = DIRECTION('',(0.,1.,1.11E-15));
#4070 = PLANE('',#4071);
#4071 = AXIS2_PLACEMENT_3D('',#4072,#4073,#4074);
#4072 = CARTESIAN_POINT('',(29.7,5.3,126.));
#4073 = DIRECTION('',(1.,0.,0.));
#4074 = DIRECTION('',(0.,-2.2E-16,1.));
#4075 = ADVANCED_FACE('',(#4076),#4110,.T.);
#4076 = FACE_BOUND('',#4077,.T.);
#4077 = EDGE_LOOP('',(#4078,#4088,#4094,#4095,#4096,#4102,#4103,#4104));
#4078 = ORIENTED_EDGE('',*,*,#4079,.F.);
#4079 = EDGE_CURVE('',#4080,#4082,#4084,.T.);
#4080 = VERTEX_POINT('',#4081);
#4081 = CARTESIAN_POINT('',(-6.7,-19.,75.));
#4082 = VERTEX_POINT('',#4083);
#4083 = CARTESIAN_POINT('',(-6.7,19.,75.));
#4084 = LINE('',#4085,#4086);
#4085 = CARTESIAN_POINT('',(-6.7,-21.,75.));
#4086 = VECTOR('',#4087,1.);
#4087 = DIRECTION('',(0.,1.,2.2E-16));
#4088 = ORIENTED_EDGE('',*,*,#4089,.T.);
#4089 = EDGE_CURVE('',#4080,#1750,#4090,.T.);
#4090 = LINE('',#4091,#4092);
#4091 = CARTESIAN_POINT('',(-6.7,-19.,73.));
#4092 = VECTOR('',#4093,1.);
#4093 = DIRECTION('',(0.,-2.2E-16,1.));
#4094 = ORIENTED_EDGE('',*,*,#1749,.F.);
#4095 = ORIENTED_EDGE('',*,*,#2633,.F.);
#4096 = ORIENTED_EDGE('',*,*,#4097,.T.);
#4097 = EDGE_CURVE('',#2626,#3161,#4098,.T.);
#4098 = LINE('',#4099,#4100);
#4099 = CARTESIAN_POINT('',(-6.7,-21.,73.));
#4100 = VECTOR('',#4101,1.);
#4101 = DIRECTION('',(0.,1.,2.2E-16));
#4102 = ORIENTED_EDGE('',*,*,#3171,.T.);
#4103 = ORIENTED_EDGE('',*,*,#1765,.F.);
#4104 = ORIENTED_EDGE('',*,*,#4105,.F.);
#4105 = EDGE_CURVE('',#4082,#1758,#4106,.T.);
#4106 = LINE('',#4107,#4108);
#4107 = CARTESIAN_POINT('',(-6.7,19.,73.));
#4108 = VECTOR('',#4109,1.);
#4109 = DIRECTION('',(0.,-2.2E-16,1.));
#4110 = PLANE('',#4111);
#4111 = AXIS2_PLACEMENT_3D('',#4112,#4113,#4114);
#4112 = CARTESIAN_POINT('',(-6.7,2.700062395888E-13,93.212328767123));
#4113 = DIRECTION('',(1.,0.,0.));
#4114 = DIRECTION('',(0.,-2.2E-16,1.));
#4115 = ADVANCED_FACE('',(#4116),#4173,.T.);
#4116 = FACE_BOUND('',#4117,.T.);
#4117 = EDGE_LOOP('',(#4118,#4119,#4127,#4135,#4143,#4151,#4159,#4167));
#4118 = ORIENTED_EDGE('',*,*,#1757,.F.);
#4119 = ORIENTED_EDGE('',*,*,#4120,.T.);
#4120 = EDGE_CURVE('',#1750,#4121,#4123,.T.);
#4121 = VERTEX_POINT('',#4122);
#4122 = CARTESIAN_POINT('',(-6.7,-19.,145.2));
#4123 = LINE('',#4124,#4125);
#4124 = CARTESIAN_POINT('',(-6.7,-19.,73.));
#4125 = VECTOR('',#4126,1.);
#4126 = DIRECTION('',(0.,-2.2E-16,1.));
#4127 = ORIENTED_EDGE('',*,*,#4128,.T.);
#4128 = EDGE_CURVE('',#4121,#4129,#4131,.T.);
#4129 = VERTEX_POINT('',#4130);
#4130 = CARTESIAN_POINT('',(-6.7,-5.3,145.2));
#4131 = LINE('',#4132,#4133);
#4132 = CARTESIAN_POINT('',(-6.7,-21.,145.2));
#4133 = VECTOR('',#4134,1.);
#4134 = DIRECTION('',(0.,1.,2.2E-16));
#4135 = ORIENTED_EDGE('',*,*,#4136,.F.);
#4136 = EDGE_CURVE('',#4137,#4129,#4139,.T.);
#4137 = VERTEX_POINT('',#4138);
#4138 = CARTESIAN_POINT('',(-6.7,-5.3,128.));
#4139 = LINE('',#4140,#4141);
#4140 = CARTESIAN_POINT('',(-6.7,-5.3,126.));
#4141 = VECTOR('',#4142,1.);
#4142 = DIRECTION('',(0.,-2.2E-16,1.));
#4143 = ORIENTED_EDGE('',*,*,#4144,.T.);
#4144 = EDGE_CURVE('',#4137,#4145,#4147,.T.);
#4145 = VERTEX_POINT('',#4146);
#4146 = CARTESIAN_POINT('',(-6.7,5.3,128.));
#4147 = LINE('',#4148,#4149);
#4148 = CARTESIAN_POINT('',(-6.7,-5.3,128.));
#4149 = VECTOR('',#4150,1.);
#4150 = DIRECTION('',(0.,1.,2.2E-16));
#4151 = ORIENTED_EDGE('',*,*,#4152,.T.);
#4152 = EDGE_CURVE('',#4145,#4153,#4155,.T.);
#4153 = VERTEX_POINT('',#4154);
#4154 = CARTESIAN_POINT('',(-6.7,5.3,145.2));
#4155 = LINE('',#4156,#4157);
#4156 = CARTESIAN_POINT('',(-6.7,5.3,126.));
#4157 = VECTOR('',#4158,1.);
#4158 = DIRECTION('',(0.,-2.2E-16,1.));
#4159 = ORIENTED_EDGE('',*,*,#4160,.T.);
#4160 = EDGE_CURVE('',#4153,#4161,#4163,.T.);
#4161 = VERTEX_POINT('',#4162);
#4162 = CARTESIAN_POINT('',(-6.7,19.,145.2));
#4163 = LINE('',#4164,#4165);
#4164 = CARTESIAN_POINT('',(-6.7,-21.,145.2));
#4165 = VECTOR('',#4166,1.);
#4166 = DIRECTION('',(0.,1.,2.2E-16));
#4167 = ORIENTED_EDGE('',*,*,#4168,.F.);
#4168 = EDGE_CURVE('',#1758,#4161,#4169,.T.);
#4169 = LINE('',#4170,#4171);
#4170 = CARTESIAN_POINT('',(-6.7,19.,73.));
#4171 = VECTOR('',#4172,1.);
#4172 = DIRECTION('',(0.,-2.2E-16,1.));
#4173 = PLANE('',#4174);
#4174 = AXIS2_PLACEMENT_3D('',#4175,#4176,#4177);
#4175 = CARTESIAN_POINT('',(-6.7,2.557953848736E-13,136.6));
#4176 = DIRECTION('',(-1.,-0.,0.));
#4177 = DIRECTION('',(0.,2.2E-16,-1.));
#4178 = ADVANCED_FACE('',(#4179),#4199,.F.);
#4179 = FACE_BOUND('',#4180,.T.);
#4180 = EDGE_LOOP('',(#4181,#4182,#4183,#4184,#4192,#4198));
#4181 = ORIENTED_EDGE('',*,*,#1925,.T.);
#4182 = ORIENTED_EDGE('',*,*,#1983,.F.);
#4183 = ORIENTED_EDGE('',*,*,#2424,.F.);
#4184 = ORIENTED_EDGE('',*,*,#4185,.F.);
#4185 = EDGE_CURVE('',#4186,#2416,#4188,.T.);
#4186 = VERTEX_POINT('',#4187);
#4187 = CARTESIAN_POINT('',(50.524179754709,16.5,145.2));
#4188 = LINE('',#4189,#4190);
#4189 = CARTESIAN_POINT('',(50.524179754709,12.5,145.2));
#4190 = VECTOR('',#4191,1.);
#4191 = DIRECTION('',(0.,-1.,-1.11E-15));
#4192 = ORIENTED_EDGE('',*,*,#4193,.T.);
#4193 = EDGE_CURVE('',#4186,#2468,#4194,.T.);
#4194 = LINE('',#4195,#4196);
#4195 = CARTESIAN_POINT('',(35.35,16.5,145.2));
#4196 = VECTOR('',#4197,1.);
#4197 = DIRECTION('',(-1.,0.,0.));
#4198 = ORIENTED_EDGE('',*,*,#2467,.F.);
#4199 = PLANE('',#4200);
#4200 = AXIS2_PLACEMENT_3D('',#4201,#4202,#4203);
#4201 = CARTESIAN_POINT('',(29.7,12.5,145.2));
#4202 = DIRECTION('',(0.,-2.2E-16,1.));
#4203 = DIRECTION('',(1.,0.,0.));
#4204 = ADVANCED_FACE('',(#4205),#4230,.T.);
#4205 = FACE_BOUND('',#4206,.T.);
#4206 = EDGE_LOOP('',(#4207,#4215,#4216,#4224));
#4207 = ORIENTED_EDGE('',*,*,#4208,.F.);
#4208 = EDGE_CURVE('',#1934,#4209,#4211,.T.);
#4209 = VERTEX_POINT('',#4210);
#4210 = CARTESIAN_POINT('',(17.,32.4,143.));
#4211 = LINE('',#4212,#4213);
#4212 = CARTESIAN_POINT('',(17.,28.,143.));
#4213 = VECTOR('',#4214,1.);
#4214 = DIRECTION('',(0.,1.,2.2E-16));
#4215 = ORIENTED_EDGE('',*,*,#1933,.T.);
#4216 = ORIENTED_EDGE('',*,*,#4217,.T.);
#4217 = EDGE_CURVE('',#1936,#4218,#4220,.T.);
#4218 = VERTEX_POINT('',#4219);
#4219 = CARTESIAN_POINT('',(23.,32.4,143.));
#4220 = LINE('',#4221,#4222);
#4221 = CARTESIAN_POINT('',(23.,28.,143.));
#4222 = VECTOR('',#4223,1.);
#4223 = DIRECTION('',(0.,1.,2.2E-16));
#4224 = ORIENTED_EDGE('',*,*,#4225,.F.);
#4225 = EDGE_CURVE('',#4209,#4218,#4226,.T.);
#4226 = LINE('',#4227,#4228);
#4227 = CARTESIAN_POINT('',(17.,32.4,143.));
#4228 = VECTOR('',#4229,1.);
#4229 = DIRECTION('',(1.,0.,0.));
#4230 = PLANE('',#4231);
#4231 = AXIS2_PLACEMENT_3D('',#4232,#4233,#4234);
#4232 = CARTESIAN_POINT('',(17.,28.,143.));
#4233 = DIRECTION('',(0.,-2.2E-16,1.));
#4234 = DIRECTION('',(1.,0.,0.));
#4235 = ADVANCED_FACE('',(#4236),#4254,.T.);
#4236 = FACE_BOUND('',#4237,.T.);
#4237 = EDGE_LOOP('',(#4238,#4239,#4240,#4248));
#4238 = ORIENTED_EDGE('',*,*,#4217,.F.);
#4239 = ORIENTED_EDGE('',*,*,#1959,.T.);
#4240 = ORIENTED_EDGE('',*,*,#4241,.T.);
#4241 = EDGE_CURVE('',#1952,#4242,#4244,.T.);
#4242 = VERTEX_POINT('',#4243);
#4243 = CARTESIAN_POINT('',(23.,32.4,137.));
#4244 = LINE('',#4245,#4246);
#4245 = CARTESIAN_POINT('',(23.,28.,137.));
#4246 = VECTOR('',#4247,1.);
#4247 = DIRECTION('',(0.,1.,2.2E-16));
#4248 = ORIENTED_EDGE('',*,*,#4249,.T.);
#4249 = EDGE_CURVE('',#4242,#4218,#4250,.T.);
#4250 = LINE('',#4251,#4252);
#4251 = CARTESIAN_POINT('',(23.,32.4,137.));
#4252 = VECTOR('',#4253,1.);
#4253 = DIRECTION('',(0.,-2.2E-16,1.));
#4254 = PLANE('',#4255);
#4255 = AXIS2_PLACEMENT_3D('',#4256,#4257,#4258);
#4256 = CARTESIAN_POINT('',(23.,28.,137.));
#4257 = DIRECTION('',(1.,0.,0.));
#4258 = DIRECTION('',(0.,-2.2E-16,1.));
#4259 = ADVANCED_FACE('',(#4260),#4278,.F.);
#4260 = FACE_BOUND('',#4261,.F.);
#4261 = EDGE_LOOP('',(#4262,#4270,#4271,#4272));
#4262 = ORIENTED_EDGE('',*,*,#4263,.F.);
#4263 = EDGE_CURVE('',#1944,#4264,#4266,.T.);
#4264 = VERTEX_POINT('',#4265);
#4265 = CARTESIAN_POINT('',(17.,32.4,137.));
#4266 = LINE('',#4267,#4268);
#4267 = CARTESIAN_POINT('',(17.,28.,137.));
#4268 = VECTOR('',#4269,1.);
#4269 = DIRECTION('',(0.,1.,2.2E-16));
#4270 = ORIENTED_EDGE('',*,*,#1951,.T.);
#4271 = ORIENTED_EDGE('',*,*,#4241,.T.);
#4272 = ORIENTED_EDGE('',*,*,#4273,.F.);
#4273 = EDGE_CURVE('',#4264,#4242,#4274,.T.);
#4274 = LINE('',#4275,#4276);
#4275 = CARTESIAN_POINT('',(17.,32.4,137.));
#4276 = VECTOR('',#4277,1.);
#4277 = DIRECTION('',(1.,0.,0.));
#4278 = PLANE('',#4279);
#4279 = AXIS2_PLACEMENT_3D('',#4280,#4281,#4282);
#4280 = CARTESIAN_POINT('',(17.,28.,137.));
#4281 = DIRECTION('',(0.,-2.2E-16,1.));
#4282 = DIRECTION('',(1.,0.,0.));
#4283 = ADVANCED_FACE('',(#4284),#4295,.F.);
#4284 = FACE_BOUND('',#4285,.F.);
#4285 = EDGE_LOOP('',(#4286,#4287,#4288,#4289));
#4286 = ORIENTED_EDGE('',*,*,#4208,.F.);
#4287 = ORIENTED_EDGE('',*,*,#1943,.T.);
#4288 = ORIENTED_EDGE('',*,*,#4263,.T.);
#4289 = ORIENTED_EDGE('',*,*,#4290,.T.);
#4290 = EDGE_CURVE('',#4264,#4209,#4291,.T.);
#4291 = LINE('',#4292,#4293);
#4292 = CARTESIAN_POINT('',(17.,32.4,137.));
#4293 = VECTOR('',#4294,1.);
#4294 = DIRECTION('',(0.,-2.2E-16,1.));
#4295 = PLANE('',#4296);
#4296 = AXIS2_PLACEMENT_3D('',#4297,#4298,#4299);
#4297 = CARTESIAN_POINT('',(17.,28.,137.));
#4298 = DIRECTION('',(1.,0.,0.));
#4299 = DIRECTION('',(0.,-2.2E-16,1.));
#4300 = ADVANCED_FACE('',(#4301),#4307,.T.);
#4301 = FACE_BOUND('',#4302,.F.);
#4302 = EDGE_LOOP('',(#4303,#4304,#4305,#4306));
#4303 = ORIENTED_EDGE('',*,*,#1999,.F.);
#4304 = ORIENTED_EDGE('',*,*,#2431,.F.);
#4305 = ORIENTED_EDGE('',*,*,#2393,.T.);
#4306 = ORIENTED_EDGE('',*,*,#2082,.T.);
#4307 = CYLINDRICAL_SURFACE('',#4308,12.);
#4308 = AXIS2_PLACEMENT_3D('',#4309,#4310,#4311);
#4309 = CARTESIAN_POINT('',(41.,12.5,152.5));
#4310 = DIRECTION('',(-0.,-1.,-2.2E-16));
#4311 = DIRECTION('',(1.,0.,0.));
#4312 = ADVANCED_FACE('',(#4313),#4324,.F.);
#4313 = FACE_BOUND('',#4314,.T.);
#4314 = EDGE_LOOP('',(#4315,#4316,#4317,#4318));
#4315 = ORIENTED_EDGE('',*,*,#2023,.F.);
#4316 = ORIENTED_EDGE('',*,*,#2137,.F.);
#4317 = ORIENTED_EDGE('',*,*,#2229,.F.);
#4318 = ORIENTED_EDGE('',*,*,#4319,.T.);
#4319 = EDGE_CURVE('',#2222,#2024,#4320,.T.);
#4320 = LINE('',#4321,#4322);
#4321 = CARTESIAN_POINT('',(43.07167248186,16.5,157.33384758856));
#4322 = VECTOR('',#4323,1.);
#4323 = DIRECTION('',(-0.,-1.,-2.2E-16));
#4324 = CYLINDRICAL_SURFACE('',#4325,2.25);
#4325 = AXIS2_PLACEMENT_3D('',#4326,#4327,#4328);
#4326 = CARTESIAN_POINT('',(45.2426,16.5,156.7426));
#4327 = DIRECTION('',(-0.,-1.,-2.2E-16));
#4328 = DIRECTION('',(1.,0.,0.));
#4329 = ADVANCED_FACE('',(#4330),#4341,.T.);
#4330 = FACE_BOUND('',#4331,.T.);
#4331 = EDGE_LOOP('',(#4332,#4333,#4334,#4335));
#4332 = ORIENTED_EDGE('',*,*,#2032,.T.);
#4333 = ORIENTED_EDGE('',*,*,#4319,.F.);
#4334 = ORIENTED_EDGE('',*,*,#2221,.T.);
#4335 = ORIENTED_EDGE('',*,*,#4336,.F.);
#4336 = EDGE_CURVE('',#2033,#2214,#4337,.T.);
#4337 = LINE('',#4338,#4339);
#4338 = CARTESIAN_POINT('',(41.,16.3,160.));
#4339 = VECTOR('',#4340,1.);
#4340 = DIRECTION('',(0.,1.,0.));
#4341 = PLANE('',#4342);
#4342 = AXIS2_PLACEMENT_3D('',#4343,#4344,#4345);
#4343 = CARTESIAN_POINT('',(52.5,16.3,145.2));
#4344 = DIRECTION('',(0.789639421803,0.,0.613571172347));
#4345 = DIRECTION('',(-0.613571172347,0.,0.789639421803));
#4346 = ADVANCED_FACE('',(#4347),#4358,.T.);
#4347 = FACE_BOUND('',#4348,.T.);
#4348 = EDGE_LOOP('',(#4349,#4355,#4356,#4357));
#4349 = ORIENTED_EDGE('',*,*,#4350,.T.);
#4350 = EDGE_CURVE('',#2205,#2041,#4351,.T.);
#4351 = LINE('',#4352,#4353);
#4352 = CARTESIAN_POINT('',(38.603188151263,16.5,158.02928803548));
#4353 = VECTOR('',#4354,1.);
#4354 = DIRECTION('',(-0.,-1.,-2.2E-16));
#4355 = ORIENTED_EDGE('',*,*,#2040,.T.);
#4356 = ORIENTED_EDGE('',*,*,#4336,.T.);
#4357 = ORIENTED_EDGE('',*,*,#2213,.T.);
#4358 = PLANE('',#4359);
#4359 = AXIS2_PLACEMENT_3D('',#4360,#4361,#4362);
#4360 = CARTESIAN_POINT('',(41.,16.3,160.));
#4361 = DIRECTION('',(-0.635105399593,0.,0.772425485991));
#4362 = DIRECTION('',(-0.772425485991,-0.,-0.635105399593));
#4363 = ADVANCED_FACE('',(#4364),#4372,.F.);
#4364 = FACE_BOUND('',#4365,.T.);
#4365 = EDGE_LOOP('',(#4366,#4367,#4368,#4369,#4370,#4371));
#4366 = ORIENTED_EDGE('',*,*,#2195,.F.);
#4367 = ORIENTED_EDGE('',*,*,#2334,.T.);
#4368 = ORIENTED_EDGE('',*,*,#2057,.F.);
#4369 = ORIENTED_EDGE('',*,*,#2048,.F.);
#4370 = ORIENTED_EDGE('',*,*,#4350,.F.);
#4371 = ORIENTED_EDGE('',*,*,#2204,.F.);
#4372 = CYLINDRICAL_SURFACE('',#4373,2.25);
#4373 = AXIS2_PLACEMENT_3D('',#4374,#4375,#4376);
#4374 = CARTESIAN_POINT('',(36.7574,16.5,156.7426));
#4375 = DIRECTION('',(-0.,-1.,-2.2E-16));
#4376 = DIRECTION('',(1.,0.,0.));
#4377 = ADVANCED_FACE('',(#4378),#4397,.F.);
#4378 = FACE_BOUND('',#4379,.T.);
#4379 = EDGE_LOOP('',(#4380,#4388,#4395,#4396));
#4380 = ORIENTED_EDGE('',*,*,#4381,.F.);
#4381 = EDGE_CURVE('',#4382,#2092,#4384,.T.);
#4382 = VERTEX_POINT('',#4383);
#4383 = CARTESIAN_POINT('',(46.092640687119,13.1,156.74264068711));
#4384 = LINE('',#4385,#4386);
#4385 = CARTESIAN_POINT('',(46.092640687119,12.5,156.74264068711));
#4386 = VECTOR('',#4387,1.);
#4387 = DIRECTION('',(0.,1.,2.2E-16));
#4388 = ORIENTED_EDGE('',*,*,#4389,.T.);
#4389 = EDGE_CURVE('',#4382,#4382,#4390,.T.);
#4390 = CIRCLE('',#4391,0.85);
#4391 = AXIS2_PLACEMENT_3D('',#4392,#4393,#4394);
#4392 = CARTESIAN_POINT('',(45.242640687119,13.1,156.74264068711));
#4393 = DIRECTION('',(0.,-1.,-2.2E-16));
#4394 = DIRECTION('',(1.,0.,0.));
#4395 = ORIENTED_EDGE('',*,*,#4381,.T.);
#4396 = ORIENTED_EDGE('',*,*,#2091,.T.);
#4397 = CYLINDRICAL_SURFACE('',#4398,0.85);
#4398 = AXIS2_PLACEMENT_3D('',#4399,#4400,#4401);
#4399 = CARTESIAN_POINT('',(45.242640687119,12.5,156.74264068711));
#4400 = DIRECTION('',(-0.,-1.,-2.2E-16));
#4401 = DIRECTION('',(1.,0.,0.));
#4402 = ADVANCED_FACE('',(#4403),#4454,.F.);
#4403 = FACE_BOUND('',#4404,.T.);
#4404 = EDGE_LOOP('',(#4405,#4414,#4422,#4431,#4437,#4438,#4446,#4453));
#4405 = ORIENTED_EDGE('',*,*,#4406,.T.);
#4406 = EDGE_CURVE('',#4407,#4407,#4409,.T.);
#4407 = VERTEX_POINT('',#4408);
#4408 = CARTESIAN_POINT('',(37.607359312881,13.1,156.74264068711));
#4409 = CIRCLE('',#4410,0.85);
#4410 = AXIS2_PLACEMENT_3D('',#4411,#4412,#4413);
#4411 = CARTESIAN_POINT('',(36.757359312881,13.1,156.74264068711));
#4412 = DIRECTION('',(0.,-1.,-2.2E-16));
#4413 = DIRECTION('',(1.,0.,0.));
#4414 = ORIENTED_EDGE('',*,*,#4415,.T.);
#4415 = EDGE_CURVE('',#4407,#4416,#4418,.T.);
#4416 = VERTEX_POINT('',#4417);
#4417 = CARTESIAN_POINT('',(37.607359312881,16.3,156.74264068711));
#4418 = LINE('',#4419,#4420);
#4419 = CARTESIAN_POINT('',(37.607359312881,12.5,156.74264068711));
#4420 = VECTOR('',#4421,1.);
#4421 = DIRECTION('',(0.,1.,2.2E-16));
#4422 = ORIENTED_EDGE('',*,*,#4423,.F.);
#4423 = EDGE_CURVE('',#4424,#4416,#4426,.T.);
#4424 = VERTEX_POINT('',#4425);
#4425 = CARTESIAN_POINT('',(36.228769662621,16.3,156.07698838926));
#4426 = CIRCLE('',#4427,0.85);
#4427 = AXIS2_PLACEMENT_3D('',#4428,#4429,#4430);
#4428 = CARTESIAN_POINT('',(36.757359312881,16.3,156.74264068711));
#4429 = DIRECTION('',(0.,-1.,-1.11E-15));
#4430 = DIRECTION('',(1.,0.,0.));
#4431 = ORIENTED_EDGE('',*,*,#4432,.F.);
#4432 = EDGE_CURVE('',#2103,#4424,#4433,.T.);
#4433 = LINE('',#4434,#4435);
#4434 = CARTESIAN_POINT('',(36.22876966262,12.5,156.07698838926));
#4435 = VECTOR('',#4436,1.);
#4436 = DIRECTION('',(0.,-1.,-1.11E-15));
#4437 = ORIENTED_EDGE('',*,*,#2102,.T.);
#4438 = ORIENTED_EDGE('',*,*,#4439,.T.);
#4439 = EDGE_CURVE('',#2105,#4440,#4442,.T.);
#4440 = VERTEX_POINT('',#4441);
#4441 = CARTESIAN_POINT('',(37.512626538108,16.3,157.13260404244));
#4442 = LINE('',#4443,#4444);
#4443 = CARTESIAN_POINT('',(37.512626538109,12.5,157.13260404244));
#4444 = VECTOR('',#4445,1.);
#4445 = DIRECTION('',(0.,-1.,-1.11E-15));
#4446 = ORIENTED_EDGE('',*,*,#4447,.F.);
#4447 = EDGE_CURVE('',#4416,#4440,#4448,.T.);
#4448 = CIRCLE('',#4449,0.85);
#4449 = AXIS2_PLACEMENT_3D('',#4450,#4451,#4452);
#4450 = CARTESIAN_POINT('',(36.757359312881,16.3,156.74264068711));
#4451 = DIRECTION('',(0.,-1.,-1.11E-15));
#4452 = DIRECTION('',(1.,0.,0.));
#4453 = ORIENTED_EDGE('',*,*,#4415,.F.);
#4454 = CYLINDRICAL_SURFACE('',#4455,0.85);
#4455 = AXIS2_PLACEMENT_3D('',#4456,#4457,#4458);
#4456 = CARTESIAN_POINT('',(36.757359312881,12.5,156.74264068711));
#4457 = DIRECTION('',(-0.,-1.,-2.2E-16));
#4458 = DIRECTION('',(1.,0.,0.));
#4459 = ADVANCED_FACE('',(#4460),#4471,.T.);
#4460 = FACE_BOUND('',#4461,.T.);
#4461 = EDGE_LOOP('',(#4462,#4463,#4464,#4465));
#4462 = ORIENTED_EDGE('',*,*,#4439,.F.);
#4463 = ORIENTED_EDGE('',*,*,#2113,.T.);
#4464 = ORIENTED_EDGE('',*,*,#4432,.T.);
#4465 = ORIENTED_EDGE('',*,*,#4466,.F.);
#4466 = EDGE_CURVE('',#4440,#4424,#4467,.T.);
#4467 = LINE('',#4468,#4469);
#4468 = CARTESIAN_POINT('',(41.,16.3,160.));
#4469 = VECTOR('',#4470,1.);
#4470 = DIRECTION('',(-0.772425485991,1.4E-16,-0.635105399593));
#4471 = PLANE('',#4472);
#4472 = AXIS2_PLACEMENT_3D('',#4473,#4474,#4475);
#4473 = CARTESIAN_POINT('',(41.,16.3,160.));
#4474 = DIRECTION('',(-0.635105399593,0.,0.772425485991));
#4475 = DIRECTION('',(-0.772425485991,-0.,-0.635105399593));
#4476 = ADVANCED_FACE('',(#4477),#4480,.T.);
#4477 = FACE_BOUND('',#4478,.F.);
#4478 = EDGE_LOOP('',(#4479));
#4479 = ORIENTED_EDGE('',*,*,#2244,.F.);
#4480 = PLANE('',#4481);
#4481 = AXIS2_PLACEMENT_3D('',#4482,#4483,#4484);
#4482 = CARTESIAN_POINT('',(45.2426,16.5,148.2574));
#4483 = DIRECTION('',(0.,1.,2.2E-16));
#4484 = DIRECTION('',(1.,0.,0.));
#4485 = ADVANCED_FACE('',(#4486),#4489,.T.);
#4486 = FACE_BOUND('',#4487,.F.);
#4487 = EDGE_LOOP('',(#4488));
#4488 = ORIENTED_EDGE('',*,*,#2289,.F.);
#4489 = PLANE('',#4490);
#4490 = AXIS2_PLACEMENT_3D('',#4491,#4492,#4493);
#4491 = CARTESIAN_POINT('',(36.7574,16.5,148.2574));
#4492 = DIRECTION('',(0.,1.,2.2E-16));
#4493 = DIRECTION('',(1.,0.,0.));
#4494 = ADVANCED_FACE('',(#4495),#4507,.T.);
#4495 = FACE_BOUND('',#4496,.F.);
#4496 = EDGE_LOOP('',(#4497,#4498,#4499,#4506));
#4497 = ORIENTED_EDGE('',*,*,#2415,.F.);
#4498 = ORIENTED_EDGE('',*,*,#4185,.F.);
#4499 = ORIENTED_EDGE('',*,*,#4500,.T.);
#4500 = EDGE_CURVE('',#4186,#2476,#4501,.T.);
#4501 = CIRCLE('',#4502,12.);
#4502 = AXIS2_PLACEMENT_3D('',#4503,#4504,#4505);
#4503 = CARTESIAN_POINT('',(41.,16.5,152.5));
#4504 = DIRECTION('',(-0.,1.,2.2E-16));
#4505 = DIRECTION('',(1.,0.,0.));
#4506 = ORIENTED_EDGE('',*,*,#2483,.T.);
#4507 = CYLINDRICAL_SURFACE('',#4508,12.);
#4508 = AXIS2_PLACEMENT_3D('',#4509,#4510,#4511);
#4509 = CARTESIAN_POINT('',(41.,12.5,152.5));
#4510 = DIRECTION('',(-0.,-1.,-2.2E-16));
#4511 = DIRECTION('',(1.,0.,0.));
#4512 = ADVANCED_FACE('',(#4513),#4532,.F.);
#4513 = FACE_BOUND('',#4514,.T.);
#4514 = EDGE_LOOP('',(#4515,#4523,#4530,#4531));
#4515 = ORIENTED_EDGE('',*,*,#4516,.T.);
#4516 = EDGE_CURVE('',#2443,#4517,#4519,.T.);
#4517 = VERTEX_POINT('',#4518);
#4518 = CARTESIAN_POINT('',(49.2,13.1,152.5));
#4519 = LINE('',#4520,#4521);
#4520 = CARTESIAN_POINT('',(49.2,12.5,152.5));
#4521 = VECTOR('',#4522,1.);
#4522 = DIRECTION('',(0.,1.,2.2E-16));
#4523 = ORIENTED_EDGE('',*,*,#4524,.T.);
#4524 = EDGE_CURVE('',#4517,#4517,#4525,.T.);
#4525 = CIRCLE('',#4526,8.2);
#4526 = AXIS2_PLACEMENT_3D('',#4527,#4528,#4529);
#4527 = CARTESIAN_POINT('',(41.,13.1,152.5));
#4528 = DIRECTION('',(-0.,1.,2.2E-16));
#4529 = DIRECTION('',(1.,0.,0.));
#4530 = ORIENTED_EDGE('',*,*,#4516,.F.);
#4531 = ORIENTED_EDGE('',*,*,#2442,.F.);
#4532 = CYLINDRICAL_SURFACE('',#4533,8.2);
#4533 = AXIS2_PLACEMENT_3D('',#4534,#4535,#4536);
#4534 = CARTESIAN_POINT('',(41.,12.5,152.5));
#4535 = DIRECTION('',(-0.,-1.,-2.2E-16));
#4536 = DIRECTION('',(1.,0.,0.));
#4537 = ADVANCED_FACE('',(#4538),#4543,.T.);
#4538 = FACE_BOUND('',#4539,.T.);
#4539 = EDGE_LOOP('',(#4540,#4541,#4542));
#4540 = ORIENTED_EDGE('',*,*,#4500,.T.);
#4541 = ORIENTED_EDGE('',*,*,#2475,.T.);
#4542 = ORIENTED_EDGE('',*,*,#4193,.F.);
#4543 = PLANE('',#4544);
#4544 = AXIS2_PLACEMENT_3D('',#4545,#4546,#4547);
#4545 = CARTESIAN_POINT('',(41.,16.5,152.5));
#4546 = DIRECTION('',(0.,1.,2.2E-16));
#4547 = DIRECTION('',(1.,0.,0.));
#4548 = ADVANCED_FACE('',(#4549,#4557,#4560,#4563),#4566,.T.);
#4549 = FACE_BOUND('',#4550,.T.);
#4550 = EDGE_LOOP('',(#4551,#4552,#4553,#4554,#4555,#4556));
#4551 = ORIENTED_EDGE('',*,*,#4024,.T.);
#4552 = ORIENTED_EDGE('',*,*,#4040,.T.);
#4553 = ORIENTED_EDGE('',*,*,#4065,.F.);
#4554 = ORIENTED_EDGE('',*,*,#2499,.T.);
#4555 = ORIENTED_EDGE('',*,*,#2556,.F.);
#4556 = ORIENTED_EDGE('',*,*,#3999,.F.);
#4557 = FACE_BOUND('',#4558,.T.);
#4558 = EDGE_LOOP('',(#4559));
#4559 = ORIENTED_EDGE('',*,*,#3621,.T.);
#4560 = FACE_BOUND('',#4561,.T.);
#4561 = EDGE_LOOP('',(#4562));
#4562 = ORIENTED_EDGE('',*,*,#3646,.T.);
#4563 = FACE_BOUND('',#4564,.T.);
#4564 = EDGE_LOOP('',(#4565));
#4565 = ORIENTED_EDGE('',*,*,#3671,.T.);
#4566 = PLANE('',#4567);
#4567 = AXIS2_PLACEMENT_3D('',#4568,#4569,#4570);
#4568 = CARTESIAN_POINT('',(12.450364963504,17.549635036496,145.2));
#4569 = DIRECTION('',(0.,1.47E-15,-1.));
#4570 = DIRECTION('',(0.,-1.,-1.47E-15));
#4571 = ADVANCED_FACE('',(#4572),#4588,.T.);
#4572 = FACE_BOUND('',#4573,.T.);
#4573 = EDGE_LOOP('',(#4574,#4575,#4581,#4582));
#4574 = ORIENTED_EDGE('',*,*,#4152,.F.);
#4575 = ORIENTED_EDGE('',*,*,#4576,.T.);
#4576 = EDGE_CURVE('',#4145,#2567,#4577,.T.);
#4577 = LINE('',#4578,#4579);
#4578 = CARTESIAN_POINT('',(-6.7,5.3,128.));
#4579 = VECTOR('',#4580,1.);
#4580 = DIRECTION('',(1.,0.,0.));
#4581 = ORIENTED_EDGE('',*,*,#2566,.T.);
#4582 = ORIENTED_EDGE('',*,*,#4583,.F.);
#4583 = EDGE_CURVE('',#4153,#2569,#4584,.T.);
#4584 = LINE('',#4585,#4586);
#4585 = CARTESIAN_POINT('',(-6.7,5.3,145.2));
#4586 = VECTOR('',#4587,1.);
#4587 = DIRECTION('',(1.,0.,0.));
#4588 = PLANE('',#4589);
#4589 = AXIS2_PLACEMENT_3D('',#4590,#4591,#4592);
#4590 = CARTESIAN_POINT('',(12.5,5.3,135.6));
#4591 = DIRECTION('',(0.,-1.,-2.2E-16));
#4592 = DIRECTION('',(0.,2.2E-16,-1.));
#4593 = ADVANCED_FACE('',(#4594),#4628,.T.);
#4594 = FACE_BOUND('',#4595,.T.);
#4595 = EDGE_LOOP('',(#4596,#4604,#4612,#4618,#4619,#4620,#4621,#4627));
#4596 = ORIENTED_EDGE('',*,*,#4597,.F.);
#4597 = EDGE_CURVE('',#4598,#4121,#4600,.T.);
#4598 = VERTEX_POINT('',#4599);
#4599 = CARTESIAN_POINT('',(-46.,-19.,145.2));
#4600 = LINE('',#4601,#4602);
#4601 = CARTESIAN_POINT('',(-48.,-19.,145.2));
#4602 = VECTOR('',#4603,1.);
#4603 = DIRECTION('',(1.,0.,0.));
#4604 = ORIENTED_EDGE('',*,*,#4605,.F.);
#4605 = EDGE_CURVE('',#4606,#4598,#4608,.T.);
#4606 = VERTEX_POINT('',#4607);
#4607 = CARTESIAN_POINT('',(-46.,19.,145.2));
#4608 = LINE('',#4609,#4610);
#4609 = CARTESIAN_POINT('',(-46.,-21.,145.2));
#4610 = VECTOR('',#4611,1.);
#4611 = DIRECTION('',(0.,-1.,-2.2E-16));
#4612 = ORIENTED_EDGE('',*,*,#4613,.T.);
#4613 = EDGE_CURVE('',#4606,#4161,#4614,.T.);
#4614 = LINE('',#4615,#4616);
#4615 = CARTESIAN_POINT('',(-48.,19.,145.2));
#4616 = VECTOR('',#4617,1.);
#4617 = DIRECTION('',(1.,0.,0.));
#4618 = ORIENTED_EDGE('',*,*,#4160,.F.);
#4619 = ORIENTED_EDGE('',*,*,#4583,.T.);
#4620 = ORIENTED_EDGE('',*,*,#2592,.T.);
#4621 = ORIENTED_EDGE('',*,*,#4622,.F.);
#4622 = EDGE_CURVE('',#4129,#2585,#4623,.T.);
#4623 = LINE('',#4624,#4625);
#4624 = CARTESIAN_POINT('',(29.7,-5.3,145.2));
#4625 = VECTOR('',#4626,1.);
#4626 = DIRECTION('',(1.,0.,0.));
#4627 = ORIENTED_EDGE('',*,*,#4128,.F.);
#4628 = PLANE('',#4629);
#4629 = AXIS2_PLACEMENT_3D('',#4630,#4631,#4632);
#4630 = CARTESIAN_POINT('',(-11.69693171996,2.557953848736E-13,145.2));
#4631 = DIRECTION('',(-0.,2.2E-16,-1.));
#4632 = DIRECTION('',(-1.,0.,0.));
#4633 = ADVANCED_FACE('',(#4634),#4645,.T.);
#4634 = FACE_BOUND('',#4635,.T.);
#4635 = EDGE_LOOP('',(#4636,#4642,#4643,#4644));
#4636 = ORIENTED_EDGE('',*,*,#4637,.F.);
#4637 = EDGE_CURVE('',#4137,#2577,#4638,.T.);
#4638 = LINE('',#4639,#4640);
#4639 = CARTESIAN_POINT('',(-6.7,-5.3,128.));
#4640 = VECTOR('',#4641,1.);
#4641 = DIRECTION('',(1.,0.,0.));
#4642 = ORIENTED_EDGE('',*,*,#4136,.T.);
#4643 = ORIENTED_EDGE('',*,*,#4622,.T.);
#4644 = ORIENTED_EDGE('',*,*,#2584,.T.);
#4645 = PLANE('',#4646);
#4646 = AXIS2_PLACEMENT_3D('',#4647,#4648,#4649);
#4647 = CARTESIAN_POINT('',(12.5,-5.3,135.6));
#4648 = DIRECTION('',(0.,1.,2.2E-16));
#4649 = DIRECTION('',(0.,-2.2E-16,1.));
#4650 = ADVANCED_FACE('',(#4651),#4657,.T.);
#4651 = FACE_BOUND('',#4652,.T.);
#4652 = EDGE_LOOP('',(#4653,#4654,#4655,#4656));
#4653 = ORIENTED_EDGE('',*,*,#4144,.F.);
#4654 = ORIENTED_EDGE('',*,*,#4637,.T.);
#4655 = ORIENTED_EDGE('',*,*,#2576,.T.);
#4656 = ORIENTED_EDGE('',*,*,#4576,.F.);
#4657 = PLANE('',#4658);
#4658 = AXIS2_PLACEMENT_3D('',#4659,#4660,#4661);
#4659 = CARTESIAN_POINT('',(-6.7,-5.3,128.));
#4660 = DIRECTION('',(0.,-2.2E-16,1.));
#4661 = DIRECTION('',(1.,0.,0.));
#4662 = ADVANCED_FACE('',(#4663),#4669,.F.);
#4663 = FACE_BOUND('',#4664,.T.);
#4664 = EDGE_LOOP('',(#4665,#4666,#4667,#4668));
#4665 = ORIENTED_EDGE('',*,*,#2700,.T.);
#4666 = ORIENTED_EDGE('',*,*,#3160,.T.);
#4667 = ORIENTED_EDGE('',*,*,#4097,.F.);
#4668 = ORIENTED_EDGE('',*,*,#2623,.F.);
#4669 = PLANE('',#4670);
#4670 = AXIS2_PLACEMENT_3D('',#4671,#4672,#4673);
#4671 = CARTESIAN_POINT('',(-48.,-21.,73.));
#4672 = DIRECTION('',(0.,-2.2E-16,1.));
#4673 = DIRECTION('',(1.,0.,0.));
#4674 = ADVANCED_FACE('',(#4675),#4700,.F.);
#4675 = FACE_BOUND('',#4676,.F.);
#4676 = EDGE_LOOP('',(#4677,#4685,#4693,#4699));
#4677 = ORIENTED_EDGE('',*,*,#4678,.F.);
#4678 = EDGE_CURVE('',#4679,#2652,#4681,.T.);
#4679 = VERTEX_POINT('',#4680);
#4680 = CARTESIAN_POINT('',(-33.,-32.4,137.));
#4681 = LINE('',#4682,#4683);
#4682 = CARTESIAN_POINT('',(-33.,-32.4,137.));
#4683 = VECTOR('',#4684,1.);
#4684 = DIRECTION('',(0.,1.,2.2E-16));
#4685 = ORIENTED_EDGE('',*,*,#4686,.T.);
#4686 = EDGE_CURVE('',#4679,#4687,#4689,.T.);
#4687 = VERTEX_POINT('',#4688);
#4688 = CARTESIAN_POINT('',(-27.,-32.4,137.));
#4689 = LINE('',#4690,#4691);
#4690 = CARTESIAN_POINT('',(-33.,-32.4,137.));
#4691 = VECTOR('',#4692,1.);
#4692 = DIRECTION('',(1.,0.,0.));
#4693 = ORIENTED_EDGE('',*,*,#4694,.T.);
#4694 = EDGE_CURVE('',#4687,#2650,#4695,.T.);
#4695 = LINE('',#4696,#4697);
#4696 = CARTESIAN_POINT('',(-27.,-32.4,137.));
#4697 = VECTOR('',#4698,1.);
#4698 = DIRECTION('',(0.,1.,2.2E-16));
#4699 = ORIENTED_EDGE('',*,*,#2649,.T.);
#4700 = PLANE('',#4701);
#4701 = AXIS2_PLACEMENT_3D('',#4702,#4703,#4704);
#4702 = CARTESIAN_POINT('',(-33.,-32.4,137.));
#4703 = DIRECTION('',(0.,-2.2E-16,1.));
#4704 = DIRECTION('',(1.,0.,0.));
#4705 = ADVANCED_FACE('',(#4706),#4724,.T.);
#4706 = FACE_BOUND('',#4707,.T.);
#4707 = EDGE_LOOP('',(#4708,#4716,#4722,#4723));
#4708 = ORIENTED_EDGE('',*,*,#4709,.F.);
#4709 = EDGE_CURVE('',#4710,#2668,#4712,.T.);
#4710 = VERTEX_POINT('',#4711);
#4711 = CARTESIAN_POINT('',(-27.,-32.4,143.));
#4712 = LINE('',#4713,#4714);
#4713 = CARTESIAN_POINT('',(-27.,-32.4,143.));
#4714 = VECTOR('',#4715,1.);
#4715 = DIRECTION('',(0.,1.,2.2E-16));
#4716 = ORIENTED_EDGE('',*,*,#4717,.F.);
#4717 = EDGE_CURVE('',#4687,#4710,#4718,.T.);
#4718 = LINE('',#4719,#4720);
#4719 = CARTESIAN_POINT('',(-27.,-32.4,137.));
#4720 = VECTOR('',#4721,1.);
#4721 = DIRECTION('',(0.,-2.2E-16,1.));
#4722 = ORIENTED_EDGE('',*,*,#4694,.T.);
#4723 = ORIENTED_EDGE('',*,*,#2675,.T.);
#4724 = PLANE('',#4725);
#4725 = AXIS2_PLACEMENT_3D('',#4726,#4727,#4728);
#4726 = CARTESIAN_POINT('',(-27.,-32.4,137.));
#4727 = DIRECTION('',(1.,0.,0.));
#4728 = DIRECTION('',(0.,-2.2E-16,1.));
#4729 = ADVANCED_FACE('',(#4730),#4748,.F.);
#4730 = FACE_BOUND('',#4731,.F.);
#4731 = EDGE_LOOP('',(#4732,#4740,#4746,#4747));
#4732 = ORIENTED_EDGE('',*,*,#4733,.F.);
#4733 = EDGE_CURVE('',#4734,#2660,#4736,.T.);
#4734 = VERTEX_POINT('',#4735);
#4735 = CARTESIAN_POINT('',(-33.,-32.4,143.));
#4736 = LINE('',#4737,#4738);
#4737 = CARTESIAN_POINT('',(-33.,-32.4,143.));
#4738 = VECTOR('',#4739,1.);
#4739 = DIRECTION('',(0.,1.,2.2E-16));
#4740 = ORIENTED_EDGE('',*,*,#4741,.F.);
#4741 = EDGE_CURVE('',#4679,#4734,#4742,.T.);
#4742 = LINE('',#4743,#4744);
#4743 = CARTESIAN_POINT('',(-33.,-32.4,137.));
#4744 = VECTOR('',#4745,1.);
#4745 = DIRECTION('',(0.,-2.2E-16,1.));
#4746 = ORIENTED_EDGE('',*,*,#4678,.T.);
#4747 = ORIENTED_EDGE('',*,*,#2659,.T.);
#4748 = PLANE('',#4749);
#4749 = AXIS2_PLACEMENT_3D('',#4750,#4751,#4752);
#4750 = CARTESIAN_POINT('',(-33.,-32.4,137.));
#4751 = DIRECTION('',(1.,0.,0.));
#4752 = DIRECTION('',(0.,-2.2E-16,1.));
#4753 = ADVANCED_FACE('',(#4754),#4765,.T.);
#4754 = FACE_BOUND('',#4755,.T.);
#4755 = EDGE_LOOP('',(#4756,#4757,#4763,#4764));
#4756 = ORIENTED_EDGE('',*,*,#4733,.F.);
#4757 = ORIENTED_EDGE('',*,*,#4758,.T.);
#4758 = EDGE_CURVE('',#4734,#4710,#4759,.T.);
#4759 = LINE('',#4760,#4761);
#4760 = CARTESIAN_POINT('',(-33.,-32.4,143.));
#4761 = VECTOR('',#4762,1.);
#4762 = DIRECTION('',(1.,0.,0.));
#4763 = ORIENTED_EDGE('',*,*,#4709,.T.);
#4764 = ORIENTED_EDGE('',*,*,#2667,.T.);
#4765 = PLANE('',#4766);
#4766 = AXIS2_PLACEMENT_3D('',#4767,#4768,#4769);
#4767 = CARTESIAN_POINT('',(-33.,-32.4,143.));
#4768 = DIRECTION('',(0.,-2.2E-16,1.));
#4769 = DIRECTION('',(1.,0.,0.));
#4770 = ADVANCED_FACE('',(#4771),#4790,.T.);
#4771 = FACE_BOUND('',#4772,.F.);
#4772 = EDGE_LOOP('',(#4773,#4782,#4788,#4789));
#4773 = ORIENTED_EDGE('',*,*,#4774,.F.);
#4774 = EDGE_CURVE('',#4775,#4775,#4777,.T.);
#4775 = VERTEX_POINT('',#4776);
#4776 = CARTESIAN_POINT('',(-14.,-23.,100.));
#4777 = CIRCLE('',#4778,3.);
#4778 = AXIS2_PLACEMENT_3D('',#4779,#4780,#4781);
#4779 = CARTESIAN_POINT('',(-17.,-23.,100.));
#4780 = DIRECTION('',(-0.,1.,2.2E-16));
#4781 = DIRECTION('',(1.,0.,0.));
#4782 = ORIENTED_EDGE('',*,*,#4783,.T.);
#4783 = EDGE_CURVE('',#4775,#2684,#4784,.T.);
#4784 = LINE('',#4785,#4786);
#4785 = CARTESIAN_POINT('',(-14.,-23.,100.));
#4786 = VECTOR('',#4787,1.);
#4787 = DIRECTION('',(0.,1.,2.2E-16));
#4788 = ORIENTED_EDGE('',*,*,#2683,.F.);
#4789 = ORIENTED_EDGE('',*,*,#4783,.F.);
#4790 = CYLINDRICAL_SURFACE('',#4791,3.);
#4791 = AXIS2_PLACEMENT_3D('',#4792,#4793,#4794);
#4792 = CARTESIAN_POINT('',(-17.,-23.,100.));
#4793 = DIRECTION('',(-0.,-1.,-2.2E-16));
#4794 = DIRECTION('',(1.,0.,0.));
#4795 = ADVANCED_FACE('',(#4796),#4807,.F.);
#4796 = FACE_BOUND('',#4797,.F.);
#4797 = EDGE_LOOP('',(#4798,#4799,#4805,#4806));
#4798 = ORIENTED_EDGE('',*,*,#2936,.F.);
#4799 = ORIENTED_EDGE('',*,*,#4800,.F.);
#4800 = EDGE_CURVE('',#2889,#2937,#4801,.T.);
#4801 = LINE('',#4802,#4803);
#4802 = CARTESIAN_POINT('',(-51.,-14.005,145.3));
#4803 = VECTOR('',#4804,1.);
#4804 = DIRECTION('',(0.,1.,2.2E-16));
#4805 = ORIENTED_EDGE('',*,*,#2896,.T.);
#4806 = ORIENTED_EDGE('',*,*,#2718,.T.);
#4807 = PLANE('',#4808);
#4808 = AXIS2_PLACEMENT_3D('',#4809,#4810,#4811);
#4809 = CARTESIAN_POINT('',(-51.,-14.005,145.3));
#4810 = DIRECTION('',(0.,-2.2E-16,1.));
#4811 = DIRECTION('',(1.,0.,0.));
#4812 = ADVANCED_FACE('',(#4813),#4824,.F.);
#4813 = FACE_BOUND('',#4814,.F.);
#4814 = EDGE_LOOP('',(#4815,#4816,#4822,#4823));
#4815 = ORIENTED_EDGE('',*,*,#3097,.F.);
#4816 = ORIENTED_EDGE('',*,*,#4817,.F.);
#4817 = EDGE_CURVE('',#3050,#3098,#4818,.T.);
#4818 = LINE('',#4819,#4820);
#4819 = CARTESIAN_POINT('',(-51.,8.995,145.3));
#4820 = VECTOR('',#4821,1.);
#4821 = DIRECTION('',(0.,1.,2.2E-16));
#4822 = ORIENTED_EDGE('',*,*,#3057,.T.);
#4823 = ORIENTED_EDGE('',*,*,#2741,.T.);
#4824 = PLANE('',#4825);
#4825 = AXIS2_PLACEMENT_3D('',#4826,#4827,#4828);
#4826 = CARTESIAN_POINT('',(-51.,8.995,145.3));
#4827 = DIRECTION('',(0.,-2.2E-16,1.));
#4828 = DIRECTION('',(1.,0.,0.));
#4829 = ADVANCED_FACE('',(#4830),#4855,.F.);
#4830 = FACE_BOUND('',#4831,.F.);
#4831 = EDGE_LOOP('',(#4832,#4840,#4841,#4849));
#4832 = ORIENTED_EDGE('',*,*,#4833,.F.);
#4833 = EDGE_CURVE('',#2767,#4834,#4836,.T.);
#4834 = VERTEX_POINT('',#4835);
#4835 = CARTESIAN_POINT('',(-46.,4.,126.5));
#4836 = LINE('',#4837,#4838);
#4837 = CARTESIAN_POINT('',(-49.,4.,126.5));
#4838 = VECTOR('',#4839,1.);
#4839 = DIRECTION('',(1.,0.,0.));
#4840 = ORIENTED_EDGE('',*,*,#2764,.F.);
#4841 = ORIENTED_EDGE('',*,*,#4842,.T.);
#4842 = EDGE_CURVE('',#2765,#4843,#4845,.T.);
#4843 = VERTEX_POINT('',#4844);
#4844 = CARTESIAN_POINT('',(-46.,-4.,126.5));
#4845 = LINE('',#4846,#4847);
#4846 = CARTESIAN_POINT('',(-49.,-4.,126.5));
#4847 = VECTOR('',#4848,1.);
#4848 = DIRECTION('',(1.,0.,0.));
#4849 = ORIENTED_EDGE('',*,*,#4850,.F.);
#4850 = EDGE_CURVE('',#4834,#4843,#4851,.T.);
#4851 = LINE('',#4852,#4853);
#4852 = CARTESIAN_POINT('',(-46.,-12.5,126.5));
#4853 = VECTOR('',#4854,1.);
#4854 = DIRECTION('',(0.,-1.,-2.2E-16));
#4855 = PLANE('',#4856);
#4856 = AXIS2_PLACEMENT_3D('',#4857,#4858,#4859);
#4857 = CARTESIAN_POINT('',(-49.,-4.,126.5));
#4858 = DIRECTION('',(0.,-2.2E-16,1.));
#4859 = DIRECTION('',(1.,0.,0.));
#4860 = ADVANCED_FACE('',(#4861),#4879,.F.);
#4861 = FACE_BOUND('',#4862,.F.);
#4862 = EDGE_LOOP('',(#4863,#4871,#4872,#4873));
#4863 = ORIENTED_EDGE('',*,*,#4864,.F.);
#4864 = EDGE_CURVE('',#2783,#4865,#4867,.T.);
#4865 = VERTEX_POINT('',#4866);
#4866 = CARTESIAN_POINT('',(-46.,4.,124.));
#4867 = LINE('',#4868,#4869);
#4868 = CARTESIAN_POINT('',(-49.,4.,124.));
#4869 = VECTOR('',#4870,1.);
#4870 = DIRECTION('',(1.,0.,0.));
#4871 = ORIENTED_EDGE('',*,*,#2790,.F.);
#4872 = ORIENTED_EDGE('',*,*,#4833,.T.);
#4873 = ORIENTED_EDGE('',*,*,#4874,.F.);
#4874 = EDGE_CURVE('',#4865,#4834,#4875,.T.);
#4875 = LINE('',#4876,#4877);
#4876 = CARTESIAN_POINT('',(-46.,4.,98.5));
#4877 = VECTOR('',#4878,1.);
#4878 = DIRECTION('',(0.,-2.2E-16,1.));
#4879 = PLANE('',#4880);
#4880 = AXIS2_PLACEMENT_3D('',#4881,#4882,#4883);
#4881 = CARTESIAN_POINT('',(-49.,4.,124.));
#4882 = DIRECTION('',(0.,1.,2.2E-16));
#4883 = DIRECTION('',(0.,-2.2E-16,1.));
#4884 = ADVANCED_FACE('',(#4885),#4903,.T.);
#4885 = FACE_BOUND('',#4886,.T.);
#4886 = EDGE_LOOP('',(#4887,#4888,#4889,#4897));
#4887 = ORIENTED_EDGE('',*,*,#4864,.F.);
#4888 = ORIENTED_EDGE('',*,*,#2782,.F.);
#4889 = ORIENTED_EDGE('',*,*,#4890,.T.);
#4890 = EDGE_CURVE('',#2775,#4891,#4893,.T.);
#4891 = VERTEX_POINT('',#4892);
#4892 = CARTESIAN_POINT('',(-46.,-4.,124.));
#4893 = LINE('',#4894,#4895);
#4894 = CARTESIAN_POINT('',(-49.,-4.,124.));
#4895 = VECTOR('',#4896,1.);
#4896 = DIRECTION('',(1.,0.,0.));
#4897 = ORIENTED_EDGE('',*,*,#4898,.F.);
#4898 = EDGE_CURVE('',#4865,#4891,#4899,.T.);
#4899 = LINE('',#4900,#4901);
#4900 = CARTESIAN_POINT('',(-46.,-12.5,124.));
#4901 = VECTOR('',#4902,1.);
#4902 = DIRECTION('',(0.,-1.,-2.2E-16));
#4903 = PLANE('',#4904);
#4904 = AXIS2_PLACEMENT_3D('',#4905,#4906,#4907);
#4905 = CARTESIAN_POINT('',(-49.,-4.,124.));
#4906 = DIRECTION('',(0.,-2.2E-16,1.));
#4907 = DIRECTION('',(1.,0.,0.));
#4908 = ADVANCED_FACE('',(#4909),#4920,.T.);
#4909 = FACE_BOUND('',#4910,.T.);
#4910 = EDGE_LOOP('',(#4911,#4912,#4913,#4914));
#4911 = ORIENTED_EDGE('',*,*,#4890,.F.);
#4912 = ORIENTED_EDGE('',*,*,#2774,.F.);
#4913 = ORIENTED_EDGE('',*,*,#4842,.T.);
#4914 = ORIENTED_EDGE('',*,*,#4915,.F.);
#4915 = EDGE_CURVE('',#4891,#4843,#4916,.T.);
#4916 = LINE('',#4917,#4918);
#4917 = CARTESIAN_POINT('',(-46.,-4.,98.5));
#4918 = VECTOR('',#4919,1.);
#4919 = DIRECTION('',(0.,-2.2E-16,1.));
#4920 = PLANE('',#4921);
#4921 = AXIS2_PLACEMENT_3D('',#4922,#4923,#4924);
#4922 = CARTESIAN_POINT('',(-49.,-4.,124.));
#4923 = DIRECTION('',(0.,1.,2.2E-16));
#4924 = DIRECTION('',(0.,-2.2E-16,1.));
#4925 = ADVANCED_FACE('',(#4926),#4951,.F.);
#4926 = FACE_BOUND('',#4927,.F.);
#4927 = EDGE_LOOP('',(#4928,#4936,#4937,#4945));
#4928 = ORIENTED_EDGE('',*,*,#4929,.F.);
#4929 = EDGE_CURVE('',#2801,#4930,#4932,.T.);
#4930 = VERTEX_POINT('',#4931);
#4931 = CARTESIAN_POINT('',(-46.,4.,93.5));
#4932 = LINE('',#4933,#4934);
#4933 = CARTESIAN_POINT('',(-49.,4.,93.5));
#4934 = VECTOR('',#4935,1.);
#4935 = DIRECTION('',(1.,0.,0.));
#4936 = ORIENTED_EDGE('',*,*,#2798,.F.);
#4937 = ORIENTED_EDGE('',*,*,#4938,.T.);
#4938 = EDGE_CURVE('',#2799,#4939,#4941,.T.);
#4939 = VERTEX_POINT('',#4940);
#4940 = CARTESIAN_POINT('',(-46.,-4.,93.5));
#4941 = LINE('',#4942,#4943);
#4942 = CARTESIAN_POINT('',(-49.,-4.,93.5));
#4943 = VECTOR('',#4944,1.);
#4944 = DIRECTION('',(1.,0.,0.));
#4945 = ORIENTED_EDGE('',*,*,#4946,.F.);
#4946 = EDGE_CURVE('',#4930,#4939,#4947,.T.);
#4947 = LINE('',#4948,#4949);
#4948 = CARTESIAN_POINT('',(-46.,-12.5,93.5));
#4949 = VECTOR('',#4950,1.);
#4950 = DIRECTION('',(0.,-1.,-2.2E-16));
#4951 = PLANE('',#4952);
#4952 = AXIS2_PLACEMENT_3D('',#4953,#4954,#4955);
#4953 = CARTESIAN_POINT('',(-49.,-4.,93.5));
#4954 = DIRECTION('',(0.,-2.2E-16,1.));
#4955 = DIRECTION('',(1.,0.,0.));
#4956 = ADVANCED_FACE('',(#4957),#4975,.T.);
#4957 = FACE_BOUND('',#4958,.T.);
#4958 = EDGE_LOOP('',(#4959,#4967,#4968,#4969));
#4959 = ORIENTED_EDGE('',*,*,#4960,.F.);
#4960 = EDGE_CURVE('',#2809,#4961,#4963,.T.);
#4961 = VERTEX_POINT('',#4962);
#4962 = CARTESIAN_POINT('',(-46.,-4.,91.));
#4963 = LINE('',#4964,#4965);
#4964 = CARTESIAN_POINT('',(-49.,-4.,91.));
#4965 = VECTOR('',#4966,1.);
#4966 = DIRECTION('',(1.,0.,0.));
#4967 = ORIENTED_EDGE('',*,*,#2808,.F.);
#4968 = ORIENTED_EDGE('',*,*,#4938,.T.);
#4969 = ORIENTED_EDGE('',*,*,#4970,.F.);
#4970 = EDGE_CURVE('',#4961,#4939,#4971,.T.);
#4971 = LINE('',#4972,#4973);
#4972 = CARTESIAN_POINT('',(-46.,-4.,82.));
#4973 = VECTOR('',#4974,1.);
#4974 = DIRECTION('',(0.,-2.2E-16,1.));
#4975 = PLANE('',#4976);
#4976 = AXIS2_PLACEMENT_3D('',#4977,#4978,#4979);
#4977 = CARTESIAN_POINT('',(-49.,-4.,91.));
#4978 = DIRECTION('',(0.,1.,2.2E-16));
#4979 = DIRECTION('',(0.,-2.2E-16,1.));
#4980 = ADVANCED_FACE('',(#4981),#4999,.F.);
#4981 = FACE_BOUND('',#4982,.F.);
#4982 = EDGE_LOOP('',(#4983,#4991,#4992,#4993));
#4983 = ORIENTED_EDGE('',*,*,#4984,.F.);
#4984 = EDGE_CURVE('',#2817,#4985,#4987,.T.);
#4985 = VERTEX_POINT('',#4986);
#4986 = CARTESIAN_POINT('',(-46.,4.,91.));
#4987 = LINE('',#4988,#4989);
#4988 = CARTESIAN_POINT('',(-49.,4.,91.));
#4989 = VECTOR('',#4990,1.);
#4990 = DIRECTION('',(1.,0.,0.));
#4991 = ORIENTED_EDGE('',*,*,#2824,.F.);
#4992 = ORIENTED_EDGE('',*,*,#4929,.T.);
#4993 = ORIENTED_EDGE('',*,*,#4994,.F.);
#4994 = EDGE_CURVE('',#4985,#4930,#4995,.T.);
#4995 = LINE('',#4996,#4997);
#4996 = CARTESIAN_POINT('',(-46.,4.,82.));
#4997 = VECTOR('',#4998,1.);
#4998 = DIRECTION('',(0.,-2.2E-16,1.));
#4999 = PLANE('',#5000);
#5000 = AXIS2_PLACEMENT_3D('',#5001,#5002,#5003);
#5001 = CARTESIAN_POINT('',(-49.,4.,91.));
#5002 = DIRECTION('',(0.,1.,2.2E-16));
#5003 = DIRECTION('',(0.,-2.2E-16,1.));
#5004 = ADVANCED_FACE('',(#5005),#5016,.T.);
#5005 = FACE_BOUND('',#5006,.T.);
#5006 = EDGE_LOOP('',(#5007,#5008,#5009,#5010));
#5007 = ORIENTED_EDGE('',*,*,#4984,.F.);
#5008 = ORIENTED_EDGE('',*,*,#2816,.F.);
#5009 = ORIENTED_EDGE('',*,*,#4960,.T.);
#5010 = ORIENTED_EDGE('',*,*,#5011,.F.);
#5011 = EDGE_CURVE('',#4985,#4961,#5012,.T.);
#5012 = LINE('',#5013,#5014);
#5013 = CARTESIAN_POINT('',(-46.,-12.5,91.));
#5014 = VECTOR('',#5015,1.);
#5015 = DIRECTION('',(0.,-1.,-2.2E-16));
#5016 = PLANE('',#5017);
#5017 = AXIS2_PLACEMENT_3D('',#5018,#5019,#5020);
#5018 = CARTESIAN_POINT('',(-49.,-4.,91.));
#5019 = DIRECTION('',(0.,-2.2E-16,1.));
#5020 = DIRECTION('',(1.,0.,0.));
#5021 = ADVANCED_FACE('',(#5022),#5033,.T.);
#5022 = FACE_BOUND('',#5023,.T.);
#5023 = EDGE_LOOP('',(#5024,#5030,#5031,#5032));
#5024 = ORIENTED_EDGE('',*,*,#5025,.F.);
#5025 = EDGE_CURVE('',#2849,#2977,#5026,.T.);
#5026 = LINE('',#5027,#5028);
#5027 = CARTESIAN_POINT('',(-47.,-14.005,148.2));
#5028 = VECTOR('',#5029,1.);
#5029 = DIRECTION('',(0.,1.,2.2E-16));
#5030 = ORIENTED_EDGE('',*,*,#2848,.T.);
#5031 = ORIENTED_EDGE('',*,*,#2920,.T.);
#5032 = ORIENTED_EDGE('',*,*,#2984,.F.);
#5033 = PLANE('',#5034);
#5034 = AXIS2_PLACEMENT_3D('',#5035,#5036,#5037);
#5035 = CARTESIAN_POINT('',(-51.,-14.005,148.2));
#5036 = DIRECTION('',(0.,-2.2E-16,1.));
#5037 = DIRECTION('',(1.,0.,0.));
#5038 = ADVANCED_FACE('',(#5039),#5050,.T.);
#5039 = FACE_BOUND('',#5040,.T.);
#5040 = EDGE_LOOP('',(#5041,#5042,#5043,#5044));
#5041 = ORIENTED_EDGE('',*,*,#2856,.F.);
#5042 = ORIENTED_EDGE('',*,*,#5025,.T.);
#5043 = ORIENTED_EDGE('',*,*,#2976,.T.);
#5044 = ORIENTED_EDGE('',*,*,#5045,.T.);
#5045 = EDGE_CURVE('',#2969,#2857,#5046,.T.);
#5046 = LINE('',#5047,#5048);
#5047 = CARTESIAN_POINT('',(-47.,-14.005,163.));
#5048 = VECTOR('',#5049,1.);
#5049 = DIRECTION('',(0.,-1.,-2.2E-16));
#5050 = PLANE('',#5051);
#5051 = AXIS2_PLACEMENT_3D('',#5052,#5053,#5054);
#5052 = CARTESIAN_POINT('',(-47.,-14.005,147.));
#5053 = DIRECTION('',(1.,0.,0.));
#5054 = DIRECTION('',(0.,-2.2E-16,1.));
#5055 = ADVANCED_FACE('',(#5056,#5067),#5078,.F.);
#5056 = FACE_BOUND('',#5057,.F.);
#5057 = EDGE_LOOP('',(#5058,#5059,#5060,#5066));
#5058 = ORIENTED_EDGE('',*,*,#5045,.T.);
#5059 = ORIENTED_EDGE('',*,*,#2864,.T.);
#5060 = ORIENTED_EDGE('',*,*,#5061,.T.);
#5061 = EDGE_CURVE('',#2865,#2961,#5062,.T.);
#5062 = LINE('',#5063,#5064);
#5063 = CARTESIAN_POINT('',(-39.005,-14.005,163.));
#5064 = VECTOR('',#5065,1.);
#5065 = DIRECTION('',(0.,1.,2.2E-16));
#5066 = ORIENTED_EDGE('',*,*,#2968,.F.);
#5067 = FACE_BOUND('',#5068,.F.);
#5068 = EDGE_LOOP('',(#5069));
#5069 = ORIENTED_EDGE('',*,*,#5070,.T.);
#5070 = EDGE_CURVE('',#5071,#5071,#5073,.T.);
#5071 = VERTEX_POINT('',#5072);
#5072 = CARTESIAN_POINT('',(-40.655,-11.505,163.));
#5073 = CIRCLE('',#5074,0.85);
#5074 = AXIS2_PLACEMENT_3D('',#5075,#5076,#5077);
#5075 = CARTESIAN_POINT('',(-41.505,-11.505,163.));
#5076 = DIRECTION('',(0.,2.2E-16,-1.));
#5077 = DIRECTION('',(1.,0.,0.));
#5078 = PLANE('',#5079);
#5079 = AXIS2_PLACEMENT_3D('',#5080,#5081,#5082);
#5080 = CARTESIAN_POINT('',(-51.,-14.005,163.));
#5081 = DIRECTION('',(0.,-2.2E-16,1.));
#5082 = DIRECTION('',(1.,0.,0.));
#5083 = ADVANCED_FACE('',(#5084),#5095,.T.);
#5084 = FACE_BOUND('',#5085,.T.);
#5085 = EDGE_LOOP('',(#5086,#5087,#5088,#5089));
#5086 = ORIENTED_EDGE('',*,*,#2872,.F.);
#5087 = ORIENTED_EDGE('',*,*,#5061,.T.);
#5088 = ORIENTED_EDGE('',*,*,#2960,.T.);
#5089 = ORIENTED_EDGE('',*,*,#5090,.F.);
#5090 = EDGE_CURVE('',#2873,#2953,#5091,.T.);
#5091 = LINE('',#5092,#5093);
#5092 = CARTESIAN_POINT('',(-39.005,-14.005,165.));
#5093 = VECTOR('',#5094,1.);
#5094 = DIRECTION('',(0.,1.,2.2E-16));
#5095 = PLANE('',#5096);
#5096 = AXIS2_PLACEMENT_3D('',#5097,#5098,#5099);
#5097 = CARTESIAN_POINT('',(-39.005,-14.005,163.));
#5098 = DIRECTION('',(1.,0.,0.));
#5099 = DIRECTION('',(0.,-2.2E-16,1.));
#5100 = ADVANCED_FACE('',(#5101,#5112),#5123,.T.);
#5101 = FACE_BOUND('',#5102,.T.);
#5102 = EDGE_LOOP('',(#5103,#5109,#5110,#5111));
#5103 = ORIENTED_EDGE('',*,*,#5104,.F.);
#5104 = EDGE_CURVE('',#2881,#2945,#5105,.T.);
#5105 = LINE('',#5106,#5107);
#5106 = CARTESIAN_POINT('',(-51.,-14.005,165.));
#5107 = VECTOR('',#5108,1.);
#5108 = DIRECTION('',(0.,1.,2.2E-16));
#5109 = ORIENTED_EDGE('',*,*,#2880,.T.);
#5110 = ORIENTED_EDGE('',*,*,#5090,.T.);
#5111 = ORIENTED_EDGE('',*,*,#2952,.F.);
#5112 = FACE_BOUND('',#5113,.T.);
#5113 = EDGE_LOOP('',(#5114));
#5114 = ORIENTED_EDGE('',*,*,#5115,.T.);
#5115 = EDGE_CURVE('',#5116,#5116,#5118,.T.);
#5116 = VERTEX_POINT('',#5117);
#5117 = CARTESIAN_POINT('',(-40.655,-11.505,165.));
#5118 = CIRCLE('',#5119,0.85);
#5119 = AXIS2_PLACEMENT_3D('',#5120,#5121,#5122);
#5120 = CARTESIAN_POINT('',(-41.505,-11.505,165.));
#5121 = DIRECTION('',(0.,2.2E-16,-1.));
#5122 = DIRECTION('',(1.,0.,0.));
#5123 = PLANE('',#5124);
#5124 = AXIS2_PLACEMENT_3D('',#5125,#5126,#5127);
#5125 = CARTESIAN_POINT('',(-51.,-14.005,165.));
#5126 = DIRECTION('',(0.,-2.2E-16,1.));
#5127 = DIRECTION('',(1.,0.,0.));
#5128 = ADVANCED_FACE('',(#5129),#5135,.T.);
#5129 = FACE_BOUND('',#5130,.T.);
#5130 = EDGE_LOOP('',(#5131,#5132,#5133,#5134));
#5131 = ORIENTED_EDGE('',*,*,#4800,.F.);
#5132 = ORIENTED_EDGE('',*,*,#2888,.T.);
#5133 = ORIENTED_EDGE('',*,*,#5104,.T.);
#5134 = ORIENTED_EDGE('',*,*,#2944,.F.);
#5135 = PLANE('',#5136);
#5136 = AXIS2_PLACEMENT_3D('',#5137,#5138,#5139);
#5137 = CARTESIAN_POINT('',(-51.,-11.505,155.15));
#5138 = DIRECTION('',(-1.,-0.,0.));
#5139 = DIRECTION('',(0.,2.2E-16,-1.));
#5140 = ADVANCED_FACE('',(#5141),#5152,.T.);
#5141 = FACE_BOUND('',#5142,.T.);
#5142 = EDGE_LOOP('',(#5143,#5149,#5150,#5151));
#5143 = ORIENTED_EDGE('',*,*,#5144,.F.);
#5144 = EDGE_CURVE('',#3010,#3138,#5145,.T.);
#5145 = LINE('',#5146,#5147);
#5146 = CARTESIAN_POINT('',(-47.,8.995,148.2));
#5147 = VECTOR('',#5148,1.);
#5148 = DIRECTION('',(0.,1.,2.2E-16));
#5149 = ORIENTED_EDGE('',*,*,#3009,.T.);
#5150 = ORIENTED_EDGE('',*,*,#3081,.T.);
#5151 = ORIENTED_EDGE('',*,*,#3145,.F.);
#5152 = PLANE('',#5153);
#5153 = AXIS2_PLACEMENT_3D('',#5154,#5155,#5156);
#5154 = CARTESIAN_POINT('',(-51.,8.995,148.2));
#5155 = DIRECTION('',(0.,-2.2E-16,1.));
#5156 = DIRECTION('',(1.,0.,0.));
#5157 = ADVANCED_FACE('',(#5158),#5169,.T.);
#5158 = FACE_BOUND('',#5159,.T.);
#5159 = EDGE_LOOP('',(#5160,#5161,#5162,#5163));
#5160 = ORIENTED_EDGE('',*,*,#3017,.F.);
#5161 = ORIENTED_EDGE('',*,*,#5144,.T.);
#5162 = ORIENTED_EDGE('',*,*,#3137,.T.);
#5163 = ORIENTED_EDGE('',*,*,#5164,.T.);
#5164 = EDGE_CURVE('',#3130,#3018,#5165,.T.);
#5165 = LINE('',#5166,#5167);
#5166 = CARTESIAN_POINT('',(-47.,8.995,163.));
#5167 = VECTOR('',#5168,1.);
#5168 = DIRECTION('',(0.,-1.,-2.2E-16));
#5169 = PLANE('',#5170);
#5170 = AXIS2_PLACEMENT_3D('',#5171,#5172,#5173);
#5171 = CARTESIAN_POINT('',(-47.,8.995,147.));
#5172 = DIRECTION('',(1.,0.,0.));
#5173 = DIRECTION('',(0.,-2.2E-16,1.));
#5174 = ADVANCED_FACE('',(#5175,#5186),#5197,.F.);
#5175 = FACE_BOUND('',#5176,.F.);
#5176 = EDGE_LOOP('',(#5177,#5178,#5179,#5185));
#5177 = ORIENTED_EDGE('',*,*,#5164,.T.);
#5178 = ORIENTED_EDGE('',*,*,#3025,.T.);
#5179 = ORIENTED_EDGE('',*,*,#5180,.T.);
#5180 = EDGE_CURVE('',#3026,#3122,#5181,.T.);
#5181 = LINE('',#5182,#5183);
#5182 = CARTESIAN_POINT('',(-39.005,8.995,163.));
#5183 = VECTOR('',#5184,1.);
#5184 = DIRECTION('',(0.,1.,2.2E-16));
#5185 = ORIENTED_EDGE('',*,*,#3129,.F.);
#5186 = FACE_BOUND('',#5187,.F.);
#5187 = EDGE_LOOP('',(#5188));
#5188 = ORIENTED_EDGE('',*,*,#5189,.T.);
#5189 = EDGE_CURVE('',#5190,#5190,#5192,.T.);
#5190 = VERTEX_POINT('',#5191);
#5191 = CARTESIAN_POINT('',(-40.655,11.495,163.));
#5192 = CIRCLE('',#5193,0.85);
#5193 = AXIS2_PLACEMENT_3D('',#5194,#5195,#5196);
#5194 = CARTESIAN_POINT('',(-41.505,11.495,163.));
#5195 = DIRECTION('',(0.,2.2E-16,-1.));
#5196 = DIRECTION('',(1.,0.,0.));
#5197 = PLANE('',#5198);
#5198 = AXIS2_PLACEMENT_3D('',#5199,#5200,#5201);
#5199 = CARTESIAN_POINT('',(-51.,8.995,163.));
#5200 = DIRECTION('',(0.,-2.2E-16,1.));
#5201 = DIRECTION('',(1.,0.,0.));
#5202 = ADVANCED_FACE('',(#5203),#5214,.T.);
#5203 = FACE_BOUND('',#5204,.T.);
#5204 = EDGE_LOOP('',(#5205,#5206,#5207,#5208));
#5205 = ORIENTED_EDGE('',*,*,#3033,.F.);
#5206 = ORIENTED_EDGE('',*,*,#5180,.T.);
#5207 = ORIENTED_EDGE('',*,*,#3121,.T.);
#5208 = ORIENTED_EDGE('',*,*,#5209,.F.);
#5209 = EDGE_CURVE('',#3034,#3114,#5210,.T.);
#5210 = LINE('',#5211,#5212);
#5211 = CARTESIAN_POINT('',(-39.005,8.995,165.));
#5212 = VECTOR('',#5213,1.);
#5213 = DIRECTION('',(0.,1.,2.2E-16));
#5214 = PLANE('',#5215);
#5215 = AXIS2_PLACEMENT_3D('',#5216,#5217,#5218);
#5216 = CARTESIAN_POINT('',(-39.005,8.995,163.));
#5217 = DIRECTION('',(1.,0.,0.));
#5218 = DIRECTION('',(0.,-2.2E-16,1.));
#5219 = ADVANCED_FACE('',(#5220,#5231),#5242,.T.);
#5220 = FACE_BOUND('',#5221,.T.);
#5221 = EDGE_LOOP('',(#5222,#5228,#5229,#5230));
#5222 = ORIENTED_EDGE('',*,*,#5223,.F.);
#5223 = EDGE_CURVE('',#3042,#3106,#5224,.T.);
#5224 = LINE('',#5225,#5226);
#5225 = CARTESIAN_POINT('',(-51.,8.995,165.));
#5226 = VECTOR('',#5227,1.);
#5227 = DIRECTION('',(0.,1.,2.2E-16));
#5228 = ORIENTED_EDGE('',*,*,#3041,.T.);
#5229 = ORIENTED_EDGE('',*,*,#5209,.T.);
#5230 = ORIENTED_EDGE('',*,*,#3113,.F.);
#5231 = FACE_BOUND('',#5232,.T.);
#5232 = EDGE_LOOP('',(#5233));
#5233 = ORIENTED_EDGE('',*,*,#5234,.T.);
#5234 = EDGE_CURVE('',#5235,#5235,#5237,.T.);
#5235 = VERTEX_POINT('',#5236);
#5236 = CARTESIAN_POINT('',(-40.655,11.495,165.));
#5237 = CIRCLE('',#5238,0.85);
#5238 = AXIS2_PLACEMENT_3D('',#5239,#5240,#5241);
#5239 = CARTESIAN_POINT('',(-41.505,11.495,165.));
#5240 = DIRECTION('',(0.,2.2E-16,-1.));
#5241 = DIRECTION('',(1.,0.,0.));
#5242 = PLANE('',#5243);
#5243 = AXIS2_PLACEMENT_3D('',#5244,#5245,#5246);
#5244 = CARTESIAN_POINT('',(-51.,8.995,165.));
#5245 = DIRECTION('',(0.,-2.2E-16,1.));
#5246 = DIRECTION('',(1.,0.,0.));
#5247 = ADVANCED_FACE('',(#5248),#5254,.T.);
#5248 = FACE_BOUND('',#5249,.T.);
#5249 = EDGE_LOOP('',(#5250,#5251,#5252,#5253));
#5250 = ORIENTED_EDGE('',*,*,#4817,.F.);
#5251 = ORIENTED_EDGE('',*,*,#3049,.T.);
#5252 = ORIENTED_EDGE('',*,*,#5223,.T.);
#5253 = ORIENTED_EDGE('',*,*,#3105,.F.);
#5254 = PLANE('',#5255);
#5255 = AXIS2_PLACEMENT_3D('',#5256,#5257,#5258);
#5256 = CARTESIAN_POINT('',(-51.,11.495,155.15));
#5257 = DIRECTION('',(-1.,-0.,0.));
#5258 = DIRECTION('',(0.,2.2E-16,-1.));
#5259 = ADVANCED_FACE('',(#5260),#5285,.T.);
#5260 = FACE_BOUND('',#5261,.T.);
#5261 = EDGE_LOOP('',(#5262,#5270,#5271,#5279));
#5262 = ORIENTED_EDGE('',*,*,#5263,.F.);
#5263 = EDGE_CURVE('',#3180,#5264,#5266,.T.);
#5264 = VERTEX_POINT('',#5265);
#5265 = CARTESIAN_POINT('',(-33.,32.4,143.));
#5266 = LINE('',#5267,#5268);
#5267 = CARTESIAN_POINT('',(-33.,19.,143.));
#5268 = VECTOR('',#5269,1.);
#5269 = DIRECTION('',(0.,1.,2.2E-16));
#5270 = ORIENTED_EDGE('',*,*,#3179,.T.);
#5271 = ORIENTED_EDGE('',*,*,#5272,.T.);
#5272 = EDGE_CURVE('',#3182,#5273,#5275,.T.);
#5273 = VERTEX_POINT('',#5274);
#5274 = CARTESIAN_POINT('',(-27.,32.4,143.));
#5275 = LINE('',#5276,#5277);
#5276 = CARTESIAN_POINT('',(-27.,19.,143.));
#5277 = VECTOR('',#5278,1.);
#5278 = DIRECTION('',(0.,1.,2.2E-16));
#5279 = ORIENTED_EDGE('',*,*,#5280,.F.);
#5280 = EDGE_CURVE('',#5264,#5273,#5281,.T.);
#5281 = LINE('',#5282,#5283);
#5282 = CARTESIAN_POINT('',(-33.,32.4,143.));
#5283 = VECTOR('',#5284,1.);
#5284 = DIRECTION('',(1.,0.,0.));
#5285 = PLANE('',#5286);
#5286 = AXIS2_PLACEMENT_3D('',#5287,#5288,#5289);
#5287 = CARTESIAN_POINT('',(-33.,19.,143.));
#5288 = DIRECTION('',(0.,-2.2E-16,1.));
#5289 = DIRECTION('',(1.,0.,0.));
#5290 = ADVANCED_FACE('',(#5291),#5309,.F.);
#5291 = FACE_BOUND('',#5292,.F.);
#5292 = EDGE_LOOP('',(#5293,#5294,#5302,#5308));
#5293 = ORIENTED_EDGE('',*,*,#3189,.T.);
#5294 = ORIENTED_EDGE('',*,*,#5295,.T.);
#5295 = EDGE_CURVE('',#3190,#5296,#5298,.T.);
#5296 = VERTEX_POINT('',#5297);
#5297 = CARTESIAN_POINT('',(-33.,32.4,137.));
#5298 = LINE('',#5299,#5300);
#5299 = CARTESIAN_POINT('',(-33.,19.,137.));
#5300 = VECTOR('',#5301,1.);
#5301 = DIRECTION('',(0.,1.,2.2E-16));
#5302 = ORIENTED_EDGE('',*,*,#5303,.T.);
#5303 = EDGE_CURVE('',#5296,#5264,#5304,.T.);
#5304 = LINE('',#5305,#5306);
#5305 = CARTESIAN_POINT('',(-33.,32.4,137.));
#5306 = VECTOR('',#5307,1.);
#5307 = DIRECTION('',(0.,-2.2E-16,1.));
#5308 = ORIENTED_EDGE('',*,*,#5263,.F.);
#5309 = PLANE('',#5310);
#5310 = AXIS2_PLACEMENT_3D('',#5311,#5312,#5313);
#5311 = CARTESIAN_POINT('',(-33.,19.,137.));
#5312 = DIRECTION('',(1.,0.,0.));
#5313 = DIRECTION('',(0.,-2.2E-16,1.));
#5314 = ADVANCED_FACE('',(#5315),#5333,.T.);
#5315 = FACE_BOUND('',#5316,.T.);
#5316 = EDGE_LOOP('',(#5317,#5318,#5326,#5332));
#5317 = ORIENTED_EDGE('',*,*,#3205,.T.);
#5318 = ORIENTED_EDGE('',*,*,#5319,.T.);
#5319 = EDGE_CURVE('',#3198,#5320,#5322,.T.);
#5320 = VERTEX_POINT('',#5321);
#5321 = CARTESIAN_POINT('',(-27.,32.4,137.));
#5322 = LINE('',#5323,#5324);
#5323 = CARTESIAN_POINT('',(-27.,19.,137.));
#5324 = VECTOR('',#5325,1.);
#5325 = DIRECTION('',(0.,1.,2.2E-16));
#5326 = ORIENTED_EDGE('',*,*,#5327,.T.);
#5327 = EDGE_CURVE('',#5320,#5273,#5328,.T.);
#5328 = LINE('',#5329,#5330);
#5329 = CARTESIAN_POINT('',(-27.,32.4,137.));
#5330 = VECTOR('',#5331,1.);
#5331 = DIRECTION('',(0.,-2.2E-16,1.));
#5332 = ORIENTED_EDGE('',*,*,#5272,.F.);
#5333 = PLANE('',#5334);
#5334 = AXIS2_PLACEMENT_3D('',#5335,#5336,#5337);
#5335 = CARTESIAN_POINT('',(-27.,19.,137.));
#5336 = DIRECTION('',(1.,0.,0.));
#5337 = DIRECTION('',(0.,-2.2E-16,1.));
#5338 = ADVANCED_FACE('',(#5339),#5350,.F.);
#5339 = FACE_BOUND('',#5340,.F.);
#5340 = EDGE_LOOP('',(#5341,#5342,#5343,#5344));
#5341 = ORIENTED_EDGE('',*,*,#5295,.F.);
#5342 = ORIENTED_EDGE('',*,*,#3197,.T.);
#5343 = ORIENTED_EDGE('',*,*,#5319,.T.);
#5344 = ORIENTED_EDGE('',*,*,#5345,.F.);
#5345 = EDGE_CURVE('',#5296,#5320,#5346,.T.);
#5346 = LINE('',#5347,#5348);
#5347 = CARTESIAN_POINT('',(-33.,32.4,137.));
#5348 = VECTOR('',#5349,1.);
#5349 = DIRECTION('',(1.,0.,0.));
#5350 = PLANE('',#5351);
#5351 = AXIS2_PLACEMENT_3D('',#5352,#5353,#5354);
#5352 = CARTESIAN_POINT('',(-33.,19.,137.));
#5353 = DIRECTION('',(0.,-2.2E-16,1.));
#5354 = DIRECTION('',(1.,0.,0.));
#5355 = ADVANCED_FACE('',(#5356),#5375,.T.);
#5356 = FACE_BOUND('',#5357,.F.);
#5357 = EDGE_LOOP('',(#5358,#5359,#5367,#5374));
#5358 = ORIENTED_EDGE('',*,*,#3213,.T.);
#5359 = ORIENTED_EDGE('',*,*,#5360,.T.);
#5360 = EDGE_CURVE('',#3214,#5361,#5363,.T.);
#5361 = VERTEX_POINT('',#5362);
#5362 = CARTESIAN_POINT('',(-14.,23.,100.));
#5363 = LINE('',#5364,#5365);
#5364 = CARTESIAN_POINT('',(-14.,17.,100.));
#5365 = VECTOR('',#5366,1.);
#5366 = DIRECTION('',(0.,1.,2.2E-16));
#5367 = ORIENTED_EDGE('',*,*,#5368,.T.);
#5368 = EDGE_CURVE('',#5361,#5361,#5369,.T.);
#5369 = CIRCLE('',#5370,3.);
#5370 = AXIS2_PLACEMENT_3D('',#5371,#5372,#5373);
#5371 = CARTESIAN_POINT('',(-17.,23.,100.));
#5372 = DIRECTION('',(-0.,1.,2.2E-16));
#5373 = DIRECTION('',(1.,0.,0.));
#5374 = ORIENTED_EDGE('',*,*,#5360,.F.);
#5375 = CYLINDRICAL_SURFACE('',#5376,3.);
#5376 = AXIS2_PLACEMENT_3D('',#5377,#5378,#5379);
#5377 = CARTESIAN_POINT('',(-17.,17.,100.));
#5378 = DIRECTION('',(-0.,-1.,-2.2E-16));
#5379 = DIRECTION('',(1.,0.,0.));
#5380 = ADVANCED_FACE('',(#5381,#5392),#5403,.T.);
#5381 = FACE_BOUND('',#5382,.T.);
#5382 = EDGE_LOOP('',(#5383,#5389,#5390,#5391));
#5383 = ORIENTED_EDGE('',*,*,#5384,.F.);
#5384 = EDGE_CURVE('',#3265,#3361,#5385,.T.);
#5385 = LINE('',#5386,#5387);
#5386 = CARTESIAN_POINT('',(13.995,-14.005,165.));
#5387 = VECTOR('',#5388,1.);
#5388 = DIRECTION('',(0.,1.,2.2E-16));
#5389 = ORIENTED_EDGE('',*,*,#3264,.T.);
#5390 = ORIENTED_EDGE('',*,*,#3312,.T.);
#5391 = ORIENTED_EDGE('',*,*,#3368,.F.);
#5392 = FACE_BOUND('',#5393,.T.);
#5393 = EDGE_LOOP('',(#5394));
#5394 = ORIENTED_EDGE('',*,*,#5395,.T.);
#5395 = EDGE_CURVE('',#5396,#5396,#5398,.T.);
#5396 = VERTEX_POINT('',#5397);
#5397 = CARTESIAN_POINT('',(17.345,-11.505,165.));
#5398 = CIRCLE('',#5399,0.85);
#5399 = AXIS2_PLACEMENT_3D('',#5400,#5401,#5402);
#5400 = CARTESIAN_POINT('',(16.495,-11.505,165.));
#5401 = DIRECTION('',(0.,2.2E-16,-1.));
#5402 = DIRECTION('',(1.,0.,0.));
#5403 = PLANE('',#5404);
#5404 = AXIS2_PLACEMENT_3D('',#5405,#5406,#5407);
#5405 = CARTESIAN_POINT('',(13.995,-14.005,165.));
#5406 = DIRECTION('',(0.,-2.2E-16,1.));
#5407 = DIRECTION('',(1.,0.,0.));
#5408 = ADVANCED_FACE('',(#5409),#5420,.F.);
#5409 = FACE_BOUND('',#5410,.F.);
#5410 = EDGE_LOOP('',(#5411,#5412,#5418,#5419));
#5411 = ORIENTED_EDGE('',*,*,#3272,.F.);
#5412 = ORIENTED_EDGE('',*,*,#5413,.T.);
#5413 = EDGE_CURVE('',#3273,#3353,#5414,.T.);
#5414 = LINE('',#5415,#5416);
#5415 = CARTESIAN_POINT('',(13.995,-14.005,163.));
#5416 = VECTOR('',#5417,1.);
#5417 = DIRECTION('',(0.,1.,2.2E-16));
#5418 = ORIENTED_EDGE('',*,*,#3360,.T.);
#5419 = ORIENTED_EDGE('',*,*,#5384,.F.);
#5420 = PLANE('',#5421);
#5421 = AXIS2_PLACEMENT_3D('',#5422,#5423,#5424);
#5422 = CARTESIAN_POINT('',(13.995,-14.005,163.));
#5423 = DIRECTION('',(1.,0.,0.));
#5424 = DIRECTION('',(0.,-2.2E-16,1.));
#5425 = ADVANCED_FACE('',(#5426,#5432),#5443,.F.);
#5426 = FACE_BOUND('',#5427,.F.);
#5427 = EDGE_LOOP('',(#5428,#5429,#5430,#5431));
#5428 = ORIENTED_EDGE('',*,*,#3352,.F.);
#5429 = ORIENTED_EDGE('',*,*,#5413,.F.);
#5430 = ORIENTED_EDGE('',*,*,#3280,.T.);
#5431 = ORIENTED_EDGE('',*,*,#3328,.T.);
#5432 = FACE_BOUND('',#5433,.F.);
#5433 = EDGE_LOOP('',(#5434));
#5434 = ORIENTED_EDGE('',*,*,#5435,.T.);
#5435 = EDGE_CURVE('',#5436,#5436,#5438,.T.);
#5436 = VERTEX_POINT('',#5437);
#5437 = CARTESIAN_POINT('',(17.345,-11.505,163.));
#5438 = CIRCLE('',#5439,0.85);
#5439 = AXIS2_PLACEMENT_3D('',#5440,#5441,#5442);
#5440 = CARTESIAN_POINT('',(16.495,-11.505,163.));
#5441 = DIRECTION('',(0.,2.2E-16,-1.));
#5442 = DIRECTION('',(1.,0.,0.));
#5443 = PLANE('',#5444);
#5444 = AXIS2_PLACEMENT_3D('',#5445,#5446,#5447);
#5445 = CARTESIAN_POINT('',(13.995,-14.005,163.));
#5446 = DIRECTION('',(0.,-2.2E-16,1.));
#5447 = DIRECTION('',(1.,0.,0.));
#5448 = ADVANCED_FACE('',(#5449,#5452),#5463,.T.);
#5449 = FACE_BOUND('',#5450,.T.);
#5450 = EDGE_LOOP('',(#5451));
#5451 = ORIENTED_EDGE('',*,*,#3392,.T.);
#5452 = FACE_BOUND('',#5453,.T.);
#5453 = EDGE_LOOP('',(#5454));
#5454 = ORIENTED_EDGE('',*,*,#5455,.T.);
#5455 = EDGE_CURVE('',#5456,#5456,#5458,.T.);
#5456 = VERTEX_POINT('',#5457);
#5457 = CARTESIAN_POINT('',(17.249928,-11.400058,152.9));
#5458 = CIRCLE('',#5459,0.85);
#5459 = AXIS2_PLACEMENT_3D('',#5460,#5461,#5462);
#5460 = CARTESIAN_POINT('',(16.399928,-11.400058,152.9));
#5461 = DIRECTION('',(0.,2.2E-16,-1.));
#5462 = DIRECTION('',(1.,0.,0.));
#5463 = PLANE('',#5464);
#5464 = AXIS2_PLACEMENT_3D('',#5465,#5466,#5467);
#5465 = CARTESIAN_POINT('',(16.399928,-11.400058,152.9));
#5466 = DIRECTION('',(0.,-2.2E-16,1.));
#5467 = DIRECTION('',(1.,0.,0.));
#5468 = ADVANCED_FACE('',(#5469,#5480),#5491,.T.);
#5469 = FACE_BOUND('',#5470,.T.);
#5470 = EDGE_LOOP('',(#5471,#5477,#5478,#5479));
#5471 = ORIENTED_EDGE('',*,*,#5472,.F.);
#5472 = EDGE_CURVE('',#3468,#3564,#5473,.T.);
#5473 = LINE('',#5474,#5475);
#5474 = CARTESIAN_POINT('',(13.995,8.995,165.));
#5475 = VECTOR('',#5476,1.);
#5476 = DIRECTION('',(0.,1.,2.2E-16));
#5477 = ORIENTED_EDGE('',*,*,#3467,.T.);
#5478 = ORIENTED_EDGE('',*,*,#3515,.T.);
#5479 = ORIENTED_EDGE('',*,*,#3571,.F.);
#5480 = FACE_BOUND('',#5481,.T.);
#5481 = EDGE_LOOP('',(#5482));
#5482 = ORIENTED_EDGE('',*,*,#5483,.T.);
#5483 = EDGE_CURVE('',#5484,#5484,#5486,.T.);
#5484 = VERTEX_POINT('',#5485);
#5485 = CARTESIAN_POINT('',(17.345,11.495,165.));
#5486 = CIRCLE('',#5487,0.85);
#5487 = AXIS2_PLACEMENT_3D('',#5488,#5489,#5490);
#5488 = CARTESIAN_POINT('',(16.495,11.495,165.));
#5489 = DIRECTION('',(0.,2.2E-16,-1.));
#5490 = DIRECTION('',(1.,0.,0.));
#5491 = PLANE('',#5492);
#5492 = AXIS2_PLACEMENT_3D('',#5493,#5494,#5495);
#5493 = CARTESIAN_POINT('',(13.995,8.995,165.));
#5494 = DIRECTION('',(0.,-2.2E-16,1.));
#5495 = DIRECTION('',(1.,0.,0.));
#5496 = ADVANCED_FACE('',(#5497),#5508,.F.);
#5497 = FACE_BOUND('',#5498,.F.);
#5498 = EDGE_LOOP('',(#5499,#5500,#5506,#5507));
#5499 = ORIENTED_EDGE('',*,*,#3475,.F.);
#5500 = ORIENTED_EDGE('',*,*,#5501,.T.);
#5501 = EDGE_CURVE('',#3476,#3556,#5502,.T.);
#5502 = LINE('',#5503,#5504);
#5503 = CARTESIAN_POINT('',(13.995,8.995,163.));
#5504 = VECTOR('',#5505,1.);
#5505 = DIRECTION('',(0.,1.,2.2E-16));
#5506 = ORIENTED_EDGE('',*,*,#3563,.T.);
#5507 = ORIENTED_EDGE('',*,*,#5472,.F.);
#5508 = PLANE('',#5509);
#5509 = AXIS2_PLACEMENT_3D('',#5510,#5511,#5512);
#5510 = CARTESIAN_POINT('',(13.995,8.995,163.));
#5511 = DIRECTION('',(1.,0.,0.));
#5512 = DIRECTION('',(0.,-2.2E-16,1.));
#5513 = ADVANCED_FACE('',(#5514,#5520),#5531,.F.);
#5514 = FACE_BOUND('',#5515,.F.);
#5515 = EDGE_LOOP('',(#5516,#5517,#5518,#5519));
#5516 = ORIENTED_EDGE('',*,*,#3555,.F.);
#5517 = ORIENTED_EDGE('',*,*,#5501,.F.);
#5518 = ORIENTED_EDGE('',*,*,#3483,.T.);
#5519 = ORIENTED_EDGE('',*,*,#3531,.T.);
#5520 = FACE_BOUND('',#5521,.F.);
#5521 = EDGE_LOOP('',(#5522));
#5522 = ORIENTED_EDGE('',*,*,#5523,.T.);
#5523 = EDGE_CURVE('',#5524,#5524,#5526,.T.);
#5524 = VERTEX_POINT('',#5525);
#5525 = CARTESIAN_POINT('',(17.345,11.495,163.));
#5526 = CIRCLE('',#5527,0.85);
#5527 = AXIS2_PLACEMENT_3D('',#5528,#5529,#5530);
#5528 = CARTESIAN_POINT('',(16.495,11.495,163.));
#5529 = DIRECTION('',(0.,2.2E-16,-1.));
#5530 = DIRECTION('',(1.,0.,0.));
#5531 = PLANE('',#5532);
#5532 = AXIS2_PLACEMENT_3D('',#5533,#5534,#5535);
#5533 = CARTESIAN_POINT('',(13.995,8.995,163.));
#5534 = DIRECTION('',(0.,-2.2E-16,1.));
#5535 = DIRECTION('',(1.,0.,0.));
#5536 = ADVANCED_FACE('',(#5537,#5540),#5551,.T.);
#5537 = FACE_BOUND('',#5538,.T.);
#5538 = EDGE_LOOP('',(#5539));
#5539 = ORIENTED_EDGE('',*,*,#3595,.T.);
#5540 = FACE_BOUND('',#5541,.T.);
#5541 = EDGE_LOOP('',(#5542));
#5542 = ORIENTED_EDGE('',*,*,#5543,.T.);
#5543 = EDGE_CURVE('',#5544,#5544,#5546,.T.);
#5544 = VERTEX_POINT('',#5545);
#5545 = CARTESIAN_POINT('',(17.249928,11.500074,152.9));
#5546 = CIRCLE('',#5547,0.85);
#5547 = AXIS2_PLACEMENT_3D('',#5548,#5549,#5550);
#5548 = CARTESIAN_POINT('',(16.399928,11.500074,152.9));
#5549 = DIRECTION('',(0.,2.2E-16,-1.));
#5550 = DIRECTION('',(1.,0.,0.));
#5551 = PLANE('',#5552);
#5552 = AXIS2_PLACEMENT_3D('',#5553,#5554,#5555);
#5553 = CARTESIAN_POINT('',(16.399928,11.500074,152.9));
#5554 = DIRECTION('',(0.,-2.2E-16,1.));
#5555 = DIRECTION('',(1.,0.,0.));
#5556 = ADVANCED_FACE('',(#5557,#5560),#5571,.T.);
#5557 = FACE_BOUND('',#5558,.T.);
#5558 = EDGE_LOOP('',(#5559));
#5559 = ORIENTED_EDGE('',*,*,#3695,.T.);
#5560 = FACE_BOUND('',#5561,.T.);
#5561 = EDGE_LOOP('',(#5562));
#5562 = ORIENTED_EDGE('',*,*,#5563,.T.);
#5563 = EDGE_CURVE('',#5564,#5564,#5566,.T.);
#5564 = VERTEX_POINT('',#5565);
#5565 = CARTESIAN_POINT('',(-40.600096,-11.400058,152.9));
#5566 = CIRCLE('',#5567,0.85);
#5567 = AXIS2_PLACEMENT_3D('',#5568,#5569,#5570);
#5568 = CARTESIAN_POINT('',(-41.450096,-11.400058,152.9));
#5569 = DIRECTION('',(0.,2.2E-16,-1.));
#5570 = DIRECTION('',(1.,0.,0.));
#5571 = PLANE('',#5572);
#5572 = AXIS2_PLACEMENT_3D('',#5573,#5574,#5575);
#5573 = CARTESIAN_POINT('',(-41.450096,-11.400058,152.9));
#5574 = DIRECTION('',(0.,-2.2E-16,1.));
#5575 = DIRECTION('',(1.,0.,0.));
#5576 = ADVANCED_FACE('',(#5577,#5580),#5591,.T.);
#5577 = FACE_BOUND('',#5578,.T.);
#5578 = EDGE_LOOP('',(#5579));
#5579 = ORIENTED_EDGE('',*,*,#3720,.T.);
#5580 = FACE_BOUND('',#5581,.T.);
#5581 = EDGE_LOOP('',(#5582));
#5582 = ORIENTED_EDGE('',*,*,#5583,.T.);
#5583 = EDGE_CURVE('',#5584,#5584,#5586,.T.);
#5584 = VERTEX_POINT('',#5585);
#5585 = CARTESIAN_POINT('',(-40.550058,11.450036,152.9));
#5586 = CIRCLE('',#5587,0.85);
#5587 = AXIS2_PLACEMENT_3D('',#5588,#5589,#5590);
#5588 = CARTESIAN_POINT('',(-41.400058,11.450036,152.9));
#5589 = DIRECTION('',(0.,2.2E-16,-1.));
#5590 = DIRECTION('',(1.,0.,0.));
#5591 = PLANE('',#5592);
#5592 = AXIS2_PLACEMENT_3D('',#5593,#5594,#5595);
#5593 = CARTESIAN_POINT('',(-41.400058,11.450036,152.9));
#5594 = DIRECTION('',(0.,-2.2E-16,1.));
#5595 = DIRECTION('',(1.,0.,0.));
#5596 = ADVANCED_FACE('',(#5597,#5603),#5614,.F.);
#5597 = FACE_BOUND('',#5598,.F.);
#5598 = EDGE_LOOP('',(#5599,#5600,#5601,#5602));
#5599 = ORIENTED_EDGE('',*,*,#3790,.F.);
#5600 = ORIENTED_EDGE('',*,*,#3862,.T.);
#5601 = ORIENTED_EDGE('',*,*,#3845,.T.);
#5602 = ORIENTED_EDGE('',*,*,#3821,.F.);
#5603 = FACE_BOUND('',#5604,.F.);
#5604 = EDGE_LOOP('',(#5605));
#5605 = ORIENTED_EDGE('',*,*,#5606,.T.);
#5606 = EDGE_CURVE('',#5607,#5607,#5609,.T.);
#5607 = VERTEX_POINT('',#5608);
#5608 = CARTESIAN_POINT('',(20.85,-32.4,140.));
#5609 = CIRCLE('',#5610,0.85);
#5610 = AXIS2_PLACEMENT_3D('',#5611,#5612,#5613);
#5611 = CARTESIAN_POINT('',(20.,-32.4,140.));
#5612 = DIRECTION('',(0.,-1.,-2.2E-16));
#5613 = DIRECTION('',(1.,0.,0.));
#5614 = PLANE('',#5615);
#5615 = AXIS2_PLACEMENT_3D('',#5616,#5617,#5618);
#5616 = CARTESIAN_POINT('',(17.,-32.4,137.));
#5617 = DIRECTION('',(0.,1.,2.2E-16));
#5618 = DIRECTION('',(0.,-2.2E-16,1.));
#5619 = ADVANCED_FACE('',(#5620),#5645,.T.);
#5620 = FACE_BOUND('',#5621,.T.);
#5621 = EDGE_LOOP('',(#5622,#5632,#5638,#5639));
#5622 = ORIENTED_EDGE('',*,*,#5623,.F.);
#5623 = EDGE_CURVE('',#5624,#5626,#5628,.T.);
#5624 = VERTEX_POINT('',#5625);
#5625 = CARTESIAN_POINT('',(-46.,-19.,75.));
#5626 = VERTEX_POINT('',#5627);
#5627 = CARTESIAN_POINT('',(-46.,19.,75.));
#5628 = LINE('',#5629,#5630);
#5629 = CARTESIAN_POINT('',(-46.,-21.,75.));
#5630 = VECTOR('',#5631,1.);
#5631 = DIRECTION('',(0.,1.,2.2E-16));
#5632 = ORIENTED_EDGE('',*,*,#5633,.F.);
#5633 = EDGE_CURVE('',#4080,#5624,#5634,.T.);
#5634 = LINE('',#5635,#5636);
#5635 = CARTESIAN_POINT('',(-48.,-19.,75.));
#5636 = VECTOR('',#5637,1.);
#5637 = DIRECTION('',(-1.,0.,0.));
#5638 = ORIENTED_EDGE('',*,*,#4079,.T.);
#5639 = ORIENTED_EDGE('',*,*,#5640,.T.);
#5640 = EDGE_CURVE('',#4082,#5626,#5641,.T.);
#5641 = LINE('',#5642,#5643);
#5642 = CARTESIAN_POINT('',(-48.,19.,75.));
#5643 = VECTOR('',#5644,1.);
#5644 = DIRECTION('',(-1.,0.,0.));
#5645 = PLANE('',#5646);
#5646 = AXIS2_PLACEMENT_3D('',#5647,#5648,#5649);
#5647 = CARTESIAN_POINT('',(-48.,-21.,75.));
#5648 = DIRECTION('',(0.,-2.2E-16,1.));
#5649 = DIRECTION('',(1.,0.,0.));
#5650 = ADVANCED_FACE('',(#5651,#5663),#5674,.T.);
#5651 = FACE_BOUND('',#5652,.T.);
#5652 = EDGE_LOOP('',(#5653,#5654,#5655,#5661,#5662));
#5653 = ORIENTED_EDGE('',*,*,#4089,.F.);
#5654 = ORIENTED_EDGE('',*,*,#5633,.T.);
#5655 = ORIENTED_EDGE('',*,*,#5656,.T.);
#5656 = EDGE_CURVE('',#5624,#4598,#5657,.T.);
#5657 = LINE('',#5658,#5659);
#5658 = CARTESIAN_POINT('',(-46.,-19.,73.));
#5659 = VECTOR('',#5660,1.);
#5660 = DIRECTION('',(0.,-2.2E-16,1.));
#5661 = ORIENTED_EDGE('',*,*,#4597,.T.);
#5662 = ORIENTED_EDGE('',*,*,#4120,.F.);
#5663 = FACE_BOUND('',#5664,.T.);
#5664 = EDGE_LOOP('',(#5665));
#5665 = ORIENTED_EDGE('',*,*,#5666,.T.);
#5666 = EDGE_CURVE('',#5667,#5667,#5669,.T.);
#5667 = VERTEX_POINT('',#5668);
#5668 = CARTESIAN_POINT('',(-14.,-19.,100.));
#5669 = CIRCLE('',#5670,3.);
#5670 = AXIS2_PLACEMENT_3D('',#5671,#5672,#5673);
#5671 = CARTESIAN_POINT('',(-17.,-19.,100.));
#5672 = DIRECTION('',(0.,-1.,-2.2E-16));
#5673 = DIRECTION('',(1.,0.,0.));
#5674 = PLANE('',#5675);
#5675 = AXIS2_PLACEMENT_3D('',#5676,#5677,#5678);
#5676 = CARTESIAN_POINT('',(-48.,-19.,73.));
#5677 = DIRECTION('',(0.,1.,2.2E-16));
#5678 = DIRECTION('',(0.,-2.2E-16,1.));
#5679 = ADVANCED_FACE('',(#5680,#5692),#5703,.F.);
#5680 = FACE_BOUND('',#5681,.F.);
#5681 = EDGE_LOOP('',(#5682,#5683,#5684,#5690,#5691));
#5682 = ORIENTED_EDGE('',*,*,#4105,.F.);
#5683 = ORIENTED_EDGE('',*,*,#5640,.T.);
#5684 = ORIENTED_EDGE('',*,*,#5685,.T.);
#5685 = EDGE_CURVE('',#5626,#4606,#5686,.T.);
#5686 = LINE('',#5687,#5688);
#5687 = CARTESIAN_POINT('',(-46.,19.,73.));
#5688 = VECTOR('',#5689,1.);
#5689 = DIRECTION('',(0.,-2.2E-16,1.));
#5690 = ORIENTED_EDGE('',*,*,#4613,.T.);
#5691 = ORIENTED_EDGE('',*,*,#4168,.F.);
#5692 = FACE_BOUND('',#5693,.F.);
#5693 = EDGE_LOOP('',(#5694));
#5694 = ORIENTED_EDGE('',*,*,#5695,.T.);
#5695 = EDGE_CURVE('',#5696,#5696,#5698,.T.);
#5696 = VERTEX_POINT('',#5697);
#5697 = CARTESIAN_POINT('',(-14.,19.,100.));
#5698 = CIRCLE('',#5699,3.);
#5699 = AXIS2_PLACEMENT_3D('',#5700,#5701,#5702);
#5700 = CARTESIAN_POINT('',(-17.,19.,100.));
#5701 = DIRECTION('',(0.,-1.,-2.2E-16));
#5702 = DIRECTION('',(1.,0.,0.));
#5703 = PLANE('',#5704);
#5704 = AXIS2_PLACEMENT_3D('',#5705,#5706,#5707);
#5705 = CARTESIAN_POINT('',(-48.,19.,73.));
#5706 = DIRECTION('',(0.,1.,2.2E-16));
#5707 = DIRECTION('',(0.,-2.2E-16,1.));
#5708 = ADVANCED_FACE('',(#5709,#5715),#5726,.T.);
#5709 = FACE_BOUND('',#5710,.T.);
#5710 = EDGE_LOOP('',(#5711,#5712,#5713,#5714));
#5711 = ORIENTED_EDGE('',*,*,#4273,.F.);
#5712 = ORIENTED_EDGE('',*,*,#4290,.T.);
#5713 = ORIENTED_EDGE('',*,*,#4225,.T.);
#5714 = ORIENTED_EDGE('',*,*,#4249,.F.);
#5715 = FACE_BOUND('',#5716,.T.);
#5716 = EDGE_LOOP('',(#5717));
#5717 = ORIENTED_EDGE('',*,*,#5718,.T.);
#5718 = EDGE_CURVE('',#5719,#5719,#5721,.T.);
#5719 = VERTEX_POINT('',#5720);
#5720 = CARTESIAN_POINT('',(20.85,32.4,140.));
#5721 = CIRCLE('',#5722,0.85);
#5722 = AXIS2_PLACEMENT_3D('',#5723,#5724,#5725);
#5723 = CARTESIAN_POINT('',(20.,32.4,140.));
#5724 = DIRECTION('',(0.,-1.,-2.2E-16));
#5725 = DIRECTION('',(1.,0.,0.));
#5726 = PLANE('',#5727);
#5727 = AXIS2_PLACEMENT_3D('',#5728,#5729,#5730);
#5728 = CARTESIAN_POINT('',(17.,32.4,137.));
#5729 = DIRECTION('',(0.,1.,2.2E-16));
#5730 = DIRECTION('',(0.,-2.2E-16,1.));
#5731 = ADVANCED_FACE('',(#5732,#5735,#5738,#5741,#5752,#5763),#5774,.F.
  );
#5732 = FACE_BOUND('',#5733,.F.);
#5733 = EDGE_LOOP('',(#5734));
#5734 = ORIENTED_EDGE('',*,*,#4524,.T.);
#5735 = FACE_BOUND('',#5736,.F.);
#5736 = EDGE_LOOP('',(#5737));
#5737 = ORIENTED_EDGE('',*,*,#4406,.T.);
#5738 = FACE_BOUND('',#5739,.F.);
#5739 = EDGE_LOOP('',(#5740));
#5740 = ORIENTED_EDGE('',*,*,#4389,.T.);
#5741 = FACE_BOUND('',#5742,.F.);
#5742 = EDGE_LOOP('',(#5743));
#5743 = ORIENTED_EDGE('',*,*,#5744,.T.);
#5744 = EDGE_CURVE('',#5745,#5745,#5747,.T.);
#5745 = VERTEX_POINT('',#5746);
#5746 = CARTESIAN_POINT('',(37.607359312881,13.1,148.25735931288));
#5747 = CIRCLE('',#5748,0.85);
#5748 = AXIS2_PLACEMENT_3D('',#5749,#5750,#5751);
#5749 = CARTESIAN_POINT('',(36.757359312881,13.1,148.25735931288));
#5750 = DIRECTION('',(0.,-1.,-2.2E-16));
#5751 = DIRECTION('',(1.,0.,0.));
#5752 = FACE_BOUND('',#5753,.F.);
#5753 = EDGE_LOOP('',(#5754));
#5754 = ORIENTED_EDGE('',*,*,#5755,.T.);
#5755 = EDGE_CURVE('',#5756,#5756,#5758,.T.);
#5756 = VERTEX_POINT('',#5757);
#5757 = CARTESIAN_POINT('',(45.,13.1,152.5));
#5758 = CIRCLE('',#5759,4.);
#5759 = AXIS2_PLACEMENT_3D('',#5760,#5761,#5762);
#5760 = CARTESIAN_POINT('',(41.,13.1,152.5));
#5761 = DIRECTION('',(0.,-1.,-2.2E-16));
#5762 = DIRECTION('',(1.,0.,0.));
#5763 = FACE_BOUND('',#5764,.F.);
#5764 = EDGE_LOOP('',(#5765));
#5765 = ORIENTED_EDGE('',*,*,#5766,.T.);
#5766 = EDGE_CURVE('',#5767,#5767,#5769,.T.);
#5767 = VERTEX_POINT('',#5768);
#5768 = CARTESIAN_POINT('',(46.092640687119,13.1,148.25735931288));
#5769 = CIRCLE('',#5770,0.85);
#5770 = AXIS2_PLACEMENT_3D('',#5771,#5772,#5773);
#5771 = CARTESIAN_POINT('',(45.242640687119,13.1,148.25735931288));
#5772 = DIRECTION('',(0.,-1.,-2.2E-16));
#5773 = DIRECTION('',(1.,0.,0.));
#5774 = PLANE('',#5775);
#5775 = AXIS2_PLACEMENT_3D('',#5776,#5777,#5778);
#5776 = CARTESIAN_POINT('',(41.,13.1,152.5));
#5777 = DIRECTION('',(0.,1.,2.2E-16));
#5778 = DIRECTION('',(1.,0.,0.));
#5779 = ADVANCED_FACE('',(#5780),#5785,.F.);
#5780 = FACE_BOUND('',#5781,.F.);
#5781 = EDGE_LOOP('',(#5782,#5783,#5784));
#5782 = ORIENTED_EDGE('',*,*,#4423,.F.);
#5783 = ORIENTED_EDGE('',*,*,#4466,.F.);
#5784 = ORIENTED_EDGE('',*,*,#4447,.F.);
#5785 = PLANE('',#5786);
#5786 = AXIS2_PLACEMENT_3D('',#5787,#5788,#5789);
#5787 = CARTESIAN_POINT('',(38.234878315715,16.3,149.54881403894));
#5788 = DIRECTION('',(0.,1.,-2.E-17));
#5789 = DIRECTION('',(0.,2.E-17,1.));
#5790 = ADVANCED_FACE('',(#5791,#5797,#5803),#5809,.T.);
#5791 = FACE_BOUND('',#5792,.T.);
#5792 = EDGE_LOOP('',(#5793,#5794,#5795,#5796));
#5793 = ORIENTED_EDGE('',*,*,#5656,.F.);
#5794 = ORIENTED_EDGE('',*,*,#5623,.T.);
#5795 = ORIENTED_EDGE('',*,*,#5685,.T.);
#5796 = ORIENTED_EDGE('',*,*,#4605,.T.);
#5797 = FACE_BOUND('',#5798,.T.);
#5798 = EDGE_LOOP('',(#5799,#5800,#5801,#5802));
#5799 = ORIENTED_EDGE('',*,*,#4898,.T.);
#5800 = ORIENTED_EDGE('',*,*,#4915,.T.);
#5801 = ORIENTED_EDGE('',*,*,#4850,.F.);
#5802 = ORIENTED_EDGE('',*,*,#4874,.F.);
#5803 = FACE_BOUND('',#5804,.T.);
#5804 = EDGE_LOOP('',(#5805,#5806,#5807,#5808));
#5805 = ORIENTED_EDGE('',*,*,#5011,.T.);
#5806 = ORIENTED_EDGE('',*,*,#4970,.T.);
#5807 = ORIENTED_EDGE('',*,*,#4946,.F.);
#5808 = ORIENTED_EDGE('',*,*,#4994,.F.);
#5809 = PLANE('',#5810);
#5810 = AXIS2_PLACEMENT_3D('',#5811,#5812,#5813);
#5811 = CARTESIAN_POINT('',(-46.,-21.,73.));
#5812 = DIRECTION('',(1.,0.,0.));
#5813 = DIRECTION('',(0.,-2.2E-16,1.));
#5814 = ADVANCED_FACE('',(#5815,#5821),#5832,.F.);
#5815 = FACE_BOUND('',#5816,.F.);
#5816 = EDGE_LOOP('',(#5817,#5818,#5819,#5820));
#5817 = ORIENTED_EDGE('',*,*,#4686,.F.);
#5818 = ORIENTED_EDGE('',*,*,#4741,.T.);
#5819 = ORIENTED_EDGE('',*,*,#4758,.T.);
#5820 = ORIENTED_EDGE('',*,*,#4717,.F.);
#5821 = FACE_BOUND('',#5822,.F.);
#5822 = EDGE_LOOP('',(#5823));
#5823 = ORIENTED_EDGE('',*,*,#5824,.T.);
#5824 = EDGE_CURVE('',#5825,#5825,#5827,.T.);
#5825 = VERTEX_POINT('',#5826);
#5826 = CARTESIAN_POINT('',(-29.15,-32.4,140.));
#5827 = CIRCLE('',#5828,0.85);
#5828 = AXIS2_PLACEMENT_3D('',#5829,#5830,#5831);
#5829 = CARTESIAN_POINT('',(-30.,-32.4,140.));
#5830 = DIRECTION('',(0.,-1.,-2.2E-16));
#5831 = DIRECTION('',(1.,0.,0.));
#5832 = PLANE('',#5833);
#5833 = AXIS2_PLACEMENT_3D('',#5834,#5835,#5836);
#5834 = CARTESIAN_POINT('',(-33.,-32.4,137.));
#5835 = DIRECTION('',(0.,1.,2.2E-16));
#5836 = DIRECTION('',(0.,-2.2E-16,1.));
#5837 = ADVANCED_FACE('',(#5838,#5841),#5852,.F.);
#5838 = FACE_BOUND('',#5839,.F.);
#5839 = EDGE_LOOP('',(#5840));
#5840 = ORIENTED_EDGE('',*,*,#4774,.T.);
#5841 = FACE_BOUND('',#5842,.F.);
#5842 = EDGE_LOOP('',(#5843));
#5843 = ORIENTED_EDGE('',*,*,#5844,.F.);
#5844 = EDGE_CURVE('',#5845,#5845,#5847,.T.);
#5845 = VERTEX_POINT('',#5846);
#5846 = CARTESIAN_POINT('',(-16.15,-23.,100.));
#5847 = CIRCLE('',#5848,0.85);
#5848 = AXIS2_PLACEMENT_3D('',#5849,#5850,#5851);
#5849 = CARTESIAN_POINT('',(-17.,-23.,100.));
#5850 = DIRECTION('',(-0.,1.,2.2E-16));
#5851 = DIRECTION('',(1.,0.,0.));
#5852 = PLANE('',#5853);
#5853 = AXIS2_PLACEMENT_3D('',#5854,#5855,#5856);
#5854 = CARTESIAN_POINT('',(-17.,-23.,100.));
#5855 = DIRECTION('',(0.,1.,2.2E-16));
#5856 = DIRECTION('',(1.,0.,0.));
#5857 = ADVANCED_FACE('',(#5858),#5869,.F.);
#5858 = FACE_BOUND('',#5859,.T.);
#5859 = EDGE_LOOP('',(#5860,#5861,#5867,#5868));
#5860 = ORIENTED_EDGE('',*,*,#5070,.T.);
#5861 = ORIENTED_EDGE('',*,*,#5862,.T.);
#5862 = EDGE_CURVE('',#5071,#5116,#5863,.T.);
#5863 = LINE('',#5864,#5865);
#5864 = CARTESIAN_POINT('',(-40.655,-11.505,162.9));
#5865 = VECTOR('',#5866,1.);
#5866 = DIRECTION('',(0.,-2.2E-16,1.));
#5867 = ORIENTED_EDGE('',*,*,#5115,.F.);
#5868 = ORIENTED_EDGE('',*,*,#5862,.F.);
#5869 = CYLINDRICAL_SURFACE('',#5870,0.85);
#5870 = AXIS2_PLACEMENT_3D('',#5871,#5872,#5873);
#5871 = CARTESIAN_POINT('',(-41.505,-11.505,162.9));
#5872 = DIRECTION('',(-0.,2.2E-16,-1.));
#5873 = DIRECTION('',(1.,0.,0.));
#5874 = ADVANCED_FACE('',(#5875),#5886,.F.);
#5875 = FACE_BOUND('',#5876,.T.);
#5876 = EDGE_LOOP('',(#5877,#5878,#5884,#5885));
#5877 = ORIENTED_EDGE('',*,*,#5189,.T.);
#5878 = ORIENTED_EDGE('',*,*,#5879,.T.);
#5879 = EDGE_CURVE('',#5190,#5235,#5880,.T.);
#5880 = LINE('',#5881,#5882);
#5881 = CARTESIAN_POINT('',(-40.655,11.495,162.9));
#5882 = VECTOR('',#5883,1.);
#5883 = DIRECTION('',(0.,-2.2E-16,1.));
#5884 = ORIENTED_EDGE('',*,*,#5234,.F.);
#5885 = ORIENTED_EDGE('',*,*,#5879,.F.);
#5886 = CYLINDRICAL_SURFACE('',#5887,0.85);
#5887 = AXIS2_PLACEMENT_3D('',#5888,#5889,#5890);
#5888 = CARTESIAN_POINT('',(-41.505,11.495,162.9));
#5889 = DIRECTION('',(-0.,2.2E-16,-1.));
#5890 = DIRECTION('',(1.,0.,0.));
#5891 = ADVANCED_FACE('',(#5892,#5898),#5909,.T.);
#5892 = FACE_BOUND('',#5893,.T.);
#5893 = EDGE_LOOP('',(#5894,#5895,#5896,#5897));
#5894 = ORIENTED_EDGE('',*,*,#5345,.F.);
#5895 = ORIENTED_EDGE('',*,*,#5303,.T.);
#5896 = ORIENTED_EDGE('',*,*,#5280,.T.);
#5897 = ORIENTED_EDGE('',*,*,#5327,.F.);
#5898 = FACE_BOUND('',#5899,.T.);
#5899 = EDGE_LOOP('',(#5900));
#5900 = ORIENTED_EDGE('',*,*,#5901,.T.);
#5901 = EDGE_CURVE('',#5902,#5902,#5904,.T.);
#5902 = VERTEX_POINT('',#5903);
#5903 = CARTESIAN_POINT('',(-29.15,32.4,140.));
#5904 = CIRCLE('',#5905,0.85);
#5905 = AXIS2_PLACEMENT_3D('',#5906,#5907,#5908);
#5906 = CARTESIAN_POINT('',(-30.,32.4,140.));
#5907 = DIRECTION('',(0.,-1.,-2.2E-16));
#5908 = DIRECTION('',(1.,0.,0.));
#5909 = PLANE('',#5910);
#5910 = AXIS2_PLACEMENT_3D('',#5911,#5912,#5913);
#5911 = CARTESIAN_POINT('',(-33.,32.4,137.));
#5912 = DIRECTION('',(0.,1.,2.2E-16));
#5913 = DIRECTION('',(0.,-2.2E-16,1.));
#5914 = ADVANCED_FACE('',(#5915,#5918),#5929,.T.);
#5915 = FACE_BOUND('',#5916,.T.);
#5916 = EDGE_LOOP('',(#5917));
#5917 = ORIENTED_EDGE('',*,*,#5368,.T.);
#5918 = FACE_BOUND('',#5919,.T.);
#5919 = EDGE_LOOP('',(#5920));
#5920 = ORIENTED_EDGE('',*,*,#5921,.F.);
#5921 = EDGE_CURVE('',#5922,#5922,#5924,.T.);
#5922 = VERTEX_POINT('',#5923);
#5923 = CARTESIAN_POINT('',(-16.15,23.,100.));
#5924 = CIRCLE('',#5925,0.85);
#5925 = AXIS2_PLACEMENT_3D('',#5926,#5927,#5928);
#5926 = CARTESIAN_POINT('',(-17.,23.,100.));
#5927 = DIRECTION('',(-0.,1.,2.2E-16));
#5928 = DIRECTION('',(1.,0.,0.));
#5929 = PLANE('',#5930);
#5930 = AXIS2_PLACEMENT_3D('',#5931,#5932,#5933);
#5931 = CARTESIAN_POINT('',(-17.,23.,100.));
#5932 = DIRECTION('',(0.,1.,2.2E-16));
#5933 = DIRECTION('',(1.,0.,0.));
#5934 = ADVANCED_FACE('',(#5935),#5946,.F.);
#5935 = FACE_BOUND('',#5936,.T.);
#5936 = EDGE_LOOP('',(#5937,#5938,#5944,#5945));
#5937 = ORIENTED_EDGE('',*,*,#5435,.T.);
#5938 = ORIENTED_EDGE('',*,*,#5939,.T.);
#5939 = EDGE_CURVE('',#5436,#5396,#5940,.T.);
#5940 = LINE('',#5941,#5942);
#5941 = CARTESIAN_POINT('',(17.345,-11.505,162.9));
#5942 = VECTOR('',#5943,1.);
#5943 = DIRECTION('',(0.,-2.2E-16,1.));
#5944 = ORIENTED_EDGE('',*,*,#5395,.F.);
#5945 = ORIENTED_EDGE('',*,*,#5939,.F.);
#5946 = CYLINDRICAL_SURFACE('',#5947,0.85);
#5947 = AXIS2_PLACEMENT_3D('',#5948,#5949,#5950);
#5948 = CARTESIAN_POINT('',(16.495,-11.505,162.9));
#5949 = DIRECTION('',(-0.,2.2E-16,-1.));
#5950 = DIRECTION('',(1.,0.,0.));
#5951 = ADVANCED_FACE('',(#5952),#5971,.F.);
#5952 = FACE_BOUND('',#5953,.T.);
#5953 = EDGE_LOOP('',(#5954,#5963,#5969,#5970));
#5954 = ORIENTED_EDGE('',*,*,#5955,.F.);
#5955 = EDGE_CURVE('',#5956,#5956,#5958,.T.);
#5956 = VERTEX_POINT('',#5957);
#5957 = CARTESIAN_POINT('',(17.249928,-11.400058,147.));
#5958 = CIRCLE('',#5959,0.85);
#5959 = AXIS2_PLACEMENT_3D('',#5960,#5961,#5962);
#5960 = CARTESIAN_POINT('',(16.399928,-11.400058,147.));
#5961 = DIRECTION('',(0.,-2.2E-16,1.));
#5962 = DIRECTION('',(1.,0.,0.));
#5963 = ORIENTED_EDGE('',*,*,#5964,.T.);
#5964 = EDGE_CURVE('',#5956,#5456,#5965,.T.);
#5965 = LINE('',#5966,#5967);
#5966 = CARTESIAN_POINT('',(17.249928,-11.400058,147.));
#5967 = VECTOR('',#5968,1.);
#5968 = DIRECTION('',(0.,-2.2E-16,1.));
#5969 = ORIENTED_EDGE('',*,*,#5455,.F.);
#5970 = ORIENTED_EDGE('',*,*,#5964,.F.);
#5971 = CYLINDRICAL_SURFACE('',#5972,0.85);
#5972 = AXIS2_PLACEMENT_3D('',#5973,#5974,#5975);
#5973 = CARTESIAN_POINT('',(16.399928,-11.400058,147.));
#5974 = DIRECTION('',(-0.,2.2E-16,-1.));
#5975 = DIRECTION('',(1.,0.,0.));
#5976 = ADVANCED_FACE('',(#5977),#5988,.F.);
#5977 = FACE_BOUND('',#5978,.T.);
#5978 = EDGE_LOOP('',(#5979,#5980,#5986,#5987));
#5979 = ORIENTED_EDGE('',*,*,#5523,.T.);
#5980 = ORIENTED_EDGE('',*,*,#5981,.T.);
#5981 = EDGE_CURVE('',#5524,#5484,#5982,.T.);
#5982 = LINE('',#5983,#5984);
#5983 = CARTESIAN_POINT('',(17.345,11.495,162.9));
#5984 = VECTOR('',#5985,1.);
#5985 = DIRECTION('',(0.,-2.2E-16,1.));
#5986 = ORIENTED_EDGE('',*,*,#5483,.F.);
#5987 = ORIENTED_EDGE('',*,*,#5981,.F.);
#5988 = CYLINDRICAL_SURFACE('',#5989,0.85);
#5989 = AXIS2_PLACEMENT_3D('',#5990,#5991,#5992);
#5990 = CARTESIAN_POINT('',(16.495,11.495,162.9));
#5991 = DIRECTION('',(-0.,2.2E-16,-1.));
#5992 = DIRECTION('',(1.,0.,0.));
#5993 = ADVANCED_FACE('',(#5994),#6013,.F.);
#5994 = FACE_BOUND('',#5995,.T.);
#5995 = EDGE_LOOP('',(#5996,#6005,#6011,#6012));
#5996 = ORIENTED_EDGE('',*,*,#5997,.F.);
#5997 = EDGE_CURVE('',#5998,#5998,#6000,.T.);
#5998 = VERTEX_POINT('',#5999);
#5999 = CARTESIAN_POINT('',(17.249928,11.500074,147.));
#6000 = CIRCLE('',#6001,0.85);
#6001 = AXIS2_PLACEMENT_3D('',#6002,#6003,#6004);
#6002 = CARTESIAN_POINT('',(16.399928,11.500074,147.));
#6003 = DIRECTION('',(0.,-2.2E-16,1.));
#6004 = DIRECTION('',(1.,0.,0.));
#6005 = ORIENTED_EDGE('',*,*,#6006,.T.);
#6006 = EDGE_CURVE('',#5998,#5544,#6007,.T.);
#6007 = LINE('',#6008,#6009);
#6008 = CARTESIAN_POINT('',(17.249928,11.500074,147.));
#6009 = VECTOR('',#6010,1.);
#6010 = DIRECTION('',(0.,-2.2E-16,1.));
#6011 = ORIENTED_EDGE('',*,*,#5543,.F.);
#6012 = ORIENTED_EDGE('',*,*,#6006,.F.);
#6013 = CYLINDRICAL_SURFACE('',#6014,0.85);
#6014 = AXIS2_PLACEMENT_3D('',#6015,#6016,#6017);
#6015 = CARTESIAN_POINT('',(16.399928,11.500074,147.));
#6016 = DIRECTION('',(-0.,2.2E-16,-1.));
#6017 = DIRECTION('',(1.,0.,0.));
#6018 = ADVANCED_FACE('',(#6019),#6038,.F.);
#6019 = FACE_BOUND('',#6020,.T.);
#6020 = EDGE_LOOP('',(#6021,#6030,#6036,#6037));
#6021 = ORIENTED_EDGE('',*,*,#6022,.F.);
#6022 = EDGE_CURVE('',#6023,#6023,#6025,.T.);
#6023 = VERTEX_POINT('',#6024);
#6024 = CARTESIAN_POINT('',(-40.600096,-11.400058,147.));
#6025 = CIRCLE('',#6026,0.85);
#6026 = AXIS2_PLACEMENT_3D('',#6027,#6028,#6029);
#6027 = CARTESIAN_POINT('',(-41.450096,-11.400058,147.));
#6028 = DIRECTION('',(0.,-2.2E-16,1.));
#6029 = DIRECTION('',(1.,0.,0.));
#6030 = ORIENTED_EDGE('',*,*,#6031,.T.);
#6031 = EDGE_CURVE('',#6023,#5564,#6032,.T.);
#6032 = LINE('',#6033,#6034);
#6033 = CARTESIAN_POINT('',(-40.600096,-11.400058,147.));
#6034 = VECTOR('',#6035,1.);
#6035 = DIRECTION('',(0.,-2.2E-16,1.));
#6036 = ORIENTED_EDGE('',*,*,#5563,.F.);
#6037 = ORIENTED_EDGE('',*,*,#6031,.F.);
#6038 = CYLINDRICAL_SURFACE('',#6039,0.85);
#6039 = AXIS2_PLACEMENT_3D('',#6040,#6041,#6042);
#6040 = CARTESIAN_POINT('',(-41.450096,-11.400058,147.));
#6041 = DIRECTION('',(-0.,2.2E-16,-1.));
#6042 = DIRECTION('',(1.,0.,0.));
#6043 = ADVANCED_FACE('',(#6044),#6063,.F.);
#6044 = FACE_BOUND('',#6045,.T.);
#6045 = EDGE_LOOP('',(#6046,#6055,#6061,#6062));
#6046 = ORIENTED_EDGE('',*,*,#6047,.F.);
#6047 = EDGE_CURVE('',#6048,#6048,#6050,.T.);
#6048 = VERTEX_POINT('',#6049);
#6049 = CARTESIAN_POINT('',(-40.550058,11.450036,147.));
#6050 = CIRCLE('',#6051,0.85);
#6051 = AXIS2_PLACEMENT_3D('',#6052,#6053,#6054);
#6052 = CARTESIAN_POINT('',(-41.400058,11.450036,147.));
#6053 = DIRECTION('',(0.,-2.2E-16,1.));
#6054 = DIRECTION('',(1.,0.,0.));
#6055 = ORIENTED_EDGE('',*,*,#6056,.T.);
#6056 = EDGE_CURVE('',#6048,#5584,#6057,.T.);
#6057 = LINE('',#6058,#6059);
#6058 = CARTESIAN_POINT('',(-40.550058,11.450036,147.));
#6059 = VECTOR('',#6060,1.);
#6060 = DIRECTION('',(0.,-2.2E-16,1.));
#6061 = ORIENTED_EDGE('',*,*,#5583,.F.);
#6062 = ORIENTED_EDGE('',*,*,#6056,.F.);
#6063 = CYLINDRICAL_SURFACE('',#6064,0.85);
#6064 = AXIS2_PLACEMENT_3D('',#6065,#6066,#6067);
#6065 = CARTESIAN_POINT('',(-41.400058,11.450036,147.));
#6066 = DIRECTION('',(-0.,2.2E-16,-1.));
#6067 = DIRECTION('',(1.,0.,0.));
#6068 = ADVANCED_FACE('',(#6069),#6088,.F.);
#6069 = FACE_BOUND('',#6070,.T.);
#6070 = EDGE_LOOP('',(#6071,#6072,#6080,#6087));
#6071 = ORIENTED_EDGE('',*,*,#5606,.T.);
#6072 = ORIENTED_EDGE('',*,*,#6073,.T.);
#6073 = EDGE_CURVE('',#5607,#6074,#6076,.T.);
#6074 = VERTEX_POINT('',#6075);
#6075 = CARTESIAN_POINT('',(20.85,-29.,140.));
#6076 = LINE('',#6077,#6078);
#6077 = CARTESIAN_POINT('',(20.85,-36.,140.));
#6078 = VECTOR('',#6079,1.);
#6079 = DIRECTION('',(0.,1.,2.2E-16));
#6080 = ORIENTED_EDGE('',*,*,#6081,.T.);
#6081 = EDGE_CURVE('',#6074,#6074,#6082,.T.);
#6082 = CIRCLE('',#6083,0.85);
#6083 = AXIS2_PLACEMENT_3D('',#6084,#6085,#6086);
#6084 = CARTESIAN_POINT('',(20.,-29.,140.));
#6085 = DIRECTION('',(-0.,1.,2.2E-16));
#6086 = DIRECTION('',(1.,0.,0.));
#6087 = ORIENTED_EDGE('',*,*,#6073,.F.);
#6088 = CYLINDRICAL_SURFACE('',#6089,0.85);
#6089 = AXIS2_PLACEMENT_3D('',#6090,#6091,#6092);
#6090 = CARTESIAN_POINT('',(20.,-36.,140.));
#6091 = DIRECTION('',(-0.,-1.,-2.2E-16));
#6092 = DIRECTION('',(1.,0.,0.));
#6093 = ADVANCED_FACE('',(#6094),#6113,.T.);
#6094 = FACE_BOUND('',#6095,.F.);
#6095 = EDGE_LOOP('',(#6096,#6097,#6105,#6112));
#6096 = ORIENTED_EDGE('',*,*,#5666,.T.);
#6097 = ORIENTED_EDGE('',*,*,#6098,.T.);
#6098 = EDGE_CURVE('',#5667,#6099,#6101,.T.);
#6099 = VERTEX_POINT('',#6100);
#6100 = CARTESIAN_POINT('',(-14.,-17.,100.));
#6101 = LINE('',#6102,#6103);
#6102 = CARTESIAN_POINT('',(-14.,-23.,100.));
#6103 = VECTOR('',#6104,1.);
#6104 = DIRECTION('',(0.,1.,2.2E-16));
#6105 = ORIENTED_EDGE('',*,*,#6106,.T.);
#6106 = EDGE_CURVE('',#6099,#6099,#6107,.T.);
#6107 = CIRCLE('',#6108,3.);
#6108 = AXIS2_PLACEMENT_3D('',#6109,#6110,#6111);
#6109 = CARTESIAN_POINT('',(-17.,-17.,100.));
#6110 = DIRECTION('',(-0.,1.,2.2E-16));
#6111 = DIRECTION('',(1.,0.,0.));
#6112 = ORIENTED_EDGE('',*,*,#6098,.F.);
#6113 = CYLINDRICAL_SURFACE('',#6114,3.);
#6114 = AXIS2_PLACEMENT_3D('',#6115,#6116,#6117);
#6115 = CARTESIAN_POINT('',(-17.,-23.,100.));
#6116 = DIRECTION('',(-0.,-1.,-2.2E-16));
#6117 = DIRECTION('',(1.,0.,0.));
#6118 = ADVANCED_FACE('',(#6119),#6138,.T.);
#6119 = FACE_BOUND('',#6120,.F.);
#6120 = EDGE_LOOP('',(#6121,#6130,#6136,#6137));
#6121 = ORIENTED_EDGE('',*,*,#6122,.F.);
#6122 = EDGE_CURVE('',#6123,#6123,#6125,.T.);
#6123 = VERTEX_POINT('',#6124);
#6124 = CARTESIAN_POINT('',(-14.,17.,100.));
#6125 = CIRCLE('',#6126,3.);
#6126 = AXIS2_PLACEMENT_3D('',#6127,#6128,#6129);
#6127 = CARTESIAN_POINT('',(-17.,17.,100.));
#6128 = DIRECTION('',(-0.,1.,2.2E-16));
#6129 = DIRECTION('',(1.,0.,0.));
#6130 = ORIENTED_EDGE('',*,*,#6131,.T.);
#6131 = EDGE_CURVE('',#6123,#5696,#6132,.T.);
#6132 = LINE('',#6133,#6134);
#6133 = CARTESIAN_POINT('',(-14.,17.,100.));
#6134 = VECTOR('',#6135,1.);
#6135 = DIRECTION('',(0.,1.,2.2E-16));
#6136 = ORIENTED_EDGE('',*,*,#5695,.F.);
#6137 = ORIENTED_EDGE('',*,*,#6131,.F.);
#6138 = CYLINDRICAL_SURFACE('',#6139,3.);
#6139 = AXIS2_PLACEMENT_3D('',#6140,#6141,#6142);
#6140 = CARTESIAN_POINT('',(-17.,17.,100.));
#6141 = DIRECTION('',(-0.,-1.,-2.2E-16));
#6142 = DIRECTION('',(1.,0.,0.));
#6143 = ADVANCED_FACE('',(#6144),#6163,.F.);
#6144 = FACE_BOUND('',#6145,.T.);
#6145 = EDGE_LOOP('',(#6146,#6155,#6161,#6162));
#6146 = ORIENTED_EDGE('',*,*,#6147,.F.);
#6147 = EDGE_CURVE('',#6148,#6148,#6150,.T.);
#6148 = VERTEX_POINT('',#6149);
#6149 = CARTESIAN_POINT('',(20.85,29.,140.));
#6150 = CIRCLE('',#6151,0.85);
#6151 = AXIS2_PLACEMENT_3D('',#6152,#6153,#6154);
#6152 = CARTESIAN_POINT('',(20.,29.,140.));
#6153 = DIRECTION('',(-0.,1.,2.2E-16));
#6154 = DIRECTION('',(1.,0.,0.));
#6155 = ORIENTED_EDGE('',*,*,#6156,.T.);
#6156 = EDGE_CURVE('',#6148,#5719,#6157,.T.);
#6157 = LINE('',#6158,#6159);
#6158 = CARTESIAN_POINT('',(20.85,29.,140.));
#6159 = VECTOR('',#6160,1.);
#6160 = DIRECTION('',(0.,1.,2.2E-16));
#6161 = ORIENTED_EDGE('',*,*,#5718,.F.);
#6162 = ORIENTED_EDGE('',*,*,#6156,.F.);
#6163 = CYLINDRICAL_SURFACE('',#6164,0.85);
#6164 = AXIS2_PLACEMENT_3D('',#6165,#6166,#6167);
#6165 = CARTESIAN_POINT('',(20.,29.,140.));
#6166 = DIRECTION('',(-0.,-1.,-2.2E-16));
#6167 = DIRECTION('',(1.,0.,0.));
#6168 = ADVANCED_FACE('',(#6169),#6188,.F.);
#6169 = FACE_BOUND('',#6170,.T.);
#6170 = EDGE_LOOP('',(#6171,#6179,#6180,#6181));
#6171 = ORIENTED_EDGE('',*,*,#6172,.F.);
#6172 = EDGE_CURVE('',#5745,#6173,#6175,.T.);
#6173 = VERTEX_POINT('',#6174);
#6174 = CARTESIAN_POINT('',(37.607359312881,16.3,148.25735931288));
#6175 = LINE('',#6176,#6177);
#6176 = CARTESIAN_POINT('',(37.607359312881,12.5,148.25735931288));
#6177 = VECTOR('',#6178,1.);
#6178 = DIRECTION('',(0.,1.,2.2E-16));
#6179 = ORIENTED_EDGE('',*,*,#5744,.T.);
#6180 = ORIENTED_EDGE('',*,*,#6172,.T.);
#6181 = ORIENTED_EDGE('',*,*,#6182,.F.);
#6182 = EDGE_CURVE('',#6173,#6173,#6183,.T.);
#6183 = CIRCLE('',#6184,0.85);
#6184 = AXIS2_PLACEMENT_3D('',#6185,#6186,#6187);
#6185 = CARTESIAN_POINT('',(36.757359312881,16.3,148.25735931288));
#6186 = DIRECTION('',(0.,-1.,-1.11E-15));
#6187 = DIRECTION('',(1.,0.,0.));
#6188 = CYLINDRICAL_SURFACE('',#6189,0.85);
#6189 = AXIS2_PLACEMENT_3D('',#6190,#6191,#6192);
#6190 = CARTESIAN_POINT('',(36.757359312881,12.5,148.25735931288));
#6191 = DIRECTION('',(-0.,-1.,-2.2E-16));
#6192 = DIRECTION('',(1.,0.,0.));
#6193 = ADVANCED_FACE('',(#6194),#6213,.F.);
#6194 = FACE_BOUND('',#6195,.T.);
#6195 = EDGE_LOOP('',(#6196,#6204,#6205,#6206));
#6196 = ORIENTED_EDGE('',*,*,#6197,.F.);
#6197 = EDGE_CURVE('',#5756,#6198,#6200,.T.);
#6198 = VERTEX_POINT('',#6199);
#6199 = CARTESIAN_POINT('',(45.,16.3,152.5));
#6200 = LINE('',#6201,#6202);
#6201 = CARTESIAN_POINT('',(45.,12.5,152.5));
#6202 = VECTOR('',#6203,1.);
#6203 = DIRECTION('',(0.,1.,2.2E-16));
#6204 = ORIENTED_EDGE('',*,*,#5755,.T.);
#6205 = ORIENTED_EDGE('',*,*,#6197,.T.);
#6206 = ORIENTED_EDGE('',*,*,#6207,.F.);
#6207 = EDGE_CURVE('',#6198,#6198,#6208,.T.);
#6208 = CIRCLE('',#6209,4.);
#6209 = AXIS2_PLACEMENT_3D('',#6210,#6211,#6212);
#6210 = CARTESIAN_POINT('',(41.,16.3,152.5));
#6211 = DIRECTION('',(0.,-1.,-1.11E-15));
#6212 = DIRECTION('',(1.,0.,0.));
#6213 = CYLINDRICAL_SURFACE('',#6214,4.);
#6214 = AXIS2_PLACEMENT_3D('',#6215,#6216,#6217);
#6215 = CARTESIAN_POINT('',(41.,12.5,152.5));
#6216 = DIRECTION('',(-0.,-1.,-2.2E-16));
#6217 = DIRECTION('',(1.,0.,0.));
#6218 = ADVANCED_FACE('',(#6219),#6238,.F.);
#6219 = FACE_BOUND('',#6220,.T.);
#6220 = EDGE_LOOP('',(#6221,#6229,#6230,#6231));
#6221 = ORIENTED_EDGE('',*,*,#6222,.F.);
#6222 = EDGE_CURVE('',#5767,#6223,#6225,.T.);
#6223 = VERTEX_POINT('',#6224);
#6224 = CARTESIAN_POINT('',(46.092640687119,16.3,148.25735931288));
#6225 = LINE('',#6226,#6227);
#6226 = CARTESIAN_POINT('',(46.092640687119,12.5,148.25735931288));
#6227 = VECTOR('',#6228,1.);
#6228 = DIRECTION('',(0.,1.,2.2E-16));
#6229 = ORIENTED_EDGE('',*,*,#5766,.T.);
#6230 = ORIENTED_EDGE('',*,*,#6222,.T.);
#6231 = ORIENTED_EDGE('',*,*,#6232,.F.);
#6232 = EDGE_CURVE('',#6223,#6223,#6233,.T.);
#6233 = CIRCLE('',#6234,0.85);
#6234 = AXIS2_PLACEMENT_3D('',#6235,#6236,#6237);
#6235 = CARTESIAN_POINT('',(45.242640687119,16.3,148.25735931288));
#6236 = DIRECTION('',(0.,-1.,-1.11E-15));
#6237 = DIRECTION('',(1.,0.,0.));
#6238 = CYLINDRICAL_SURFACE('',#6239,0.85);
#6239 = AXIS2_PLACEMENT_3D('',#6240,#6241,#6242);
#6240 = CARTESIAN_POINT('',(45.242640687119,12.5,148.25735931288));
#6241 = DIRECTION('',(-0.,-1.,-2.2E-16));
#6242 = DIRECTION('',(1.,0.,0.));
#6243 = ADVANCED_FACE('',(#6244),#6263,.F.);
#6244 = FACE_BOUND('',#6245,.T.);
#6245 = EDGE_LOOP('',(#6246,#6247,#6255,#6262));
#6246 = ORIENTED_EDGE('',*,*,#5824,.T.);
#6247 = ORIENTED_EDGE('',*,*,#6248,.T.);
#6248 = EDGE_CURVE('',#5825,#6249,#6251,.T.);
#6249 = VERTEX_POINT('',#6250);
#6250 = CARTESIAN_POINT('',(-29.15,-29.,140.));
#6251 = LINE('',#6252,#6253);
#6252 = CARTESIAN_POINT('',(-29.15,-36.,140.));
#6253 = VECTOR('',#6254,1.);
#6254 = DIRECTION('',(0.,1.,2.2E-16));
#6255 = ORIENTED_EDGE('',*,*,#6256,.T.);
#6256 = EDGE_CURVE('',#6249,#6249,#6257,.T.);
#6257 = CIRCLE('',#6258,0.85);
#6258 = AXIS2_PLACEMENT_3D('',#6259,#6260,#6261);
#6259 = CARTESIAN_POINT('',(-30.,-29.,140.));
#6260 = DIRECTION('',(-0.,1.,2.2E-16));
#6261 = DIRECTION('',(1.,0.,0.));
#6262 = ORIENTED_EDGE('',*,*,#6248,.F.);
#6263 = CYLINDRICAL_SURFACE('',#6264,0.85);
#6264 = AXIS2_PLACEMENT_3D('',#6265,#6266,#6267);
#6265 = CARTESIAN_POINT('',(-30.,-36.,140.));
#6266 = DIRECTION('',(-0.,-1.,-2.2E-16));
#6267 = DIRECTION('',(1.,0.,0.));
#6268 = ADVANCED_FACE('',(#6269),#6288,.F.);
#6269 = FACE_BOUND('',#6270,.T.);
#6270 = EDGE_LOOP('',(#6271,#6279,#6286,#6287));
#6271 = ORIENTED_EDGE('',*,*,#6272,.T.);
#6272 = EDGE_CURVE('',#5845,#6273,#6275,.T.);
#6273 = VERTEX_POINT('',#6274);
#6274 = CARTESIAN_POINT('',(-16.15,-17.,100.));
#6275 = LINE('',#6276,#6277);
#6276 = CARTESIAN_POINT('',(-16.15,-23.,100.));
#6277 = VECTOR('',#6278,1.);
#6278 = DIRECTION('',(0.,1.,2.2E-16));
#6279 = ORIENTED_EDGE('',*,*,#6280,.T.);
#6280 = EDGE_CURVE('',#6273,#6273,#6281,.T.);
#6281 = CIRCLE('',#6282,0.85);
#6282 = AXIS2_PLACEMENT_3D('',#6283,#6284,#6285);
#6283 = CARTESIAN_POINT('',(-17.,-17.,100.));
#6284 = DIRECTION('',(-0.,1.,2.2E-16));
#6285 = DIRECTION('',(1.,0.,0.));
#6286 = ORIENTED_EDGE('',*,*,#6272,.F.);
#6287 = ORIENTED_EDGE('',*,*,#5844,.F.);
#6288 = CYLINDRICAL_SURFACE('',#6289,0.85);
#6289 = AXIS2_PLACEMENT_3D('',#6290,#6291,#6292);
#6290 = CARTESIAN_POINT('',(-17.,-23.,100.));
#6291 = DIRECTION('',(-0.,-1.,-2.2E-16));
#6292 = DIRECTION('',(1.,0.,0.));
#6293 = ADVANCED_FACE('',(#6294),#6313,.F.);
#6294 = FACE_BOUND('',#6295,.T.);
#6295 = EDGE_LOOP('',(#6296,#6305,#6311,#6312));
#6296 = ORIENTED_EDGE('',*,*,#6297,.F.);
#6297 = EDGE_CURVE('',#6298,#6298,#6300,.T.);
#6298 = VERTEX_POINT('',#6299);
#6299 = CARTESIAN_POINT('',(-29.15,29.,140.));
#6300 = CIRCLE('',#6301,0.85);
#6301 = AXIS2_PLACEMENT_3D('',#6302,#6303,#6304);
#6302 = CARTESIAN_POINT('',(-30.,29.,140.));
#6303 = DIRECTION('',(-0.,1.,2.2E-16));
#6304 = DIRECTION('',(1.,0.,0.));
#6305 = ORIENTED_EDGE('',*,*,#6306,.T.);
#6306 = EDGE_CURVE('',#6298,#5902,#6307,.T.);
#6307 = LINE('',#6308,#6309);
#6308 = CARTESIAN_POINT('',(-29.15,29.,140.));
#6309 = VECTOR('',#6310,1.);
#6310 = DIRECTION('',(0.,1.,2.2E-16));
#6311 = ORIENTED_EDGE('',*,*,#5901,.F.);
#6312 = ORIENTED_EDGE('',*,*,#6306,.F.);
#6313 = CYLINDRICAL_SURFACE('',#6314,0.85);
#6314 = AXIS2_PLACEMENT_3D('',#6315,#6316,#6317);
#6315 = CARTESIAN_POINT('',(-30.,29.,140.));
#6316 = DIRECTION('',(-0.,-1.,-2.2E-16));
#6317 = DIRECTION('',(1.,0.,0.));
#6318 = ADVANCED_FACE('',(#6319),#6338,.F.);
#6319 = FACE_BOUND('',#6320,.T.);
#6320 = EDGE_LOOP('',(#6321,#6329,#6330,#6331));
#6321 = ORIENTED_EDGE('',*,*,#6322,.T.);
#6322 = EDGE_CURVE('',#6323,#5922,#6325,.T.);
#6323 = VERTEX_POINT('',#6324);
#6324 = CARTESIAN_POINT('',(-16.15,17.,100.));
#6325 = LINE('',#6326,#6327);
#6326 = CARTESIAN_POINT('',(-16.15,17.,100.));
#6327 = VECTOR('',#6328,1.);
#6328 = DIRECTION('',(0.,1.,2.2E-16));
#6329 = ORIENTED_EDGE('',*,*,#5921,.T.);
#6330 = ORIENTED_EDGE('',*,*,#6322,.F.);
#6331 = ORIENTED_EDGE('',*,*,#6332,.F.);
#6332 = EDGE_CURVE('',#6323,#6323,#6333,.T.);
#6333 = CIRCLE('',#6334,0.85);
#6334 = AXIS2_PLACEMENT_3D('',#6335,#6336,#6337);
#6335 = CARTESIAN_POINT('',(-17.,17.,100.));
#6336 = DIRECTION('',(-0.,1.,2.2E-16));
#6337 = DIRECTION('',(1.,0.,0.));
#6338 = CYLINDRICAL_SURFACE('',#6339,0.85);
#6339 = AXIS2_PLACEMENT_3D('',#6340,#6341,#6342);
#6340 = CARTESIAN_POINT('',(-17.,17.,100.));
#6341 = DIRECTION('',(-0.,-1.,-2.2E-16));
#6342 = DIRECTION('',(1.,0.,0.));
#6343 = ADVANCED_FACE('',(#6344),#6347,.T.);
#6344 = FACE_BOUND('',#6345,.F.);
#6345 = EDGE_LOOP('',(#6346));
#6346 = ORIENTED_EDGE('',*,*,#5955,.F.);
#6347 = PLANE('',#6348);
#6348 = AXIS2_PLACEMENT_3D('',#6349,#6350,#6351);
#6349 = CARTESIAN_POINT('',(16.399928,-11.400058,147.));
#6350 = DIRECTION('',(0.,-2.2E-16,1.));
#6351 = DIRECTION('',(1.,0.,0.));
#6352 = ADVANCED_FACE('',(#6353),#6356,.T.);
#6353 = FACE_BOUND('',#6354,.F.);
#6354 = EDGE_LOOP('',(#6355));
#6355 = ORIENTED_EDGE('',*,*,#5997,.F.);
#6356 = PLANE('',#6357);
#6357 = AXIS2_PLACEMENT_3D('',#6358,#6359,#6360);
#6358 = CARTESIAN_POINT('',(16.399928,11.500074,147.));
#6359 = DIRECTION('',(0.,-2.2E-16,1.));
#6360 = DIRECTION('',(1.,0.,0.));
#6361 = ADVANCED_FACE('',(#6362),#6365,.T.);
#6362 = FACE_BOUND('',#6363,.F.);
#6363 = EDGE_LOOP('',(#6364));
#6364 = ORIENTED_EDGE('',*,*,#6022,.F.);
#6365 = PLANE('',#6366);
#6366 = AXIS2_PLACEMENT_3D('',#6367,#6368,#6369);
#6367 = CARTESIAN_POINT('',(-41.450096,-11.400058,147.));
#6368 = DIRECTION('',(0.,-2.2E-16,1.));
#6369 = DIRECTION('',(1.,0.,0.));
#6370 = ADVANCED_FACE('',(#6371),#6374,.T.);
#6371 = FACE_BOUND('',#6372,.F.);
#6372 = EDGE_LOOP('',(#6373));
#6373 = ORIENTED_EDGE('',*,*,#6047,.F.);
#6374 = PLANE('',#6375);
#6375 = AXIS2_PLACEMENT_3D('',#6376,#6377,#6378);
#6376 = CARTESIAN_POINT('',(-41.400058,11.450036,147.));
#6377 = DIRECTION('',(0.,-2.2E-16,1.));
#6378 = DIRECTION('',(1.,0.,0.));
#6379 = ADVANCED_FACE('',(#6380),#6383,.F.);
#6380 = FACE_BOUND('',#6381,.T.);
#6381 = EDGE_LOOP('',(#6382));
#6382 = ORIENTED_EDGE('',*,*,#6081,.F.);
#6383 = PLANE('',#6384);
#6384 = AXIS2_PLACEMENT_3D('',#6385,#6386,#6387);
#6385 = CARTESIAN_POINT('',(20.,-29.,140.));
#6386 = DIRECTION('',(0.,1.,2.2E-16));
#6387 = DIRECTION('',(1.,0.,0.));
#6388 = ADVANCED_FACE('',(#6389,#6392),#6395,.T.);
#6389 = FACE_BOUND('',#6390,.T.);
#6390 = EDGE_LOOP('',(#6391));
#6391 = ORIENTED_EDGE('',*,*,#6106,.T.);
#6392 = FACE_BOUND('',#6393,.T.);
#6393 = EDGE_LOOP('',(#6394));
#6394 = ORIENTED_EDGE('',*,*,#6280,.F.);
#6395 = PLANE('',#6396);
#6396 = AXIS2_PLACEMENT_3D('',#6397,#6398,#6399);
#6397 = CARTESIAN_POINT('',(-17.,-17.,100.));
#6398 = DIRECTION('',(0.,1.,2.2E-16));
#6399 = DIRECTION('',(1.,0.,0.));
#6400 = ADVANCED_FACE('',(#6401,#6404),#6407,.F.);
#6401 = FACE_BOUND('',#6402,.F.);
#6402 = EDGE_LOOP('',(#6403));
#6403 = ORIENTED_EDGE('',*,*,#6122,.T.);
#6404 = FACE_BOUND('',#6405,.F.);
#6405 = EDGE_LOOP('',(#6406));
#6406 = ORIENTED_EDGE('',*,*,#6332,.F.);
#6407 = PLANE('',#6408);
#6408 = AXIS2_PLACEMENT_3D('',#6409,#6410,#6411);
#6409 = CARTESIAN_POINT('',(-17.,17.,100.));
#6410 = DIRECTION('',(0.,1.,2.2E-16));
#6411 = DIRECTION('',(1.,0.,0.));
#6412 = ADVANCED_FACE('',(#6413),#6416,.T.);
#6413 = FACE_BOUND('',#6414,.F.);
#6414 = EDGE_LOOP('',(#6415));
#6415 = ORIENTED_EDGE('',*,*,#6147,.F.);
#6416 = PLANE('',#6417);
#6417 = AXIS2_PLACEMENT_3D('',#6418,#6419,#6420);
#6418 = CARTESIAN_POINT('',(20.,29.,140.));
#6419 = DIRECTION('',(0.,1.,2.2E-16));
#6420 = DIRECTION('',(1.,0.,0.));
#6421 = ADVANCED_FACE('',(#6422),#6425,.F.);
#6422 = FACE_BOUND('',#6423,.F.);
#6423 = EDGE_LOOP('',(#6424));
#6424 = ORIENTED_EDGE('',*,*,#6182,.F.);
#6425 = PLANE('',#6426);
#6426 = AXIS2_PLACEMENT_3D('',#6427,#6428,#6429);
#6427 = CARTESIAN_POINT('',(38.234878315715,16.3,149.54881403894));
#6428 = DIRECTION('',(0.,1.,-2.E-17));
#6429 = DIRECTION('',(0.,2.E-17,1.));
#6430 = ADVANCED_FACE('',(#6431),#6434,.F.);
#6431 = FACE_BOUND('',#6432,.F.);
#6432 = EDGE_LOOP('',(#6433));
#6433 = ORIENTED_EDGE('',*,*,#6207,.F.);
#6434 = PLANE('',#6435);
#6435 = AXIS2_PLACEMENT_3D('',#6436,#6437,#6438);
#6436 = CARTESIAN_POINT('',(38.234878315715,16.3,149.54881403894));
#6437 = DIRECTION('',(0.,1.,-2.E-17));
#6438 = DIRECTION('',(0.,2.E-17,1.));
#6439 = ADVANCED_FACE('',(#6440),#6443,.F.);
#6440 = FACE_BOUND('',#6441,.F.);
#6441 = EDGE_LOOP('',(#6442));
#6442 = ORIENTED_EDGE('',*,*,#6232,.F.);
#6443 = PLANE('',#6444);
#6444 = AXIS2_PLACEMENT_3D('',#6445,#6446,#6447);
#6445 = CARTESIAN_POINT('',(38.234878315715,16.3,149.54881403894));
#6446 = DIRECTION('',(0.,1.,-2.E-17));
#6447 = DIRECTION('',(0.,2.E-17,1.));
#6448 = ADVANCED_FACE('',(#6449),#6452,.F.);
#6449 = FACE_BOUND('',#6450,.T.);
#6450 = EDGE_LOOP('',(#6451));
#6451 = ORIENTED_EDGE('',*,*,#6256,.F.);
#6452 = PLANE('',#6453);
#6453 = AXIS2_PLACEMENT_3D('',#6454,#6455,#6456);
#6454 = CARTESIAN_POINT('',(-30.,-29.,140.));
#6455 = DIRECTION('',(0.,1.,2.2E-16));
#6456 = DIRECTION('',(1.,0.,0.));
#6457 = ADVANCED_FACE('',(#6458),#6461,.T.);
#6458 = FACE_BOUND('',#6459,.F.);
#6459 = EDGE_LOOP('',(#6460));
#6460 = ORIENTED_EDGE('',*,*,#6297,.F.);
#6461 = PLANE('',#6462);
#6462 = AXIS2_PLACEMENT_3D('',#6463,#6464,#6465);
#6463 = CARTESIAN_POINT('',(-30.,29.,140.));
#6464 = DIRECTION('',(0.,1.,2.2E-16));
#6465 = DIRECTION('',(1.,0.,0.));
#6466 = ( GEOMETRIC_REPRESENTATION_CONTEXT(3) 
GLOBAL_UNCERTAINTY_ASSIGNED_CONTEXT((#6470)) 
GLOBAL_UNIT_ASSIGNED_CONTEXT((#6467,#6468,#6469)) REPRESENTATION_CONTEXT
('Context #1','3D Context with UNIT and UNCERTAINTY') );
#6467 = ( LENGTH_UNIT() NAMED_UNIT(*) SI_UNIT(.MILLI.,.METRE.) );
#6468 = ( NAMED_UNIT(*) PLANE_ANGLE_UNIT() SI_UNIT($,.RADIAN.) );
#6469 = ( NAMED_UNIT(*) SI_UNIT($,.STERADIAN.) SOLID_ANGLE_UNIT() );
#6470 = UNCERTAINTY_MEASURE_WITH_UNIT(LENGTH_MEASURE(5.E-05),#6467,
  'distance_accuracy_value','confusion accuracy');
#6471 = PRODUCT_RELATED_PRODUCT_CATEGORY('part',$,(#7));
ENDSEC;
END-ISO-10303-21;
