ISO-10303-21;
HEADER;
FILE_DESCRIPTION(('FreeCAD Model'),'2;1');
FILE_NAME('Open CASCADE Shape Model','2026-10-09T09:05:22',('FreeCAD'),(
    'FreeCAD'),'Open CASCADE STEP processor 7.8','FreeCAD','Unknown');
FILE_SCHEMA(('AUTOMOTIVE_DESIGN { 1 0 10303 214 1 1 1 1 }'));
ENDSEC;
DATA;
#1 = APPLICATION_PROTOCOL_DEFINITION('international standard',
  'automotive_design',2000,#2);
#2 = APPLICATION_CONTEXT(
  'core data for automotive mechanical design processes');
#3 = SHAPE_DEFINITION_REPRESENTATION(#4,#10);
#4 = PRODUCT_DEFINITION_SHAPE('','',#5);
#5 = PRODUCT_DEFINITION('design','',#6,#9);
#6 = PRODUCT_DEFINITION_FORMATION('','',#7);
#7 = PRODUCT('Open CASCADE STEP translator 7.8 6',
  'Open CASCADE STEP translator 7.8 6','',(#8));
#8 = PRODUCT_CONTEXT('',#2,'mechanical');
#9 = PRODUCT_DEFINITION_CONTEXT('part definition',#2,'design');
#10 = ADVANCED_BREP_SHAPE_REPRESENTATION('',(#11,#15),#2777);
#11 = AXIS2_PLACEMENT_3D('',#12,#13,#14);
#12 = CARTESIAN_POINT('',(0.,0.,0.));
#13 = DIRECTION('',(0.,0.,1.));
#14 = DIRECTION('',(1.,0.,-0.));
#15 = MANIFOLD_SOLID_BREP('',#16);
#16 = CLOSED_SHELL('',(#17,#57,#120,#176,#243,#319,#373,#390,#503,#552,
    #624,#689,#713,#771,#783,#832,#857,#881,#905,#980,#1029,#1041,#1066,
    #1083,#1107,#1131,#1155,#1179,#1196,#1220,#1237,#1282,#1299,#1347,
    #1372,#1397,#1422,#1447,#1472,#1503,#1586,#1610,#1693,#1717,#1785,
    #1823,#1921,#1946,#2010,#2035,#2052,#2077,#2095,#2110,#2127,#2151,
    #2221,#2233,#2279,#2296,#2324,#2348,#2373,#2390,#2418,#2446,#2460,
    #2484,#2508,#2532,#2556,#2573,#2598,#2623,#2648,#2673,#2698,#2715,
    #2732,#2741,#2750,#2759,#2768));
#17 = ADVANCED_FACE('',(#18),#52,.T.);
#18 = FACE_BOUND('',#19,.T.);
#19 = EDGE_LOOP('',(#20,#30,#38,#46));
#20 = ORIENTED_EDGE('',*,*,#21,.F.);
#21 = EDGE_CURVE('',#22,#24,#26,.T.);
#22 = VERTEX_POINT('',#23);
#23 = CARTESIAN_POINT('',(40.5,38.,106.5));
#24 = VERTEX_POINT('',#25);
#25 = CARTESIAN_POINT('',(40.5,38.,114.5));
#26 = LINE('',#27,#28);
#27 = CARTESIAN_POINT('',(40.5,38.,90.5));
#28 = VECTOR('',#29,1.);
#29 = DIRECTION('',(0.,0.,1.));
#30 = ORIENTED_EDGE('',*,*,#31,.F.);
#31 = EDGE_CURVE('',#32,#22,#34,.T.);
#32 = VERTEX_POINT('',#33);
#33 = CARTESIAN_POINT('',(40.5,42.,106.5));
#34 = LINE('',#35,#36);
#35 = CARTESIAN_POINT('',(40.5,38.,106.5));
#36 = VECTOR('',#37,1.);
#37 = DIRECTION('',(0.,-1.,0.));
#38 = ORIENTED_EDGE('',*,*,#39,.T.);
#39 = EDGE_CURVE('',#32,#40,#42,.T.);
#40 = VERTEX_POINT('',#41);
#41 = CARTESIAN_POINT('',(40.5,42.,114.5));
#42 = LINE('',#43,#44);
#43 = CARTESIAN_POINT('',(40.5,42.,90.5));
#44 = VECTOR('',#45,1.);
#45 = DIRECTION('',(0.,0.,1.));
#46 = ORIENTED_EDGE('',*,*,#47,.F.);
#47 = EDGE_CURVE('',#24,#40,#48,.T.);
#48 = LINE('',#49,#50);
#49 = CARTESIAN_POINT('',(40.5,38.,114.5));
#50 = VECTOR('',#51,1.);
#51 = DIRECTION('',(0.,1.,0.));
#52 = PLANE('',#53);
#53 = AXIS2_PLACEMENT_3D('',#54,#55,#56);
#54 = CARTESIAN_POINT('',(40.5,38.,90.5));
#55 = DIRECTION('',(1.,0.,0.));
#56 = DIRECTION('',(0.,0.,1.));
#57 = ADVANCED_FACE('',(#58),#115,.T.);
#58 = FACE_BOUND('',#59,.T.);
#59 = EDGE_LOOP('',(#60,#70,#78,#86,#94,#100,#101,#109));
#60 = ORIENTED_EDGE('',*,*,#61,.T.);
#61 = EDGE_CURVE('',#62,#64,#66,.T.);
#62 = VERTEX_POINT('',#63);
#63 = CARTESIAN_POINT('',(36.5,38.,90.5));
#64 = VERTEX_POINT('',#65);
#65 = CARTESIAN_POINT('',(40.5,38.,90.5));
#66 = LINE('',#67,#68);
#67 = CARTESIAN_POINT('',(6.,38.,90.5));
#68 = VECTOR('',#69,1.);
#69 = DIRECTION('',(1.,0.,0.));
#70 = ORIENTED_EDGE('',*,*,#71,.T.);
#71 = EDGE_CURVE('',#64,#72,#74,.T.);
#72 = VERTEX_POINT('',#73);
#73 = CARTESIAN_POINT('',(40.5,38.,98.5));
#74 = LINE('',#75,#76);
#75 = CARTESIAN_POINT('',(40.5,38.,90.5));
#76 = VECTOR('',#77,1.);
#77 = DIRECTION('',(0.,0.,1.));
#78 = ORIENTED_EDGE('',*,*,#79,.T.);
#79 = EDGE_CURVE('',#72,#80,#82,.T.);
#80 = VERTEX_POINT('',#81);
#81 = CARTESIAN_POINT('',(49.,38.,98.5));
#82 = LINE('',#83,#84);
#83 = CARTESIAN_POINT('',(38.5,38.,98.5));
#84 = VECTOR('',#85,1.);
#85 = DIRECTION('',(1.,0.,0.));
#86 = ORIENTED_EDGE('',*,*,#87,.T.);
#87 = EDGE_CURVE('',#80,#88,#90,.T.);
#88 = VERTEX_POINT('',#89);
#89 = CARTESIAN_POINT('',(49.,38.,106.5));
#90 = LINE('',#91,#92);
#91 = CARTESIAN_POINT('',(49.,38.,98.5));
#92 = VECTOR('',#93,1.);
#93 = DIRECTION('',(0.,0.,1.));
#94 = ORIENTED_EDGE('',*,*,#95,.F.);
#95 = EDGE_CURVE('',#22,#88,#96,.T.);
#96 = LINE('',#97,#98);
#97 = CARTESIAN_POINT('',(38.5,38.,106.5));
#98 = VECTOR('',#99,1.);
#99 = DIRECTION('',(1.,0.,0.));
#100 = ORIENTED_EDGE('',*,*,#21,.T.);
#101 = ORIENTED_EDGE('',*,*,#102,.F.);
#102 = EDGE_CURVE('',#103,#24,#105,.T.);
#103 = VERTEX_POINT('',#104);
#104 = CARTESIAN_POINT('',(36.5,38.,114.5));
#105 = LINE('',#106,#107);
#106 = CARTESIAN_POINT('',(6.,38.,114.5));
#107 = VECTOR('',#108,1.);
#108 = DIRECTION('',(1.,0.,0.));
#109 = ORIENTED_EDGE('',*,*,#110,.T.);
#110 = EDGE_CURVE('',#103,#62,#111,.T.);
#111 = LINE('',#112,#113);
#112 = CARTESIAN_POINT('',(36.5,38.,90.5));
#113 = VECTOR('',#114,1.);
#114 = DIRECTION('',(7.8E-16,-5.6E-16,-1.));
#115 = PLANE('',#116);
#116 = AXIS2_PLACEMENT_3D('',#117,#118,#119);
#117 = CARTESIAN_POINT('',(40.88698630137,38.,102.5));
#118 = DIRECTION('',(-1.04E-15,-1.,5.2E-16));
#119 = DIRECTION('',(-1.,1.04E-15,-9.012133787925E-48));
#120 = ADVANCED_FACE('',(#121),#171,.T.);
#121 = FACE_BOUND('',#122,.T.);
#122 = EDGE_LOOP('',(#123,#131,#139,#147,#155,#163,#169,#170));
#123 = ORIENTED_EDGE('',*,*,#124,.F.);
#124 = EDGE_CURVE('',#125,#40,#127,.T.);
#125 = VERTEX_POINT('',#126);
#126 = CARTESIAN_POINT('',(6.,42.,114.5));
#127 = LINE('',#128,#129);
#128 = CARTESIAN_POINT('',(6.,42.,114.5));
#129 = VECTOR('',#130,1.);
#130 = DIRECTION('',(1.,0.,0.));
#131 = ORIENTED_EDGE('',*,*,#132,.F.);
#132 = EDGE_CURVE('',#133,#125,#135,.T.);
#133 = VERTEX_POINT('',#134);
#134 = CARTESIAN_POINT('',(6.,38.,114.5));
#135 = LINE('',#136,#137);
#136 = CARTESIAN_POINT('',(6.,38.,114.5));
#137 = VECTOR('',#138,1.);
#138 = DIRECTION('',(0.,1.,0.));
#139 = ORIENTED_EDGE('',*,*,#140,.T.);
#140 = EDGE_CURVE('',#133,#141,#143,.T.);
#141 = VERTEX_POINT('',#142);
#142 = CARTESIAN_POINT('',(32.5,38.,114.5));
#143 = LINE('',#144,#145);
#144 = CARTESIAN_POINT('',(6.,38.,114.5));
#145 = VECTOR('',#146,1.);
#146 = DIRECTION('',(1.,0.,0.));
#147 = ORIENTED_EDGE('',*,*,#148,.F.);
#148 = EDGE_CURVE('',#149,#141,#151,.T.);
#149 = VERTEX_POINT('',#150);
#150 = CARTESIAN_POINT('',(32.5,5.5,114.5));
#151 = LINE('',#152,#153);
#152 = CARTESIAN_POINT('',(32.5,5.5,114.5));
#153 = VECTOR('',#154,1.);
#154 = DIRECTION('',(0.,1.,0.));
#155 = ORIENTED_EDGE('',*,*,#156,.T.);
#156 = EDGE_CURVE('',#149,#157,#159,.T.);
#157 = VERTEX_POINT('',#158);
#158 = CARTESIAN_POINT('',(36.5,5.5,114.5));
#159 = LINE('',#160,#161);
#160 = CARTESIAN_POINT('',(32.5,5.5,114.5));
#161 = VECTOR('',#162,1.);
#162 = DIRECTION('',(1.,0.,0.));
#163 = ORIENTED_EDGE('',*,*,#164,.T.);
#164 = EDGE_CURVE('',#157,#103,#165,.T.);
#165 = LINE('',#166,#167);
#166 = CARTESIAN_POINT('',(36.5,5.5,114.5));
#167 = VECTOR('',#168,1.);
#168 = DIRECTION('',(0.,1.,0.));
#169 = ORIENTED_EDGE('',*,*,#102,.T.);
#170 = ORIENTED_EDGE('',*,*,#47,.T.);
#171 = PLANE('',#172);
#172 = AXIS2_PLACEMENT_3D('',#173,#174,#175);
#173 = CARTESIAN_POINT('',(28.399647887324,30.730633802817,114.5));
#174 = DIRECTION('',(2.4E-16,-5.3E-16,1.));
#175 = DIRECTION('',(0.,-1.,-5.3E-16));
#176 = ADVANCED_FACE('',(#177,#227),#238,.T.);
#177 = FACE_BOUND('',#178,.T.);
#178 = EDGE_LOOP('',(#179,#189,#195,#196,#197,#205,#213,#221));
#179 = ORIENTED_EDGE('',*,*,#180,.F.);
#180 = EDGE_CURVE('',#181,#183,#185,.T.);
#181 = VERTEX_POINT('',#182);
#182 = CARTESIAN_POINT('',(6.,42.,90.5));
#183 = VERTEX_POINT('',#184);
#184 = CARTESIAN_POINT('',(40.5,42.,90.5));
#185 = LINE('',#186,#187);
#186 = CARTESIAN_POINT('',(6.,42.,90.5));
#187 = VECTOR('',#188,1.);
#188 = DIRECTION('',(1.,0.,0.));
#189 = ORIENTED_EDGE('',*,*,#190,.T.);
#190 = EDGE_CURVE('',#181,#125,#191,.T.);
#191 = LINE('',#192,#193);
#192 = CARTESIAN_POINT('',(6.,42.,90.5));
#193 = VECTOR('',#194,1.);
#194 = DIRECTION('',(0.,1.1E-16,1.));
#195 = ORIENTED_EDGE('',*,*,#124,.T.);
#196 = ORIENTED_EDGE('',*,*,#39,.F.);
#197 = ORIENTED_EDGE('',*,*,#198,.T.);
#198 = EDGE_CURVE('',#32,#199,#201,.T.);
#199 = VERTEX_POINT('',#200);
#200 = CARTESIAN_POINT('',(45.,42.,106.5));
#201 = LINE('',#202,#203);
#202 = CARTESIAN_POINT('',(38.5,42.,106.5));
#203 = VECTOR('',#204,1.);
#204 = DIRECTION('',(1.,0.,0.));
#205 = ORIENTED_EDGE('',*,*,#206,.T.);
#206 = EDGE_CURVE('',#199,#207,#209,.T.);
#207 = VERTEX_POINT('',#208);
#208 = CARTESIAN_POINT('',(45.,42.,98.5));
#209 = LINE('',#210,#211);
#210 = CARTESIAN_POINT('',(45.,42.,100.5));
#211 = VECTOR('',#212,1.);
#212 = DIRECTION('',(0.,-5.6E-16,-1.));
#213 = ORIENTED_EDGE('',*,*,#214,.F.);
#214 = EDGE_CURVE('',#215,#207,#217,.T.);
#215 = VERTEX_POINT('',#216);
#216 = CARTESIAN_POINT('',(40.5,42.,98.5));
#217 = LINE('',#218,#219);
#218 = CARTESIAN_POINT('',(38.5,42.,98.5));
#219 = VECTOR('',#220,1.);
#220 = DIRECTION('',(1.,0.,0.));
#221 = ORIENTED_EDGE('',*,*,#222,.F.);
#222 = EDGE_CURVE('',#183,#215,#223,.T.);
#223 = LINE('',#224,#225);
#224 = CARTESIAN_POINT('',(40.5,42.,90.5));
#225 = VECTOR('',#226,1.);
#226 = DIRECTION('',(0.,0.,1.));
#227 = FACE_BOUND('',#228,.T.);
#228 = EDGE_LOOP('',(#229));
#229 = ORIENTED_EDGE('',*,*,#230,.T.);
#230 = EDGE_CURVE('',#231,#231,#233,.T.);
#231 = VERTEX_POINT('',#232);
#232 = CARTESIAN_POINT('',(26.2,42.,102.5));
#233 = CIRCLE('',#234,8.2);
#234 = AXIS2_PLACEMENT_3D('',#235,#236,#237);
#235 = CARTESIAN_POINT('',(18.,42.,102.5));
#236 = DIRECTION('',(0.,-1.,0.));
#237 = DIRECTION('',(1.,0.,0.));
#238 = PLANE('',#239);
#239 = AXIS2_PLACEMENT_3D('',#240,#241,#242);
#240 = CARTESIAN_POINT('',(26.485074626866,42.,102.5));
#241 = DIRECTION('',(0.,1.,-5.6E-16));
#242 = DIRECTION('',(0.,5.6E-16,1.));
#243 = ADVANCED_FACE('',(#244,#303),#314,.T.);
#244 = FACE_BOUND('',#245,.T.);
#245 = EDGE_LOOP('',(#246,#247,#248,#249,#257,#265,#273,#281,#289,#297)
  );
#246 = ORIENTED_EDGE('',*,*,#198,.F.);
#247 = ORIENTED_EDGE('',*,*,#31,.T.);
#248 = ORIENTED_EDGE('',*,*,#95,.T.);
#249 = ORIENTED_EDGE('',*,*,#250,.T.);
#250 = EDGE_CURVE('',#88,#251,#253,.T.);
#251 = VERTEX_POINT('',#252);
#252 = CARTESIAN_POINT('',(49.,74.5,106.5));
#253 = LINE('',#254,#255);
#254 = CARTESIAN_POINT('',(49.,38.,106.5));
#255 = VECTOR('',#256,1.);
#256 = DIRECTION('',(0.,1.,0.));
#257 = ORIENTED_EDGE('',*,*,#258,.F.);
#258 = EDGE_CURVE('',#259,#251,#261,.T.);
#259 = VERTEX_POINT('',#260);
#260 = CARTESIAN_POINT('',(30.579348154813,74.5,106.5));
#261 = LINE('',#262,#263);
#262 = CARTESIAN_POINT('',(45.,74.5,106.5));
#263 = VECTOR('',#264,1.);
#264 = DIRECTION('',(1.,0.,0.));
#265 = ORIENTED_EDGE('',*,*,#266,.T.);
#266 = EDGE_CURVE('',#259,#267,#269,.T.);
#267 = VERTEX_POINT('',#268);
#268 = CARTESIAN_POINT('',(30.579348154813,68.5,106.5));
#269 = LINE('',#270,#271);
#270 = CARTESIAN_POINT('',(30.579348154813,68.5,106.5));
#271 = VECTOR('',#272,1.);
#272 = DIRECTION('',(-0.,-1.,-4.4E-16));
#273 = ORIENTED_EDGE('',*,*,#274,.T.);
#274 = EDGE_CURVE('',#267,#275,#277,.T.);
#275 = VERTEX_POINT('',#276);
#276 = CARTESIAN_POINT('',(37.,68.5,106.5));
#277 = LINE('',#278,#279);
#278 = CARTESIAN_POINT('',(30.5,68.5,106.5));
#279 = VECTOR('',#280,1.);
#280 = DIRECTION('',(1.,0.,0.));
#281 = ORIENTED_EDGE('',*,*,#282,.T.);
#282 = EDGE_CURVE('',#275,#283,#285,.T.);
#283 = VERTEX_POINT('',#284);
#284 = CARTESIAN_POINT('',(37.,70.5,106.5));
#285 = LINE('',#286,#287);
#286 = CARTESIAN_POINT('',(37.,68.5,106.5));
#287 = VECTOR('',#288,1.);
#288 = DIRECTION('',(0.,1.,0.));
#289 = ORIENTED_EDGE('',*,*,#290,.T.);
#290 = EDGE_CURVE('',#283,#291,#293,.T.);
#291 = VERTEX_POINT('',#292);
#292 = CARTESIAN_POINT('',(45.,70.5,106.5));
#293 = LINE('',#294,#295);
#294 = CARTESIAN_POINT('',(18.,70.5,106.5));
#295 = VECTOR('',#296,1.);
#296 = DIRECTION('',(1.,0.,0.));
#297 = ORIENTED_EDGE('',*,*,#298,.F.);
#298 = EDGE_CURVE('',#199,#291,#299,.T.);
#299 = LINE('',#300,#301);
#300 = CARTESIAN_POINT('',(45.,41.9,106.5));
#301 = VECTOR('',#302,1.);
#302 = DIRECTION('',(0.,1.,0.));
#303 = FACE_BOUND('',#304,.T.);
#304 = EDGE_LOOP('',(#305));
#305 = ORIENTED_EDGE('',*,*,#306,.T.);
#306 = EDGE_CURVE('',#307,#307,#309,.T.);
#307 = VERTEX_POINT('',#308);
#308 = CARTESIAN_POINT('',(34.75,72.6,106.5));
#309 = CIRCLE('',#310,1.15);
#310 = AXIS2_PLACEMENT_3D('',#311,#312,#313);
#311 = CARTESIAN_POINT('',(33.6,72.6,106.5));
#312 = DIRECTION('',(0.,0.,-1.));
#313 = DIRECTION('',(1.,0.,0.));
#314 = PLANE('',#315);
#315 = AXIS2_PLACEMENT_3D('',#316,#317,#318);
#316 = CARTESIAN_POINT('',(43.479915915075,59.201612123819,106.5));
#317 = DIRECTION('',(-7.6E-16,-3.6E-16,1.));
#318 = DIRECTION('',(1.,0.,7.6E-16));
#319 = ADVANCED_FACE('',(#320),#368,.T.);
#320 = FACE_BOUND('',#321,.T.);
#321 = EDGE_LOOP('',(#322,#330,#331,#337,#338,#346,#354,#362));
#322 = ORIENTED_EDGE('',*,*,#323,.T.);
#323 = EDGE_CURVE('',#324,#181,#326,.T.);
#324 = VERTEX_POINT('',#325);
#325 = CARTESIAN_POINT('',(6.,38.,90.5));
#326 = LINE('',#327,#328);
#327 = CARTESIAN_POINT('',(6.,38.,90.5));
#328 = VECTOR('',#329,1.);
#329 = DIRECTION('',(0.,1.,0.));
#330 = ORIENTED_EDGE('',*,*,#180,.T.);
#331 = ORIENTED_EDGE('',*,*,#332,.F.);
#332 = EDGE_CURVE('',#64,#183,#333,.T.);
#333 = LINE('',#334,#335);
#334 = CARTESIAN_POINT('',(40.5,38.,90.5));
#335 = VECTOR('',#336,1.);
#336 = DIRECTION('',(0.,1.,0.));
#337 = ORIENTED_EDGE('',*,*,#61,.F.);
#338 = ORIENTED_EDGE('',*,*,#339,.F.);
#339 = EDGE_CURVE('',#340,#62,#342,.T.);
#340 = VERTEX_POINT('',#341);
#341 = CARTESIAN_POINT('',(36.5,5.5,90.5));
#342 = LINE('',#343,#344);
#343 = CARTESIAN_POINT('',(36.5,5.5,90.5));
#344 = VECTOR('',#345,1.);
#345 = DIRECTION('',(0.,1.,0.));
#346 = ORIENTED_EDGE('',*,*,#347,.F.);
#347 = EDGE_CURVE('',#348,#340,#350,.T.);
#348 = VERTEX_POINT('',#349);
#349 = CARTESIAN_POINT('',(32.5,5.5,90.5));
#350 = LINE('',#351,#352);
#351 = CARTESIAN_POINT('',(32.5,5.5,90.5));
#352 = VECTOR('',#353,1.);
#353 = DIRECTION('',(1.,0.,0.));
#354 = ORIENTED_EDGE('',*,*,#355,.T.);
#355 = EDGE_CURVE('',#348,#356,#358,.T.);
#356 = VERTEX_POINT('',#357);
#357 = CARTESIAN_POINT('',(32.5,38.,90.5));
#358 = LINE('',#359,#360);
#359 = CARTESIAN_POINT('',(32.5,5.5,90.5));
#360 = VECTOR('',#361,1.);
#361 = DIRECTION('',(0.,1.,0.));
#362 = ORIENTED_EDGE('',*,*,#363,.F.);
#363 = EDGE_CURVE('',#324,#356,#364,.T.);
#364 = LINE('',#365,#366);
#365 = CARTESIAN_POINT('',(6.,38.,90.5));
#366 = VECTOR('',#367,1.);
#367 = DIRECTION('',(1.,0.,0.));
#368 = PLANE('',#369);
#369 = AXIS2_PLACEMENT_3D('',#370,#371,#372);
#370 = CARTESIAN_POINT('',(28.399647887324,30.730633802817,90.5));
#371 = DIRECTION('',(-2.6E-16,4.9E-16,-1.));
#372 = DIRECTION('',(0.,1.,4.9E-16));
#373 = ADVANCED_FACE('',(#374),#385,.T.);
#374 = FACE_BOUND('',#375,.T.);
#375 = EDGE_LOOP('',(#376,#377,#378,#379));
#376 = ORIENTED_EDGE('',*,*,#71,.F.);
#377 = ORIENTED_EDGE('',*,*,#332,.T.);
#378 = ORIENTED_EDGE('',*,*,#222,.T.);
#379 = ORIENTED_EDGE('',*,*,#380,.T.);
#380 = EDGE_CURVE('',#215,#72,#381,.T.);
#381 = LINE('',#382,#383);
#382 = CARTESIAN_POINT('',(40.5,38.,98.5));
#383 = VECTOR('',#384,1.);
#384 = DIRECTION('',(0.,-1.,0.));
#385 = PLANE('',#386);
#386 = AXIS2_PLACEMENT_3D('',#387,#388,#389);
#387 = CARTESIAN_POINT('',(40.5,38.,90.5));
#388 = DIRECTION('',(1.,0.,0.));
#389 = DIRECTION('',(0.,0.,1.));
#390 = ADVANCED_FACE('',(#391),#498,.T.);
#391 = FACE_BOUND('',#392,.T.);
#392 = EDGE_LOOP('',(#393,#394,#395,#403,#411,#419,#427,#435,#443,#451,
    #459,#467,#475,#483,#491,#497));
#393 = ORIENTED_EDGE('',*,*,#380,.F.);
#394 = ORIENTED_EDGE('',*,*,#214,.T.);
#395 = ORIENTED_EDGE('',*,*,#396,.T.);
#396 = EDGE_CURVE('',#207,#397,#399,.T.);
#397 = VERTEX_POINT('',#398);
#398 = CARTESIAN_POINT('',(45.,70.5,98.5));
#399 = LINE('',#400,#401);
#400 = CARTESIAN_POINT('',(45.,41.9,98.5));
#401 = VECTOR('',#402,1.);
#402 = DIRECTION('',(0.,1.,0.));
#403 = ORIENTED_EDGE('',*,*,#404,.F.);
#404 = EDGE_CURVE('',#405,#397,#407,.T.);
#405 = VERTEX_POINT('',#406);
#406 = CARTESIAN_POINT('',(37.,70.5,98.5));
#407 = LINE('',#408,#409);
#408 = CARTESIAN_POINT('',(18.,70.5,98.5));
#409 = VECTOR('',#410,1.);
#410 = DIRECTION('',(1.,0.,0.));
#411 = ORIENTED_EDGE('',*,*,#412,.F.);
#412 = EDGE_CURVE('',#413,#405,#415,.T.);
#413 = VERTEX_POINT('',#414);
#414 = CARTESIAN_POINT('',(37.,68.5,98.5));
#415 = LINE('',#416,#417);
#416 = CARTESIAN_POINT('',(37.,68.5,98.5));
#417 = VECTOR('',#418,1.);
#418 = DIRECTION('',(0.,1.,0.));
#419 = ORIENTED_EDGE('',*,*,#420,.F.);
#420 = EDGE_CURVE('',#421,#413,#423,.T.);
#421 = VERTEX_POINT('',#422);
#422 = CARTESIAN_POINT('',(30.579348154813,68.5,98.5));
#423 = LINE('',#424,#425);
#424 = CARTESIAN_POINT('',(30.5,68.5,98.5));
#425 = VECTOR('',#426,1.);
#426 = DIRECTION('',(1.,0.,0.));
#427 = ORIENTED_EDGE('',*,*,#428,.F.);
#428 = EDGE_CURVE('',#429,#421,#431,.T.);
#429 = VERTEX_POINT('',#430);
#430 = CARTESIAN_POINT('',(30.579348154813,74.5,98.5));
#431 = LINE('',#432,#433);
#432 = CARTESIAN_POINT('',(30.579348154813,68.5,98.5));
#433 = VECTOR('',#434,1.);
#434 = DIRECTION('',(-0.,-1.,-4.4E-16));
#435 = ORIENTED_EDGE('',*,*,#436,.T.);
#436 = EDGE_CURVE('',#429,#437,#439,.T.);
#437 = VERTEX_POINT('',#438);
#438 = CARTESIAN_POINT('',(32.300961894323,74.5,98.5));
#439 = LINE('',#440,#441);
#440 = CARTESIAN_POINT('',(18.,74.5,98.5));
#441 = VECTOR('',#442,1.);
#442 = DIRECTION('',(1.,0.,0.));
#443 = ORIENTED_EDGE('',*,*,#444,.T.);
#444 = EDGE_CURVE('',#437,#445,#447,.T.);
#445 = VERTEX_POINT('',#446);
#446 = CARTESIAN_POINT('',(31.203996382863,72.6,98.5));
#447 = LINE('',#448,#449);
#448 = CARTESIAN_POINT('',(32.401998191432,74.675,98.5));
#449 = VECTOR('',#450,1.);
#450 = DIRECTION('',(-0.5,-0.866025403784,0.));
#451 = ORIENTED_EDGE('',*,*,#452,.T.);
#452 = EDGE_CURVE('',#445,#453,#455,.T.);
#453 = VERTEX_POINT('',#454);
#454 = CARTESIAN_POINT('',(32.401998191432,70.525,98.5));
#455 = LINE('',#456,#457);
#456 = CARTESIAN_POINT('',(31.203996382863,72.6,98.5));
#457 = VECTOR('',#458,1.);
#458 = DIRECTION('',(0.5,-0.866025403784,0.));
#459 = ORIENTED_EDGE('',*,*,#460,.T.);
#460 = EDGE_CURVE('',#453,#461,#463,.T.);
#461 = VERTEX_POINT('',#462);
#462 = CARTESIAN_POINT('',(34.798001808568,70.525,98.5));
#463 = LINE('',#464,#465);
#464 = CARTESIAN_POINT('',(32.401998191432,70.525,98.5));
#465 = VECTOR('',#466,1.);
#466 = DIRECTION('',(1.,-1.9E-16,0.));
#467 = ORIENTED_EDGE('',*,*,#468,.T.);
#468 = EDGE_CURVE('',#461,#469,#471,.T.);
#469 = VERTEX_POINT('',#470);
#470 = CARTESIAN_POINT('',(35.996003617137,72.6,98.5));
#471 = LINE('',#472,#473);
#472 = CARTESIAN_POINT('',(34.798001808568,70.525,98.5));
#473 = VECTOR('',#474,1.);
#474 = DIRECTION('',(0.5,0.866025403784,0.));
#475 = ORIENTED_EDGE('',*,*,#476,.T.);
#476 = EDGE_CURVE('',#469,#477,#479,.T.);
#477 = VERTEX_POINT('',#478);
#478 = CARTESIAN_POINT('',(34.899038105677,74.5,98.5));
#479 = LINE('',#480,#481);
#480 = CARTESIAN_POINT('',(35.996003617137,72.6,98.5));
#481 = VECTOR('',#482,1.);
#482 = DIRECTION('',(-0.5,0.866025403784,0.));
#483 = ORIENTED_EDGE('',*,*,#484,.T.);
#484 = EDGE_CURVE('',#477,#485,#487,.T.);
#485 = VERTEX_POINT('',#486);
#486 = CARTESIAN_POINT('',(49.,74.5,98.5));
#487 = LINE('',#488,#489);
#488 = CARTESIAN_POINT('',(18.,74.5,98.5));
#489 = VECTOR('',#490,1.);
#490 = DIRECTION('',(1.,0.,0.));
#491 = ORIENTED_EDGE('',*,*,#492,.F.);
#492 = EDGE_CURVE('',#80,#485,#493,.T.);
#493 = LINE('',#494,#495);
#494 = CARTESIAN_POINT('',(49.,41.9,98.5));
#495 = VECTOR('',#496,1.);
#496 = DIRECTION('',(0.,1.,0.));
#497 = ORIENTED_EDGE('',*,*,#79,.F.);
#498 = PLANE('',#499);
#499 = AXIS2_PLACEMENT_3D('',#500,#501,#502);
#500 = CARTESIAN_POINT('',(43.479915915075,59.201612123819,98.5));
#501 = DIRECTION('',(7.6E-16,3.6E-16,-1.));
#502 = DIRECTION('',(-1.,0.,-7.6E-16));
#503 = ADVANCED_FACE('',(#504),#547,.T.);
#504 = FACE_BOUND('',#505,.T.);
#505 = EDGE_LOOP('',(#506,#507,#508,#509,#517,#525,#533,#541));
#506 = ORIENTED_EDGE('',*,*,#250,.F.);
#507 = ORIENTED_EDGE('',*,*,#87,.F.);
#508 = ORIENTED_EDGE('',*,*,#492,.T.);
#509 = ORIENTED_EDGE('',*,*,#510,.T.);
#510 = EDGE_CURVE('',#485,#511,#513,.T.);
#511 = VERTEX_POINT('',#512);
#512 = CARTESIAN_POINT('',(49.,74.5,102.2));
#513 = LINE('',#514,#515);
#514 = CARTESIAN_POINT('',(49.,74.5,98.5));
#515 = VECTOR('',#516,1.);
#516 = DIRECTION('',(0.,0.,1.));
#517 = ORIENTED_EDGE('',*,*,#518,.T.);
#518 = EDGE_CURVE('',#511,#519,#521,.T.);
#519 = VERTEX_POINT('',#520);
#520 = CARTESIAN_POINT('',(49.,68.4,102.2));
#521 = LINE('',#522,#523);
#522 = CARTESIAN_POINT('',(49.,62.325,102.2));
#523 = VECTOR('',#524,1.);
#524 = DIRECTION('',(0.,-1.,0.));
#525 = ORIENTED_EDGE('',*,*,#526,.T.);
#526 = EDGE_CURVE('',#519,#527,#529,.T.);
#527 = VERTEX_POINT('',#528);
#528 = CARTESIAN_POINT('',(49.,68.4,102.8));
#529 = LINE('',#530,#531);
#530 = CARTESIAN_POINT('',(49.,68.4,102.35));
#531 = VECTOR('',#532,1.);
#532 = DIRECTION('',(0.,0.,1.));
#533 = ORIENTED_EDGE('',*,*,#534,.F.);
#534 = EDGE_CURVE('',#535,#527,#537,.T.);
#535 = VERTEX_POINT('',#536);
#536 = CARTESIAN_POINT('',(49.,74.5,102.8));
#537 = LINE('',#538,#539);
#538 = CARTESIAN_POINT('',(49.,62.325,102.8));
#539 = VECTOR('',#540,1.);
#540 = DIRECTION('',(0.,-1.,0.));
#541 = ORIENTED_EDGE('',*,*,#542,.T.);
#542 = EDGE_CURVE('',#535,#251,#543,.T.);
#543 = LINE('',#544,#545);
#544 = CARTESIAN_POINT('',(49.,74.5,98.5));
#545 = VECTOR('',#546,1.);
#546 = DIRECTION('',(0.,0.,1.));
#547 = PLANE('',#548);
#548 = AXIS2_PLACEMENT_3D('',#549,#550,#551);
#549 = CARTESIAN_POINT('',(49.,56.25,102.5));
#550 = DIRECTION('',(1.,0.,0.));
#551 = DIRECTION('',(0.,0.,1.));
#552 = ADVANCED_FACE('',(#553,#564,#575,#586,#597,#608),#619,.T.);
#553 = FACE_BOUND('',#554,.T.);
#554 = EDGE_LOOP('',(#555,#556,#562,#563));
#555 = ORIENTED_EDGE('',*,*,#164,.F.);
#556 = ORIENTED_EDGE('',*,*,#557,.F.);
#557 = EDGE_CURVE('',#340,#157,#558,.T.);
#558 = LINE('',#559,#560);
#559 = CARTESIAN_POINT('',(36.5,5.5,90.5));
#560 = VECTOR('',#561,1.);
#561 = DIRECTION('',(1.1E-16,0.,1.));
#562 = ORIENTED_EDGE('',*,*,#339,.T.);
#563 = ORIENTED_EDGE('',*,*,#110,.F.);
#564 = FACE_BOUND('',#565,.T.);
#565 = EDGE_LOOP('',(#566));
#566 = ORIENTED_EDGE('',*,*,#567,.F.);
#567 = EDGE_CURVE('',#568,#568,#570,.T.);
#568 = VERTEX_POINT('',#569);
#569 = CARTESIAN_POINT('',(36.5,17.5,98.5));
#570 = CIRCLE('',#571,4.);
#571 = AXIS2_PLACEMENT_3D('',#572,#573,#574);
#572 = CARTESIAN_POINT('',(36.5,17.5,102.5));
#573 = DIRECTION('',(1.,-0.,0.));
#574 = DIRECTION('',(0.,0.,-1.));
#575 = FACE_BOUND('',#576,.T.);
#576 = EDGE_LOOP('',(#577));
#577 = ORIENTED_EDGE('',*,*,#578,.F.);
#578 = EDGE_CURVE('',#579,#579,#581,.T.);
#579 = VERTEX_POINT('',#580);
#580 = CARTESIAN_POINT('',(36.5,13.257359312881,97.407359312881));
#581 = CIRCLE('',#582,0.85);
#582 = AXIS2_PLACEMENT_3D('',#583,#584,#585);
#583 = CARTESIAN_POINT('',(36.5,13.257359312881,98.257359312881));
#584 = DIRECTION('',(1.,-0.,0.));
#585 = DIRECTION('',(0.,0.,-1.));
#586 = FACE_BOUND('',#587,.T.);
#587 = EDGE_LOOP('',(#588));
#588 = ORIENTED_EDGE('',*,*,#589,.F.);
#589 = EDGE_CURVE('',#590,#590,#592,.T.);
#590 = VERTEX_POINT('',#591);
#591 = CARTESIAN_POINT('',(36.5,13.257359312881,105.89264068711));
#592 = CIRCLE('',#593,0.85);
#593 = AXIS2_PLACEMENT_3D('',#594,#595,#596);
#594 = CARTESIAN_POINT('',(36.5,13.257359312881,106.74264068711));
#595 = DIRECTION('',(1.,-0.,0.));
#596 = DIRECTION('',(0.,0.,-1.));
#597 = FACE_BOUND('',#598,.T.);
#598 = EDGE_LOOP('',(#599));
#599 = ORIENTED_EDGE('',*,*,#600,.F.);
#600 = EDGE_CURVE('',#601,#601,#603,.T.);
#601 = VERTEX_POINT('',#602);
#602 = CARTESIAN_POINT('',(36.5,21.742640687119,97.407359312881));
#603 = CIRCLE('',#604,0.85);
#604 = AXIS2_PLACEMENT_3D('',#605,#606,#607);
#605 = CARTESIAN_POINT('',(36.5,21.742640687119,98.257359312881));
#606 = DIRECTION('',(1.,-0.,0.));
#607 = DIRECTION('',(0.,0.,-1.));
#608 = FACE_BOUND('',#609,.T.);
#609 = EDGE_LOOP('',(#610));
#610 = ORIENTED_EDGE('',*,*,#611,.F.);
#611 = EDGE_CURVE('',#612,#612,#614,.T.);
#612 = VERTEX_POINT('',#613);
#613 = CARTESIAN_POINT('',(36.5,21.742640687119,105.89264068711));
#614 = CIRCLE('',#615,0.85);
#615 = AXIS2_PLACEMENT_3D('',#616,#617,#618);
#616 = CARTESIAN_POINT('',(36.5,21.742640687119,106.74264068711));
#617 = DIRECTION('',(1.,-0.,0.));
#618 = DIRECTION('',(0.,0.,-1.));
#619 = PLANE('',#620);
#620 = AXIS2_PLACEMENT_3D('',#621,#622,#623);
#621 = CARTESIAN_POINT('',(36.5,5.5,90.5));
#622 = DIRECTION('',(1.,0.,0.));
#623 = DIRECTION('',(0.,0.,1.));
#624 = ADVANCED_FACE('',(#625),#684,.F.);
#625 = FACE_BOUND('',#626,.F.);
#626 = EDGE_LOOP('',(#627,#635,#636,#637,#638,#646,#654,#662,#670,#678)
  );
#627 = ORIENTED_EDGE('',*,*,#628,.F.);
#628 = EDGE_CURVE('',#324,#629,#631,.T.);
#629 = VERTEX_POINT('',#630);
#630 = CARTESIAN_POINT('',(6.,38.,96.5));
#631 = LINE('',#632,#633);
#632 = CARTESIAN_POINT('',(6.,38.,90.5));
#633 = VECTOR('',#634,1.);
#634 = DIRECTION('',(0.,1.1E-16,1.));
#635 = ORIENTED_EDGE('',*,*,#323,.T.);
#636 = ORIENTED_EDGE('',*,*,#190,.T.);
#637 = ORIENTED_EDGE('',*,*,#132,.F.);
#638 = ORIENTED_EDGE('',*,*,#639,.F.);
#639 = EDGE_CURVE('',#640,#133,#642,.T.);
#640 = VERTEX_POINT('',#641);
#641 = CARTESIAN_POINT('',(6.,38.,108.5));
#642 = LINE('',#643,#644);
#643 = CARTESIAN_POINT('',(6.,38.,90.5));
#644 = VECTOR('',#645,1.);
#645 = DIRECTION('',(0.,1.1E-16,1.));
#646 = ORIENTED_EDGE('',*,*,#647,.F.);
#647 = EDGE_CURVE('',#648,#640,#650,.T.);
#648 = VERTEX_POINT('',#649);
#649 = CARTESIAN_POINT('',(6.,38.,102.8));
#650 = LINE('',#651,#652);
#651 = CARTESIAN_POINT('',(6.,38.,90.5));
#652 = VECTOR('',#653,1.);
#653 = DIRECTION('',(0.,1.1E-16,1.));
#654 = ORIENTED_EDGE('',*,*,#655,.F.);
#655 = EDGE_CURVE('',#656,#648,#658,.T.);
#656 = VERTEX_POINT('',#657);
#657 = CARTESIAN_POINT('',(6.,38.1,102.8));
#658 = LINE('',#659,#660);
#659 = CARTESIAN_POINT('',(6.,33.15,102.8));
#660 = VECTOR('',#661,1.);
#661 = DIRECTION('',(0.,-1.,0.));
#662 = ORIENTED_EDGE('',*,*,#663,.F.);
#663 = EDGE_CURVE('',#664,#656,#666,.T.);
#664 = VERTEX_POINT('',#665);
#665 = CARTESIAN_POINT('',(6.,38.1,102.2));
#666 = LINE('',#667,#668);
#667 = CARTESIAN_POINT('',(6.,38.1,96.35));
#668 = VECTOR('',#669,1.);
#669 = DIRECTION('',(-3.3E-16,0.,1.));
#670 = ORIENTED_EDGE('',*,*,#671,.T.);
#671 = EDGE_CURVE('',#664,#672,#674,.T.);
#672 = VERTEX_POINT('',#673);
#673 = CARTESIAN_POINT('',(6.,38.,102.2));
#674 = LINE('',#675,#676);
#675 = CARTESIAN_POINT('',(6.,33.15,102.2));
#676 = VECTOR('',#677,1.);
#677 = DIRECTION('',(0.,-1.,0.));
#678 = ORIENTED_EDGE('',*,*,#679,.F.);
#679 = EDGE_CURVE('',#629,#672,#680,.T.);
#680 = LINE('',#681,#682);
#681 = CARTESIAN_POINT('',(6.,38.,90.5));
#682 = VECTOR('',#683,1.);
#683 = DIRECTION('',(0.,1.1E-16,1.));
#684 = PLANE('',#685);
#685 = AXIS2_PLACEMENT_3D('',#686,#687,#688);
#686 = CARTESIAN_POINT('',(6.,38.,90.5));
#687 = DIRECTION('',(1.,0.,0.));
#688 = DIRECTION('',(0.,0.,1.));
#689 = ADVANCED_FACE('',(#690),#708,.F.);
#690 = FACE_BOUND('',#691,.F.);
#691 = EDGE_LOOP('',(#692,#700,#701,#702));
#692 = ORIENTED_EDGE('',*,*,#693,.F.);
#693 = EDGE_CURVE('',#640,#694,#696,.T.);
#694 = VERTEX_POINT('',#695);
#695 = CARTESIAN_POINT('',(32.5,38.,108.5));
#696 = LINE('',#697,#698);
#697 = CARTESIAN_POINT('',(5.9,38.,108.5));
#698 = VECTOR('',#699,1.);
#699 = DIRECTION('',(1.,0.,0.));
#700 = ORIENTED_EDGE('',*,*,#639,.T.);
#701 = ORIENTED_EDGE('',*,*,#140,.T.);
#702 = ORIENTED_EDGE('',*,*,#703,.T.);
#703 = EDGE_CURVE('',#141,#694,#704,.T.);
#704 = LINE('',#705,#706);
#705 = CARTESIAN_POINT('',(32.5,38.,90.5));
#706 = VECTOR('',#707,1.);
#707 = DIRECTION('',(0.,-5.6E-16,-1.));
#708 = PLANE('',#709);
#709 = AXIS2_PLACEMENT_3D('',#710,#711,#712);
#710 = CARTESIAN_POINT('',(6.,38.,90.5));
#711 = DIRECTION('',(0.,1.,0.));
#712 = DIRECTION('',(0.,0.,1.));
#713 = ADVANCED_FACE('',(#714,#755),#766,.F.);
#714 = FACE_BOUND('',#715,.F.);
#715 = EDGE_LOOP('',(#716,#717,#723,#724,#732,#740,#748,#754));
#716 = ORIENTED_EDGE('',*,*,#148,.F.);
#717 = ORIENTED_EDGE('',*,*,#718,.F.);
#718 = EDGE_CURVE('',#348,#149,#719,.T.);
#719 = LINE('',#720,#721);
#720 = CARTESIAN_POINT('',(32.5,5.5,90.5));
#721 = VECTOR('',#722,1.);
#722 = DIRECTION('',(1.1E-16,0.,1.));
#723 = ORIENTED_EDGE('',*,*,#355,.T.);
#724 = ORIENTED_EDGE('',*,*,#725,.F.);
#725 = EDGE_CURVE('',#726,#356,#728,.T.);
#726 = VERTEX_POINT('',#727);
#727 = CARTESIAN_POINT('',(32.5,38.,96.5));
#728 = LINE('',#729,#730);
#729 = CARTESIAN_POINT('',(32.5,38.,90.5));
#730 = VECTOR('',#731,1.);
#731 = DIRECTION('',(0.,-5.6E-16,-1.));
#732 = ORIENTED_EDGE('',*,*,#733,.T.);
#733 = EDGE_CURVE('',#726,#734,#736,.T.);
#734 = VERTEX_POINT('',#735);
#735 = CARTESIAN_POINT('',(32.5,34.,96.5));
#736 = LINE('',#737,#738);
#737 = CARTESIAN_POINT('',(32.5,19.75,96.5));
#738 = VECTOR('',#739,1.);
#739 = DIRECTION('',(0.,-1.,0.));
#740 = ORIENTED_EDGE('',*,*,#741,.T.);
#741 = EDGE_CURVE('',#734,#742,#744,.T.);
#742 = VERTEX_POINT('',#743);
#743 = CARTESIAN_POINT('',(32.5,34.,108.5));
#744 = LINE('',#745,#746);
#745 = CARTESIAN_POINT('',(32.5,34.,93.5));
#746 = VECTOR('',#747,1.);
#747 = DIRECTION('',(-7.8E-16,0.,1.));
#748 = ORIENTED_EDGE('',*,*,#749,.F.);
#749 = EDGE_CURVE('',#694,#742,#750,.T.);
#750 = LINE('',#751,#752);
#751 = CARTESIAN_POINT('',(32.5,19.75,108.5));
#752 = VECTOR('',#753,1.);
#753 = DIRECTION('',(0.,-1.,0.));
#754 = ORIENTED_EDGE('',*,*,#703,.F.);
#755 = FACE_BOUND('',#756,.F.);
#756 = EDGE_LOOP('',(#757));
#757 = ORIENTED_EDGE('',*,*,#758,.F.);
#758 = EDGE_CURVE('',#759,#759,#761,.T.);
#759 = VERTEX_POINT('',#760);
#760 = CARTESIAN_POINT('',(32.5,17.5,94.3));
#761 = CIRCLE('',#762,8.2);
#762 = AXIS2_PLACEMENT_3D('',#763,#764,#765);
#763 = CARTESIAN_POINT('',(32.5,17.5,102.5));
#764 = DIRECTION('',(1.,-0.,0.));
#765 = DIRECTION('',(0.,0.,-1.));
#766 = PLANE('',#767);
#767 = AXIS2_PLACEMENT_3D('',#768,#769,#770);
#768 = CARTESIAN_POINT('',(32.5,5.5,90.5));
#769 = DIRECTION('',(1.,0.,0.));
#770 = DIRECTION('',(0.,0.,1.));
#771 = ADVANCED_FACE('',(#772),#778,.F.);
#772 = FACE_BOUND('',#773,.T.);
#773 = EDGE_LOOP('',(#774,#775,#776,#777));
#774 = ORIENTED_EDGE('',*,*,#557,.T.);
#775 = ORIENTED_EDGE('',*,*,#156,.F.);
#776 = ORIENTED_EDGE('',*,*,#718,.F.);
#777 = ORIENTED_EDGE('',*,*,#347,.T.);
#778 = PLANE('',#779);
#779 = AXIS2_PLACEMENT_3D('',#780,#781,#782);
#780 = CARTESIAN_POINT('',(32.5,5.5,90.5));
#781 = DIRECTION('',(0.,1.,0.));
#782 = DIRECTION('',(0.,0.,1.));
#783 = ADVANCED_FACE('',(#784),#827,.F.);
#784 = FACE_BOUND('',#785,.F.);
#785 = EDGE_LOOP('',(#786,#787,#788,#789,#797,#805,#813,#821));
#786 = ORIENTED_EDGE('',*,*,#298,.F.);
#787 = ORIENTED_EDGE('',*,*,#206,.T.);
#788 = ORIENTED_EDGE('',*,*,#396,.T.);
#789 = ORIENTED_EDGE('',*,*,#790,.T.);
#790 = EDGE_CURVE('',#397,#791,#793,.T.);
#791 = VERTEX_POINT('',#792);
#792 = CARTESIAN_POINT('',(45.,70.5,102.2));
#793 = LINE('',#794,#795);
#794 = CARTESIAN_POINT('',(45.,70.5,98.5));
#795 = VECTOR('',#796,1.);
#796 = DIRECTION('',(0.,0.,1.));
#797 = ORIENTED_EDGE('',*,*,#798,.T.);
#798 = EDGE_CURVE('',#791,#799,#801,.T.);
#799 = VERTEX_POINT('',#800);
#800 = CARTESIAN_POINT('',(45.,68.4,102.2));
#801 = LINE('',#802,#803);
#802 = CARTESIAN_POINT('',(45.,55.15,102.2));
#803 = VECTOR('',#804,1.);
#804 = DIRECTION('',(0.,-1.,0.));
#805 = ORIENTED_EDGE('',*,*,#806,.T.);
#806 = EDGE_CURVE('',#799,#807,#809,.T.);
#807 = VERTEX_POINT('',#808);
#808 = CARTESIAN_POINT('',(45.,68.4,102.8));
#809 = LINE('',#810,#811);
#810 = CARTESIAN_POINT('',(45.,68.4,100.35));
#811 = VECTOR('',#812,1.);
#812 = DIRECTION('',(0.,0.,1.));
#813 = ORIENTED_EDGE('',*,*,#814,.F.);
#814 = EDGE_CURVE('',#815,#807,#817,.T.);
#815 = VERTEX_POINT('',#816);
#816 = CARTESIAN_POINT('',(45.,70.5,102.8));
#817 = LINE('',#818,#819);
#818 = CARTESIAN_POINT('',(45.,55.15,102.8));
#819 = VECTOR('',#820,1.);
#820 = DIRECTION('',(0.,-1.,0.));
#821 = ORIENTED_EDGE('',*,*,#822,.T.);
#822 = EDGE_CURVE('',#815,#291,#823,.T.);
#823 = LINE('',#824,#825);
#824 = CARTESIAN_POINT('',(45.,70.5,98.5));
#825 = VECTOR('',#826,1.);
#826 = DIRECTION('',(0.,0.,1.));
#827 = PLANE('',#828);
#828 = AXIS2_PLACEMENT_3D('',#829,#830,#831);
#829 = CARTESIAN_POINT('',(45.,41.9,98.5));
#830 = DIRECTION('',(1.,0.,0.));
#831 = DIRECTION('',(0.,0.,1.));
#832 = ADVANCED_FACE('',(#833),#852,.F.);
#833 = FACE_BOUND('',#834,.T.);
#834 = EDGE_LOOP('',(#835,#843,#850,#851));
#835 = ORIENTED_EDGE('',*,*,#836,.T.);
#836 = EDGE_CURVE('',#231,#837,#839,.T.);
#837 = VERTEX_POINT('',#838);
#838 = CARTESIAN_POINT('',(26.2,41.4,102.5));
#839 = LINE('',#840,#841);
#840 = CARTESIAN_POINT('',(26.2,42.,102.5));
#841 = VECTOR('',#842,1.);
#842 = DIRECTION('',(0.,-1.,0.));
#843 = ORIENTED_EDGE('',*,*,#844,.T.);
#844 = EDGE_CURVE('',#837,#837,#845,.T.);
#845 = CIRCLE('',#846,8.2);
#846 = AXIS2_PLACEMENT_3D('',#847,#848,#849);
#847 = CARTESIAN_POINT('',(18.,41.4,102.5));
#848 = DIRECTION('',(0.,-1.,0.));
#849 = DIRECTION('',(1.,0.,0.));
#850 = ORIENTED_EDGE('',*,*,#836,.F.);
#851 = ORIENTED_EDGE('',*,*,#230,.F.);
#852 = CYLINDRICAL_SURFACE('',#853,8.2);
#853 = AXIS2_PLACEMENT_3D('',#854,#855,#856);
#854 = CARTESIAN_POINT('',(18.,42.,102.5));
#855 = DIRECTION('',(-0.,1.,-0.));
#856 = DIRECTION('',(1.,0.,0.));
#857 = ADVANCED_FACE('',(#858),#876,.F.);
#858 = FACE_BOUND('',#859,.F.);
#859 = EDGE_LOOP('',(#860,#868,#874,#875));
#860 = ORIENTED_EDGE('',*,*,#861,.F.);
#861 = EDGE_CURVE('',#862,#815,#864,.T.);
#862 = VERTEX_POINT('',#863);
#863 = CARTESIAN_POINT('',(37.,70.5,102.8));
#864 = LINE('',#865,#866);
#865 = CARTESIAN_POINT('',(23.4,70.5,102.8));
#866 = VECTOR('',#867,1.);
#867 = DIRECTION('',(1.,0.,0.));
#868 = ORIENTED_EDGE('',*,*,#869,.F.);
#869 = EDGE_CURVE('',#283,#862,#870,.T.);
#870 = LINE('',#871,#872);
#871 = CARTESIAN_POINT('',(37.,70.5,98.5));
#872 = VECTOR('',#873,1.);
#873 = DIRECTION('',(0.,3.3E-16,-1.));
#874 = ORIENTED_EDGE('',*,*,#290,.T.);
#875 = ORIENTED_EDGE('',*,*,#822,.F.);
#876 = PLANE('',#877);
#877 = AXIS2_PLACEMENT_3D('',#878,#879,#880);
#878 = CARTESIAN_POINT('',(18.,70.5,98.5));
#879 = DIRECTION('',(0.,1.,0.));
#880 = DIRECTION('',(0.,0.,1.));
#881 = ADVANCED_FACE('',(#882),#900,.T.);
#882 = FACE_BOUND('',#883,.T.);
#883 = EDGE_LOOP('',(#884,#885,#893,#899));
#884 = ORIENTED_EDGE('',*,*,#282,.F.);
#885 = ORIENTED_EDGE('',*,*,#886,.F.);
#886 = EDGE_CURVE('',#887,#275,#889,.T.);
#887 = VERTEX_POINT('',#888);
#888 = CARTESIAN_POINT('',(37.,68.5,102.8));
#889 = LINE('',#890,#891);
#890 = CARTESIAN_POINT('',(37.,68.5,98.5));
#891 = VECTOR('',#892,1.);
#892 = DIRECTION('',(0.,0.,1.));
#893 = ORIENTED_EDGE('',*,*,#894,.F.);
#894 = EDGE_CURVE('',#862,#887,#895,.T.);
#895 = LINE('',#896,#897);
#896 = CARTESIAN_POINT('',(37.,68.45,102.8));
#897 = VECTOR('',#898,1.);
#898 = DIRECTION('',(0.,-1.,0.));
#899 = ORIENTED_EDGE('',*,*,#869,.F.);
#900 = PLANE('',#901);
#901 = AXIS2_PLACEMENT_3D('',#902,#903,#904);
#902 = CARTESIAN_POINT('',(37.,68.5,98.5));
#903 = DIRECTION('',(1.,0.,0.));
#904 = DIRECTION('',(0.,0.,1.));
#905 = ADVANCED_FACE('',(#906,#964),#975,.T.);
#906 = FACE_BOUND('',#907,.T.);
#907 = EDGE_LOOP('',(#908,#909,#916,#917,#918,#926,#934,#940,#941,#942,
    #950,#958));
#908 = ORIENTED_EDGE('',*,*,#436,.F.);
#909 = ORIENTED_EDGE('',*,*,#910,.T.);
#910 = EDGE_CURVE('',#429,#259,#911,.T.);
#911 = CIRCLE('',#912,13.2);
#912 = AXIS2_PLACEMENT_3D('',#913,#914,#915);
#913 = CARTESIAN_POINT('',(18.,74.5,102.5));
#914 = DIRECTION('',(-0.,1.,0.));
#915 = DIRECTION('',(1.,0.,0.));
#916 = ORIENTED_EDGE('',*,*,#258,.T.);
#917 = ORIENTED_EDGE('',*,*,#542,.F.);
#918 = ORIENTED_EDGE('',*,*,#919,.F.);
#919 = EDGE_CURVE('',#920,#535,#922,.T.);
#920 = VERTEX_POINT('',#921);
#921 = CARTESIAN_POINT('',(28.8,74.5,102.8));
#922 = LINE('',#923,#924);
#923 = CARTESIAN_POINT('',(27.935560418615,74.5,102.8));
#924 = VECTOR('',#925,1.);
#925 = DIRECTION('',(1.,0.,0.));
#926 = ORIENTED_EDGE('',*,*,#927,.T.);
#927 = EDGE_CURVE('',#920,#928,#930,.T.);
#928 = VERTEX_POINT('',#929);
#929 = CARTESIAN_POINT('',(28.8,74.5,102.2));
#930 = LINE('',#931,#932);
#931 = CARTESIAN_POINT('',(28.8,74.5,102.35));
#932 = VECTOR('',#933,1.);
#933 = DIRECTION('',(0.,4.E-16,-1.));
#934 = ORIENTED_EDGE('',*,*,#935,.T.);
#935 = EDGE_CURVE('',#928,#511,#936,.T.);
#936 = LINE('',#937,#938);
#937 = CARTESIAN_POINT('',(27.935560418615,74.5,102.2));
#938 = VECTOR('',#939,1.);
#939 = DIRECTION('',(1.,0.,0.));
#940 = ORIENTED_EDGE('',*,*,#510,.F.);
#941 = ORIENTED_EDGE('',*,*,#484,.F.);
#942 = ORIENTED_EDGE('',*,*,#943,.T.);
#943 = EDGE_CURVE('',#477,#944,#946,.T.);
#944 = VERTEX_POINT('',#945);
#945 = CARTESIAN_POINT('',(34.899038105677,74.5,100.3));
#946 = LINE('',#947,#948);
#947 = CARTESIAN_POINT('',(34.899038105677,74.5,100.5));
#948 = VECTOR('',#949,1.);
#949 = DIRECTION('',(2.3E-16,-4.E-16,1.));
#950 = ORIENTED_EDGE('',*,*,#951,.F.);
#951 = EDGE_CURVE('',#952,#944,#954,.T.);
#952 = VERTEX_POINT('',#953);
#953 = CARTESIAN_POINT('',(32.300961894323,74.5,100.3));
#954 = LINE('',#955,#956);
#955 = CARTESIAN_POINT('',(30.335560418615,74.5,100.3));
#956 = VECTOR('',#957,1.);
#957 = DIRECTION('',(1.,0.,0.));
#958 = ORIENTED_EDGE('',*,*,#959,.T.);
#959 = EDGE_CURVE('',#952,#437,#960,.T.);
#960 = LINE('',#961,#962);
#961 = CARTESIAN_POINT('',(32.300961894323,74.5,100.5));
#962 = VECTOR('',#963,1.);
#963 = DIRECTION('',(2.3E-16,4.E-16,-1.));
#964 = FACE_BOUND('',#965,.T.);
#965 = EDGE_LOOP('',(#966));
#966 = ORIENTED_EDGE('',*,*,#967,.T.);
#967 = EDGE_CURVE('',#968,#968,#970,.T.);
#968 = VERTEX_POINT('',#969);
#969 = CARTESIAN_POINT('',(26.5,74.5,102.5));
#970 = CIRCLE('',#971,8.5);
#971 = AXIS2_PLACEMENT_3D('',#972,#973,#974);
#972 = CARTESIAN_POINT('',(18.,74.5,102.5));
#973 = DIRECTION('',(0.,-1.,0.));
#974 = DIRECTION('',(1.,0.,0.));
#975 = PLANE('',#976);
#976 = AXIS2_PLACEMENT_3D('',#977,#978,#979);
#977 = CARTESIAN_POINT('',(27.07112083723,74.5,102.5));
#978 = DIRECTION('',(0.,1.,4.E-16));
#979 = DIRECTION('',(0.,-4.E-16,1.));
#980 = ADVANCED_FACE('',(#981),#1024,.T.);
#981 = FACE_BOUND('',#982,.T.);
#982 = EDGE_LOOP('',(#983,#990,#991,#999,#1007,#1016,#1022,#1023));
#983 = ORIENTED_EDGE('',*,*,#984,.F.);
#984 = EDGE_CURVE('',#421,#267,#985,.T.);
#985 = CIRCLE('',#986,13.2);
#986 = AXIS2_PLACEMENT_3D('',#987,#988,#989);
#987 = CARTESIAN_POINT('',(18.,68.5,102.5));
#988 = DIRECTION('',(-0.,1.,0.));
#989 = DIRECTION('',(1.,0.,0.));
#990 = ORIENTED_EDGE('',*,*,#420,.T.);
#991 = ORIENTED_EDGE('',*,*,#992,.T.);
#992 = EDGE_CURVE('',#413,#993,#995,.T.);
#993 = VERTEX_POINT('',#994);
#994 = CARTESIAN_POINT('',(37.,68.5,102.2));
#995 = LINE('',#996,#997);
#996 = CARTESIAN_POINT('',(37.,68.5,98.5));
#997 = VECTOR('',#998,1.);
#998 = DIRECTION('',(0.,0.,1.));
#999 = ORIENTED_EDGE('',*,*,#1000,.T.);
#1000 = EDGE_CURVE('',#993,#1001,#1003,.T.);
#1001 = VERTEX_POINT('',#1002);
#1002 = CARTESIAN_POINT('',(29.045926851107,68.5,102.2));
#1003 = LINE('',#1004,#1005);
#1004 = CARTESIAN_POINT('',(25.122498161862,68.5,102.2));
#1005 = VECTOR('',#1006,1.);
#1006 = DIRECTION('',(-1.,-3.6E-16,0.));
#1007 = ORIENTED_EDGE('',*,*,#1008,.F.);
#1008 = EDGE_CURVE('',#1009,#1001,#1011,.T.);
#1009 = VERTEX_POINT('',#1010);
#1010 = CARTESIAN_POINT('',(29.045926851107,68.5,102.8));
#1011 = CIRCLE('',#1012,11.05);
#1012 = AXIS2_PLACEMENT_3D('',#1013,#1014,#1015);
#1013 = CARTESIAN_POINT('',(18.,68.5,102.5));
#1014 = DIRECTION('',(0.,-1.,0.));
#1015 = DIRECTION('',(1.,0.,0.));
#1016 = ORIENTED_EDGE('',*,*,#1017,.F.);
#1017 = EDGE_CURVE('',#887,#1009,#1018,.T.);
#1018 = LINE('',#1019,#1020);
#1019 = CARTESIAN_POINT('',(25.122498161862,68.5,102.8));
#1020 = VECTOR('',#1021,1.);
#1021 = DIRECTION('',(-1.,-3.6E-16,0.));
#1022 = ORIENTED_EDGE('',*,*,#886,.T.);
#1023 = ORIENTED_EDGE('',*,*,#274,.F.);
#1024 = PLANE('',#1025);
#1025 = AXIS2_PLACEMENT_3D('',#1026,#1027,#1028);
#1026 = CARTESIAN_POINT('',(21.444996323724,68.5,102.5));
#1027 = DIRECTION('',(3.6E-16,-1.,-4.2E-16));
#1028 = DIRECTION('',(0.,4.2E-16,-1.));
#1029 = ADVANCED_FACE('',(#1030),#1036,.T.);
#1030 = FACE_BOUND('',#1031,.F.);
#1031 = EDGE_LOOP('',(#1032,#1033,#1034,#1035));
#1032 = ORIENTED_EDGE('',*,*,#984,.F.);
#1033 = ORIENTED_EDGE('',*,*,#428,.F.);
#1034 = ORIENTED_EDGE('',*,*,#910,.T.);
#1035 = ORIENTED_EDGE('',*,*,#266,.T.);
#1036 = CYLINDRICAL_SURFACE('',#1037,13.2);
#1037 = AXIS2_PLACEMENT_3D('',#1038,#1039,#1040);
#1038 = CARTESIAN_POINT('',(18.,68.5,102.5));
#1039 = DIRECTION('',(-0.,-1.,0.));
#1040 = DIRECTION('',(1.,0.,0.));
#1041 = ADVANCED_FACE('',(#1042),#1061,.F.);
#1042 = FACE_BOUND('',#1043,.T.);
#1043 = EDGE_LOOP('',(#1044,#1053,#1059,#1060));
#1044 = ORIENTED_EDGE('',*,*,#1045,.T.);
#1045 = EDGE_CURVE('',#1046,#1046,#1048,.T.);
#1046 = VERTEX_POINT('',#1047);
#1047 = CARTESIAN_POINT('',(34.75,72.6,102.8));
#1048 = CIRCLE('',#1049,1.15);
#1049 = AXIS2_PLACEMENT_3D('',#1050,#1051,#1052);
#1050 = CARTESIAN_POINT('',(33.6,72.6,102.8));
#1051 = DIRECTION('',(0.,0.,-1.));
#1052 = DIRECTION('',(1.,0.,0.));
#1053 = ORIENTED_EDGE('',*,*,#1054,.T.);
#1054 = EDGE_CURVE('',#1046,#307,#1055,.T.);
#1055 = LINE('',#1056,#1057);
#1056 = CARTESIAN_POINT('',(34.75,72.6,98.4));
#1057 = VECTOR('',#1058,1.);
#1058 = DIRECTION('',(0.,0.,1.));
#1059 = ORIENTED_EDGE('',*,*,#306,.F.);
#1060 = ORIENTED_EDGE('',*,*,#1054,.F.);
#1061 = CYLINDRICAL_SURFACE('',#1062,1.15);
#1062 = AXIS2_PLACEMENT_3D('',#1063,#1064,#1065);
#1063 = CARTESIAN_POINT('',(33.6,72.6,98.4));
#1064 = DIRECTION('',(-0.,-0.,-1.));
#1065 = DIRECTION('',(1.,0.,0.));
#1066 = ADVANCED_FACE('',(#1067),#1078,.F.);
#1067 = FACE_BOUND('',#1068,.F.);
#1068 = EDGE_LOOP('',(#1069,#1070,#1071,#1077));
#1069 = ORIENTED_EDGE('',*,*,#363,.F.);
#1070 = ORIENTED_EDGE('',*,*,#628,.T.);
#1071 = ORIENTED_EDGE('',*,*,#1072,.T.);
#1072 = EDGE_CURVE('',#629,#726,#1073,.T.);
#1073 = LINE('',#1074,#1075);
#1074 = CARTESIAN_POINT('',(5.9,38.,96.5));
#1075 = VECTOR('',#1076,1.);
#1076 = DIRECTION('',(1.,0.,0.));
#1077 = ORIENTED_EDGE('',*,*,#725,.T.);
#1078 = PLANE('',#1079);
#1079 = AXIS2_PLACEMENT_3D('',#1080,#1081,#1082);
#1080 = CARTESIAN_POINT('',(6.,38.,90.5));
#1081 = DIRECTION('',(0.,1.,0.));
#1082 = DIRECTION('',(0.,0.,1.));
#1083 = ADVANCED_FACE('',(#1084),#1102,.T.);
#1084 = FACE_BOUND('',#1085,.T.);
#1085 = EDGE_LOOP('',(#1086,#1087,#1095,#1101));
#1086 = ORIENTED_EDGE('',*,*,#476,.F.);
#1087 = ORIENTED_EDGE('',*,*,#1088,.T.);
#1088 = EDGE_CURVE('',#469,#1089,#1091,.T.);
#1089 = VERTEX_POINT('',#1090);
#1090 = CARTESIAN_POINT('',(35.996003617137,72.6,100.3));
#1091 = LINE('',#1092,#1093);
#1092 = CARTESIAN_POINT('',(35.996003617137,72.6,98.5));
#1093 = VECTOR('',#1094,1.);
#1094 = DIRECTION('',(0.,0.,1.));
#1095 = ORIENTED_EDGE('',*,*,#1096,.T.);
#1096 = EDGE_CURVE('',#1089,#944,#1097,.T.);
#1097 = LINE('',#1098,#1099);
#1098 = CARTESIAN_POINT('',(35.996003617137,72.6,100.3));
#1099 = VECTOR('',#1100,1.);
#1100 = DIRECTION('',(-0.5,0.866025403784,0.));
#1101 = ORIENTED_EDGE('',*,*,#943,.F.);
#1102 = PLANE('',#1103);
#1103 = AXIS2_PLACEMENT_3D('',#1104,#1105,#1106);
#1104 = CARTESIAN_POINT('',(35.996003617137,72.6,98.5));
#1105 = DIRECTION('',(-0.866025403784,-0.5,0.));
#1106 = DIRECTION('',(-0.5,0.866025403784,0.));
#1107 = ADVANCED_FACE('',(#1108),#1126,.T.);
#1108 = FACE_BOUND('',#1109,.T.);
#1109 = EDGE_LOOP('',(#1110,#1118,#1124,#1125));
#1110 = ORIENTED_EDGE('',*,*,#1111,.T.);
#1111 = EDGE_CURVE('',#461,#1112,#1114,.T.);
#1112 = VERTEX_POINT('',#1113);
#1113 = CARTESIAN_POINT('',(34.798001808568,70.525,100.3));
#1114 = LINE('',#1115,#1116);
#1115 = CARTESIAN_POINT('',(34.798001808568,70.525,98.5));
#1116 = VECTOR('',#1117,1.);
#1117 = DIRECTION('',(0.,0.,1.));
#1118 = ORIENTED_EDGE('',*,*,#1119,.T.);
#1119 = EDGE_CURVE('',#1112,#1089,#1120,.T.);
#1120 = LINE('',#1121,#1122);
#1121 = CARTESIAN_POINT('',(34.798001808568,70.525,100.3));
#1122 = VECTOR('',#1123,1.);
#1123 = DIRECTION('',(0.5,0.866025403784,0.));
#1124 = ORIENTED_EDGE('',*,*,#1088,.F.);
#1125 = ORIENTED_EDGE('',*,*,#468,.F.);
#1126 = PLANE('',#1127);
#1127 = AXIS2_PLACEMENT_3D('',#1128,#1129,#1130);
#1128 = CARTESIAN_POINT('',(34.798001808568,70.525,98.5));
#1129 = DIRECTION('',(-0.866025403784,0.5,0.));
#1130 = DIRECTION('',(0.5,0.866025403784,0.));
#1131 = ADVANCED_FACE('',(#1132),#1150,.T.);
#1132 = FACE_BOUND('',#1133,.T.);
#1133 = EDGE_LOOP('',(#1134,#1142,#1148,#1149));
#1134 = ORIENTED_EDGE('',*,*,#1135,.T.);
#1135 = EDGE_CURVE('',#453,#1136,#1138,.T.);
#1136 = VERTEX_POINT('',#1137);
#1137 = CARTESIAN_POINT('',(32.401998191432,70.525,100.3));
#1138 = LINE('',#1139,#1140);
#1139 = CARTESIAN_POINT('',(32.401998191432,70.525,98.5));
#1140 = VECTOR('',#1141,1.);
#1141 = DIRECTION('',(0.,0.,1.));
#1142 = ORIENTED_EDGE('',*,*,#1143,.T.);
#1143 = EDGE_CURVE('',#1136,#1112,#1144,.T.);
#1144 = LINE('',#1145,#1146);
#1145 = CARTESIAN_POINT('',(32.401998191432,70.525,100.3));
#1146 = VECTOR('',#1147,1.);
#1147 = DIRECTION('',(1.,-1.9E-16,0.));
#1148 = ORIENTED_EDGE('',*,*,#1111,.F.);
#1149 = ORIENTED_EDGE('',*,*,#460,.F.);
#1150 = PLANE('',#1151);
#1151 = AXIS2_PLACEMENT_3D('',#1152,#1153,#1154);
#1152 = CARTESIAN_POINT('',(32.401998191432,70.525,98.5));
#1153 = DIRECTION('',(1.9E-16,1.,0.));
#1154 = DIRECTION('',(1.,-1.9E-16,0.));
#1155 = ADVANCED_FACE('',(#1156),#1174,.T.);
#1156 = FACE_BOUND('',#1157,.T.);
#1157 = EDGE_LOOP('',(#1158,#1166,#1172,#1173));
#1158 = ORIENTED_EDGE('',*,*,#1159,.T.);
#1159 = EDGE_CURVE('',#445,#1160,#1162,.T.);
#1160 = VERTEX_POINT('',#1161);
#1161 = CARTESIAN_POINT('',(31.203996382863,72.6,100.3));
#1162 = LINE('',#1163,#1164);
#1163 = CARTESIAN_POINT('',(31.203996382863,72.6,98.5));
#1164 = VECTOR('',#1165,1.);
#1165 = DIRECTION('',(0.,0.,1.));
#1166 = ORIENTED_EDGE('',*,*,#1167,.T.);
#1167 = EDGE_CURVE('',#1160,#1136,#1168,.T.);
#1168 = LINE('',#1169,#1170);
#1169 = CARTESIAN_POINT('',(31.203996382863,72.6,100.3));
#1170 = VECTOR('',#1171,1.);
#1171 = DIRECTION('',(0.5,-0.866025403784,0.));
#1172 = ORIENTED_EDGE('',*,*,#1135,.F.);
#1173 = ORIENTED_EDGE('',*,*,#452,.F.);
#1174 = PLANE('',#1175);
#1175 = AXIS2_PLACEMENT_3D('',#1176,#1177,#1178);
#1176 = CARTESIAN_POINT('',(31.203996382863,72.6,98.5));
#1177 = DIRECTION('',(0.866025403784,0.5,0.));
#1178 = DIRECTION('',(0.5,-0.866025403784,0.));
#1179 = ADVANCED_FACE('',(#1180),#1191,.T.);
#1180 = FACE_BOUND('',#1181,.T.);
#1181 = EDGE_LOOP('',(#1182,#1183,#1184,#1190));
#1182 = ORIENTED_EDGE('',*,*,#444,.F.);
#1183 = ORIENTED_EDGE('',*,*,#959,.F.);
#1184 = ORIENTED_EDGE('',*,*,#1185,.T.);
#1185 = EDGE_CURVE('',#952,#1160,#1186,.T.);
#1186 = LINE('',#1187,#1188);
#1187 = CARTESIAN_POINT('',(32.401998191432,74.675,100.3));
#1188 = VECTOR('',#1189,1.);
#1189 = DIRECTION('',(-0.5,-0.866025403784,0.));
#1190 = ORIENTED_EDGE('',*,*,#1159,.F.);
#1191 = PLANE('',#1192);
#1192 = AXIS2_PLACEMENT_3D('',#1193,#1194,#1195);
#1193 = CARTESIAN_POINT('',(32.401998191432,74.675,98.5));
#1194 = DIRECTION('',(0.866025403784,-0.5,0.));
#1195 = DIRECTION('',(-0.5,-0.866025403784,0.));
#1196 = ADVANCED_FACE('',(#1197),#1215,.T.);
#1197 = FACE_BOUND('',#1198,.T.);
#1198 = EDGE_LOOP('',(#1199,#1207,#1208,#1209));
#1199 = ORIENTED_EDGE('',*,*,#1200,.T.);
#1200 = EDGE_CURVE('',#1201,#993,#1203,.T.);
#1201 = VERTEX_POINT('',#1202);
#1202 = CARTESIAN_POINT('',(37.,70.5,102.2));
#1203 = LINE('',#1204,#1205);
#1204 = CARTESIAN_POINT('',(37.,68.45,102.2));
#1205 = VECTOR('',#1206,1.);
#1206 = DIRECTION('',(0.,-1.,0.));
#1207 = ORIENTED_EDGE('',*,*,#992,.F.);
#1208 = ORIENTED_EDGE('',*,*,#412,.T.);
#1209 = ORIENTED_EDGE('',*,*,#1210,.F.);
#1210 = EDGE_CURVE('',#1201,#405,#1211,.T.);
#1211 = LINE('',#1212,#1213);
#1212 = CARTESIAN_POINT('',(37.,70.5,98.5));
#1213 = VECTOR('',#1214,1.);
#1214 = DIRECTION('',(0.,3.3E-16,-1.));
#1215 = PLANE('',#1216);
#1216 = AXIS2_PLACEMENT_3D('',#1217,#1218,#1219);
#1217 = CARTESIAN_POINT('',(37.,68.5,98.5));
#1218 = DIRECTION('',(1.,0.,0.));
#1219 = DIRECTION('',(0.,0.,1.));
#1220 = ADVANCED_FACE('',(#1221),#1232,.F.);
#1221 = FACE_BOUND('',#1222,.F.);
#1222 = EDGE_LOOP('',(#1223,#1224,#1225,#1231));
#1223 = ORIENTED_EDGE('',*,*,#404,.F.);
#1224 = ORIENTED_EDGE('',*,*,#1210,.F.);
#1225 = ORIENTED_EDGE('',*,*,#1226,.T.);
#1226 = EDGE_CURVE('',#1201,#791,#1227,.T.);
#1227 = LINE('',#1228,#1229);
#1228 = CARTESIAN_POINT('',(23.4,70.5,102.2));
#1229 = VECTOR('',#1230,1.);
#1230 = DIRECTION('',(1.,0.,0.));
#1231 = ORIENTED_EDGE('',*,*,#790,.F.);
#1232 = PLANE('',#1233);
#1233 = AXIS2_PLACEMENT_3D('',#1234,#1235,#1236);
#1234 = CARTESIAN_POINT('',(18.,70.5,98.5));
#1235 = DIRECTION('',(0.,1.,0.));
#1236 = DIRECTION('',(0.,0.,1.));
#1237 = ADVANCED_FACE('',(#1238,#1274),#1277,.F.);
#1238 = FACE_BOUND('',#1239,.F.);
#1239 = EDGE_LOOP('',(#1240,#1248,#1256,#1262,#1263,#1264,#1265,#1266,
    #1272,#1273));
#1240 = ORIENTED_EDGE('',*,*,#1241,.F.);
#1241 = EDGE_CURVE('',#1242,#920,#1244,.T.);
#1242 = VERTEX_POINT('',#1243);
#1243 = CARTESIAN_POINT('',(28.8,72.5,102.8));
#1244 = LINE('',#1245,#1246);
#1245 = CARTESIAN_POINT('',(28.8,68.4,102.8));
#1246 = VECTOR('',#1247,1.);
#1247 = DIRECTION('',(0.,1.,0.));
#1248 = ORIENTED_EDGE('',*,*,#1249,.T.);
#1249 = EDGE_CURVE('',#1242,#1250,#1252,.T.);
#1250 = VERTEX_POINT('',#1251);
#1251 = CARTESIAN_POINT('',(29.045926851107,72.5,102.8));
#1252 = LINE('',#1253,#1254);
#1253 = CARTESIAN_POINT('',(23.4,72.5,102.8));
#1254 = VECTOR('',#1255,1.);
#1255 = DIRECTION('',(1.,0.,0.));
#1256 = ORIENTED_EDGE('',*,*,#1257,.T.);
#1257 = EDGE_CURVE('',#1250,#1009,#1258,.T.);
#1258 = LINE('',#1259,#1260);
#1259 = CARTESIAN_POINT('',(29.045926851107,68.4,102.8));
#1260 = VECTOR('',#1261,1.);
#1261 = DIRECTION('',(-0.,-1.,-3.3E-16));
#1262 = ORIENTED_EDGE('',*,*,#1017,.F.);
#1263 = ORIENTED_EDGE('',*,*,#894,.F.);
#1264 = ORIENTED_EDGE('',*,*,#861,.T.);
#1265 = ORIENTED_EDGE('',*,*,#814,.T.);
#1266 = ORIENTED_EDGE('',*,*,#1267,.T.);
#1267 = EDGE_CURVE('',#807,#527,#1268,.T.);
#1268 = LINE('',#1269,#1270);
#1269 = CARTESIAN_POINT('',(28.8,68.4,102.8));
#1270 = VECTOR('',#1271,1.);
#1271 = DIRECTION('',(1.,0.,0.));
#1272 = ORIENTED_EDGE('',*,*,#534,.F.);
#1273 = ORIENTED_EDGE('',*,*,#919,.F.);
#1274 = FACE_BOUND('',#1275,.F.);
#1275 = EDGE_LOOP('',(#1276));
#1276 = ORIENTED_EDGE('',*,*,#1045,.T.);
#1277 = PLANE('',#1278);
#1278 = AXIS2_PLACEMENT_3D('',#1279,#1280,#1281);
#1279 = CARTESIAN_POINT('',(28.8,68.4,102.8));
#1280 = DIRECTION('',(0.,0.,1.));
#1281 = DIRECTION('',(1.,0.,0.));
#1282 = ADVANCED_FACE('',(#1283),#1294,.T.);
#1283 = FACE_BOUND('',#1284,.T.);
#1284 = EDGE_LOOP('',(#1285,#1291,#1292,#1293));
#1285 = ORIENTED_EDGE('',*,*,#1286,.F.);
#1286 = EDGE_CURVE('',#799,#519,#1287,.T.);
#1287 = LINE('',#1288,#1289);
#1288 = CARTESIAN_POINT('',(28.8,68.4,102.2));
#1289 = VECTOR('',#1290,1.);
#1290 = DIRECTION('',(1.,0.,0.));
#1291 = ORIENTED_EDGE('',*,*,#806,.T.);
#1292 = ORIENTED_EDGE('',*,*,#1267,.T.);
#1293 = ORIENTED_EDGE('',*,*,#526,.F.);
#1294 = PLANE('',#1295);
#1295 = AXIS2_PLACEMENT_3D('',#1296,#1297,#1298);
#1296 = CARTESIAN_POINT('',(28.8,68.4,102.2));
#1297 = DIRECTION('',(0.,1.,0.));
#1298 = DIRECTION('',(0.,0.,1.));
#1299 = ADVANCED_FACE('',(#1300,#1331),#1342,.T.);
#1300 = FACE_BOUND('',#1301,.T.);
#1301 = EDGE_LOOP('',(#1302,#1310,#1318,#1324,#1325,#1326,#1327,#1328,
    #1329,#1330));
#1302 = ORIENTED_EDGE('',*,*,#1303,.F.);
#1303 = EDGE_CURVE('',#1304,#928,#1306,.T.);
#1304 = VERTEX_POINT('',#1305);
#1305 = CARTESIAN_POINT('',(28.8,72.5,102.2));
#1306 = LINE('',#1307,#1308);
#1307 = CARTESIAN_POINT('',(28.8,68.4,102.2));
#1308 = VECTOR('',#1309,1.);
#1309 = DIRECTION('',(0.,1.,0.));
#1310 = ORIENTED_EDGE('',*,*,#1311,.T.);
#1311 = EDGE_CURVE('',#1304,#1312,#1314,.T.);
#1312 = VERTEX_POINT('',#1313);
#1313 = CARTESIAN_POINT('',(29.045926851107,72.5,102.2));
#1314 = LINE('',#1315,#1316);
#1315 = CARTESIAN_POINT('',(23.4,72.5,102.2));
#1316 = VECTOR('',#1317,1.);
#1317 = DIRECTION('',(1.,0.,0.));
#1318 = ORIENTED_EDGE('',*,*,#1319,.T.);
#1319 = EDGE_CURVE('',#1312,#1001,#1320,.T.);
#1320 = LINE('',#1321,#1322);
#1321 = CARTESIAN_POINT('',(29.045926851107,68.4,102.2));
#1322 = VECTOR('',#1323,1.);
#1323 = DIRECTION('',(-0.,-1.,-3.3E-16));
#1324 = ORIENTED_EDGE('',*,*,#1000,.F.);
#1325 = ORIENTED_EDGE('',*,*,#1200,.F.);
#1326 = ORIENTED_EDGE('',*,*,#1226,.T.);
#1327 = ORIENTED_EDGE('',*,*,#798,.T.);
#1328 = ORIENTED_EDGE('',*,*,#1286,.T.);
#1329 = ORIENTED_EDGE('',*,*,#518,.F.);
#1330 = ORIENTED_EDGE('',*,*,#935,.F.);
#1331 = FACE_BOUND('',#1332,.T.);
#1332 = EDGE_LOOP('',(#1333));
#1333 = ORIENTED_EDGE('',*,*,#1334,.T.);
#1334 = EDGE_CURVE('',#1335,#1335,#1337,.T.);
#1335 = VERTEX_POINT('',#1336);
#1336 = CARTESIAN_POINT('',(34.75,72.6,102.2));
#1337 = CIRCLE('',#1338,1.15);
#1338 = AXIS2_PLACEMENT_3D('',#1339,#1340,#1341);
#1339 = CARTESIAN_POINT('',(33.6,72.6,102.2));
#1340 = DIRECTION('',(0.,0.,-1.));
#1341 = DIRECTION('',(1.,0.,0.));
#1342 = PLANE('',#1343);
#1343 = AXIS2_PLACEMENT_3D('',#1344,#1345,#1346);
#1344 = CARTESIAN_POINT('',(28.8,68.4,102.2));
#1345 = DIRECTION('',(0.,0.,1.));
#1346 = DIRECTION('',(1.,0.,0.));
#1347 = ADVANCED_FACE('',(#1348),#1367,.F.);
#1348 = FACE_BOUND('',#1349,.T.);
#1349 = EDGE_LOOP('',(#1350,#1359,#1365,#1366));
#1350 = ORIENTED_EDGE('',*,*,#1351,.T.);
#1351 = EDGE_CURVE('',#1352,#1352,#1354,.T.);
#1352 = VERTEX_POINT('',#1353);
#1353 = CARTESIAN_POINT('',(33.1,17.5,98.5));
#1354 = CIRCLE('',#1355,4.);
#1355 = AXIS2_PLACEMENT_3D('',#1356,#1357,#1358);
#1356 = CARTESIAN_POINT('',(33.1,17.5,102.5));
#1357 = DIRECTION('',(-1.,-0.,-0.));
#1358 = DIRECTION('',(0.,0.,-1.));
#1359 = ORIENTED_EDGE('',*,*,#1360,.T.);
#1360 = EDGE_CURVE('',#1352,#568,#1361,.T.);
#1361 = LINE('',#1362,#1363);
#1362 = CARTESIAN_POINT('',(32.5,17.5,98.5));
#1363 = VECTOR('',#1364,1.);
#1364 = DIRECTION('',(1.,0.,0.));
#1365 = ORIENTED_EDGE('',*,*,#567,.T.);
#1366 = ORIENTED_EDGE('',*,*,#1360,.F.);
#1367 = CYLINDRICAL_SURFACE('',#1368,4.);
#1368 = AXIS2_PLACEMENT_3D('',#1369,#1370,#1371);
#1369 = CARTESIAN_POINT('',(32.5,17.5,102.5));
#1370 = DIRECTION('',(-1.,-0.,0.));
#1371 = DIRECTION('',(0.,0.,-1.));
#1372 = ADVANCED_FACE('',(#1373),#1392,.F.);
#1373 = FACE_BOUND('',#1374,.T.);
#1374 = EDGE_LOOP('',(#1375,#1384,#1390,#1391));
#1375 = ORIENTED_EDGE('',*,*,#1376,.T.);
#1376 = EDGE_CURVE('',#1377,#1377,#1379,.T.);
#1377 = VERTEX_POINT('',#1378);
#1378 = CARTESIAN_POINT('',(33.1,13.257359312881,97.407359312881));
#1379 = CIRCLE('',#1380,0.85);
#1380 = AXIS2_PLACEMENT_3D('',#1381,#1382,#1383);
#1381 = CARTESIAN_POINT('',(33.1,13.257359312881,98.257359312881));
#1382 = DIRECTION('',(-1.,-0.,-0.));
#1383 = DIRECTION('',(0.,0.,-1.));
#1384 = ORIENTED_EDGE('',*,*,#1385,.T.);
#1385 = EDGE_CURVE('',#1377,#579,#1386,.T.);
#1386 = LINE('',#1387,#1388);
#1387 = CARTESIAN_POINT('',(32.5,13.257359312881,97.407359312881));
#1388 = VECTOR('',#1389,1.);
#1389 = DIRECTION('',(1.,0.,0.));
#1390 = ORIENTED_EDGE('',*,*,#578,.T.);
#1391 = ORIENTED_EDGE('',*,*,#1385,.F.);
#1392 = CYLINDRICAL_SURFACE('',#1393,0.85);
#1393 = AXIS2_PLACEMENT_3D('',#1394,#1395,#1396);
#1394 = CARTESIAN_POINT('',(32.5,13.257359312881,98.257359312881));
#1395 = DIRECTION('',(-1.,-0.,0.));
#1396 = DIRECTION('',(0.,0.,-1.));
#1397 = ADVANCED_FACE('',(#1398),#1417,.F.);
#1398 = FACE_BOUND('',#1399,.T.);
#1399 = EDGE_LOOP('',(#1400,#1409,#1415,#1416));
#1400 = ORIENTED_EDGE('',*,*,#1401,.T.);
#1401 = EDGE_CURVE('',#1402,#1402,#1404,.T.);
#1402 = VERTEX_POINT('',#1403);
#1403 = CARTESIAN_POINT('',(33.1,13.257359312881,105.89264068711));
#1404 = CIRCLE('',#1405,0.85);
#1405 = AXIS2_PLACEMENT_3D('',#1406,#1407,#1408);
#1406 = CARTESIAN_POINT('',(33.1,13.257359312881,106.74264068711));
#1407 = DIRECTION('',(-1.,-0.,-0.));
#1408 = DIRECTION('',(0.,0.,-1.));
#1409 = ORIENTED_EDGE('',*,*,#1410,.T.);
#1410 = EDGE_CURVE('',#1402,#590,#1411,.T.);
#1411 = LINE('',#1412,#1413);
#1412 = CARTESIAN_POINT('',(32.5,13.257359312881,105.89264068711));
#1413 = VECTOR('',#1414,1.);
#1414 = DIRECTION('',(1.,0.,0.));
#1415 = ORIENTED_EDGE('',*,*,#589,.T.);
#1416 = ORIENTED_EDGE('',*,*,#1410,.F.);
#1417 = CYLINDRICAL_SURFACE('',#1418,0.85);
#1418 = AXIS2_PLACEMENT_3D('',#1419,#1420,#1421);
#1419 = CARTESIAN_POINT('',(32.5,13.257359312881,106.74264068711));
#1420 = DIRECTION('',(-1.,-0.,0.));
#1421 = DIRECTION('',(0.,0.,-1.));
#1422 = ADVANCED_FACE('',(#1423),#1442,.F.);
#1423 = FACE_BOUND('',#1424,.T.);
#1424 = EDGE_LOOP('',(#1425,#1434,#1440,#1441));
#1425 = ORIENTED_EDGE('',*,*,#1426,.T.);
#1426 = EDGE_CURVE('',#1427,#1427,#1429,.T.);
#1427 = VERTEX_POINT('',#1428);
#1428 = CARTESIAN_POINT('',(33.1,21.742640687119,97.407359312881));
#1429 = CIRCLE('',#1430,0.85);
#1430 = AXIS2_PLACEMENT_3D('',#1431,#1432,#1433);
#1431 = CARTESIAN_POINT('',(33.1,21.742640687119,98.257359312881));
#1432 = DIRECTION('',(-1.,-0.,-0.));
#1433 = DIRECTION('',(0.,0.,-1.));
#1434 = ORIENTED_EDGE('',*,*,#1435,.T.);
#1435 = EDGE_CURVE('',#1427,#601,#1436,.T.);
#1436 = LINE('',#1437,#1438);
#1437 = CARTESIAN_POINT('',(32.5,21.742640687119,97.407359312881));
#1438 = VECTOR('',#1439,1.);
#1439 = DIRECTION('',(1.,0.,0.));
#1440 = ORIENTED_EDGE('',*,*,#600,.T.);
#1441 = ORIENTED_EDGE('',*,*,#1435,.F.);
#1442 = CYLINDRICAL_SURFACE('',#1443,0.85);
#1443 = AXIS2_PLACEMENT_3D('',#1444,#1445,#1446);
#1444 = CARTESIAN_POINT('',(32.5,21.742640687119,98.257359312881));
#1445 = DIRECTION('',(-1.,-0.,0.));
#1446 = DIRECTION('',(0.,0.,-1.));
#1447 = ADVANCED_FACE('',(#1448),#1467,.F.);
#1448 = FACE_BOUND('',#1449,.T.);
#1449 = EDGE_LOOP('',(#1450,#1459,#1465,#1466));
#1450 = ORIENTED_EDGE('',*,*,#1451,.T.);
#1451 = EDGE_CURVE('',#1452,#1452,#1454,.T.);
#1452 = VERTEX_POINT('',#1453);
#1453 = CARTESIAN_POINT('',(33.1,21.742640687119,105.89264068711));
#1454 = CIRCLE('',#1455,0.85);
#1455 = AXIS2_PLACEMENT_3D('',#1456,#1457,#1458);
#1456 = CARTESIAN_POINT('',(33.1,21.742640687119,106.74264068711));
#1457 = DIRECTION('',(-1.,-0.,-0.));
#1458 = DIRECTION('',(0.,0.,-1.));
#1459 = ORIENTED_EDGE('',*,*,#1460,.T.);
#1460 = EDGE_CURVE('',#1452,#612,#1461,.T.);
#1461 = LINE('',#1462,#1463);
#1462 = CARTESIAN_POINT('',(32.5,21.742640687119,105.89264068711));
#1463 = VECTOR('',#1464,1.);
#1464 = DIRECTION('',(1.,0.,0.));
#1465 = ORIENTED_EDGE('',*,*,#611,.T.);
#1466 = ORIENTED_EDGE('',*,*,#1460,.F.);
#1467 = CYLINDRICAL_SURFACE('',#1468,0.85);
#1468 = AXIS2_PLACEMENT_3D('',#1469,#1470,#1471);
#1469 = CARTESIAN_POINT('',(32.5,21.742640687119,106.74264068711));
#1470 = DIRECTION('',(-1.,-0.,0.));
#1471 = DIRECTION('',(0.,0.,-1.));
#1472 = ADVANCED_FACE('',(#1473),#1498,.T.);
#1473 = FACE_BOUND('',#1474,.T.);
#1474 = EDGE_LOOP('',(#1475,#1483,#1491,#1497));
#1475 = ORIENTED_EDGE('',*,*,#1476,.F.);
#1476 = EDGE_CURVE('',#1477,#629,#1479,.T.);
#1477 = VERTEX_POINT('',#1478);
#1478 = CARTESIAN_POINT('',(0.,38.,96.5));
#1479 = LINE('',#1480,#1481);
#1480 = CARTESIAN_POINT('',(5.9,38.,96.5));
#1481 = VECTOR('',#1482,1.);
#1482 = DIRECTION('',(1.,0.,0.));
#1483 = ORIENTED_EDGE('',*,*,#1484,.T.);
#1484 = EDGE_CURVE('',#1477,#1485,#1487,.T.);
#1485 = VERTEX_POINT('',#1486);
#1486 = CARTESIAN_POINT('',(0.,38.,102.2));
#1487 = LINE('',#1488,#1489);
#1488 = CARTESIAN_POINT('',(-4.263256414561E-14,38.,96.5));
#1489 = VECTOR('',#1490,1.);
#1490 = DIRECTION('',(0.,0.,1.));
#1491 = ORIENTED_EDGE('',*,*,#1492,.T.);
#1492 = EDGE_CURVE('',#1485,#672,#1493,.T.);
#1493 = LINE('',#1494,#1495);
#1494 = CARTESIAN_POINT('',(1.45,38.,102.2));
#1495 = VECTOR('',#1496,1.);
#1496 = DIRECTION('',(1.,8.E-16,0.));
#1497 = ORIENTED_EDGE('',*,*,#679,.F.);
#1498 = PLANE('',#1499);
#1499 = AXIS2_PLACEMENT_3D('',#1500,#1501,#1502);
#1500 = CARTESIAN_POINT('',(3.,38.,102.5));
#1501 = DIRECTION('',(-8.E-16,1.,0.));
#1502 = DIRECTION('',(1.,8.E-16,0.));
#1503 = ADVANCED_FACE('',(#1504,#1570),#1581,.T.);
#1504 = FACE_BOUND('',#1505,.T.);
#1505 = EDGE_LOOP('',(#1506,#1514,#1515,#1516,#1524,#1532,#1540,#1548,
    #1556,#1564));
#1506 = ORIENTED_EDGE('',*,*,#1507,.F.);
#1507 = EDGE_CURVE('',#664,#1508,#1510,.T.);
#1508 = VERTEX_POINT('',#1509);
#1509 = CARTESIAN_POINT('',(6.1,38.1,102.2));
#1510 = LINE('',#1511,#1512);
#1511 = CARTESIAN_POINT('',(-0.1,38.1,102.2));
#1512 = VECTOR('',#1513,1.);
#1513 = DIRECTION('',(1.,0.,0.));
#1514 = ORIENTED_EDGE('',*,*,#671,.T.);
#1515 = ORIENTED_EDGE('',*,*,#1492,.F.);
#1516 = ORIENTED_EDGE('',*,*,#1517,.F.);
#1517 = EDGE_CURVE('',#1518,#1485,#1520,.T.);
#1518 = VERTEX_POINT('',#1519);
#1519 = CARTESIAN_POINT('',(0.,28.3,102.2));
#1520 = LINE('',#1521,#1522);
#1521 = CARTESIAN_POINT('',(0.,25.577178763671,102.2));
#1522 = VECTOR('',#1523,1.);
#1523 = DIRECTION('',(0.,1.,0.));
#1524 = ORIENTED_EDGE('',*,*,#1525,.T.);
#1525 = EDGE_CURVE('',#1518,#1526,#1528,.T.);
#1526 = VERTEX_POINT('',#1527);
#1527 = CARTESIAN_POINT('',(2.,28.3,102.2));
#1528 = LINE('',#1529,#1530);
#1529 = CARTESIAN_POINT('',(-0.1,28.3,102.2));
#1530 = VECTOR('',#1531,1.);
#1531 = DIRECTION('',(1.,0.,0.));
#1532 = ORIENTED_EDGE('',*,*,#1533,.T.);
#1533 = EDGE_CURVE('',#1526,#1534,#1536,.T.);
#1534 = VERTEX_POINT('',#1535);
#1535 = CARTESIAN_POINT('',(2.,28.545926851107,102.2));
#1536 = LINE('',#1537,#1538);
#1537 = CARTESIAN_POINT('',(2.,22.9,102.2));
#1538 = VECTOR('',#1539,1.);
#1539 = DIRECTION('',(0.,1.,0.));
#1540 = ORIENTED_EDGE('',*,*,#1541,.T.);
#1541 = EDGE_CURVE('',#1534,#1542,#1544,.T.);
#1542 = VERTEX_POINT('',#1543);
#1543 = CARTESIAN_POINT('',(6.,28.545926851107,102.2));
#1544 = LINE('',#1545,#1546);
#1545 = CARTESIAN_POINT('',(6.1,28.545926851107,102.2));
#1546 = VECTOR('',#1547,1.);
#1547 = DIRECTION('',(1.,0.,-3.3E-16));
#1548 = ORIENTED_EDGE('',*,*,#1549,.F.);
#1549 = EDGE_CURVE('',#1550,#1542,#1552,.T.);
#1550 = VERTEX_POINT('',#1551);
#1551 = CARTESIAN_POINT('',(6.,34.,102.2));
#1552 = LINE('',#1553,#1554);
#1553 = CARTESIAN_POINT('',(6.,24.232300414476,102.2));
#1554 = VECTOR('',#1555,1.);
#1555 = DIRECTION('',(0.,-1.,0.));
#1556 = ORIENTED_EDGE('',*,*,#1557,.T.);
#1557 = EDGE_CURVE('',#1550,#1558,#1560,.T.);
#1558 = VERTEX_POINT('',#1559);
#1559 = CARTESIAN_POINT('',(6.1,34.,102.2));
#1560 = LINE('',#1561,#1562);
#1561 = CARTESIAN_POINT('',(2.9,34.,102.2));
#1562 = VECTOR('',#1563,1.);
#1563 = DIRECTION('',(1.,0.,0.));
#1564 = ORIENTED_EDGE('',*,*,#1565,.T.);
#1565 = EDGE_CURVE('',#1558,#1508,#1566,.T.);
#1566 = LINE('',#1567,#1568);
#1567 = CARTESIAN_POINT('',(6.1,28.3,102.2));
#1568 = VECTOR('',#1569,1.);
#1569 = DIRECTION('',(0.,1.,0.));
#1570 = FACE_BOUND('',#1571,.T.);
#1571 = EDGE_LOOP('',(#1572));
#1572 = ORIENTED_EDGE('',*,*,#1573,.T.);
#1573 = EDGE_CURVE('',#1574,#1574,#1576,.T.);
#1574 = VERTEX_POINT('',#1575);
#1575 = CARTESIAN_POINT('',(3.05,33.1,102.2));
#1576 = CIRCLE('',#1577,1.15);
#1577 = AXIS2_PLACEMENT_3D('',#1578,#1579,#1580);
#1578 = CARTESIAN_POINT('',(1.9,33.1,102.2));
#1579 = DIRECTION('',(0.,0.,-1.));
#1580 = DIRECTION('',(1.,0.,0.));
#1581 = PLANE('',#1582);
#1582 = AXIS2_PLACEMENT_3D('',#1583,#1584,#1585);
#1583 = CARTESIAN_POINT('',(-0.1,28.3,102.2));
#1584 = DIRECTION('',(0.,0.,1.));
#1585 = DIRECTION('',(1.,0.,0.));
#1586 = ADVANCED_FACE('',(#1587),#1605,.F.);
#1587 = FACE_BOUND('',#1588,.F.);
#1588 = EDGE_LOOP('',(#1589,#1590,#1591,#1599));
#1589 = ORIENTED_EDGE('',*,*,#1507,.F.);
#1590 = ORIENTED_EDGE('',*,*,#663,.T.);
#1591 = ORIENTED_EDGE('',*,*,#1592,.T.);
#1592 = EDGE_CURVE('',#656,#1593,#1595,.T.);
#1593 = VERTEX_POINT('',#1594);
#1594 = CARTESIAN_POINT('',(6.1,38.1,102.8));
#1595 = LINE('',#1596,#1597);
#1596 = CARTESIAN_POINT('',(-0.1,38.1,102.8));
#1597 = VECTOR('',#1598,1.);
#1598 = DIRECTION('',(1.,0.,0.));
#1599 = ORIENTED_EDGE('',*,*,#1600,.F.);
#1600 = EDGE_CURVE('',#1508,#1593,#1601,.T.);
#1601 = LINE('',#1602,#1603);
#1602 = CARTESIAN_POINT('',(6.1,38.1,102.2));
#1603 = VECTOR('',#1604,1.);
#1604 = DIRECTION('',(0.,0.,1.));
#1605 = PLANE('',#1606);
#1606 = AXIS2_PLACEMENT_3D('',#1607,#1608,#1609);
#1607 = CARTESIAN_POINT('',(-0.1,38.1,102.2));
#1608 = DIRECTION('',(0.,1.,0.));
#1609 = DIRECTION('',(0.,0.,1.));
#1610 = ADVANCED_FACE('',(#1611,#1677),#1688,.F.);
#1611 = FACE_BOUND('',#1612,.F.);
#1612 = EDGE_LOOP('',(#1613,#1614,#1615,#1623,#1631,#1639,#1647,#1655,
    #1663,#1671));
#1613 = ORIENTED_EDGE('',*,*,#1592,.F.);
#1614 = ORIENTED_EDGE('',*,*,#655,.T.);
#1615 = ORIENTED_EDGE('',*,*,#1616,.F.);
#1616 = EDGE_CURVE('',#1617,#648,#1619,.T.);
#1617 = VERTEX_POINT('',#1618);
#1618 = CARTESIAN_POINT('',(0.,38.,102.8));
#1619 = LINE('',#1620,#1621);
#1620 = CARTESIAN_POINT('',(1.45,38.,102.8));
#1621 = VECTOR('',#1622,1.);
#1622 = DIRECTION('',(1.,8.E-16,0.));
#1623 = ORIENTED_EDGE('',*,*,#1624,.F.);
#1624 = EDGE_CURVE('',#1625,#1617,#1627,.T.);
#1625 = VERTEX_POINT('',#1626);
#1626 = CARTESIAN_POINT('',(0.,28.3,102.8));
#1627 = LINE('',#1628,#1629);
#1628 = CARTESIAN_POINT('',(0.,25.577178763671,102.8));
#1629 = VECTOR('',#1630,1.);
#1630 = DIRECTION('',(0.,1.,0.));
#1631 = ORIENTED_EDGE('',*,*,#1632,.T.);
#1632 = EDGE_CURVE('',#1625,#1633,#1635,.T.);
#1633 = VERTEX_POINT('',#1634);
#1634 = CARTESIAN_POINT('',(2.,28.3,102.8));
#1635 = LINE('',#1636,#1637);
#1636 = CARTESIAN_POINT('',(-0.1,28.3,102.8));
#1637 = VECTOR('',#1638,1.);
#1638 = DIRECTION('',(1.,0.,0.));
#1639 = ORIENTED_EDGE('',*,*,#1640,.T.);
#1640 = EDGE_CURVE('',#1633,#1641,#1643,.T.);
#1641 = VERTEX_POINT('',#1642);
#1642 = CARTESIAN_POINT('',(2.,28.545926851107,102.8));
#1643 = LINE('',#1644,#1645);
#1644 = CARTESIAN_POINT('',(2.,22.9,102.8));
#1645 = VECTOR('',#1646,1.);
#1646 = DIRECTION('',(0.,1.,0.));
#1647 = ORIENTED_EDGE('',*,*,#1648,.T.);
#1648 = EDGE_CURVE('',#1641,#1649,#1651,.T.);
#1649 = VERTEX_POINT('',#1650);
#1650 = CARTESIAN_POINT('',(6.,28.545926851107,102.8));
#1651 = LINE('',#1652,#1653);
#1652 = CARTESIAN_POINT('',(6.1,28.545926851107,102.8));
#1653 = VECTOR('',#1654,1.);
#1654 = DIRECTION('',(1.,0.,-3.3E-16));
#1655 = ORIENTED_EDGE('',*,*,#1656,.F.);
#1656 = EDGE_CURVE('',#1657,#1649,#1659,.T.);
#1657 = VERTEX_POINT('',#1658);
#1658 = CARTESIAN_POINT('',(6.,34.,102.8));
#1659 = LINE('',#1660,#1661);
#1660 = CARTESIAN_POINT('',(6.,24.232300414476,102.8));
#1661 = VECTOR('',#1662,1.);
#1662 = DIRECTION('',(0.,-1.,0.));
#1663 = ORIENTED_EDGE('',*,*,#1664,.T.);
#1664 = EDGE_CURVE('',#1657,#1665,#1667,.T.);
#1665 = VERTEX_POINT('',#1666);
#1666 = CARTESIAN_POINT('',(6.1,34.,102.8));
#1667 = LINE('',#1668,#1669);
#1668 = CARTESIAN_POINT('',(2.9,34.,102.8));
#1669 = VECTOR('',#1670,1.);
#1670 = DIRECTION('',(1.,0.,0.));
#1671 = ORIENTED_EDGE('',*,*,#1672,.T.);
#1672 = EDGE_CURVE('',#1665,#1593,#1673,.T.);
#1673 = LINE('',#1674,#1675);
#1674 = CARTESIAN_POINT('',(6.1,28.3,102.8));
#1675 = VECTOR('',#1676,1.);
#1676 = DIRECTION('',(0.,1.,0.));
#1677 = FACE_BOUND('',#1678,.F.);
#1678 = EDGE_LOOP('',(#1679));
#1679 = ORIENTED_EDGE('',*,*,#1680,.T.);
#1680 = EDGE_CURVE('',#1681,#1681,#1683,.T.);
#1681 = VERTEX_POINT('',#1682);
#1682 = CARTESIAN_POINT('',(3.05,33.1,102.8));
#1683 = CIRCLE('',#1684,1.15);
#1684 = AXIS2_PLACEMENT_3D('',#1685,#1686,#1687);
#1685 = CARTESIAN_POINT('',(1.9,33.1,102.8));
#1686 = DIRECTION('',(0.,0.,-1.));
#1687 = DIRECTION('',(1.,0.,0.));
#1688 = PLANE('',#1689);
#1689 = AXIS2_PLACEMENT_3D('',#1690,#1691,#1692);
#1690 = CARTESIAN_POINT('',(-0.1,28.3,102.8));
#1691 = DIRECTION('',(0.,0.,1.));
#1692 = DIRECTION('',(1.,0.,0.));
#1693 = ADVANCED_FACE('',(#1694),#1712,.T.);
#1694 = FACE_BOUND('',#1695,.T.);
#1695 = EDGE_LOOP('',(#1696,#1697,#1705,#1711));
#1696 = ORIENTED_EDGE('',*,*,#1616,.F.);
#1697 = ORIENTED_EDGE('',*,*,#1698,.T.);
#1698 = EDGE_CURVE('',#1617,#1699,#1701,.T.);
#1699 = VERTEX_POINT('',#1700);
#1700 = CARTESIAN_POINT('',(0.,38.,108.5));
#1701 = LINE('',#1702,#1703);
#1702 = CARTESIAN_POINT('',(-4.263256414561E-14,38.,96.5));
#1703 = VECTOR('',#1704,1.);
#1704 = DIRECTION('',(0.,0.,1.));
#1705 = ORIENTED_EDGE('',*,*,#1706,.T.);
#1706 = EDGE_CURVE('',#1699,#640,#1707,.T.);
#1707 = LINE('',#1708,#1709);
#1708 = CARTESIAN_POINT('',(-4.263256414561E-14,38.,108.5));
#1709 = VECTOR('',#1710,1.);
#1710 = DIRECTION('',(1.,0.,0.));
#1711 = ORIENTED_EDGE('',*,*,#647,.F.);
#1712 = PLANE('',#1713);
#1713 = AXIS2_PLACEMENT_3D('',#1714,#1715,#1716);
#1714 = CARTESIAN_POINT('',(3.,38.,102.5));
#1715 = DIRECTION('',(-8.E-16,1.,0.));
#1716 = DIRECTION('',(1.,8.E-16,0.));
#1717 = ADVANCED_FACE('',(#1718,#1769),#1780,.T.);
#1718 = FACE_BOUND('',#1719,.T.);
#1719 = EDGE_LOOP('',(#1720,#1721,#1722,#1730,#1738,#1746,#1754,#1762,
    #1768));
#1720 = ORIENTED_EDGE('',*,*,#693,.F.);
#1721 = ORIENTED_EDGE('',*,*,#1706,.F.);
#1722 = ORIENTED_EDGE('',*,*,#1723,.F.);
#1723 = EDGE_CURVE('',#1724,#1699,#1726,.T.);
#1724 = VERTEX_POINT('',#1725);
#1725 = CARTESIAN_POINT('',(0.,27.310708435174,108.5));
#1726 = LINE('',#1727,#1728);
#1727 = CARTESIAN_POINT('',(-4.263256414561E-14,17.5,108.5));
#1728 = VECTOR('',#1729,1.);
#1729 = DIRECTION('',(0.,1.,0.));
#1730 = ORIENTED_EDGE('',*,*,#1731,.T.);
#1731 = EDGE_CURVE('',#1724,#1732,#1734,.T.);
#1732 = VERTEX_POINT('',#1733);
#1733 = CARTESIAN_POINT('',(2.,27.310708435174,108.5));
#1734 = LINE('',#1735,#1736);
#1735 = CARTESIAN_POINT('',(2.,27.310708435174,108.5));
#1736 = VECTOR('',#1737,1.);
#1737 = DIRECTION('',(1.,-0.,-0.));
#1738 = ORIENTED_EDGE('',*,*,#1739,.F.);
#1739 = EDGE_CURVE('',#1740,#1732,#1742,.T.);
#1740 = VERTEX_POINT('',#1741);
#1741 = CARTESIAN_POINT('',(2.,29.257550765359,108.5));
#1742 = LINE('',#1743,#1744);
#1743 = CARTESIAN_POINT('',(2.,24.6875,108.5));
#1744 = VECTOR('',#1745,1.);
#1745 = DIRECTION('',(0.,-1.,0.));
#1746 = ORIENTED_EDGE('',*,*,#1747,.T.);
#1747 = EDGE_CURVE('',#1740,#1748,#1750,.T.);
#1748 = VERTEX_POINT('',#1749);
#1749 = CARTESIAN_POINT('',(6.,29.257550765359,108.5));
#1750 = LINE('',#1751,#1752);
#1751 = CARTESIAN_POINT('',(6.,29.257550765359,108.5));
#1752 = VECTOR('',#1753,1.);
#1753 = DIRECTION('',(1.,-0.,-0.));
#1754 = ORIENTED_EDGE('',*,*,#1755,.T.);
#1755 = EDGE_CURVE('',#1748,#1756,#1758,.T.);
#1756 = VERTEX_POINT('',#1757);
#1757 = CARTESIAN_POINT('',(6.,34.,108.5));
#1758 = LINE('',#1759,#1760);
#1759 = CARTESIAN_POINT('',(6.,17.5,108.5));
#1760 = VECTOR('',#1761,1.);
#1761 = DIRECTION('',(0.,1.,0.));
#1762 = ORIENTED_EDGE('',*,*,#1763,.T.);
#1763 = EDGE_CURVE('',#1756,#742,#1764,.T.);
#1764 = LINE('',#1765,#1766);
#1765 = CARTESIAN_POINT('',(5.9,34.,108.5));
#1766 = VECTOR('',#1767,1.);
#1767 = DIRECTION('',(1.,0.,0.));
#1768 = ORIENTED_EDGE('',*,*,#749,.F.);
#1769 = FACE_BOUND('',#1770,.T.);
#1770 = EDGE_LOOP('',(#1771));
#1771 = ORIENTED_EDGE('',*,*,#1772,.T.);
#1772 = EDGE_CURVE('',#1773,#1773,#1775,.T.);
#1773 = VERTEX_POINT('',#1774);
#1774 = CARTESIAN_POINT('',(3.05,33.1,108.5));
#1775 = CIRCLE('',#1776,1.15);
#1776 = AXIS2_PLACEMENT_3D('',#1777,#1778,#1779);
#1777 = CARTESIAN_POINT('',(1.9,33.1,108.5));
#1778 = DIRECTION('',(0.,0.,-1.));
#1779 = DIRECTION('',(1.,0.,0.));
#1780 = PLANE('',#1781);
#1781 = AXIS2_PLACEMENT_3D('',#1782,#1783,#1784);
#1782 = CARTESIAN_POINT('',(12.125,31.875,108.5));
#1783 = DIRECTION('',(0.,0.,1.));
#1784 = DIRECTION('',(1.,0.,0.));
#1785 = ADVANCED_FACE('',(#1786),#1818,.F.);
#1786 = FACE_BOUND('',#1787,.F.);
#1787 = EDGE_LOOP('',(#1788,#1796,#1802,#1803,#1809,#1810,#1816,#1817));
#1788 = ORIENTED_EDGE('',*,*,#1789,.F.);
#1789 = EDGE_CURVE('',#1790,#734,#1792,.T.);
#1790 = VERTEX_POINT('',#1791);
#1791 = CARTESIAN_POINT('',(6.,34.,96.5));
#1792 = LINE('',#1793,#1794);
#1793 = CARTESIAN_POINT('',(5.9,34.,96.5));
#1794 = VECTOR('',#1795,1.);
#1795 = DIRECTION('',(1.,0.,0.));
#1796 = ORIENTED_EDGE('',*,*,#1797,.F.);
#1797 = EDGE_CURVE('',#1550,#1790,#1798,.T.);
#1798 = LINE('',#1799,#1800);
#1799 = CARTESIAN_POINT('',(6.,34.,96.5));
#1800 = VECTOR('',#1801,1.);
#1801 = DIRECTION('',(-4.4E-16,3.3E-16,-1.));
#1802 = ORIENTED_EDGE('',*,*,#1557,.T.);
#1803 = ORIENTED_EDGE('',*,*,#1804,.F.);
#1804 = EDGE_CURVE('',#1665,#1558,#1805,.T.);
#1805 = LINE('',#1806,#1807);
#1806 = CARTESIAN_POINT('',(6.1,34.,99.35));
#1807 = VECTOR('',#1808,1.);
#1808 = DIRECTION('',(0.,3.3E-16,-1.));
#1809 = ORIENTED_EDGE('',*,*,#1664,.F.);
#1810 = ORIENTED_EDGE('',*,*,#1811,.F.);
#1811 = EDGE_CURVE('',#1756,#1657,#1812,.T.);
#1812 = LINE('',#1813,#1814);
#1813 = CARTESIAN_POINT('',(6.,34.,96.5));
#1814 = VECTOR('',#1815,1.);
#1815 = DIRECTION('',(-4.4E-16,3.3E-16,-1.));
#1816 = ORIENTED_EDGE('',*,*,#1763,.T.);
#1817 = ORIENTED_EDGE('',*,*,#741,.F.);
#1818 = PLANE('',#1819);
#1819 = AXIS2_PLACEMENT_3D('',#1820,#1821,#1822);
#1820 = CARTESIAN_POINT('',(5.9,34.,96.5));
#1821 = DIRECTION('',(0.,1.,0.));
#1822 = DIRECTION('',(0.,0.,1.));
#1823 = ADVANCED_FACE('',(#1824),#1916,.T.);
#1824 = FACE_BOUND('',#1825,.T.);
#1825 = EDGE_LOOP('',(#1826,#1836,#1844,#1852,#1860,#1868,#1876,#1884,
    #1890,#1891,#1892,#1893,#1894,#1902,#1910));
#1826 = ORIENTED_EDGE('',*,*,#1827,.F.);
#1827 = EDGE_CURVE('',#1828,#1830,#1832,.T.);
#1828 = VERTEX_POINT('',#1829);
#1829 = CARTESIAN_POINT('',(0.,27.310708435174,96.5));
#1830 = VERTEX_POINT('',#1831);
#1831 = CARTESIAN_POINT('',(2.,27.310708435174,96.5));
#1832 = LINE('',#1833,#1834);
#1833 = CARTESIAN_POINT('',(2.,27.310708435174,96.5));
#1834 = VECTOR('',#1835,1.);
#1835 = DIRECTION('',(1.,-0.,-0.));
#1836 = ORIENTED_EDGE('',*,*,#1837,.T.);
#1837 = EDGE_CURVE('',#1828,#1838,#1840,.T.);
#1838 = VERTEX_POINT('',#1839);
#1839 = CARTESIAN_POINT('',(0.,31.800961894323,96.5));
#1840 = LINE('',#1841,#1842);
#1841 = CARTESIAN_POINT('',(-4.263256414561E-14,17.5,96.5));
#1842 = VECTOR('',#1843,1.);
#1843 = DIRECTION('',(0.,1.,0.));
#1844 = ORIENTED_EDGE('',*,*,#1845,.T.);
#1845 = EDGE_CURVE('',#1838,#1846,#1848,.T.);
#1846 = VERTEX_POINT('',#1847);
#1847 = CARTESIAN_POINT('',(1.9,30.703996382863,96.5));
#1848 = LINE('',#1849,#1850);
#1849 = CARTESIAN_POINT('',(-0.175,31.901998191432,96.5));
#1850 = VECTOR('',#1851,1.);
#1851 = DIRECTION('',(0.866025403784,-0.5,0.));
#1852 = ORIENTED_EDGE('',*,*,#1853,.T.);
#1853 = EDGE_CURVE('',#1846,#1854,#1856,.T.);
#1854 = VERTEX_POINT('',#1855);
#1855 = CARTESIAN_POINT('',(3.975,31.901998191432,96.5));
#1856 = LINE('',#1857,#1858);
#1857 = CARTESIAN_POINT('',(1.9,30.703996382863,96.5));
#1858 = VECTOR('',#1859,1.);
#1859 = DIRECTION('',(0.866025403784,0.5,0.));
#1860 = ORIENTED_EDGE('',*,*,#1861,.T.);
#1861 = EDGE_CURVE('',#1854,#1862,#1864,.T.);
#1862 = VERTEX_POINT('',#1863);
#1863 = CARTESIAN_POINT('',(3.975,34.298001808568,96.5));
#1864 = LINE('',#1865,#1866);
#1865 = CARTESIAN_POINT('',(3.975,31.901998191432,96.5));
#1866 = VECTOR('',#1867,1.);
#1867 = DIRECTION('',(1.9E-16,1.,0.));
#1868 = ORIENTED_EDGE('',*,*,#1869,.T.);
#1869 = EDGE_CURVE('',#1862,#1870,#1872,.T.);
#1870 = VERTEX_POINT('',#1871);
#1871 = CARTESIAN_POINT('',(1.9,35.496003617137,96.5));
#1872 = LINE('',#1873,#1874);
#1873 = CARTESIAN_POINT('',(3.975,34.298001808568,96.5));
#1874 = VECTOR('',#1875,1.);
#1875 = DIRECTION('',(-0.866025403784,0.5,0.));
#1876 = ORIENTED_EDGE('',*,*,#1877,.T.);
#1877 = EDGE_CURVE('',#1870,#1878,#1880,.T.);
#1878 = VERTEX_POINT('',#1879);
#1879 = CARTESIAN_POINT('',(0.,34.399038105677,96.5));
#1880 = LINE('',#1881,#1882);
#1881 = CARTESIAN_POINT('',(1.9,35.496003617137,96.5));
#1882 = VECTOR('',#1883,1.);
#1883 = DIRECTION('',(-0.866025403784,-0.5,0.));
#1884 = ORIENTED_EDGE('',*,*,#1885,.T.);
#1885 = EDGE_CURVE('',#1878,#1477,#1886,.T.);
#1886 = LINE('',#1887,#1888);
#1887 = CARTESIAN_POINT('',(-4.263256414561E-14,17.5,96.5));
#1888 = VECTOR('',#1889,1.);
#1889 = DIRECTION('',(0.,1.,0.));
#1890 = ORIENTED_EDGE('',*,*,#1476,.T.);
#1891 = ORIENTED_EDGE('',*,*,#1072,.T.);
#1892 = ORIENTED_EDGE('',*,*,#733,.T.);
#1893 = ORIENTED_EDGE('',*,*,#1789,.F.);
#1894 = ORIENTED_EDGE('',*,*,#1895,.F.);
#1895 = EDGE_CURVE('',#1896,#1790,#1898,.T.);
#1896 = VERTEX_POINT('',#1897);
#1897 = CARTESIAN_POINT('',(6.,29.257550765359,96.5));
#1898 = LINE('',#1899,#1900);
#1899 = CARTESIAN_POINT('',(6.,17.5,96.5));
#1900 = VECTOR('',#1901,1.);
#1901 = DIRECTION('',(0.,1.,0.));
#1902 = ORIENTED_EDGE('',*,*,#1903,.F.);
#1903 = EDGE_CURVE('',#1904,#1896,#1906,.T.);
#1904 = VERTEX_POINT('',#1905);
#1905 = CARTESIAN_POINT('',(2.,29.257550765359,96.5));
#1906 = LINE('',#1907,#1908);
#1907 = CARTESIAN_POINT('',(6.,29.257550765359,96.5));
#1908 = VECTOR('',#1909,1.);
#1909 = DIRECTION('',(1.,-0.,-0.));
#1910 = ORIENTED_EDGE('',*,*,#1911,.F.);
#1911 = EDGE_CURVE('',#1830,#1904,#1912,.T.);
#1912 = LINE('',#1913,#1914);
#1913 = CARTESIAN_POINT('',(2.,24.6875,96.5));
#1914 = VECTOR('',#1915,1.);
#1915 = DIRECTION('',(0.,1.,0.));
#1916 = PLANE('',#1917);
#1917 = AXIS2_PLACEMENT_3D('',#1918,#1919,#1920);
#1918 = CARTESIAN_POINT('',(12.125,31.875,96.5));
#1919 = DIRECTION('',(-0.,-0.,-1.));
#1920 = DIRECTION('',(-1.,0.,0.));
#1921 = ADVANCED_FACE('',(#1922),#1941,.F.);
#1922 = FACE_BOUND('',#1923,.T.);
#1923 = EDGE_LOOP('',(#1924,#1932,#1939,#1940));
#1924 = ORIENTED_EDGE('',*,*,#1925,.T.);
#1925 = EDGE_CURVE('',#759,#1926,#1928,.T.);
#1926 = VERTEX_POINT('',#1927);
#1927 = CARTESIAN_POINT('',(33.1,17.5,94.3));
#1928 = LINE('',#1929,#1930);
#1929 = CARTESIAN_POINT('',(32.5,17.5,94.3));
#1930 = VECTOR('',#1931,1.);
#1931 = DIRECTION('',(1.,0.,0.));
#1932 = ORIENTED_EDGE('',*,*,#1933,.T.);
#1933 = EDGE_CURVE('',#1926,#1926,#1934,.T.);
#1934 = CIRCLE('',#1935,8.2);
#1935 = AXIS2_PLACEMENT_3D('',#1936,#1937,#1938);
#1936 = CARTESIAN_POINT('',(33.1,17.5,102.5));
#1937 = DIRECTION('',(1.,-0.,0.));
#1938 = DIRECTION('',(0.,0.,-1.));
#1939 = ORIENTED_EDGE('',*,*,#1925,.F.);
#1940 = ORIENTED_EDGE('',*,*,#758,.F.);
#1941 = CYLINDRICAL_SURFACE('',#1942,8.2);
#1942 = AXIS2_PLACEMENT_3D('',#1943,#1944,#1945);
#1943 = CARTESIAN_POINT('',(32.5,17.5,102.5));
#1944 = DIRECTION('',(-1.,-0.,0.));
#1945 = DIRECTION('',(0.,0.,-1.));
#1946 = ADVANCED_FACE('',(#1947,#1950,#1961,#1972,#1983,#1994),#2005,.F.
  );
#1947 = FACE_BOUND('',#1948,.F.);
#1948 = EDGE_LOOP('',(#1949));
#1949 = ORIENTED_EDGE('',*,*,#844,.T.);
#1950 = FACE_BOUND('',#1951,.F.);
#1951 = EDGE_LOOP('',(#1952));
#1952 = ORIENTED_EDGE('',*,*,#1953,.T.);
#1953 = EDGE_CURVE('',#1954,#1954,#1956,.T.);
#1954 = VERTEX_POINT('',#1955);
#1955 = CARTESIAN_POINT('',(14.607359312881,41.4,98.257359312881));
#1956 = CIRCLE('',#1957,0.85);
#1957 = AXIS2_PLACEMENT_3D('',#1958,#1959,#1960);
#1958 = CARTESIAN_POINT('',(13.757359312881,41.4,98.257359312881));
#1959 = DIRECTION('',(-0.,1.,0.));
#1960 = DIRECTION('',(1.,0.,0.));
#1961 = FACE_BOUND('',#1962,.F.);
#1962 = EDGE_LOOP('',(#1963));
#1963 = ORIENTED_EDGE('',*,*,#1964,.T.);
#1964 = EDGE_CURVE('',#1965,#1965,#1967,.T.);
#1965 = VERTEX_POINT('',#1966);
#1966 = CARTESIAN_POINT('',(23.092640687119,41.4,98.257359312881));
#1967 = CIRCLE('',#1968,0.85);
#1968 = AXIS2_PLACEMENT_3D('',#1969,#1970,#1971);
#1969 = CARTESIAN_POINT('',(22.242640687119,41.4,98.257359312881));
#1970 = DIRECTION('',(-0.,1.,0.));
#1971 = DIRECTION('',(1.,0.,0.));
#1972 = FACE_BOUND('',#1973,.F.);
#1973 = EDGE_LOOP('',(#1974));
#1974 = ORIENTED_EDGE('',*,*,#1975,.T.);
#1975 = EDGE_CURVE('',#1976,#1976,#1978,.T.);
#1976 = VERTEX_POINT('',#1977);
#1977 = CARTESIAN_POINT('',(14.607359312881,41.4,106.74264068711));
#1978 = CIRCLE('',#1979,0.85);
#1979 = AXIS2_PLACEMENT_3D('',#1980,#1981,#1982);
#1980 = CARTESIAN_POINT('',(13.757359312881,41.4,106.74264068711));
#1981 = DIRECTION('',(-0.,1.,0.));
#1982 = DIRECTION('',(1.,0.,0.));
#1983 = FACE_BOUND('',#1984,.F.);
#1984 = EDGE_LOOP('',(#1985));
#1985 = ORIENTED_EDGE('',*,*,#1986,.T.);
#1986 = EDGE_CURVE('',#1987,#1987,#1989,.T.);
#1987 = VERTEX_POINT('',#1988);
#1988 = CARTESIAN_POINT('',(22.,41.4,102.5));
#1989 = CIRCLE('',#1990,4.);
#1990 = AXIS2_PLACEMENT_3D('',#1991,#1992,#1993);
#1991 = CARTESIAN_POINT('',(18.,41.4,102.5));
#1992 = DIRECTION('',(-0.,1.,0.));
#1993 = DIRECTION('',(1.,0.,0.));
#1994 = FACE_BOUND('',#1995,.F.);
#1995 = EDGE_LOOP('',(#1996));
#1996 = ORIENTED_EDGE('',*,*,#1997,.T.);
#1997 = EDGE_CURVE('',#1998,#1998,#2000,.T.);
#1998 = VERTEX_POINT('',#1999);
#1999 = CARTESIAN_POINT('',(23.092640687119,41.4,106.74264068711));
#2000 = CIRCLE('',#2001,0.85);
#2001 = AXIS2_PLACEMENT_3D('',#2002,#2003,#2004);
#2002 = CARTESIAN_POINT('',(22.242640687119,41.4,106.74264068711));
#2003 = DIRECTION('',(-0.,1.,0.));
#2004 = DIRECTION('',(1.,0.,0.));
#2005 = PLANE('',#2006);
#2006 = AXIS2_PLACEMENT_3D('',#2007,#2008,#2009);
#2007 = CARTESIAN_POINT('',(18.,41.4,102.5));
#2008 = DIRECTION('',(0.,-1.,0.));
#2009 = DIRECTION('',(1.,0.,0.));
#2010 = ADVANCED_FACE('',(#2011,#2019),#2030,.F.);
#2011 = FACE_BOUND('',#2012,.F.);
#2012 = EDGE_LOOP('',(#2013,#2014,#2015,#2016,#2017,#2018));
#2013 = ORIENTED_EDGE('',*,*,#1119,.T.);
#2014 = ORIENTED_EDGE('',*,*,#1096,.T.);
#2015 = ORIENTED_EDGE('',*,*,#951,.F.);
#2016 = ORIENTED_EDGE('',*,*,#1185,.T.);
#2017 = ORIENTED_EDGE('',*,*,#1167,.T.);
#2018 = ORIENTED_EDGE('',*,*,#1143,.T.);
#2019 = FACE_BOUND('',#2020,.F.);
#2020 = EDGE_LOOP('',(#2021));
#2021 = ORIENTED_EDGE('',*,*,#2022,.T.);
#2022 = EDGE_CURVE('',#2023,#2023,#2025,.T.);
#2023 = VERTEX_POINT('',#2024);
#2024 = CARTESIAN_POINT('',(34.75,72.6,100.3));
#2025 = CIRCLE('',#2026,1.15);
#2026 = AXIS2_PLACEMENT_3D('',#2027,#2028,#2029);
#2027 = CARTESIAN_POINT('',(33.6,72.6,100.3));
#2028 = DIRECTION('',(0.,0.,-1.));
#2029 = DIRECTION('',(1.,0.,0.));
#2030 = PLANE('',#2031);
#2031 = AXIS2_PLACEMENT_3D('',#2032,#2033,#2034);
#2032 = CARTESIAN_POINT('',(33.6,72.6,100.3));
#2033 = DIRECTION('',(0.,0.,1.));
#2034 = DIRECTION('',(1.,0.,0.));
#2035 = ADVANCED_FACE('',(#2036),#2047,.T.);
#2036 = FACE_BOUND('',#2037,.T.);
#2037 = EDGE_LOOP('',(#2038,#2039,#2045,#2046));
#2038 = ORIENTED_EDGE('',*,*,#1241,.F.);
#2039 = ORIENTED_EDGE('',*,*,#2040,.T.);
#2040 = EDGE_CURVE('',#1242,#1304,#2041,.T.);
#2041 = LINE('',#2042,#2043);
#2042 = CARTESIAN_POINT('',(28.8,72.5,102.35));
#2043 = VECTOR('',#2044,1.);
#2044 = DIRECTION('',(0.,3.3E-16,-1.));
#2045 = ORIENTED_EDGE('',*,*,#1303,.T.);
#2046 = ORIENTED_EDGE('',*,*,#927,.F.);
#2047 = PLANE('',#2048);
#2048 = AXIS2_PLACEMENT_3D('',#2049,#2050,#2051);
#2049 = CARTESIAN_POINT('',(28.8,68.4,102.2));
#2050 = DIRECTION('',(1.,0.,0.));
#2051 = DIRECTION('',(0.,0.,1.));
#2052 = ADVANCED_FACE('',(#2053),#2072,.F.);
#2053 = FACE_BOUND('',#2054,.T.);
#2054 = EDGE_LOOP('',(#2055,#2064,#2070,#2071));
#2055 = ORIENTED_EDGE('',*,*,#2056,.T.);
#2056 = EDGE_CURVE('',#2057,#2057,#2059,.T.);
#2057 = VERTEX_POINT('',#2058);
#2058 = CARTESIAN_POINT('',(26.5,72.5,102.5));
#2059 = CIRCLE('',#2060,8.5);
#2060 = AXIS2_PLACEMENT_3D('',#2061,#2062,#2063);
#2061 = CARTESIAN_POINT('',(18.,72.5,102.5));
#2062 = DIRECTION('',(0.,-1.,0.));
#2063 = DIRECTION('',(1.,0.,0.));
#2064 = ORIENTED_EDGE('',*,*,#2065,.T.);
#2065 = EDGE_CURVE('',#2057,#968,#2066,.T.);
#2066 = LINE('',#2067,#2068);
#2067 = CARTESIAN_POINT('',(26.5,68.4,102.5));
#2068 = VECTOR('',#2069,1.);
#2069 = DIRECTION('',(0.,1.,0.));
#2070 = ORIENTED_EDGE('',*,*,#967,.F.);
#2071 = ORIENTED_EDGE('',*,*,#2065,.F.);
#2072 = CYLINDRICAL_SURFACE('',#2073,8.5);
#2073 = AXIS2_PLACEMENT_3D('',#2074,#2075,#2076);
#2074 = CARTESIAN_POINT('',(18.,68.4,102.5));
#2075 = DIRECTION('',(-0.,-1.,0.));
#2076 = DIRECTION('',(1.,0.,0.));
#2077 = ADVANCED_FACE('',(#2078),#2090,.F.);
#2078 = FACE_BOUND('',#2079,.T.);
#2079 = EDGE_LOOP('',(#2080,#2081,#2082,#2083));
#2080 = ORIENTED_EDGE('',*,*,#1257,.T.);
#2081 = ORIENTED_EDGE('',*,*,#1008,.T.);
#2082 = ORIENTED_EDGE('',*,*,#1319,.F.);
#2083 = ORIENTED_EDGE('',*,*,#2084,.T.);
#2084 = EDGE_CURVE('',#1312,#1250,#2085,.T.);
#2085 = CIRCLE('',#2086,11.05);
#2086 = AXIS2_PLACEMENT_3D('',#2087,#2088,#2089);
#2087 = CARTESIAN_POINT('',(18.,72.5,102.5));
#2088 = DIRECTION('',(-0.,1.,0.));
#2089 = DIRECTION('',(1.,0.,0.));
#2090 = CYLINDRICAL_SURFACE('',#2091,11.05);
#2091 = AXIS2_PLACEMENT_3D('',#2092,#2093,#2094);
#2092 = CARTESIAN_POINT('',(18.,68.4,102.5));
#2093 = DIRECTION('',(-0.,-1.,0.));
#2094 = DIRECTION('',(1.,0.,0.));
#2095 = ADVANCED_FACE('',(#2096,#2102),#2105,.F.);
#2096 = FACE_BOUND('',#2097,.F.);
#2097 = EDGE_LOOP('',(#2098,#2099,#2100,#2101));
#2098 = ORIENTED_EDGE('',*,*,#1311,.T.);
#2099 = ORIENTED_EDGE('',*,*,#2084,.T.);
#2100 = ORIENTED_EDGE('',*,*,#1249,.F.);
#2101 = ORIENTED_EDGE('',*,*,#2040,.T.);
#2102 = FACE_BOUND('',#2103,.F.);
#2103 = EDGE_LOOP('',(#2104));
#2104 = ORIENTED_EDGE('',*,*,#2056,.T.);
#2105 = PLANE('',#2106);
#2106 = AXIS2_PLACEMENT_3D('',#2107,#2108,#2109);
#2107 = CARTESIAN_POINT('',(18.,72.5,102.5));
#2108 = DIRECTION('',(0.,1.,0.));
#2109 = DIRECTION('',(1.,0.,0.));
#2110 = ADVANCED_FACE('',(#2111),#2122,.F.);
#2111 = FACE_BOUND('',#2112,.T.);
#2112 = EDGE_LOOP('',(#2113,#2114,#2120,#2121));
#2113 = ORIENTED_EDGE('',*,*,#2022,.T.);
#2114 = ORIENTED_EDGE('',*,*,#2115,.T.);
#2115 = EDGE_CURVE('',#2023,#1335,#2116,.T.);
#2116 = LINE('',#2117,#2118);
#2117 = CARTESIAN_POINT('',(34.75,72.6,98.4));
#2118 = VECTOR('',#2119,1.);
#2119 = DIRECTION('',(0.,0.,1.));
#2120 = ORIENTED_EDGE('',*,*,#1334,.F.);
#2121 = ORIENTED_EDGE('',*,*,#2115,.F.);
#2122 = CYLINDRICAL_SURFACE('',#2123,1.15);
#2123 = AXIS2_PLACEMENT_3D('',#2124,#2125,#2126);
#2124 = CARTESIAN_POINT('',(33.6,72.6,98.4));
#2125 = DIRECTION('',(-0.,-0.,-1.));
#2126 = DIRECTION('',(1.,0.,0.));
#2127 = ADVANCED_FACE('',(#2128,#2131,#2134,#2137,#2140,#2143),#2146,.F.
  );
#2128 = FACE_BOUND('',#2129,.F.);
#2129 = EDGE_LOOP('',(#2130));
#2130 = ORIENTED_EDGE('',*,*,#1933,.T.);
#2131 = FACE_BOUND('',#2132,.F.);
#2132 = EDGE_LOOP('',(#2133));
#2133 = ORIENTED_EDGE('',*,*,#1401,.T.);
#2134 = FACE_BOUND('',#2135,.F.);
#2135 = EDGE_LOOP('',(#2136));
#2136 = ORIENTED_EDGE('',*,*,#1376,.T.);
#2137 = FACE_BOUND('',#2138,.F.);
#2138 = EDGE_LOOP('',(#2139));
#2139 = ORIENTED_EDGE('',*,*,#1451,.T.);
#2140 = FACE_BOUND('',#2141,.F.);
#2141 = EDGE_LOOP('',(#2142));
#2142 = ORIENTED_EDGE('',*,*,#1351,.T.);
#2143 = FACE_BOUND('',#2144,.F.);
#2144 = EDGE_LOOP('',(#2145));
#2145 = ORIENTED_EDGE('',*,*,#1426,.T.);
#2146 = PLANE('',#2147);
#2147 = AXIS2_PLACEMENT_3D('',#2148,#2149,#2150);
#2148 = CARTESIAN_POINT('',(33.1,17.5,102.5));
#2149 = DIRECTION('',(1.,0.,0.));
#2150 = DIRECTION('',(0.,0.,-1.));
#2151 = ADVANCED_FACE('',(#2152,#2205),#2216,.T.);
#2152 = FACE_BOUND('',#2153,.T.);
#2153 = EDGE_LOOP('',(#2154,#2163,#2170,#2171,#2172,#2173,#2179,#2180,
    #2181,#2182,#2190,#2198,#2204));
#2154 = ORIENTED_EDGE('',*,*,#2155,.T.);
#2155 = EDGE_CURVE('',#1828,#2156,#2158,.T.);
#2156 = VERTEX_POINT('',#2157);
#2157 = CARTESIAN_POINT('',(7.105427357601E-15,17.5,114.));
#2158 = CIRCLE('',#2159,11.5);
#2159 = AXIS2_PLACEMENT_3D('',#2160,#2161,#2162);
#2160 = CARTESIAN_POINT('',(-4.263256414561E-14,17.5,102.5));
#2161 = DIRECTION('',(-1.,0.,0.));
#2162 = DIRECTION('',(0.,0.,1.));
#2163 = ORIENTED_EDGE('',*,*,#2164,.T.);
#2164 = EDGE_CURVE('',#2156,#1724,#2165,.T.);
#2165 = CIRCLE('',#2166,11.5);
#2166 = AXIS2_PLACEMENT_3D('',#2167,#2168,#2169);
#2167 = CARTESIAN_POINT('',(-4.263256414561E-14,17.5,102.5));
#2168 = DIRECTION('',(-1.,0.,0.));
#2169 = DIRECTION('',(0.,0.,1.));
#2170 = ORIENTED_EDGE('',*,*,#1723,.T.);
#2171 = ORIENTED_EDGE('',*,*,#1698,.F.);
#2172 = ORIENTED_EDGE('',*,*,#1624,.F.);
#2173 = ORIENTED_EDGE('',*,*,#2174,.T.);
#2174 = EDGE_CURVE('',#1625,#1518,#2175,.T.);
#2175 = LINE('',#2176,#2177);
#2176 = CARTESIAN_POINT('',(0.,28.3,102.48709328346));
#2177 = VECTOR('',#2178,1.);
#2178 = DIRECTION('',(-4.4E-16,0.,-1.));
#2179 = ORIENTED_EDGE('',*,*,#1517,.T.);
#2180 = ORIENTED_EDGE('',*,*,#1484,.F.);
#2181 = ORIENTED_EDGE('',*,*,#1885,.F.);
#2182 = ORIENTED_EDGE('',*,*,#2183,.T.);
#2183 = EDGE_CURVE('',#1878,#2184,#2186,.T.);
#2184 = VERTEX_POINT('',#2185);
#2185 = CARTESIAN_POINT('',(0.,34.399038105677,98.3));
#2186 = LINE('',#2187,#2188);
#2187 = CARTESIAN_POINT('',(0.,34.399038105677,99.637093283464));
#2188 = VECTOR('',#2189,1.);
#2189 = DIRECTION('',(4.4E-16,2.6E-16,1.));
#2190 = ORIENTED_EDGE('',*,*,#2191,.F.);
#2191 = EDGE_CURVE('',#2192,#2184,#2194,.T.);
#2192 = VERTEX_POINT('',#2193);
#2193 = CARTESIAN_POINT('',(0.,31.800961894323,98.3));
#2194 = LINE('',#2195,#2196);
#2195 = CARTESIAN_POINT('',(0.,27.977178763671,98.3));
#2196 = VECTOR('',#2197,1.);
#2197 = DIRECTION('',(0.,1.,0.));
#2198 = ORIENTED_EDGE('',*,*,#2199,.T.);
#2199 = EDGE_CURVE('',#2192,#1838,#2200,.T.);
#2200 = LINE('',#2201,#2202);
#2201 = CARTESIAN_POINT('',(0.,31.800961894323,99.637093283464));
#2202 = VECTOR('',#2203,1.);
#2203 = DIRECTION('',(-4.4E-16,2.6E-16,-1.));
#2204 = ORIENTED_EDGE('',*,*,#1837,.F.);
#2205 = FACE_BOUND('',#2206,.T.);
#2206 = EDGE_LOOP('',(#2207));
#2207 = ORIENTED_EDGE('',*,*,#2208,.T.);
#2208 = EDGE_CURVE('',#2209,#2209,#2211,.T.);
#2209 = VERTEX_POINT('',#2210);
#2210 = CARTESIAN_POINT('',(7.105427357601E-15,17.5,111.));
#2211 = CIRCLE('',#2212,8.5);
#2212 = AXIS2_PLACEMENT_3D('',#2213,#2214,#2215);
#2213 = CARTESIAN_POINT('',(-2.13162820728E-14,17.5,102.5));
#2214 = DIRECTION('',(1.,0.,-0.));
#2215 = DIRECTION('',(0.,0.,1.));
#2216 = PLANE('',#2217);
#2217 = AXIS2_PLACEMENT_3D('',#2218,#2219,#2220);
#2218 = CARTESIAN_POINT('',(0.,22.854357527342,102.77418656692));
#2219 = DIRECTION('',(-1.,0.,4.4E-16));
#2220 = DIRECTION('',(-4.4E-16,0.,-1.));
#2221 = ADVANCED_FACE('',(#2222),#2228,.F.);
#2222 = FACE_BOUND('',#2223,.F.);
#2223 = EDGE_LOOP('',(#2224,#2225,#2226,#2227));
#2224 = ORIENTED_EDGE('',*,*,#1672,.F.);
#2225 = ORIENTED_EDGE('',*,*,#1804,.T.);
#2226 = ORIENTED_EDGE('',*,*,#1565,.T.);
#2227 = ORIENTED_EDGE('',*,*,#1600,.T.);
#2228 = PLANE('',#2229);
#2229 = AXIS2_PLACEMENT_3D('',#2230,#2231,#2232);
#2230 = CARTESIAN_POINT('',(6.1,28.3,102.2));
#2231 = DIRECTION('',(1.,0.,0.));
#2232 = DIRECTION('',(0.,0.,1.));
#2233 = ADVANCED_FACE('',(#2234),#2274,.T.);
#2234 = FACE_BOUND('',#2235,.T.);
#2235 = EDGE_LOOP('',(#2236,#2237,#2246,#2253,#2254,#2255,#2256,#2265,
    #2272,#2273));
#2236 = ORIENTED_EDGE('',*,*,#1755,.F.);
#2237 = ORIENTED_EDGE('',*,*,#2238,.F.);
#2238 = EDGE_CURVE('',#2239,#1748,#2241,.T.);
#2239 = VERTEX_POINT('',#2240);
#2240 = CARTESIAN_POINT('',(6.,17.5,115.7));
#2241 = CIRCLE('',#2242,13.2);
#2242 = AXIS2_PLACEMENT_3D('',#2243,#2244,#2245);
#2243 = CARTESIAN_POINT('',(6.,17.5,102.5));
#2244 = DIRECTION('',(-1.,0.,0.));
#2245 = DIRECTION('',(0.,0.,1.));
#2246 = ORIENTED_EDGE('',*,*,#2247,.F.);
#2247 = EDGE_CURVE('',#1896,#2239,#2248,.T.);
#2248 = CIRCLE('',#2249,13.2);
#2249 = AXIS2_PLACEMENT_3D('',#2250,#2251,#2252);
#2250 = CARTESIAN_POINT('',(6.,17.5,102.5));
#2251 = DIRECTION('',(-1.,0.,0.));
#2252 = DIRECTION('',(0.,0.,1.));
#2253 = ORIENTED_EDGE('',*,*,#1895,.T.);
#2254 = ORIENTED_EDGE('',*,*,#1797,.F.);
#2255 = ORIENTED_EDGE('',*,*,#1549,.T.);
#2256 = ORIENTED_EDGE('',*,*,#2257,.F.);
#2257 = EDGE_CURVE('',#2258,#1542,#2260,.T.);
#2258 = VERTEX_POINT('',#2259);
#2259 = CARTESIAN_POINT('',(6.,17.5,113.55));
#2260 = CIRCLE('',#2261,11.05);
#2261 = AXIS2_PLACEMENT_3D('',#2262,#2263,#2264);
#2262 = CARTESIAN_POINT('',(6.,17.5,102.5));
#2263 = DIRECTION('',(1.,0.,-0.));
#2264 = DIRECTION('',(0.,0.,1.));
#2265 = ORIENTED_EDGE('',*,*,#2266,.F.);
#2266 = EDGE_CURVE('',#1649,#2258,#2267,.T.);
#2267 = CIRCLE('',#2268,11.05);
#2268 = AXIS2_PLACEMENT_3D('',#2269,#2270,#2271);
#2269 = CARTESIAN_POINT('',(6.,17.5,102.5));
#2270 = DIRECTION('',(1.,0.,-0.));
#2271 = DIRECTION('',(0.,0.,1.));
#2272 = ORIENTED_EDGE('',*,*,#1656,.F.);
#2273 = ORIENTED_EDGE('',*,*,#1811,.F.);
#2274 = PLANE('',#2275);
#2275 = AXIS2_PLACEMENT_3D('',#2276,#2277,#2278);
#2276 = CARTESIAN_POINT('',(6.,20.164600828953,102.89590787237));
#2277 = DIRECTION('',(1.,0.,-5.5E-16));
#2278 = DIRECTION('',(5.5E-16,0.,1.));
#2279 = ADVANCED_FACE('',(#2280),#2291,.T.);
#2280 = FACE_BOUND('',#2281,.T.);
#2281 = EDGE_LOOP('',(#2282,#2283,#2284,#2285));
#2282 = ORIENTED_EDGE('',*,*,#1525,.F.);
#2283 = ORIENTED_EDGE('',*,*,#2174,.F.);
#2284 = ORIENTED_EDGE('',*,*,#1632,.T.);
#2285 = ORIENTED_EDGE('',*,*,#2286,.T.);
#2286 = EDGE_CURVE('',#1633,#1526,#2287,.T.);
#2287 = LINE('',#2288,#2289);
#2288 = CARTESIAN_POINT('',(2.,28.3,102.35));
#2289 = VECTOR('',#2290,1.);
#2290 = DIRECTION('',(-3.3E-16,0.,-1.));
#2291 = PLANE('',#2292);
#2292 = AXIS2_PLACEMENT_3D('',#2293,#2294,#2295);
#2293 = CARTESIAN_POINT('',(-0.1,28.3,102.2));
#2294 = DIRECTION('',(0.,1.,0.));
#2295 = DIRECTION('',(0.,0.,1.));
#2296 = ADVANCED_FACE('',(#2297),#2319,.F.);
#2297 = FACE_BOUND('',#2298,.T.);
#2298 = EDGE_LOOP('',(#2299,#2308,#2309,#2310,#2311,#2312));
#2299 = ORIENTED_EDGE('',*,*,#2300,.T.);
#2300 = EDGE_CURVE('',#2301,#1641,#2303,.T.);
#2301 = VERTEX_POINT('',#2302);
#2302 = CARTESIAN_POINT('',(2.,17.5,113.55));
#2303 = CIRCLE('',#2304,11.05);
#2304 = AXIS2_PLACEMENT_3D('',#2305,#2306,#2307);
#2305 = CARTESIAN_POINT('',(2.,17.5,102.5));
#2306 = DIRECTION('',(-1.,0.,0.));
#2307 = DIRECTION('',(0.,0.,1.));
#2308 = ORIENTED_EDGE('',*,*,#1648,.T.);
#2309 = ORIENTED_EDGE('',*,*,#2266,.T.);
#2310 = ORIENTED_EDGE('',*,*,#2257,.T.);
#2311 = ORIENTED_EDGE('',*,*,#1541,.F.);
#2312 = ORIENTED_EDGE('',*,*,#2313,.T.);
#2313 = EDGE_CURVE('',#1534,#2301,#2314,.T.);
#2314 = CIRCLE('',#2315,11.05);
#2315 = AXIS2_PLACEMENT_3D('',#2316,#2317,#2318);
#2316 = CARTESIAN_POINT('',(2.,17.5,102.5));
#2317 = DIRECTION('',(-1.,0.,0.));
#2318 = DIRECTION('',(0.,0.,1.));
#2319 = CYLINDRICAL_SURFACE('',#2320,11.05);
#2320 = AXIS2_PLACEMENT_3D('',#2321,#2322,#2323);
#2321 = CARTESIAN_POINT('',(6.1,17.5,102.5));
#2322 = DIRECTION('',(1.,0.,-3.3E-16));
#2323 = DIRECTION('',(3.3E-16,-3.3E-16,1.));
#2324 = ADVANCED_FACE('',(#2325,#2332),#2343,.F.);
#2325 = FACE_BOUND('',#2326,.F.);
#2326 = EDGE_LOOP('',(#2327,#2328,#2329,#2330,#2331));
#2327 = ORIENTED_EDGE('',*,*,#2313,.T.);
#2328 = ORIENTED_EDGE('',*,*,#2300,.T.);
#2329 = ORIENTED_EDGE('',*,*,#1640,.F.);
#2330 = ORIENTED_EDGE('',*,*,#2286,.T.);
#2331 = ORIENTED_EDGE('',*,*,#1533,.T.);
#2332 = FACE_BOUND('',#2333,.F.);
#2333 = EDGE_LOOP('',(#2334));
#2334 = ORIENTED_EDGE('',*,*,#2335,.T.);
#2335 = EDGE_CURVE('',#2336,#2336,#2338,.T.);
#2336 = VERTEX_POINT('',#2337);
#2337 = CARTESIAN_POINT('',(2.,17.5,111.));
#2338 = CIRCLE('',#2339,8.5);
#2339 = AXIS2_PLACEMENT_3D('',#2340,#2341,#2342);
#2340 = CARTESIAN_POINT('',(2.,17.5,102.5));
#2341 = DIRECTION('',(1.,0.,-0.));
#2342 = DIRECTION('',(0.,0.,1.));
#2343 = PLANE('',#2344);
#2344 = AXIS2_PLACEMENT_3D('',#2345,#2346,#2347);
#2345 = CARTESIAN_POINT('',(2.,17.5,102.5));
#2346 = DIRECTION('',(-1.,0.,0.));
#2347 = DIRECTION('',(0.,0.,1.));
#2348 = ADVANCED_FACE('',(#2349),#2368,.F.);
#2349 = FACE_BOUND('',#2350,.T.);
#2350 = EDGE_LOOP('',(#2351,#2360,#2366,#2367));
#2351 = ORIENTED_EDGE('',*,*,#2352,.T.);
#2352 = EDGE_CURVE('',#2353,#2353,#2355,.T.);
#2353 = VERTEX_POINT('',#2354);
#2354 = CARTESIAN_POINT('',(3.05,33.1,98.3));
#2355 = CIRCLE('',#2356,1.15);
#2356 = AXIS2_PLACEMENT_3D('',#2357,#2358,#2359);
#2357 = CARTESIAN_POINT('',(1.9,33.1,98.3));
#2358 = DIRECTION('',(0.,0.,-1.));
#2359 = DIRECTION('',(1.,0.,0.));
#2360 = ORIENTED_EDGE('',*,*,#2361,.T.);
#2361 = EDGE_CURVE('',#2353,#1574,#2362,.T.);
#2362 = LINE('',#2363,#2364);
#2363 = CARTESIAN_POINT('',(3.05,33.1,96.4));
#2364 = VECTOR('',#2365,1.);
#2365 = DIRECTION('',(0.,0.,1.));
#2366 = ORIENTED_EDGE('',*,*,#1573,.F.);
#2367 = ORIENTED_EDGE('',*,*,#2361,.F.);
#2368 = CYLINDRICAL_SURFACE('',#2369,1.15);
#2369 = AXIS2_PLACEMENT_3D('',#2370,#2371,#2372);
#2370 = CARTESIAN_POINT('',(1.9,33.1,96.4));
#2371 = DIRECTION('',(-0.,-0.,-1.));
#2372 = DIRECTION('',(1.,0.,0.));
#2373 = ADVANCED_FACE('',(#2374),#2385,.F.);
#2374 = FACE_BOUND('',#2375,.T.);
#2375 = EDGE_LOOP('',(#2376,#2377,#2383,#2384));
#2376 = ORIENTED_EDGE('',*,*,#1680,.T.);
#2377 = ORIENTED_EDGE('',*,*,#2378,.T.);
#2378 = EDGE_CURVE('',#1681,#1773,#2379,.T.);
#2379 = LINE('',#2380,#2381);
#2380 = CARTESIAN_POINT('',(3.05,33.1,96.4));
#2381 = VECTOR('',#2382,1.);
#2382 = DIRECTION('',(0.,0.,1.));
#2383 = ORIENTED_EDGE('',*,*,#1772,.F.);
#2384 = ORIENTED_EDGE('',*,*,#2378,.F.);
#2385 = CYLINDRICAL_SURFACE('',#2386,1.15);
#2386 = AXIS2_PLACEMENT_3D('',#2387,#2388,#2389);
#2387 = CARTESIAN_POINT('',(1.9,33.1,96.4));
#2388 = DIRECTION('',(-0.,-0.,-1.));
#2389 = DIRECTION('',(1.,0.,0.));
#2390 = ADVANCED_FACE('',(#2391),#2413,.T.);
#2391 = FACE_BOUND('',#2392,.F.);
#2392 = EDGE_LOOP('',(#2393,#2394,#2395,#2396,#2397,#2406));
#2393 = ORIENTED_EDGE('',*,*,#1827,.F.);
#2394 = ORIENTED_EDGE('',*,*,#2155,.T.);
#2395 = ORIENTED_EDGE('',*,*,#2164,.T.);
#2396 = ORIENTED_EDGE('',*,*,#1731,.T.);
#2397 = ORIENTED_EDGE('',*,*,#2398,.F.);
#2398 = EDGE_CURVE('',#2399,#1732,#2401,.T.);
#2399 = VERTEX_POINT('',#2400);
#2400 = CARTESIAN_POINT('',(2.,17.5,114.));
#2401 = CIRCLE('',#2402,11.5);
#2402 = AXIS2_PLACEMENT_3D('',#2403,#2404,#2405);
#2403 = CARTESIAN_POINT('',(2.,17.5,102.5));
#2404 = DIRECTION('',(-1.,0.,0.));
#2405 = DIRECTION('',(0.,0.,1.));
#2406 = ORIENTED_EDGE('',*,*,#2407,.F.);
#2407 = EDGE_CURVE('',#1830,#2399,#2408,.T.);
#2408 = CIRCLE('',#2409,11.5);
#2409 = AXIS2_PLACEMENT_3D('',#2410,#2411,#2412);
#2410 = CARTESIAN_POINT('',(2.,17.5,102.5));
#2411 = DIRECTION('',(-1.,0.,0.));
#2412 = DIRECTION('',(0.,0.,1.));
#2413 = CYLINDRICAL_SURFACE('',#2414,11.5);
#2414 = AXIS2_PLACEMENT_3D('',#2415,#2416,#2417);
#2415 = CARTESIAN_POINT('',(2.,17.5,102.5));
#2416 = DIRECTION('',(1.,-0.,-0.));
#2417 = DIRECTION('',(0.,0.,1.));
#2418 = ADVANCED_FACE('',(#2419),#2441,.T.);
#2419 = FACE_BOUND('',#2420,.T.);
#2420 = EDGE_LOOP('',(#2421,#2422,#2431,#2438,#2439,#2440));
#2421 = ORIENTED_EDGE('',*,*,#1911,.T.);
#2422 = ORIENTED_EDGE('',*,*,#2423,.T.);
#2423 = EDGE_CURVE('',#1904,#2424,#2426,.T.);
#2424 = VERTEX_POINT('',#2425);
#2425 = CARTESIAN_POINT('',(2.,17.5,115.7));
#2426 = CIRCLE('',#2427,13.2);
#2427 = AXIS2_PLACEMENT_3D('',#2428,#2429,#2430);
#2428 = CARTESIAN_POINT('',(2.,17.5,102.5));
#2429 = DIRECTION('',(-1.,0.,0.));
#2430 = DIRECTION('',(0.,0.,1.));
#2431 = ORIENTED_EDGE('',*,*,#2432,.T.);
#2432 = EDGE_CURVE('',#2424,#1740,#2433,.T.);
#2433 = CIRCLE('',#2434,13.2);
#2434 = AXIS2_PLACEMENT_3D('',#2435,#2436,#2437);
#2435 = CARTESIAN_POINT('',(2.,17.5,102.5));
#2436 = DIRECTION('',(-1.,0.,0.));
#2437 = DIRECTION('',(0.,0.,1.));
#2438 = ORIENTED_EDGE('',*,*,#1739,.T.);
#2439 = ORIENTED_EDGE('',*,*,#2398,.F.);
#2440 = ORIENTED_EDGE('',*,*,#2407,.F.);
#2441 = PLANE('',#2442);
#2442 = AXIS2_PLACEMENT_3D('',#2443,#2444,#2445);
#2443 = CARTESIAN_POINT('',(2.,17.5,102.5));
#2444 = DIRECTION('',(-1.,0.,0.));
#2445 = DIRECTION('',(0.,0.,1.));
#2446 = ADVANCED_FACE('',(#2447),#2455,.T.);
#2447 = FACE_BOUND('',#2448,.F.);
#2448 = EDGE_LOOP('',(#2449,#2450,#2451,#2452,#2453,#2454));
#2449 = ORIENTED_EDGE('',*,*,#1903,.F.);
#2450 = ORIENTED_EDGE('',*,*,#2423,.T.);
#2451 = ORIENTED_EDGE('',*,*,#2432,.T.);
#2452 = ORIENTED_EDGE('',*,*,#1747,.T.);
#2453 = ORIENTED_EDGE('',*,*,#2238,.F.);
#2454 = ORIENTED_EDGE('',*,*,#2247,.F.);
#2455 = CYLINDRICAL_SURFACE('',#2456,13.2);
#2456 = AXIS2_PLACEMENT_3D('',#2457,#2458,#2459);
#2457 = CARTESIAN_POINT('',(6.,17.5,102.5));
#2458 = DIRECTION('',(1.,-0.,-0.));
#2459 = DIRECTION('',(0.,0.,1.));
#2460 = ADVANCED_FACE('',(#2461),#2479,.T.);
#2461 = FACE_BOUND('',#2462,.T.);
#2462 = EDGE_LOOP('',(#2463,#2464,#2472,#2478));
#2463 = ORIENTED_EDGE('',*,*,#1877,.F.);
#2464 = ORIENTED_EDGE('',*,*,#2465,.T.);
#2465 = EDGE_CURVE('',#1870,#2466,#2468,.T.);
#2466 = VERTEX_POINT('',#2467);
#2467 = CARTESIAN_POINT('',(1.9,35.496003617137,98.3));
#2468 = LINE('',#2469,#2470);
#2469 = CARTESIAN_POINT('',(1.9,35.496003617137,96.5));
#2470 = VECTOR('',#2471,1.);
#2471 = DIRECTION('',(0.,0.,1.));
#2472 = ORIENTED_EDGE('',*,*,#2473,.T.);
#2473 = EDGE_CURVE('',#2466,#2184,#2474,.T.);
#2474 = LINE('',#2475,#2476);
#2475 = CARTESIAN_POINT('',(1.9,35.496003617137,98.3));
#2476 = VECTOR('',#2477,1.);
#2477 = DIRECTION('',(-0.866025403784,-0.5,0.));
#2478 = ORIENTED_EDGE('',*,*,#2183,.F.);
#2479 = PLANE('',#2480);
#2480 = AXIS2_PLACEMENT_3D('',#2481,#2482,#2483);
#2481 = CARTESIAN_POINT('',(1.9,35.496003617137,96.5));
#2482 = DIRECTION('',(0.5,-0.866025403784,0.));
#2483 = DIRECTION('',(-0.866025403784,-0.5,0.));
#2484 = ADVANCED_FACE('',(#2485),#2503,.T.);
#2485 = FACE_BOUND('',#2486,.T.);
#2486 = EDGE_LOOP('',(#2487,#2495,#2501,#2502));
#2487 = ORIENTED_EDGE('',*,*,#2488,.T.);
#2488 = EDGE_CURVE('',#1862,#2489,#2491,.T.);
#2489 = VERTEX_POINT('',#2490);
#2490 = CARTESIAN_POINT('',(3.975,34.298001808568,98.3));
#2491 = LINE('',#2492,#2493);
#2492 = CARTESIAN_POINT('',(3.975,34.298001808568,96.5));
#2493 = VECTOR('',#2494,1.);
#2494 = DIRECTION('',(0.,0.,1.));
#2495 = ORIENTED_EDGE('',*,*,#2496,.T.);
#2496 = EDGE_CURVE('',#2489,#2466,#2497,.T.);
#2497 = LINE('',#2498,#2499);
#2498 = CARTESIAN_POINT('',(3.975,34.298001808568,98.3));
#2499 = VECTOR('',#2500,1.);
#2500 = DIRECTION('',(-0.866025403784,0.5,0.));
#2501 = ORIENTED_EDGE('',*,*,#2465,.F.);
#2502 = ORIENTED_EDGE('',*,*,#1869,.F.);
#2503 = PLANE('',#2504);
#2504 = AXIS2_PLACEMENT_3D('',#2505,#2506,#2507);
#2505 = CARTESIAN_POINT('',(3.975,34.298001808568,96.5));
#2506 = DIRECTION('',(-0.5,-0.866025403784,0.));
#2507 = DIRECTION('',(-0.866025403784,0.5,0.));
#2508 = ADVANCED_FACE('',(#2509),#2527,.T.);
#2509 = FACE_BOUND('',#2510,.T.);
#2510 = EDGE_LOOP('',(#2511,#2519,#2525,#2526));
#2511 = ORIENTED_EDGE('',*,*,#2512,.T.);
#2512 = EDGE_CURVE('',#1854,#2513,#2515,.T.);
#2513 = VERTEX_POINT('',#2514);
#2514 = CARTESIAN_POINT('',(3.975,31.901998191432,98.3));
#2515 = LINE('',#2516,#2517);
#2516 = CARTESIAN_POINT('',(3.975,31.901998191432,96.5));
#2517 = VECTOR('',#2518,1.);
#2518 = DIRECTION('',(0.,0.,1.));
#2519 = ORIENTED_EDGE('',*,*,#2520,.T.);
#2520 = EDGE_CURVE('',#2513,#2489,#2521,.T.);
#2521 = LINE('',#2522,#2523);
#2522 = CARTESIAN_POINT('',(3.975,31.901998191432,98.3));
#2523 = VECTOR('',#2524,1.);
#2524 = DIRECTION('',(1.9E-16,1.,0.));
#2525 = ORIENTED_EDGE('',*,*,#2488,.F.);
#2526 = ORIENTED_EDGE('',*,*,#1861,.F.);
#2527 = PLANE('',#2528);
#2528 = AXIS2_PLACEMENT_3D('',#2529,#2530,#2531);
#2529 = CARTESIAN_POINT('',(3.975,31.901998191432,96.5));
#2530 = DIRECTION('',(-1.,1.9E-16,0.));
#2531 = DIRECTION('',(1.9E-16,1.,0.));
#2532 = ADVANCED_FACE('',(#2533),#2551,.T.);
#2533 = FACE_BOUND('',#2534,.T.);
#2534 = EDGE_LOOP('',(#2535,#2543,#2549,#2550));
#2535 = ORIENTED_EDGE('',*,*,#2536,.T.);
#2536 = EDGE_CURVE('',#1846,#2537,#2539,.T.);
#2537 = VERTEX_POINT('',#2538);
#2538 = CARTESIAN_POINT('',(1.9,30.703996382863,98.3));
#2539 = LINE('',#2540,#2541);
#2540 = CARTESIAN_POINT('',(1.9,30.703996382863,96.5));
#2541 = VECTOR('',#2542,1.);
#2542 = DIRECTION('',(0.,0.,1.));
#2543 = ORIENTED_EDGE('',*,*,#2544,.T.);
#2544 = EDGE_CURVE('',#2537,#2513,#2545,.T.);
#2545 = LINE('',#2546,#2547);
#2546 = CARTESIAN_POINT('',(1.9,30.703996382863,98.3));
#2547 = VECTOR('',#2548,1.);
#2548 = DIRECTION('',(0.866025403784,0.5,0.));
#2549 = ORIENTED_EDGE('',*,*,#2512,.F.);
#2550 = ORIENTED_EDGE('',*,*,#1853,.F.);
#2551 = PLANE('',#2552);
#2552 = AXIS2_PLACEMENT_3D('',#2553,#2554,#2555);
#2553 = CARTESIAN_POINT('',(1.9,30.703996382863,96.5));
#2554 = DIRECTION('',(-0.5,0.866025403784,0.));
#2555 = DIRECTION('',(0.866025403784,0.5,0.));
#2556 = ADVANCED_FACE('',(#2557),#2568,.T.);
#2557 = FACE_BOUND('',#2558,.T.);
#2558 = EDGE_LOOP('',(#2559,#2560,#2561,#2567));
#2559 = ORIENTED_EDGE('',*,*,#1845,.F.);
#2560 = ORIENTED_EDGE('',*,*,#2199,.F.);
#2561 = ORIENTED_EDGE('',*,*,#2562,.T.);
#2562 = EDGE_CURVE('',#2192,#2537,#2563,.T.);
#2563 = LINE('',#2564,#2565);
#2564 = CARTESIAN_POINT('',(-0.175,31.901998191432,98.3));
#2565 = VECTOR('',#2566,1.);
#2566 = DIRECTION('',(0.866025403784,-0.5,0.));
#2567 = ORIENTED_EDGE('',*,*,#2536,.F.);
#2568 = PLANE('',#2569);
#2569 = AXIS2_PLACEMENT_3D('',#2570,#2571,#2572);
#2570 = CARTESIAN_POINT('',(-0.175,31.901998191432,96.5));
#2571 = DIRECTION('',(0.5,0.866025403784,0.));
#2572 = DIRECTION('',(0.866025403784,-0.5,0.));
#2573 = ADVANCED_FACE('',(#2574),#2593,.F.);
#2574 = FACE_BOUND('',#2575,.T.);
#2575 = EDGE_LOOP('',(#2576,#2584,#2585,#2586));
#2576 = ORIENTED_EDGE('',*,*,#2577,.F.);
#2577 = EDGE_CURVE('',#1954,#2578,#2580,.T.);
#2578 = VERTEX_POINT('',#2579);
#2579 = CARTESIAN_POINT('',(14.607359312881,38.,98.257359312881));
#2580 = LINE('',#2581,#2582);
#2581 = CARTESIAN_POINT('',(14.607359312881,42.,98.257359312881));
#2582 = VECTOR('',#2583,1.);
#2583 = DIRECTION('',(0.,-1.,0.));
#2584 = ORIENTED_EDGE('',*,*,#1953,.T.);
#2585 = ORIENTED_EDGE('',*,*,#2577,.T.);
#2586 = ORIENTED_EDGE('',*,*,#2587,.T.);
#2587 = EDGE_CURVE('',#2578,#2578,#2588,.T.);
#2588 = CIRCLE('',#2589,0.85);
#2589 = AXIS2_PLACEMENT_3D('',#2590,#2591,#2592);
#2590 = CARTESIAN_POINT('',(13.757359312881,38.,98.257359312881));
#2591 = DIRECTION('',(0.,-1.,0.));
#2592 = DIRECTION('',(1.,0.,0.));
#2593 = CYLINDRICAL_SURFACE('',#2594,0.85);
#2594 = AXIS2_PLACEMENT_3D('',#2595,#2596,#2597);
#2595 = CARTESIAN_POINT('',(13.757359312881,42.,98.257359312881));
#2596 = DIRECTION('',(-0.,1.,-0.));
#2597 = DIRECTION('',(1.,0.,0.));
#2598 = ADVANCED_FACE('',(#2599),#2618,.F.);
#2599 = FACE_BOUND('',#2600,.T.);
#2600 = EDGE_LOOP('',(#2601,#2609,#2610,#2611));
#2601 = ORIENTED_EDGE('',*,*,#2602,.F.);
#2602 = EDGE_CURVE('',#1965,#2603,#2605,.T.);
#2603 = VERTEX_POINT('',#2604);
#2604 = CARTESIAN_POINT('',(23.092640687119,38.,98.257359312881));
#2605 = LINE('',#2606,#2607);
#2606 = CARTESIAN_POINT('',(23.092640687119,42.,98.257359312881));
#2607 = VECTOR('',#2608,1.);
#2608 = DIRECTION('',(0.,-1.,0.));
#2609 = ORIENTED_EDGE('',*,*,#1964,.T.);
#2610 = ORIENTED_EDGE('',*,*,#2602,.T.);
#2611 = ORIENTED_EDGE('',*,*,#2612,.T.);
#2612 = EDGE_CURVE('',#2603,#2603,#2613,.T.);
#2613 = CIRCLE('',#2614,0.85);
#2614 = AXIS2_PLACEMENT_3D('',#2615,#2616,#2617);
#2615 = CARTESIAN_POINT('',(22.242640687119,38.,98.257359312881));
#2616 = DIRECTION('',(0.,-1.,0.));
#2617 = DIRECTION('',(1.,0.,0.));
#2618 = CYLINDRICAL_SURFACE('',#2619,0.85);
#2619 = AXIS2_PLACEMENT_3D('',#2620,#2621,#2622);
#2620 = CARTESIAN_POINT('',(22.242640687119,42.,98.257359312881));
#2621 = DIRECTION('',(-0.,1.,-0.));
#2622 = DIRECTION('',(1.,0.,0.));
#2623 = ADVANCED_FACE('',(#2624),#2643,.F.);
#2624 = FACE_BOUND('',#2625,.T.);
#2625 = EDGE_LOOP('',(#2626,#2634,#2635,#2636));
#2626 = ORIENTED_EDGE('',*,*,#2627,.F.);
#2627 = EDGE_CURVE('',#1976,#2628,#2630,.T.);
#2628 = VERTEX_POINT('',#2629);
#2629 = CARTESIAN_POINT('',(14.607359312881,38.,106.74264068711));
#2630 = LINE('',#2631,#2632);
#2631 = CARTESIAN_POINT('',(14.607359312881,42.,106.74264068711));
#2632 = VECTOR('',#2633,1.);
#2633 = DIRECTION('',(0.,-1.,0.));
#2634 = ORIENTED_EDGE('',*,*,#1975,.T.);
#2635 = ORIENTED_EDGE('',*,*,#2627,.T.);
#2636 = ORIENTED_EDGE('',*,*,#2637,.T.);
#2637 = EDGE_CURVE('',#2628,#2628,#2638,.T.);
#2638 = CIRCLE('',#2639,0.85);
#2639 = AXIS2_PLACEMENT_3D('',#2640,#2641,#2642);
#2640 = CARTESIAN_POINT('',(13.757359312881,38.,106.74264068711));
#2641 = DIRECTION('',(0.,-1.,0.));
#2642 = DIRECTION('',(1.,0.,0.));
#2643 = CYLINDRICAL_SURFACE('',#2644,0.85);
#2644 = AXIS2_PLACEMENT_3D('',#2645,#2646,#2647);
#2645 = CARTESIAN_POINT('',(13.757359312881,42.,106.74264068711));
#2646 = DIRECTION('',(-0.,1.,-0.));
#2647 = DIRECTION('',(1.,0.,0.));
#2648 = ADVANCED_FACE('',(#2649),#2668,.F.);
#2649 = FACE_BOUND('',#2650,.T.);
#2650 = EDGE_LOOP('',(#2651,#2659,#2660,#2661));
#2651 = ORIENTED_EDGE('',*,*,#2652,.F.);
#2652 = EDGE_CURVE('',#1987,#2653,#2655,.T.);
#2653 = VERTEX_POINT('',#2654);
#2654 = CARTESIAN_POINT('',(22.,38.,102.5));
#2655 = LINE('',#2656,#2657);
#2656 = CARTESIAN_POINT('',(22.,42.,102.5));
#2657 = VECTOR('',#2658,1.);
#2658 = DIRECTION('',(0.,-1.,0.));
#2659 = ORIENTED_EDGE('',*,*,#1986,.T.);
#2660 = ORIENTED_EDGE('',*,*,#2652,.T.);
#2661 = ORIENTED_EDGE('',*,*,#2662,.T.);
#2662 = EDGE_CURVE('',#2653,#2653,#2663,.T.);
#2663 = CIRCLE('',#2664,4.);
#2664 = AXIS2_PLACEMENT_3D('',#2665,#2666,#2667);
#2665 = CARTESIAN_POINT('',(18.,38.,102.5));
#2666 = DIRECTION('',(0.,-1.,0.));
#2667 = DIRECTION('',(1.,0.,0.));
#2668 = CYLINDRICAL_SURFACE('',#2669,4.);
#2669 = AXIS2_PLACEMENT_3D('',#2670,#2671,#2672);
#2670 = CARTESIAN_POINT('',(18.,42.,102.5));
#2671 = DIRECTION('',(-0.,1.,-0.));
#2672 = DIRECTION('',(1.,0.,0.));
#2673 = ADVANCED_FACE('',(#2674),#2693,.F.);
#2674 = FACE_BOUND('',#2675,.T.);
#2675 = EDGE_LOOP('',(#2676,#2684,#2685,#2686));
#2676 = ORIENTED_EDGE('',*,*,#2677,.F.);
#2677 = EDGE_CURVE('',#1998,#2678,#2680,.T.);
#2678 = VERTEX_POINT('',#2679);
#2679 = CARTESIAN_POINT('',(23.092640687119,38.,106.74264068711));
#2680 = LINE('',#2681,#2682);
#2681 = CARTESIAN_POINT('',(23.092640687119,42.,106.74264068711));
#2682 = VECTOR('',#2683,1.);
#2683 = DIRECTION('',(0.,-1.,0.));
#2684 = ORIENTED_EDGE('',*,*,#1997,.T.);
#2685 = ORIENTED_EDGE('',*,*,#2677,.T.);
#2686 = ORIENTED_EDGE('',*,*,#2687,.T.);
#2687 = EDGE_CURVE('',#2678,#2678,#2688,.T.);
#2688 = CIRCLE('',#2689,0.85);
#2689 = AXIS2_PLACEMENT_3D('',#2690,#2691,#2692);
#2690 = CARTESIAN_POINT('',(22.242640687119,38.,106.74264068711));
#2691 = DIRECTION('',(0.,-1.,0.));
#2692 = DIRECTION('',(1.,0.,0.));
#2693 = CYLINDRICAL_SURFACE('',#2694,0.85);
#2694 = AXIS2_PLACEMENT_3D('',#2695,#2696,#2697);
#2695 = CARTESIAN_POINT('',(22.242640687119,42.,106.74264068711));
#2696 = DIRECTION('',(-0.,1.,-0.));
#2697 = DIRECTION('',(1.,0.,0.));
#2698 = ADVANCED_FACE('',(#2699,#2707),#2710,.F.);
#2699 = FACE_BOUND('',#2700,.F.);
#2700 = EDGE_LOOP('',(#2701,#2702,#2703,#2704,#2705,#2706));
#2701 = ORIENTED_EDGE('',*,*,#2496,.T.);
#2702 = ORIENTED_EDGE('',*,*,#2473,.T.);
#2703 = ORIENTED_EDGE('',*,*,#2191,.F.);
#2704 = ORIENTED_EDGE('',*,*,#2562,.T.);
#2705 = ORIENTED_EDGE('',*,*,#2544,.T.);
#2706 = ORIENTED_EDGE('',*,*,#2520,.T.);
#2707 = FACE_BOUND('',#2708,.F.);
#2708 = EDGE_LOOP('',(#2709));
#2709 = ORIENTED_EDGE('',*,*,#2352,.T.);
#2710 = PLANE('',#2711);
#2711 = AXIS2_PLACEMENT_3D('',#2712,#2713,#2714);
#2712 = CARTESIAN_POINT('',(1.9,33.1,98.3));
#2713 = DIRECTION('',(0.,0.,1.));
#2714 = DIRECTION('',(1.,0.,0.));
#2715 = ADVANCED_FACE('',(#2716),#2727,.F.);
#2716 = FACE_BOUND('',#2717,.T.);
#2717 = EDGE_LOOP('',(#2718,#2719,#2725,#2726));
#2718 = ORIENTED_EDGE('',*,*,#2335,.T.);
#2719 = ORIENTED_EDGE('',*,*,#2720,.T.);
#2720 = EDGE_CURVE('',#2336,#2209,#2721,.T.);
#2721 = LINE('',#2722,#2723);
#2722 = CARTESIAN_POINT('',(6.1,17.5,111.));
#2723 = VECTOR('',#2724,1.);
#2724 = DIRECTION('',(-1.,0.,0.));
#2725 = ORIENTED_EDGE('',*,*,#2208,.F.);
#2726 = ORIENTED_EDGE('',*,*,#2720,.F.);
#2727 = CYLINDRICAL_SURFACE('',#2728,8.5);
#2728 = AXIS2_PLACEMENT_3D('',#2729,#2730,#2731);
#2729 = CARTESIAN_POINT('',(6.1,17.5,102.5));
#2730 = DIRECTION('',(1.,-0.,-0.));
#2731 = DIRECTION('',(0.,0.,1.));
#2732 = ADVANCED_FACE('',(#2733),#2736,.T.);
#2733 = FACE_BOUND('',#2734,.T.);
#2734 = EDGE_LOOP('',(#2735));
#2735 = ORIENTED_EDGE('',*,*,#2587,.F.);
#2736 = PLANE('',#2737);
#2737 = AXIS2_PLACEMENT_3D('',#2738,#2739,#2740);
#2738 = CARTESIAN_POINT('',(5.9,38.,96.5));
#2739 = DIRECTION('',(0.,1.,0.));
#2740 = DIRECTION('',(0.,0.,1.));
#2741 = ADVANCED_FACE('',(#2742),#2745,.T.);
#2742 = FACE_BOUND('',#2743,.T.);
#2743 = EDGE_LOOP('',(#2744));
#2744 = ORIENTED_EDGE('',*,*,#2612,.F.);
#2745 = PLANE('',#2746);
#2746 = AXIS2_PLACEMENT_3D('',#2747,#2748,#2749);
#2747 = CARTESIAN_POINT('',(5.9,38.,96.5));
#2748 = DIRECTION('',(0.,1.,0.));
#2749 = DIRECTION('',(0.,0.,1.));
#2750 = ADVANCED_FACE('',(#2751),#2754,.T.);
#2751 = FACE_BOUND('',#2752,.T.);
#2752 = EDGE_LOOP('',(#2753));
#2753 = ORIENTED_EDGE('',*,*,#2637,.F.);
#2754 = PLANE('',#2755);
#2755 = AXIS2_PLACEMENT_3D('',#2756,#2757,#2758);
#2756 = CARTESIAN_POINT('',(5.9,38.,96.5));
#2757 = DIRECTION('',(0.,1.,0.));
#2758 = DIRECTION('',(0.,0.,1.));
#2759 = ADVANCED_FACE('',(#2760),#2763,.T.);
#2760 = FACE_BOUND('',#2761,.T.);
#2761 = EDGE_LOOP('',(#2762));
#2762 = ORIENTED_EDGE('',*,*,#2662,.F.);
#2763 = PLANE('',#2764);
#2764 = AXIS2_PLACEMENT_3D('',#2765,#2766,#2767);
#2765 = CARTESIAN_POINT('',(5.9,38.,96.5));
#2766 = DIRECTION('',(0.,1.,0.));
#2767 = DIRECTION('',(0.,0.,1.));
#2768 = ADVANCED_FACE('',(#2769),#2772,.T.);
#2769 = FACE_BOUND('',#2770,.T.);
#2770 = EDGE_LOOP('',(#2771));
#2771 = ORIENTED_EDGE('',*,*,#2687,.F.);
#2772 = PLANE('',#2773);
#2773 = AXIS2_PLACEMENT_3D('',#2774,#2775,#2776);
#2774 = CARTESIAN_POINT('',(5.9,38.,96.5));
#2775 = DIRECTION('',(0.,1.,0.));
#2776 = DIRECTION('',(0.,0.,1.));
#2777 = ( GEOMETRIC_REPRESENTATION_CONTEXT(3) 
GLOBAL_UNCERTAINTY_ASSIGNED_CONTEXT((#2781)) 
GLOBAL_UNIT_ASSIGNED_CONTEXT((#2778,#2779,#2780)) REPRESENTATION_CONTEXT
('Context #1','3D Context with UNIT and UNCERTAINTY') );
#2778 = ( LENGTH_UNIT() NAMED_UNIT(*) SI_UNIT(.MILLI.,.METRE.) );
#2779 = ( NAMED_UNIT(*) PLANE_ANGLE_UNIT() SI_UNIT($,.RADIAN.) );
#2780 = ( NAMED_UNIT(*) SI_UNIT($,.STERADIAN.) SOLID_ANGLE_UNIT() );
#2781 = UNCERTAINTY_MEASURE_WITH_UNIT(LENGTH_MEASURE(5.E-05),#2778,
  'distance_accuracy_value','confusion accuracy');
#2782 = PRODUCT_RELATED_PRODUCT_CATEGORY('part',$,(#7));
ENDSEC;
END-ISO-10303-21;
